step,sku,qty
0,777d2e438a1b645f3aec9bd57e92672c,1
2,6cdd53843498f92890544667809f1595,1
4,6cdd53843498f92890544667809f1595,1
5,6cdd53843498f92890544667809f1595,1
5,a50acd33ba7a8da8e9db65094fa990a4,1
5,d696750e550fd0f733979dd7e5dff921,1
7,6cdd53843498f92890544667809f1595,1
9,880be32f4db1d9f6e2bec38fb6ac23ab,1
10,6cdd53843498f92890544667809f1595,2
10,777d2e438a1b645f3aec9bd57e92672c,2
10,880be32f4db1d9f6e2bec38fb6ac23ab,1
10,d696750e550fd0f733979dd7e5dff921,2
11,473795a355d29305c3ea6b156833adf5,1
11,777d2e438a1b645f3aec9bd57e92672c,1
12,4fcb3d9a5f4871e8362dfedbdb02b064,1
13,11875b30b49585209e608f40e8082e65,2
13,11fd9d7ba552e1d28872e008acf1e050,1
13,d696750e550fd0f733979dd7e5dff921,1
14,473795a355d29305c3ea6b156833adf5,1
14,8aa6223e400af9c97b07c75993142721,1
14,8c5876b1c7768217964f353bc7e64393,1
15,11875b30b49585209e608f40e8082e65,1
15,777d2e438a1b645f3aec9bd57e92672c,1
15,880be32f4db1d9f6e2bec38fb6ac23ab,1
15,a50acd33ba7a8da8e9db65094fa990a4,1
15,aba86c093ccdbac75b09111d57e50004,1
16,473795a355d29305c3ea6b156833adf5,1
16,777d2e438a1b645f3aec9bd57e92672c,1
16,af51d485dc5255ba2e18b21b550156e6,1
17,386486367c1f9d4f587a8864ccb6902b,1
17,7e0dc102074f8285580c9777f79c90cf,2
17,a35a9f46dcee0a67c8c7ad8493eb4135,1
17,a50acd33ba7a8da8e9db65094fa990a4,1
18,11875b30b49585209e608f40e8082e65,1
18,4520766ec412348b8d4caa5e8a18c464,1
18,473795a355d29305c3ea6b156833adf5,2
18,6cdd53843498f92890544667809f1595,2
18,7c1bd920dbdf22470b68bde975dd3ccf,1
18,aba86c093ccdbac75b09111d57e50004,3
20,473795a355d29305c3ea6b156833adf5,3
20,6cdd53843498f92890544667809f1595,1
20,8317b177579dd27ff068b83205e2169b,1
21,154e7e31ebfa092203795c972e5804a6,1
21,2a5806f10d0f00e5ad032dd2e3c8806e,1
21,473795a355d29305c3ea6b156833adf5,3
21,6cdd53843498f92890544667809f1595,1
21,880be32f4db1d9f6e2bec38fb6ac23ab,1
22,473795a355d29305c3ea6b156833adf5,2
22,e251ebd2858be1aa7d9b2087a6992580,1
23,154e7e31ebfa092203795c972e5804a6,2
23,473795a355d29305c3ea6b156833adf5,1
23,aba86c093ccdbac75b09111d57e50004,1
24,11875b30b49585209e608f40e8082e65,1
24,154e7e31ebfa092203795c972e5804a6,1
24,a50acd33ba7a8da8e9db65094fa990a4,2
25,11875b30b49585209e608f40e8082e65,1
25,154e7e31ebfa092203795c972e5804a6,1
25,4fcb3d9a5f4871e8362dfedbdb02b064,2
25,f4f67ccaece962d013a4e1d7dc3a61f7,1
26,11875b30b49585209e608f40e8082e65,1
26,154e7e31ebfa092203795c972e5804a6,2
26,2a5806f10d0f00e5ad032dd2e3c8806e,1
26,a50acd33ba7a8da8e9db65094fa990a4,1
27,2a5806f10d0f00e5ad032dd2e3c8806e,1
27,4520766ec412348b8d4caa5e8a18c464,2
27,473795a355d29305c3ea6b156833adf5,1
27,4fcb3d9a5f4871e8362dfedbdb02b064,1
27,8317b177579dd27ff068b83205e2169b,1
27,a9516a079e37a9c9c36b9b78b10169e8,2
28,6cdd53843498f92890544667809f1595,1
28,7c1bd920dbdf22470b68bde975dd3ccf,1
28,880be32f4db1d9f6e2bec38fb6ac23ab,1
28,8ed094bfe076c568f6bb10feada3f75d,1
28,aba86c093ccdbac75b09111d57e50004,2
29,154e7e31ebfa092203795c972e5804a6,1
29,880be32f4db1d9f6e2bec38fb6ac23ab,1
29,aba86c093ccdbac75b09111d57e50004,1
30,7e0dc102074f8285580c9777f79c90cf,1
31,4fcb3d9a5f4871e8362dfedbdb02b064,1
31,a9516a079e37a9c9c36b9b78b10169e8,1
32,52c80cedd4e90108bf4fa6a206ef6b03,1
32,880be32f4db1d9f6e2bec38fb6ac23ab,1
32,a35a9f46dcee0a67c8c7ad8493eb4135,2
32,c6dd917a0be2a704582055949915ab32,1
32,f4f67ccaece962d013a4e1d7dc3a61f7,1
33,11875b30b49585209e608f40e8082e65,1
33,4fcb3d9a5f4871e8362dfedbdb02b064,2
33,7e0dc102074f8285580c9777f79c90cf,1
33,8c591ab0ca519558779df02023177f44,1
33,d1c427060a0f73f6b889a5c7c61f2ac4,1
34,7e0dc102074f8285580c9777f79c90cf,1
34,c857b96593773e940454e76efa8eabb3,1
35,c6dd917a0be2a704582055949915ab32,1
36,4fcb3d9a5f4871e8362dfedbdb02b064,1
36,6cdd53843498f92890544667809f1595,1
36,8c5876b1c7768217964f353bc7e64393,3
36,a35a9f46dcee0a67c8c7ad8493eb4135,1
36,c6dd917a0be2a704582055949915ab32,3
36,e251ebd2858be1aa7d9b2087a6992580,5
36,f4f67ccaece962d013a4e1d7dc3a61f7,1
37,7c1bd920dbdf22470b68bde975dd3ccf,1
38,4520766ec412348b8d4caa5e8a18c464,1
38,7e0dc102074f8285580c9777f79c90cf,1
39,880be32f4db1d9f6e2bec38fb6ac23ab,1
39,d1c427060a0f73f6b889a5c7c61f2ac4,1
40,4520766ec412348b8d4caa5e8a18c464,1
40,f35927953ed82e19d06ad3aac2f06353,2
41,154e7e31ebfa092203795c972e5804a6,1
41,22c5ddc22ea8cae84fc9917def682dc6,1
41,7c1bd920dbdf22470b68bde975dd3ccf,1
41,7e0dc102074f8285580c9777f79c90cf,1
41,880be32f4db1d9f6e2bec38fb6ac23ab,1
41,c4baedd846ed09b85f78a781b522f126,1
41,c6dd917a0be2a704582055949915ab32,1
41,c857b96593773e940454e76efa8eabb3,1
41,d1c427060a0f73f6b889a5c7c61f2ac4,1
41,e251ebd2858be1aa7d9b2087a6992580,1
42,386486367c1f9d4f587a8864ccb6902b,1
42,7e0dc102074f8285580c9777f79c90cf,1
42,c6dd917a0be2a704582055949915ab32,1
42,f71973c922ccaab05514a36a8bc741b8,1
43,0152f69b6cf919bcdaf117aa8c43e5a2,1
43,7c1bd920dbdf22470b68bde975dd3ccf,1
43,7e0dc102074f8285580c9777f79c90cf,1
44,7c1bd920dbdf22470b68bde975dd3ccf,1
44,7e0dc102074f8285580c9777f79c90cf,1
45,154e7e31ebfa092203795c972e5804a6,1
45,e251ebd2858be1aa7d9b2087a6992580,4
46,154e7e31ebfa092203795c972e5804a6,1
46,35afc973633aaeb6b877ff57b2793310,1
46,880be32f4db1d9f6e2bec38fb6ac23ab,1
46,99a4788cb24856965c36a24e339b6058,2
47,7c1bd920dbdf22470b68bde975dd3ccf,1
47,8aa6223e400af9c97b07c75993142721,1
47,99a4788cb24856965c36a24e339b6058,1
47,a50acd33ba7a8da8e9db65094fa990a4,1
47,c6dd917a0be2a704582055949915ab32,2
48,154e7e31ebfa092203795c972e5804a6,1
48,22c5ddc22ea8cae84fc9917def682dc6,1
48,386486367c1f9d4f587a8864ccb6902b,1
48,4fcb3d9a5f4871e8362dfedbdb02b064,1
48,777d2e438a1b645f3aec9bd57e92672c,1
48,7fb04722aba7a2b632bac8f9819796f3,1
48,99a4788cb24856965c36a24e339b6058,1
48,a35a9f46dcee0a67c8c7ad8493eb4135,1
48,e251ebd2858be1aa7d9b2087a6992580,2
48,f35927953ed82e19d06ad3aac2f06353,1
49,880be32f4db1d9f6e2bec38fb6ac23ab,1
49,8c591ab0ca519558779df02023177f44,1
49,c4baedd846ed09b85f78a781b522f126,1
49,e251ebd2858be1aa7d9b2087a6992580,1
49,f35927953ed82e19d06ad3aac2f06353,1
50,154e7e31ebfa092203795c972e5804a6,1
50,99a4788cb24856965c36a24e339b6058,1
50,a50acd33ba7a8da8e9db65094fa990a4,1
50,a92930c327948861c015c919a0bcb4a8,1
50,af51d485dc5255ba2e18b21b550156e6,1
51,0152f69b6cf919bcdaf117aa8c43e5a2,1
51,11875b30b49585209e608f40e8082e65,3
51,386486367c1f9d4f587a8864ccb6902b,2
51,99a4788cb24856965c36a24e339b6058,2
51,f71973c922ccaab05514a36a8bc741b8,1
52,0152f69b6cf919bcdaf117aa8c43e5a2,1
52,154e7e31ebfa092203795c972e5804a6,1
52,1bfb290d7273a442c874dbe74b4abae6,2
52,386486367c1f9d4f587a8864ccb6902b,1
52,7c1bd920dbdf22470b68bde975dd3ccf,1
52,7e0dc102074f8285580c9777f79c90cf,1
52,880be32f4db1d9f6e2bec38fb6ac23ab,1
52,8c591ab0ca519558779df02023177f44,1
52,99a4788cb24856965c36a24e339b6058,2
52,a35a9f46dcee0a67c8c7ad8493eb4135,1
52,aba86c093ccdbac75b09111d57e50004,1
52,c6dd917a0be2a704582055949915ab32,1
52,f35927953ed82e19d06ad3aac2f06353,1
53,777d2e438a1b645f3aec9bd57e92672c,2
53,7c1bd920dbdf22470b68bde975dd3ccf,1
53,7e0dc102074f8285580c9777f79c90cf,2
53,a50acd33ba7a8da8e9db65094fa990a4,1
53,e0d64dcfaa3b6db5c54ca298ae101d05,2
53,e9a69340883a438c3f91739d14d3a56d,1
54,7e0dc102074f8285580c9777f79c90cf,1
54,8ed094bfe076c568f6bb10feada3f75d,1
54,99a4788cb24856965c36a24e339b6058,1
54,a50acd33ba7a8da8e9db65094fa990a4,2
54,c4baedd846ed09b85f78a781b522f126,1
54,c857b96593773e940454e76efa8eabb3,2
54,d017a2151d543a9885604dc62a3d9dcc,1
54,e9a69340883a438c3f91739d14d3a56d,1
55,0152f69b6cf919bcdaf117aa8c43e5a2,1
55,11875b30b49585209e608f40e8082e65,1
55,22c5ddc22ea8cae84fc9917def682dc6,1
55,2b4609f8948be18874494203496bc318,1
55,35afc973633aaeb6b877ff57b2793310,1
55,386486367c1f9d4f587a8864ccb6902b,1
55,5a6e53c3b4e8684b13388d6aa4afdf12,2
55,777d2e438a1b645f3aec9bd57e92672c,2
55,7e0dc102074f8285580c9777f79c90cf,3
55,99a4788cb24856965c36a24e339b6058,1
55,e0d64dcfaa3b6db5c54ca298ae101d05,1
55,fc1d8637c0268af3db482c14b7ef8e75,1
56,154e7e31ebfa092203795c972e5804a6,2
56,5a6e53c3b4e8684b13388d6aa4afdf12,1
56,7c1bd920dbdf22470b68bde975dd3ccf,2
56,7e0dc102074f8285580c9777f79c90cf,3
56,d1c427060a0f73f6b889a5c7c61f2ac4,1
56,e0d64dcfaa3b6db5c54ca298ae101d05,1
57,7e0dc102074f8285580c9777f79c90cf,2
57,880be32f4db1d9f6e2bec38fb6ac23ab,1
57,8c591ab0ca519558779df02023177f44,1
57,99a4788cb24856965c36a24e339b6058,1
57,a50acd33ba7a8da8e9db65094fa990a4,1
57,aba86c093ccdbac75b09111d57e50004,2
57,fb55982be901439613a95940feefd9ee,1
58,0152f69b6cf919bcdaf117aa8c43e5a2,1
58,386486367c1f9d4f587a8864ccb6902b,1
58,5a6e53c3b4e8684b13388d6aa4afdf12,2
58,601a360bd2a916ecef0e88de72a6531a,1
58,880be32f4db1d9f6e2bec38fb6ac23ab,2
58,af51d485dc5255ba2e18b21b550156e6,1
58,bbaef2eadf31fe3ea6702077398be06c,1
58,c6dd917a0be2a704582055949915ab32,1
59,2b4609f8948be18874494203496bc318,1
59,601a360bd2a916ecef0e88de72a6531a,2
59,6cdd53843498f92890544667809f1595,1
59,7e0dc102074f8285580c9777f79c90cf,2
59,8c591ab0ca519558779df02023177f44,2
59,99a4788cb24856965c36a24e339b6058,2
59,c6dd917a0be2a704582055949915ab32,1
59,f35927953ed82e19d06ad3aac2f06353,2
60,2b4609f8948be18874494203496bc318,3
60,386486367c1f9d4f587a8864ccb6902b,1
60,569ffd16f8032478cbeb9800f2e94ba0,1
60,5a6e53c3b4e8684b13388d6aa4afdf12,1
60,7c1bd920dbdf22470b68bde975dd3ccf,1
60,a50acd33ba7a8da8e9db65094fa990a4,1
60,af51d485dc5255ba2e18b21b550156e6,1
60,bbaef2eadf31fe3ea6702077398be06c,1
60,c6dd917a0be2a704582055949915ab32,1
60,e9a69340883a438c3f91739d14d3a56d,7
60,f35927953ed82e19d06ad3aac2f06353,2
61,0152f69b6cf919bcdaf117aa8c43e5a2,1
61,08574b074924071f4e201e151b152b4e,2
61,5a6e53c3b4e8684b13388d6aa4afdf12,2
61,7e0dc102074f8285580c9777f79c90cf,4
61,880be32f4db1d9f6e2bec38fb6ac23ab,1
61,a35a9f46dcee0a67c8c7ad8493eb4135,1
61,b623b7cb05ee3248fbe4a6ecbeed79a4,1
61,c3ba4e8d3cb30049213b682e751e9d00,1
61,c4baedd846ed09b85f78a781b522f126,1
62,0152f69b6cf919bcdaf117aa8c43e5a2,1
62,1bfb290d7273a442c874dbe74b4abae6,2
62,35afc973633aaeb6b877ff57b2793310,1
62,5a6e53c3b4e8684b13388d6aa4afdf12,1
62,72172e982e8b92155069e4201c92c0bb,1
62,777d2e438a1b645f3aec9bd57e92672c,2
62,7c1bd920dbdf22470b68bde975dd3ccf,2
62,7e0dc102074f8285580c9777f79c90cf,3
62,99a4788cb24856965c36a24e339b6058,2
62,a35a9f46dcee0a67c8c7ad8493eb4135,1
62,bbaef2eadf31fe3ea6702077398be06c,1
62,e9a69340883a438c3f91739d14d3a56d,1
63,1bfb290d7273a442c874dbe74b4abae6,1
63,2b4609f8948be18874494203496bc318,1
63,5a6e53c3b4e8684b13388d6aa4afdf12,1
63,601a360bd2a916ecef0e88de72a6531a,1
63,7e0dc102074f8285580c9777f79c90cf,1
63,8c591ab0ca519558779df02023177f44,2
63,aba86c093ccdbac75b09111d57e50004,4
63,c6dd917a0be2a704582055949915ab32,1
63,e251ebd2858be1aa7d9b2087a6992580,2
64,0152f69b6cf919bcdaf117aa8c43e5a2,3
64,154e7e31ebfa092203795c972e5804a6,1
64,386486367c1f9d4f587a8864ccb6902b,1
64,4fcb3d9a5f4871e8362dfedbdb02b064,1
64,5a6e53c3b4e8684b13388d6aa4afdf12,1
64,777d2e438a1b645f3aec9bd57e92672c,1
64,7e0dc102074f8285580c9777f79c90cf,2
64,8c591ab0ca519558779df02023177f44,1
64,a9516a079e37a9c9c36b9b78b10169e8,1
64,bbaef2eadf31fe3ea6702077398be06c,1
65,601a360bd2a916ecef0e88de72a6531a,1
65,7e0dc102074f8285580c9777f79c90cf,1
65,8c5876b1c7768217964f353bc7e64393,1
65,8c591ab0ca519558779df02023177f44,1
65,c4baedd846ed09b85f78a781b522f126,1
65,c6dd917a0be2a704582055949915ab32,1
65,d1c427060a0f73f6b889a5c7c61f2ac4,1
65,e9a69340883a438c3f91739d14d3a56d,1
66,0152f69b6cf919bcdaf117aa8c43e5a2,1
66,44a34214a57dc373dcd80f54c919d006,1
66,601a360bd2a916ecef0e88de72a6531a,2
66,7e0dc102074f8285580c9777f79c90cf,3
66,99a4788cb24856965c36a24e339b6058,2
66,af51d485dc5255ba2e18b21b550156e6,2
66,c4baedd846ed09b85f78a781b522f126,1
66,d017a2151d543a9885604dc62a3d9dcc,1
66,e9a69340883a438c3f91739d14d3a56d,2
67,11fd9d7ba552e1d28872e008acf1e050,1
67,130482add9fd75ccb6c57ba007694a2d,1
67,154e7e31ebfa092203795c972e5804a6,3
67,4298b7e67dc399c200662b569563a2b2,1
67,601a360bd2a916ecef0e88de72a6531a,1
67,8c591ab0ca519558779df02023177f44,1
67,af51d485dc5255ba2e18b21b550156e6,1
67,bbaef2eadf31fe3ea6702077398be06c,1
67,c6dd917a0be2a704582055949915ab32,2
67,e9a69340883a438c3f91739d14d3a56d,1
67,f35927953ed82e19d06ad3aac2f06353,1
68,386486367c1f9d4f587a8864ccb6902b,2
68,44a34214a57dc373dcd80f54c919d006,1
68,4fcb3d9a5f4871e8362dfedbdb02b064,1
68,569ffd16f8032478cbeb9800f2e94ba0,2
68,8c5876b1c7768217964f353bc7e64393,1
68,a35a9f46dcee0a67c8c7ad8493eb4135,1
68,d017a2151d543a9885604dc62a3d9dcc,1
69,0152f69b6cf919bcdaf117aa8c43e5a2,3
69,4fcb3d9a5f4871e8362dfedbdb02b064,2
69,6cdd53843498f92890544667809f1595,1
69,7e0dc102074f8285580c9777f79c90cf,3
69,880be32f4db1d9f6e2bec38fb6ac23ab,1
69,99a4788cb24856965c36a24e339b6058,2
69,a9516a079e37a9c9c36b9b78b10169e8,2
69,aba86c093ccdbac75b09111d57e50004,1
69,af51d485dc5255ba2e18b21b550156e6,1
69,bbaef2eadf31fe3ea6702077398be06c,2
69,c6dd917a0be2a704582055949915ab32,1
69,d017a2151d543a9885604dc62a3d9dcc,1
69,d696750e550fd0f733979dd7e5dff921,1
69,e251ebd2858be1aa7d9b2087a6992580,1
70,0152f69b6cf919bcdaf117aa8c43e5a2,1
70,5a6e53c3b4e8684b13388d6aa4afdf12,3
70,7c1bd920dbdf22470b68bde975dd3ccf,1
70,7e0dc102074f8285580c9777f79c90cf,6
70,8c5876b1c7768217964f353bc7e64393,1
70,af51d485dc5255ba2e18b21b550156e6,1
70,e9a69340883a438c3f91739d14d3a56d,2
71,08574b074924071f4e201e151b152b4e,1
71,7e0dc102074f8285580c9777f79c90cf,3
71,af51d485dc5255ba2e18b21b550156e6,1
71,f4f67ccaece962d013a4e1d7dc3a61f7,1
72,5a6e53c3b4e8684b13388d6aa4afdf12,2
72,777d2e438a1b645f3aec9bd57e92672c,1
72,7e0dc102074f8285580c9777f79c90cf,1
72,8c5876b1c7768217964f353bc7e64393,1
73,08574b074924071f4e201e151b152b4e,2
73,11875b30b49585209e608f40e8082e65,1
73,35afc973633aaeb6b877ff57b2793310,1
73,4298b7e67dc399c200662b569563a2b2,1
73,4ae634441e444ca4bc85903cafe98d73,2
73,569ffd16f8032478cbeb9800f2e94ba0,2
73,5a6e53c3b4e8684b13388d6aa4afdf12,1
73,7e0dc102074f8285580c9777f79c90cf,1
73,99a4788cb24856965c36a24e339b6058,2
73,bbaef2eadf31fe3ea6702077398be06c,1
73,c6dd917a0be2a704582055949915ab32,1
73,d696750e550fd0f733979dd7e5dff921,1
73,f35927953ed82e19d06ad3aac2f06353,1
74,4520766ec412348b8d4caa5e8a18c464,1
74,5a6e53c3b4e8684b13388d6aa4afdf12,1
74,a35a9f46dcee0a67c8c7ad8493eb4135,1
74,af51d485dc5255ba2e18b21b550156e6,1
74,c6dd917a0be2a704582055949915ab32,1
74,d1c427060a0f73f6b889a5c7c61f2ac4,1
74,e251ebd2858be1aa7d9b2087a6992580,1
74,f71973c922ccaab05514a36a8bc741b8,2
75,0152f69b6cf919bcdaf117aa8c43e5a2,1
75,35afc973633aaeb6b877ff57b2793310,1
75,4ae634441e444ca4bc85903cafe98d73,1
75,5a6e53c3b4e8684b13388d6aa4afdf12,1
75,7e0dc102074f8285580c9777f79c90cf,2
75,af51d485dc5255ba2e18b21b550156e6,1
75,e0d64dcfaa3b6db5c54ca298ae101d05,1
75,e9a69340883a438c3f91739d14d3a56d,1
76,4ae634441e444ca4bc85903cafe98d73,1
76,5a6e53c3b4e8684b13388d6aa4afdf12,1
76,7e0dc102074f8285580c9777f79c90cf,1
76,880be32f4db1d9f6e2bec38fb6ac23ab,1
76,8c591ab0ca519558779df02023177f44,1
76,99a4788cb24856965c36a24e339b6058,1
76,aba86c093ccdbac75b09111d57e50004,1
76,c6dd917a0be2a704582055949915ab32,1
77,08574b074924071f4e201e151b152b4e,1
77,1bfb290d7273a442c874dbe74b4abae6,1
77,473795a355d29305c3ea6b156833adf5,1
77,4fcb3d9a5f4871e8362dfedbdb02b064,2
77,880be32f4db1d9f6e2bec38fb6ac23ab,1
77,99a4788cb24856965c36a24e339b6058,1
77,f35927953ed82e19d06ad3aac2f06353,1
77,f4f67ccaece962d013a4e1d7dc3a61f7,1
77,f71973c922ccaab05514a36a8bc741b8,2
78,0152f69b6cf919bcdaf117aa8c43e5a2,2
78,4ae634441e444ca4bc85903cafe98d73,1
78,601a360bd2a916ecef0e88de72a6531a,1
78,99a4788cb24856965c36a24e339b6058,2
78,aba86c093ccdbac75b09111d57e50004,1
78,c857b96593773e940454e76efa8eabb3,1
79,08574b074924071f4e201e151b152b4e,1
79,386486367c1f9d4f587a8864ccb6902b,1
79,7e0dc102074f8285580c9777f79c90cf,1
79,aba86c093ccdbac75b09111d57e50004,2
79,f71973c922ccaab05514a36a8bc741b8,2
80,7c1bd920dbdf22470b68bde975dd3ccf,1
80,7e0dc102074f8285580c9777f79c90cf,2
80,880be32f4db1d9f6e2bec38fb6ac23ab,1
80,8c5876b1c7768217964f353bc7e64393,1
80,99a4788cb24856965c36a24e339b6058,1
80,a35a9f46dcee0a67c8c7ad8493eb4135,2
80,aba86c093ccdbac75b09111d57e50004,1
80,b0961721fd839e9982420e807758a2a6,4
80,e0d64dcfaa3b6db5c54ca298ae101d05,1
80,e9a69340883a438c3f91739d14d3a56d,2
81,2a5806f10d0f00e5ad032dd2e3c8806e,1
81,4ae634441e444ca4bc85903cafe98d73,1
81,4fcb3d9a5f4871e8362dfedbdb02b064,1
81,5a6e53c3b4e8684b13388d6aa4afdf12,1
81,99a4788cb24856965c36a24e339b6058,2
81,c3ba4e8d3cb30049213b682e751e9d00,1
81,c857b96593773e940454e76efa8eabb3,1
81,e251ebd2858be1aa7d9b2087a6992580,1
81,e9a69340883a438c3f91739d14d3a56d,1
81,f4f67ccaece962d013a4e1d7dc3a61f7,1
82,0152f69b6cf919bcdaf117aa8c43e5a2,2
82,5a6e53c3b4e8684b13388d6aa4afdf12,2
82,7e0dc102074f8285580c9777f79c90cf,1
82,c6dd917a0be2a704582055949915ab32,2
83,4ae634441e444ca4bc85903cafe98d73,1
83,5a6e53c3b4e8684b13388d6aa4afdf12,3
83,601a360bd2a916ecef0e88de72a6531a,1
83,7fb04722aba7a2b632bac8f9819796f3,1
83,99a4788cb24856965c36a24e339b6058,2
83,c6dd917a0be2a704582055949915ab32,1
83,e9a69340883a438c3f91739d14d3a56d,1
84,11875b30b49585209e608f40e8082e65,1
84,4ae634441e444ca4bc85903cafe98d73,2
84,52c80cedd4e90108bf4fa6a206ef6b03,2
84,53759a2ecddad2bb87a079a1f1519f73,1
84,99a4788cb24856965c36a24e339b6058,2
84,f35927953ed82e19d06ad3aac2f06353,1
85,4520766ec412348b8d4caa5e8a18c464,2
85,53759a2ecddad2bb87a079a1f1519f73,1
85,7fab1a1472fdd934397068931f63f3ca,1
85,cc971e0365873137b8bef2ebad633e6f,1
85,e251ebd2858be1aa7d9b2087a6992580,1
86,0152f69b6cf919bcdaf117aa8c43e5a2,2
86,4ae634441e444ca4bc85903cafe98d73,1
86,52c80cedd4e90108bf4fa6a206ef6b03,1
86,7e0dc102074f8285580c9777f79c90cf,1
86,880be32f4db1d9f6e2bec38fb6ac23ab,1
86,c6dd917a0be2a704582055949915ab32,1
86,e0d64dcfaa3b6db5c54ca298ae101d05,2
86,e251ebd2858be1aa7d9b2087a6992580,1
86,f71973c922ccaab05514a36a8bc741b8,1
87,08574b074924071f4e201e151b152b4e,1
87,29427de7f8a9ee983d9dbc51cec569b4,2
87,386486367c1f9d4f587a8864ccb6902b,1
87,4ae634441e444ca4bc85903cafe98d73,2
87,880be32f4db1d9f6e2bec38fb6ac23ab,2
87,af51d485dc5255ba2e18b21b550156e6,1
87,c6dd917a0be2a704582055949915ab32,1
87,d017a2151d543a9885604dc62a3d9dcc,1
88,06c6e01186af8b98ee1fc9e01f9471e9,2
88,11875b30b49585209e608f40e8082e65,1
88,4ae634441e444ca4bc85903cafe98d73,3
88,5a6e53c3b4e8684b13388d6aa4afdf12,2
88,8c591ab0ca519558779df02023177f44,2
88,99a4788cb24856965c36a24e339b6058,1
88,af51d485dc5255ba2e18b21b550156e6,1
88,c6dd917a0be2a704582055949915ab32,1
88,e251ebd2858be1aa7d9b2087a6992580,3
88,e9a69340883a438c3f91739d14d3a56d,1
89,601a360bd2a916ecef0e88de72a6531a,1
89,7c1bd920dbdf22470b68bde975dd3ccf,1
89,7fab1a1472fdd934397068931f63f3ca,1
89,99a4788cb24856965c36a24e339b6058,1
89,b0961721fd839e9982420e807758a2a6,1
89,c6dd917a0be2a704582055949915ab32,1
90,4ae634441e444ca4bc85903cafe98d73,1
90,601a360bd2a916ecef0e88de72a6531a,1
90,6cdd53843498f92890544667809f1595,1
90,7e0dc102074f8285580c9777f79c90cf,2
90,a35a9f46dcee0a67c8c7ad8493eb4135,1
90,af51d485dc5255ba2e18b21b550156e6,1
90,c6dd917a0be2a704582055949915ab32,1
90,e9a69340883a438c3f91739d14d3a56d,1
91,41c24b8ce92d1a2cac62db5edfd088b2,1
91,473795a355d29305c3ea6b156833adf5,1
91,4ae634441e444ca4bc85903cafe98d73,1
91,601a360bd2a916ecef0e88de72a6531a,1
91,8c591ab0ca519558779df02023177f44,2
91,c6dd917a0be2a704582055949915ab32,1
91,e9a69340883a438c3f91739d14d3a56d,1
92,473795a355d29305c3ea6b156833adf5,1
92,4ae634441e444ca4bc85903cafe98d73,1
92,5a6e53c3b4e8684b13388d6aa4afdf12,1
92,62d8daeee0db3a60c234c2d1bfd10651,1
92,880be32f4db1d9f6e2bec38fb6ac23ab,1
92,99a4788cb24856965c36a24e339b6058,2
92,a50acd33ba7a8da8e9db65094fa990a4,1
92,bbaef2eadf31fe3ea6702077398be06c,2
92,c6dd917a0be2a704582055949915ab32,1
92,e9a69340883a438c3f91739d14d3a56d,1
93,08574b074924071f4e201e151b152b4e,1
93,154e7e31ebfa092203795c972e5804a6,1
93,8c5876b1c7768217964f353bc7e64393,1
93,99a4788cb24856965c36a24e339b6058,1
93,a50acd33ba7a8da8e9db65094fa990a4,1
93,bbaef2eadf31fe3ea6702077398be06c,1
93,c6dd917a0be2a704582055949915ab32,1
94,35afc973633aaeb6b877ff57b2793310,1
94,473795a355d29305c3ea6b156833adf5,2
94,4fcb3d9a5f4871e8362dfedbdb02b064,1
94,53759a2ecddad2bb87a079a1f1519f73,1
94,7c1bd920dbdf22470b68bde975dd3ccf,1
94,880be32f4db1d9f6e2bec38fb6ac23ab,1
94,99a4788cb24856965c36a24e339b6058,1
94,af51d485dc5255ba2e18b21b550156e6,2
94,bbaef2eadf31fe3ea6702077398be06c,1
94,c6dd917a0be2a704582055949915ab32,1
94,cc971e0365873137b8bef2ebad633e6f,1
94,e251ebd2858be1aa7d9b2087a6992580,1
95,2a5806f10d0f00e5ad032dd2e3c8806e,1
95,35afc973633aaeb6b877ff57b2793310,1
95,386486367c1f9d4f587a8864ccb6902b,2
95,44a34214a57dc373dcd80f54c919d006,1
95,473795a355d29305c3ea6b156833adf5,2
95,777d2e438a1b645f3aec9bd57e92672c,1
95,7c1bd920dbdf22470b68bde975dd3ccf,1
95,99a4788cb24856965c36a24e339b6058,3
95,d696750e550fd0f733979dd7e5dff921,1
95,f71973c922ccaab05514a36a8bc741b8,2
96,0bcc3eeca39e1064258aa1e932269894,1
96,11875b30b49585209e608f40e8082e65,1
96,11fd9d7ba552e1d28872e008acf1e050,1
96,130482add9fd75ccb6c57ba007694a2d,1
96,154e7e31ebfa092203795c972e5804a6,1
96,35afc973633aaeb6b877ff57b2793310,2
96,473795a355d29305c3ea6b156833adf5,4
96,777d2e438a1b645f3aec9bd57e92672c,1
96,7c1bd920dbdf22470b68bde975dd3ccf,2
96,8c5876b1c7768217964f353bc7e64393,2
96,99a4788cb24856965c36a24e339b6058,1
96,a35a9f46dcee0a67c8c7ad8493eb4135,1
96,a50acd33ba7a8da8e9db65094fa990a4,1
96,aba86c093ccdbac75b09111d57e50004,1
96,d1c427060a0f73f6b889a5c7c61f2ac4,1
97,0152f69b6cf919bcdaf117aa8c43e5a2,1
97,154e7e31ebfa092203795c972e5804a6,2
97,2136c70bbe723d338fab53da3c03e6dc,1
97,99a4788cb24856965c36a24e339b6058,3
97,af51d485dc5255ba2e18b21b550156e6,1
97,e251ebd2858be1aa7d9b2087a6992580,2
97,e9a69340883a438c3f91739d14d3a56d,1
98,0152f69b6cf919bcdaf117aa8c43e5a2,1
98,11875b30b49585209e608f40e8082e65,1
98,154e7e31ebfa092203795c972e5804a6,1
98,569ffd16f8032478cbeb9800f2e94ba0,2
98,601a360bd2a916ecef0e88de72a6531a,1
98,7e0dc102074f8285580c9777f79c90cf,2
98,99a4788cb24856965c36a24e339b6058,1
98,a50acd33ba7a8da8e9db65094fa990a4,1
98,bbaef2eadf31fe3ea6702077398be06c,2
98,d696750e550fd0f733979dd7e5dff921,1
98,e9a69340883a438c3f91739d14d3a56d,1
99,0152f69b6cf919bcdaf117aa8c43e5a2,1
99,154e7e31ebfa092203795c972e5804a6,3
99,4ae634441e444ca4bc85903cafe98d73,2
99,8c5876b1c7768217964f353bc7e64393,2
99,99a4788cb24856965c36a24e339b6058,3
100,11875b30b49585209e608f40e8082e65,1
100,386486367c1f9d4f587a8864ccb6902b,1
100,4ae634441e444ca4bc85903cafe98d73,1
100,5a6e53c3b4e8684b13388d6aa4afdf12,1
100,601a360bd2a916ecef0e88de72a6531a,2
100,777d2e438a1b645f3aec9bd57e92672c,1
100,99a4788cb24856965c36a24e339b6058,1
100,bbaef2eadf31fe3ea6702077398be06c,1
100,d1c427060a0f73f6b889a5c7c61f2ac4,1
101,386486367c1f9d4f587a8864ccb6902b,2
101,5a6e53c3b4e8684b13388d6aa4afdf12,1
101,72172e982e8b92155069e4201c92c0bb,1
101,7c1bd920dbdf22470b68bde975dd3ccf,2
101,7e0dc102074f8285580c9777f79c90cf,1
101,7fab1a1472fdd934397068931f63f3ca,1
101,880be32f4db1d9f6e2bec38fb6ac23ab,1
101,99a4788cb24856965c36a24e339b6058,3
101,a9516a079e37a9c9c36b9b78b10169e8,1
101,b114bf337c0626166abe574eee9e3f32,2
101,c6dd917a0be2a704582055949915ab32,2
101,d1c427060a0f73f6b889a5c7c61f2ac4,1
101,f71973c922ccaab05514a36a8bc741b8,2
102,154e7e31ebfa092203795c972e5804a6,2
102,4ae634441e444ca4bc85903cafe98d73,1
102,601a360bd2a916ecef0e88de72a6531a,1
102,777d2e438a1b645f3aec9bd57e92672c,1
102,7c1bd920dbdf22470b68bde975dd3ccf,1
102,7e0dc102074f8285580c9777f79c90cf,2
102,99a4788cb24856965c36a24e339b6058,1
102,c6dd917a0be2a704582055949915ab32,1
102,cec09725da5ed01471d9a505e7389d37,1
102,d1c427060a0f73f6b889a5c7c61f2ac4,1
103,0152f69b6cf919bcdaf117aa8c43e5a2,2
103,154e7e31ebfa092203795c972e5804a6,1
103,2a5806f10d0f00e5ad032dd2e3c8806e,1
103,386486367c1f9d4f587a8864ccb6902b,1
103,4ae634441e444ca4bc85903cafe98d73,2
103,4fcb3d9a5f4871e8362dfedbdb02b064,1
103,5411e9269501a870cabf632f05655131,1
103,601a360bd2a916ecef0e88de72a6531a,1
103,72172e982e8b92155069e4201c92c0bb,2
103,8c591ab0ca519558779df02023177f44,3
103,c6dd917a0be2a704582055949915ab32,1
103,cc971e0365873137b8bef2ebad633e6f,1
103,e9a69340883a438c3f91739d14d3a56d,1
104,06c6e01186af8b98ee1fc9e01f9471e9,1
104,11875b30b49585209e608f40e8082e65,1
104,2136c70bbe723d338fab53da3c03e6dc,2
104,5a6e53c3b4e8684b13388d6aa4afdf12,6
104,601a360bd2a916ecef0e88de72a6531a,2
104,7e0dc102074f8285580c9777f79c90cf,1
104,880be32f4db1d9f6e2bec38fb6ac23ab,2
104,99a4788cb24856965c36a24e339b6058,1
104,c6dd917a0be2a704582055949915ab32,1
104,e9a69340883a438c3f91739d14d3a56d,2
105,11875b30b49585209e608f40e8082e65,1
105,1bfb290d7273a442c874dbe74b4abae6,2
105,44a34214a57dc373dcd80f54c919d006,1
105,4ae634441e444ca4bc85903cafe98d73,1
105,880be32f4db1d9f6e2bec38fb6ac23ab,1
105,8c5876b1c7768217964f353bc7e64393,1
105,99a4788cb24856965c36a24e339b6058,1
105,a9516a079e37a9c9c36b9b78b10169e8,1
105,aa280035c50ba62c746480a59045eec4,1
105,af51d485dc5255ba2e18b21b550156e6,1
105,d1c427060a0f73f6b889a5c7c61f2ac4,1
105,d696750e550fd0f733979dd7e5dff921,2
105,e9a69340883a438c3f91739d14d3a56d,2
106,154e7e31ebfa092203795c972e5804a6,2
106,44a34214a57dc373dcd80f54c919d006,1
106,5a6e53c3b4e8684b13388d6aa4afdf12,1
106,601a360bd2a916ecef0e88de72a6531a,1
106,62d8daeee0db3a60c234c2d1bfd10651,2
106,8c591ab0ca519558779df02023177f44,1
106,aba86c093ccdbac75b09111d57e50004,1
106,af51d485dc5255ba2e18b21b550156e6,1
106,f71973c922ccaab05514a36a8bc741b8,1
107,06c6e01186af8b98ee1fc9e01f9471e9,1
107,5a6e53c3b4e8684b13388d6aa4afdf12,1
107,601a360bd2a916ecef0e88de72a6531a,1
107,72172e982e8b92155069e4201c92c0bb,1
107,8c5876b1c7768217964f353bc7e64393,1
107,99a4788cb24856965c36a24e339b6058,1
107,e251ebd2858be1aa7d9b2087a6992580,1
108,154e7e31ebfa092203795c972e5804a6,1
108,42a2c92a0979a949ca4ea89ec5c7b934,1
108,4ae634441e444ca4bc85903cafe98d73,1
108,5a6e53c3b4e8684b13388d6aa4afdf12,1
108,7c1bd920dbdf22470b68bde975dd3ccf,1
108,7fab1a1472fdd934397068931f63f3ca,1
108,8c5876b1c7768217964f353bc7e64393,1
108,99a4788cb24856965c36a24e339b6058,3
108,a35a9f46dcee0a67c8c7ad8493eb4135,2
108,aa280035c50ba62c746480a59045eec4,1
108,cc971e0365873137b8bef2ebad633e6f,1
108,f264c1d9b20b5e4a340254d0405e613b,1
108,f35927953ed82e19d06ad3aac2f06353,1
109,08574b074924071f4e201e151b152b4e,1
109,386486367c1f9d4f587a8864ccb6902b,1
109,389d119b48cf3043d311335e499d9c6b,2
109,422879e10f46682990de24d770e7f83d,1
109,4ae634441e444ca4bc85903cafe98d73,2
109,53759a2ecddad2bb87a079a1f1519f73,1
109,5a6e53c3b4e8684b13388d6aa4afdf12,2
109,601a360bd2a916ecef0e88de72a6531a,2
109,75d6b6963340c6063f7f4cfcccfe6a30,1
109,99a4788cb24856965c36a24e339b6058,1
109,a50acd33ba7a8da8e9db65094fa990a4,1
109,bbaef2eadf31fe3ea6702077398be06c,1
109,db5efde3ad0cc579b130d71c4b2db522,1
110,06c6e01186af8b98ee1fc9e01f9471e9,1
110,1bfb290d7273a442c874dbe74b4abae6,2
110,29427de7f8a9ee983d9dbc51cec569b4,1
110,2b4609f8948be18874494203496bc318,1
110,4ae634441e444ca4bc85903cafe98d73,1
110,5a6e53c3b4e8684b13388d6aa4afdf12,2
110,7c1bd920dbdf22470b68bde975dd3ccf,1
110,8c5876b1c7768217964f353bc7e64393,1
110,99a4788cb24856965c36a24e339b6058,2
110,c6dd917a0be2a704582055949915ab32,2
110,f71973c922ccaab05514a36a8bc741b8,1
111,130482add9fd75ccb6c57ba007694a2d,1
111,22c5ddc22ea8cae84fc9917def682dc6,1
111,42a2c92a0979a949ca4ea89ec5c7b934,1
111,4fcb3d9a5f4871e8362dfedbdb02b064,1
111,5a6e53c3b4e8684b13388d6aa4afdf12,2
111,601a360bd2a916ecef0e88de72a6531a,1
111,617186c3d97ea56c9c683a8a3974e8c1,1
111,777d2e438a1b645f3aec9bd57e92672c,2
111,7c1bd920dbdf22470b68bde975dd3ccf,1
111,99a4788cb24856965c36a24e339b6058,2
111,bbaef2eadf31fe3ea6702077398be06c,1
111,c6dd917a0be2a704582055949915ab32,3
111,cc971e0365873137b8bef2ebad633e6f,1
111,cec09725da5ed01471d9a505e7389d37,1
112,08574b074924071f4e201e151b152b4e,1
112,154e7e31ebfa092203795c972e5804a6,1
112,2b4609f8948be18874494203496bc318,1
112,4fcb3d9a5f4871e8362dfedbdb02b064,1
112,5a6e53c3b4e8684b13388d6aa4afdf12,1
112,7c1bd920dbdf22470b68bde975dd3ccf,1
112,99a4788cb24856965c36a24e339b6058,1
112,a50acd33ba7a8da8e9db65094fa990a4,1
112,db5efde3ad0cc579b130d71c4b2db522,1
112,f71973c922ccaab05514a36a8bc741b8,1
113,62d8daeee0db3a60c234c2d1bfd10651,2
113,880be32f4db1d9f6e2bec38fb6ac23ab,1
113,c857b96593773e940454e76efa8eabb3,2
113,f264c1d9b20b5e4a340254d0405e613b,1
113,f4f67ccaece962d013a4e1d7dc3a61f7,1
113,f71973c922ccaab05514a36a8bc741b8,2
114,08574b074924071f4e201e151b152b4e,2
114,154e7e31ebfa092203795c972e5804a6,1
114,29427de7f8a9ee983d9dbc51cec569b4,2
114,2a5806f10d0f00e5ad032dd2e3c8806e,1
114,4298b7e67dc399c200662b569563a2b2,1
114,44a34214a57dc373dcd80f54c919d006,1
114,4fcb3d9a5f4871e8362dfedbdb02b064,1
114,53759a2ecddad2bb87a079a1f1519f73,1
114,72172e982e8b92155069e4201c92c0bb,1
114,7c1bd920dbdf22470b68bde975dd3ccf,1
114,7fb04722aba7a2b632bac8f9819796f3,2
114,99a4788cb24856965c36a24e339b6058,1
114,a50acd33ba7a8da8e9db65094fa990a4,1
114,a9516a079e37a9c9c36b9b78b10169e8,1
114,bbaef2eadf31fe3ea6702077398be06c,1
114,d696750e550fd0f733979dd7e5dff921,1
114,ea44caac707f7f1325182a538007f838,1
115,08574b074924071f4e201e151b152b4e,2
115,35afc973633aaeb6b877ff57b2793310,1
115,42a2c92a0979a949ca4ea89ec5c7b934,1
115,601a360bd2a916ecef0e88de72a6531a,1
115,75d6b6963340c6063f7f4cfcccfe6a30,1
115,99a4788cb24856965c36a24e339b6058,3
115,a35a9f46dcee0a67c8c7ad8493eb4135,1
115,a9516a079e37a9c9c36b9b78b10169e8,1
115,b0961721fd839e9982420e807758a2a6,2
115,bbaef2eadf31fe3ea6702077398be06c,1
115,c6dd917a0be2a704582055949915ab32,2
115,cc971e0365873137b8bef2ebad633e6f,2
116,2a2d22ae30e026f1893083c8405ca522,1
116,53759a2ecddad2bb87a079a1f1519f73,3
116,5a6e53c3b4e8684b13388d6aa4afdf12,1
116,880be32f4db1d9f6e2bec38fb6ac23ab,3
116,99a4788cb24856965c36a24e339b6058,1
116,a9516a079e37a9c9c36b9b78b10169e8,8
116,aba86c093ccdbac75b09111d57e50004,2
116,af51d485dc5255ba2e18b21b550156e6,1
116,c6dd917a0be2a704582055949915ab32,1
116,cec09725da5ed01471d9a505e7389d37,1
116,d5991653e037ccb7af6ed7d94246b249,8
116,f71973c922ccaab05514a36a8bc741b8,1
117,06c6e01186af8b98ee1fc9e01f9471e9,1
117,154e7e31ebfa092203795c972e5804a6,1
117,29427de7f8a9ee983d9dbc51cec569b4,1
117,389d119b48cf3043d311335e499d9c6b,1
117,42a2c92a0979a949ca4ea89ec5c7b934,2
117,5f504b3a1c75b73d6151be81eb05bdc9,1
117,7c1bd920dbdf22470b68bde975dd3ccf,1
117,7e0dc102074f8285580c9777f79c90cf,1
117,7fab1a1472fdd934397068931f63f3ca,1
117,8aa6223e400af9c97b07c75993142721,1
117,99a4788cb24856965c36a24e339b6058,1
117,bbaef2eadf31fe3ea6702077398be06c,2
117,c6dd917a0be2a704582055949915ab32,2
117,c857b96593773e940454e76efa8eabb3,2
118,06c6e01186af8b98ee1fc9e01f9471e9,2
118,08574b074924071f4e201e151b152b4e,1
118,601a360bd2a916ecef0e88de72a6531a,1
118,72172e982e8b92155069e4201c92c0bb,2
118,8c5876b1c7768217964f353bc7e64393,1
118,99a4788cb24856965c36a24e339b6058,1
118,bbaef2eadf31fe3ea6702077398be06c,1
118,c6dd917a0be2a704582055949915ab32,1
118,cc971e0365873137b8bef2ebad633e6f,1
118,cec09725da5ed01471d9a505e7389d37,3
118,f264c1d9b20b5e4a340254d0405e613b,1
118,f71973c922ccaab05514a36a8bc741b8,1
119,06c6e01186af8b98ee1fc9e01f9471e9,1
119,2b4609f8948be18874494203496bc318,1
119,35afc973633aaeb6b877ff57b2793310,2
119,5a6e53c3b4e8684b13388d6aa4afdf12,2
119,62d8daeee0db3a60c234c2d1bfd10651,1
119,72172e982e8b92155069e4201c92c0bb,2
119,777d2e438a1b645f3aec9bd57e92672c,1
119,7c1bd920dbdf22470b68bde975dd3ccf,1
119,880be32f4db1d9f6e2bec38fb6ac23ab,1
119,8c591ab0ca519558779df02023177f44,1
119,99a4788cb24856965c36a24e339b6058,5
119,af51d485dc5255ba2e18b21b550156e6,1
119,f71f42e2381752836563b70beb542f80,1
120,08574b074924071f4e201e151b152b4e,1
120,11875b30b49585209e608f40e8082e65,1
120,422879e10f46682990de24d770e7f83d,1
120,75d6b6963340c6063f7f4cfcccfe6a30,1
120,99a4788cb24856965c36a24e339b6058,4
120,a50acd33ba7a8da8e9db65094fa990a4,1
120,c6dd917a0be2a704582055949915ab32,1
120,d5991653e037ccb7af6ed7d94246b249,1
121,08574b074924071f4e201e151b152b4e,1
121,154e7e31ebfa092203795c972e5804a6,1
121,29427de7f8a9ee983d9dbc51cec569b4,1
121,422879e10f46682990de24d770e7f83d,1
121,42a2c92a0979a949ca4ea89ec5c7b934,1
121,7fab1a1472fdd934397068931f63f3ca,1
121,8c5876b1c7768217964f353bc7e64393,1
121,99a4788cb24856965c36a24e339b6058,2
121,c6dd917a0be2a704582055949915ab32,1
122,06c6e01186af8b98ee1fc9e01f9471e9,1
122,08574b074924071f4e201e151b152b4e,1
122,11875b30b49585209e608f40e8082e65,1
122,154e7e31ebfa092203795c972e5804a6,1
122,2a5806f10d0f00e5ad032dd2e3c8806e,1
122,2b4609f8948be18874494203496bc318,1
122,35afc973633aaeb6b877ff57b2793310,1
122,4fcb3d9a5f4871e8362dfedbdb02b064,1
122,569ffd16f8032478cbeb9800f2e94ba0,2
122,6cdd53843498f92890544667809f1595,2
122,72172e982e8b92155069e4201c92c0bb,1
122,8c5876b1c7768217964f353bc7e64393,2
122,99a4788cb24856965c36a24e339b6058,2
122,bbaef2eadf31fe3ea6702077398be06c,1
122,c6dd917a0be2a704582055949915ab32,1
122,f264c1d9b20b5e4a340254d0405e613b,1
123,06c6e01186af8b98ee1fc9e01f9471e9,1
123,08574b074924071f4e201e151b152b4e,3
123,154e7e31ebfa092203795c972e5804a6,1
123,22c5ddc22ea8cae84fc9917def682dc6,1
123,29427de7f8a9ee983d9dbc51cec569b4,1
123,2a2d22ae30e026f1893083c8405ca522,1
123,2b4609f8948be18874494203496bc318,1
123,44a34214a57dc373dcd80f54c919d006,1
123,4520766ec412348b8d4caa5e8a18c464,1
123,5a6e53c3b4e8684b13388d6aa4afdf12,2
123,656e0eca68dcecf6a31b8ececfabe3e8,1
123,777d2e438a1b645f3aec9bd57e92672c,1
123,7c1bd920dbdf22470b68bde975dd3ccf,2
123,880be32f4db1d9f6e2bec38fb6ac23ab,1
123,8c5876b1c7768217964f353bc7e64393,1
123,99a4788cb24856965c36a24e339b6058,3
123,a9516a079e37a9c9c36b9b78b10169e8,2
123,af51d485dc5255ba2e18b21b550156e6,1
123,c6dd917a0be2a704582055949915ab32,1
123,ea44caac707f7f1325182a538007f838,1
123,f71f42e2381752836563b70beb542f80,1
124,08574b074924071f4e201e151b152b4e,1
124,11fd9d7ba552e1d28872e008acf1e050,1
124,130482add9fd75ccb6c57ba007694a2d,1
124,29427de7f8a9ee983d9dbc51cec569b4,2
124,35afc973633aaeb6b877ff57b2793310,1
124,42a2c92a0979a949ca4ea89ec5c7b934,2
124,4fcb3d9a5f4871e8362dfedbdb02b064,1
124,569ffd16f8032478cbeb9800f2e94ba0,1
124,5a6e53c3b4e8684b13388d6aa4afdf12,2
124,601a360bd2a916ecef0e88de72a6531a,2
124,7c1bd920dbdf22470b68bde975dd3ccf,1
124,7fab1a1472fdd934397068931f63f3ca,1
124,99a4788cb24856965c36a24e339b6058,2
124,d2f5484cbffe4ca766301b21ab9246dd,1
124,d5991653e037ccb7af6ed7d94246b249,2
124,f4f67ccaece962d013a4e1d7dc3a61f7,1
125,06c6e01186af8b98ee1fc9e01f9471e9,1
125,29427de7f8a9ee983d9dbc51cec569b4,1
125,42a2c92a0979a949ca4ea89ec5c7b934,1
125,44a34214a57dc373dcd80f54c919d006,1
125,601a360bd2a916ecef0e88de72a6531a,1
125,656e0eca68dcecf6a31b8ececfabe3e8,1
125,72172e982e8b92155069e4201c92c0bb,1
125,8c5876b1c7768217964f353bc7e64393,1
125,bbaef2eadf31fe3ea6702077398be06c,1
125,c4baedd846ed09b85f78a781b522f126,1
125,d696750e550fd0f733979dd7e5dff921,1
125,e251ebd2858be1aa7d9b2087a6992580,1
125,ea44caac707f7f1325182a538007f838,1
126,11875b30b49585209e608f40e8082e65,3
126,130482add9fd75ccb6c57ba007694a2d,1
126,29427de7f8a9ee983d9dbc51cec569b4,3
126,35afc973633aaeb6b877ff57b2793310,2
126,42a2c92a0979a949ca4ea89ec5c7b934,1
126,4fcb3d9a5f4871e8362dfedbdb02b064,1
126,601a360bd2a916ecef0e88de72a6531a,1
126,8c591ab0ca519558779df02023177f44,1
126,99a4788cb24856965c36a24e339b6058,2
126,a50acd33ba7a8da8e9db65094fa990a4,1
126,c4baedd846ed09b85f78a781b522f126,1
126,cc971e0365873137b8bef2ebad633e6f,2
126,f264c1d9b20b5e4a340254d0405e613b,1
127,656e0eca68dcecf6a31b8ececfabe3e8,1
127,75d6b6963340c6063f7f4cfcccfe6a30,1
127,880be32f4db1d9f6e2bec38fb6ac23ab,1
127,af51d485dc5255ba2e18b21b550156e6,3
127,c6dd917a0be2a704582055949915ab32,3
127,f71973c922ccaab05514a36a8bc741b8,3
128,06c6e01186af8b98ee1fc9e01f9471e9,2
128,35afc973633aaeb6b877ff57b2793310,1
128,42a2c92a0979a949ca4ea89ec5c7b934,1
128,5a6e53c3b4e8684b13388d6aa4afdf12,1
128,601a360bd2a916ecef0e88de72a6531a,4
128,617186c3d97ea56c9c683a8a3974e8c1,1
128,7c1bd920dbdf22470b68bde975dd3ccf,3
128,880be32f4db1d9f6e2bec38fb6ac23ab,1
128,99a4788cb24856965c36a24e339b6058,3
128,a35a9f46dcee0a67c8c7ad8493eb4135,1
128,a9516a079e37a9c9c36b9b78b10169e8,1
128,bbaef2eadf31fe3ea6702077398be06c,3
128,cc971e0365873137b8bef2ebad633e6f,1
128,d2f5484cbffe4ca766301b21ab9246dd,1
128,f1c7f353075ce59d8a6f3cf58f419c9c,1
128,f264c1d9b20b5e4a340254d0405e613b,1
128,f71973c922ccaab05514a36a8bc741b8,2
129,154e7e31ebfa092203795c972e5804a6,1
129,29427de7f8a9ee983d9dbc51cec569b4,1
129,42a2c92a0979a949ca4ea89ec5c7b934,1
129,473795a355d29305c3ea6b156833adf5,1
129,53759a2ecddad2bb87a079a1f1519f73,2
129,5411e9269501a870cabf632f05655131,1
129,5a6e53c3b4e8684b13388d6aa4afdf12,3
129,601a360bd2a916ecef0e88de72a6531a,1
129,99a4788cb24856965c36a24e339b6058,2
129,bbaef2eadf31fe3ea6702077398be06c,2
129,c6dd917a0be2a704582055949915ab32,1
129,cec09725da5ed01471d9a505e7389d37,1
129,f35927953ed82e19d06ad3aac2f06353,1
130,06edb72f1e0c64b14c5b79353f7abea3,1
130,08574b074924071f4e201e151b152b4e,2
130,0bcc3eeca39e1064258aa1e932269894,1
130,11875b30b49585209e608f40e8082e65,1
130,11fd9d7ba552e1d28872e008acf1e050,1
130,22c5ddc22ea8cae84fc9917def682dc6,1
130,2a2d22ae30e026f1893083c8405ca522,1
130,2b4609f8948be18874494203496bc318,1
130,617186c3d97ea56c9c683a8a3974e8c1,1
130,99a4788cb24856965c36a24e339b6058,2
130,a35a9f46dcee0a67c8c7ad8493eb4135,1
130,af51d485dc5255ba2e18b21b550156e6,2
130,bbaef2eadf31fe3ea6702077398be06c,2
130,cc971e0365873137b8bef2ebad633e6f,1
130,cec09725da5ed01471d9a505e7389d37,2
130,d5991653e037ccb7af6ed7d94246b249,1
130,d696750e550fd0f733979dd7e5dff921,1
130,f264c1d9b20b5e4a340254d0405e613b,1
130,f4f67ccaece962d013a4e1d7dc3a61f7,1
131,08574b074924071f4e201e151b152b4e,2
131,154e7e31ebfa092203795c972e5804a6,1
131,29427de7f8a9ee983d9dbc51cec569b4,4
131,35afc973633aaeb6b877ff57b2793310,2
131,601a360bd2a916ecef0e88de72a6531a,2
131,6cdd53843498f92890544667809f1595,1
131,99a4788cb24856965c36a24e339b6058,1
131,bbaef2eadf31fe3ea6702077398be06c,1
131,cc971e0365873137b8bef2ebad633e6f,1
131,ea44caac707f7f1325182a538007f838,1
132,06c6e01186af8b98ee1fc9e01f9471e9,2
132,08574b074924071f4e201e151b152b4e,1
132,154e7e31ebfa092203795c972e5804a6,1
132,880be32f4db1d9f6e2bec38fb6ac23ab,1
132,af51d485dc5255ba2e18b21b550156e6,2
132,c6dd917a0be2a704582055949915ab32,1
132,d5991653e037ccb7af6ed7d94246b249,1
133,08574b074924071f4e201e151b152b4e,1
133,2136c70bbe723d338fab53da3c03e6dc,1
133,44a34214a57dc373dcd80f54c919d006,5
133,4fcb3d9a5f4871e8362dfedbdb02b064,1
133,5a6e53c3b4e8684b13388d6aa4afdf12,1
133,777d2e438a1b645f3aec9bd57e92672c,1
133,7c1bd920dbdf22470b68bde975dd3ccf,1
133,f4f67ccaece962d013a4e1d7dc3a61f7,1
134,4ae634441e444ca4bc85903cafe98d73,1
134,5f504b3a1c75b73d6151be81eb05bdc9,1
134,99a4788cb24856965c36a24e339b6058,3
134,af51d485dc5255ba2e18b21b550156e6,1
134,c6dd917a0be2a704582055949915ab32,1
135,154e7e31ebfa092203795c972e5804a6,1
135,4ae634441e444ca4bc85903cafe98d73,1
135,5a6e53c3b4e8684b13388d6aa4afdf12,1
135,777d2e438a1b645f3aec9bd57e92672c,1
135,99a4788cb24856965c36a24e339b6058,5
135,bbaef2eadf31fe3ea6702077398be06c,1
135,c4baedd846ed09b85f78a781b522f126,1
135,cec09725da5ed01471d9a505e7389d37,1
135,f71973c922ccaab05514a36a8bc741b8,1
136,11875b30b49585209e608f40e8082e65,2
136,154e7e31ebfa092203795c972e5804a6,3
136,35afc973633aaeb6b877ff57b2793310,1
136,422879e10f46682990de24d770e7f83d,1
136,4ae634441e444ca4bc85903cafe98d73,5
136,601a360bd2a916ecef0e88de72a6531a,1
136,62d8daeee0db3a60c234c2d1bfd10651,3
136,656e0eca68dcecf6a31b8ececfabe3e8,1
136,99a4788cb24856965c36a24e339b6058,4
136,a50acd33ba7a8da8e9db65094fa990a4,1
136,aa280035c50ba62c746480a59045eec4,1
136,af51d485dc5255ba2e18b21b550156e6,1
136,e251ebd2858be1aa7d9b2087a6992580,1
136,f264c1d9b20b5e4a340254d0405e613b,1
136,f71973c922ccaab05514a36a8bc741b8,2
136,f7a17d2c51d9df89a4f1711c4ac17f33,1
137,06c6e01186af8b98ee1fc9e01f9471e9,1
137,11875b30b49585209e608f40e8082e65,1
137,154e7e31ebfa092203795c972e5804a6,1
137,2a2d22ae30e026f1893083c8405ca522,1
137,2a5806f10d0f00e5ad032dd2e3c8806e,1
137,42a2c92a0979a949ca4ea89ec5c7b934,1
137,7c1bd920dbdf22470b68bde975dd3ccf,1
137,bbaef2eadf31fe3ea6702077398be06c,1
137,d5991653e037ccb7af6ed7d94246b249,2
137,f264c1d9b20b5e4a340254d0405e613b,2
137,f71973c922ccaab05514a36a8bc741b8,1
137,f7a17d2c51d9df89a4f1711c4ac17f33,2
138,06c6e01186af8b98ee1fc9e01f9471e9,1
138,130482add9fd75ccb6c57ba007694a2d,1
138,154e7e31ebfa092203795c972e5804a6,1
138,29427de7f8a9ee983d9dbc51cec569b4,1
138,2a2d22ae30e026f1893083c8405ca522,1
138,35afc973633aaeb6b877ff57b2793310,1
138,42a2c92a0979a949ca4ea89ec5c7b934,1
138,4ae634441e444ca4bc85903cafe98d73,1
138,5a6e53c3b4e8684b13388d6aa4afdf12,2
138,601a360bd2a916ecef0e88de72a6531a,1
138,6cdd53843498f92890544667809f1595,1
138,777d2e438a1b645f3aec9bd57e92672c,2
138,7c1bd920dbdf22470b68bde975dd3ccf,1
138,880be32f4db1d9f6e2bec38fb6ac23ab,1
138,99a4788cb24856965c36a24e339b6058,2
138,bbaef2eadf31fe3ea6702077398be06c,3
138,c4baedd846ed09b85f78a781b522f126,1
138,c6dd917a0be2a704582055949915ab32,1
138,d017a2151d543a9885604dc62a3d9dcc,1
138,d696750e550fd0f733979dd7e5dff921,1
138,ea44caac707f7f1325182a538007f838,1
139,06c6e01186af8b98ee1fc9e01f9471e9,1
139,42a2c92a0979a949ca4ea89ec5c7b934,1
139,5f504b3a1c75b73d6151be81eb05bdc9,1
139,601a360bd2a916ecef0e88de72a6531a,2
139,617186c3d97ea56c9c683a8a3974e8c1,2
139,656e0eca68dcecf6a31b8ececfabe3e8,1
139,777d2e438a1b645f3aec9bd57e92672c,1
139,7c1bd920dbdf22470b68bde975dd3ccf,1
139,99a4788cb24856965c36a24e339b6058,1
139,af51d485dc5255ba2e18b21b550156e6,1
139,e251ebd2858be1aa7d9b2087a6992580,2
139,f71973c922ccaab05514a36a8bc741b8,2
140,11875b30b49585209e608f40e8082e65,1
140,11fd9d7ba552e1d28872e008acf1e050,1
140,5a6e53c3b4e8684b13388d6aa4afdf12,1
140,5f504b3a1c75b73d6151be81eb05bdc9,1
140,601a360bd2a916ecef0e88de72a6531a,2
140,656e0eca68dcecf6a31b8ececfabe3e8,2
140,7c1bd920dbdf22470b68bde975dd3ccf,3
140,880be32f4db1d9f6e2bec38fb6ac23ab,1
140,99a4788cb24856965c36a24e339b6058,1
140,a9516a079e37a9c9c36b9b78b10169e8,1
140,aa280035c50ba62c746480a59045eec4,1
140,c6dd917a0be2a704582055949915ab32,1
140,d5991653e037ccb7af6ed7d94246b249,2
140,e251ebd2858be1aa7d9b2087a6992580,1
140,f35927953ed82e19d06ad3aac2f06353,1
140,f71973c922ccaab05514a36a8bc741b8,1
141,130482add9fd75ccb6c57ba007694a2d,1
141,154e7e31ebfa092203795c972e5804a6,2
141,29427de7f8a9ee983d9dbc51cec569b4,1
141,601a360bd2a916ecef0e88de72a6531a,1
141,75d6b6963340c6063f7f4cfcccfe6a30,1
141,bbaef2eadf31fe3ea6702077398be06c,2
141,c6dd917a0be2a704582055949915ab32,1
141,d017a2151d543a9885604dc62a3d9dcc,1
141,ea44caac707f7f1325182a538007f838,1
141,f71f42e2381752836563b70beb542f80,1
142,06c6e01186af8b98ee1fc9e01f9471e9,1
142,130482add9fd75ccb6c57ba007694a2d,1
142,2a2d22ae30e026f1893083c8405ca522,1
142,4ae634441e444ca4bc85903cafe98d73,1
142,75d6b6963340c6063f7f4cfcccfe6a30,1
142,7c1bd920dbdf22470b68bde975dd3ccf,1
142,880be32f4db1d9f6e2bec38fb6ac23ab,1
142,c6336fa91fbd87c359e44f5dca5a90ed,1
142,c6dd917a0be2a704582055949915ab32,1
142,d017a2151d543a9885604dc62a3d9dcc,1
142,d5991653e037ccb7af6ed7d94246b249,1
142,f7a17d2c51d9df89a4f1711c4ac17f33,1
143,06edb72f1e0c64b14c5b79353f7abea3,1
143,154e7e31ebfa092203795c972e5804a6,1
143,22c5ddc22ea8cae84fc9917def682dc6,1
143,29427de7f8a9ee983d9dbc51cec569b4,1
143,4520766ec412348b8d4caa5e8a18c464,1
143,53759a2ecddad2bb87a079a1f1519f73,1
143,601a360bd2a916ecef0e88de72a6531a,2
143,617186c3d97ea56c9c683a8a3974e8c1,1
143,777d2e438a1b645f3aec9bd57e92672c,1
143,99a4788cb24856965c36a24e339b6058,7
143,bbaef2eadf31fe3ea6702077398be06c,2
143,c3ba4e8d3cb30049213b682e751e9d00,1
143,c857b96593773e940454e76efa8eabb3,1
143,d5991653e037ccb7af6ed7d94246b249,2
143,d696750e550fd0f733979dd7e5dff921,3
143,e251ebd2858be1aa7d9b2087a6992580,2
143,f7a17d2c51d9df89a4f1711c4ac17f33,1
144,2136c70bbe723d338fab53da3c03e6dc,1
144,42a2c92a0979a949ca4ea89ec5c7b934,1
144,4ae634441e444ca4bc85903cafe98d73,1
144,4fcb3d9a5f4871e8362dfedbdb02b064,1
144,72172e982e8b92155069e4201c92c0bb,1
144,777d2e438a1b645f3aec9bd57e92672c,1
144,7c1bd920dbdf22470b68bde975dd3ccf,2
144,880be32f4db1d9f6e2bec38fb6ac23ab,2
144,99a4788cb24856965c36a24e339b6058,2
144,a50acd33ba7a8da8e9db65094fa990a4,1
144,bbaef2eadf31fe3ea6702077398be06c,1
144,c4baedd846ed09b85f78a781b522f126,1
144,c6dd917a0be2a704582055949915ab32,1
144,cc971e0365873137b8bef2ebad633e6f,1
144,cec09725da5ed01471d9a505e7389d37,1
144,d017a2151d543a9885604dc62a3d9dcc,1
144,f35927953ed82e19d06ad3aac2f06353,1
144,f4f67ccaece962d013a4e1d7dc3a61f7,2
144,f71f42e2381752836563b70beb542f80,1
144,f7a17d2c51d9df89a4f1711c4ac17f33,1
145,06c6e01186af8b98ee1fc9e01f9471e9,1
145,11fd9d7ba552e1d28872e008acf1e050,1
145,2028bf1b01cafb2d2b1901fca4083222,1
145,35afc973633aaeb6b877ff57b2793310,1
145,4ae634441e444ca4bc85903cafe98d73,1
145,4fcb3d9a5f4871e8362dfedbdb02b064,1
145,6cdd53843498f92890544667809f1595,1
145,99a4788cb24856965c36a24e339b6058,3
145,b5e13c9a353102f79c6206ff5cb61a50,1
145,bbaef2eadf31fe3ea6702077398be06c,1
145,c4baedd846ed09b85f78a781b522f126,1
145,d017a2151d543a9885604dc62a3d9dcc,1
145,d1c427060a0f73f6b889a5c7c61f2ac4,1
145,db5efde3ad0cc579b130d71c4b2db522,1
145,ea44caac707f7f1325182a538007f838,1
145,f4f67ccaece962d013a4e1d7dc3a61f7,1
145,f71973c922ccaab05514a36a8bc741b8,1
146,06c6e01186af8b98ee1fc9e01f9471e9,2
146,11875b30b49585209e608f40e8082e65,1
146,154e7e31ebfa092203795c972e5804a6,1
146,2a2d22ae30e026f1893083c8405ca522,1
146,2b4609f8948be18874494203496bc318,1
146,389d119b48cf3043d311335e499d9c6b,1
146,42a2c92a0979a949ca4ea89ec5c7b934,1
146,5a6e53c3b4e8684b13388d6aa4afdf12,1
146,6cdd53843498f92890544667809f1595,1
146,75d6b6963340c6063f7f4cfcccfe6a30,2
146,7e0dc102074f8285580c9777f79c90cf,1
146,880be32f4db1d9f6e2bec38fb6ac23ab,1
146,99a4788cb24856965c36a24e339b6058,1
146,a35a9f46dcee0a67c8c7ad8493eb4135,1
146,c4baedd846ed09b85f78a781b522f126,1
146,d017a2151d543a9885604dc62a3d9dcc,2
146,e0d64dcfaa3b6db5c54ca298ae101d05,1
146,e251ebd2858be1aa7d9b2087a6992580,1
146,f71f42e2381752836563b70beb542f80,1
147,06c6e01186af8b98ee1fc9e01f9471e9,1
147,06edb72f1e0c64b14c5b79353f7abea3,1
147,08574b074924071f4e201e151b152b4e,1
147,29427de7f8a9ee983d9dbc51cec569b4,1
147,41c24b8ce92d1a2cac62db5edfd088b2,1
147,4298b7e67dc399c200662b569563a2b2,1
147,4ae634441e444ca4bc85903cafe98d73,1
147,4fcb3d9a5f4871e8362dfedbdb02b064,1
147,656e0eca68dcecf6a31b8ececfabe3e8,1
147,7c1bd920dbdf22470b68bde975dd3ccf,2
147,8c5876b1c7768217964f353bc7e64393,1
147,9545d45c37449ccbc376de3a04c66e71,1
147,99a4788cb24856965c36a24e339b6058,2
147,d017a2151d543a9885604dc62a3d9dcc,1
147,e0d64dcfaa3b6db5c54ca298ae101d05,1
148,06c6e01186af8b98ee1fc9e01f9471e9,2
148,154e7e31ebfa092203795c972e5804a6,1
148,35afc973633aaeb6b877ff57b2793310,1
148,4ae634441e444ca4bc85903cafe98d73,1
148,7e0dc102074f8285580c9777f79c90cf,1
148,a50acd33ba7a8da8e9db65094fa990a4,1
148,af51d485dc5255ba2e18b21b550156e6,1
148,d696750e550fd0f733979dd7e5dff921,1
149,06c6e01186af8b98ee1fc9e01f9471e9,2
149,11fd9d7ba552e1d28872e008acf1e050,1
149,2136c70bbe723d338fab53da3c03e6dc,1
149,22c5ddc22ea8cae84fc9917def682dc6,1
149,42a2c92a0979a949ca4ea89ec5c7b934,2
149,461f43be3bdf8844e65b62d9ac2c7a5a,1
149,4ae634441e444ca4bc85903cafe98d73,3
149,53b36df67ebb7c41585e8d54d6772e08,1
149,5f504b3a1c75b73d6151be81eb05bdc9,1
149,601a360bd2a916ecef0e88de72a6531a,2
149,72172e982e8b92155069e4201c92c0bb,1
149,7c1bd920dbdf22470b68bde975dd3ccf,1
149,99a4788cb24856965c36a24e339b6058,1
149,aa280035c50ba62c746480a59045eec4,2
149,af51d485dc5255ba2e18b21b550156e6,1
149,cec09725da5ed01471d9a505e7389d37,2
149,d017a2151d543a9885604dc62a3d9dcc,1
149,f7a17d2c51d9df89a4f1711c4ac17f33,1
150,06c6e01186af8b98ee1fc9e01f9471e9,1
150,2028bf1b01cafb2d2b1901fca4083222,1
150,25f86162fee18735fffdb762dcb10d7c,1
150,42a2c92a0979a949ca4ea89ec5c7b934,3
150,44a34214a57dc373dcd80f54c919d006,1
150,53759a2ecddad2bb87a079a1f1519f73,2
150,53b36df67ebb7c41585e8d54d6772e08,1
150,601a360bd2a916ecef0e88de72a6531a,1
150,72172e982e8b92155069e4201c92c0bb,1
150,880be32f4db1d9f6e2bec38fb6ac23ab,1
150,99a4788cb24856965c36a24e339b6058,1
150,bbaef2eadf31fe3ea6702077398be06c,1
150,c6dd917a0be2a704582055949915ab32,1
150,c857b96593773e940454e76efa8eabb3,1
150,d5991653e037ccb7af6ed7d94246b249,7
150,db5efde3ad0cc579b130d71c4b2db522,1
150,e0d64dcfaa3b6db5c54ca298ae101d05,1
150,f1c7f353075ce59d8a6f3cf58f419c9c,2
150,f71973c922ccaab05514a36a8bc741b8,2
150,f71f42e2381752836563b70beb542f80,1
150,f7a17d2c51d9df89a4f1711c4ac17f33,1
151,06c6e01186af8b98ee1fc9e01f9471e9,1
151,11fd9d7ba552e1d28872e008acf1e050,1
151,2028bf1b01cafb2d2b1901fca4083222,1
151,2b4609f8948be18874494203496bc318,1
151,389d119b48cf3043d311335e499d9c6b,1
151,44a34214a57dc373dcd80f54c919d006,4
151,777d2e438a1b645f3aec9bd57e92672c,1
151,aa280035c50ba62c746480a59045eec4,2
151,af51d485dc5255ba2e18b21b550156e6,1
151,c6dd917a0be2a704582055949915ab32,2
151,cc971e0365873137b8bef2ebad633e6f,1
151,cec09725da5ed01471d9a505e7389d37,2
151,d017a2151d543a9885604dc62a3d9dcc,1
151,db5efde3ad0cc579b130d71c4b2db522,1
151,e251ebd2858be1aa7d9b2087a6992580,1
151,f264c1d9b20b5e4a340254d0405e613b,2
151,f71973c922ccaab05514a36a8bc741b8,1
152,06c6e01186af8b98ee1fc9e01f9471e9,2
152,154e7e31ebfa092203795c972e5804a6,3
152,2b4609f8948be18874494203496bc318,1
152,41c24b8ce92d1a2cac62db5edfd088b2,1
152,42a2c92a0979a949ca4ea89ec5c7b934,1
152,5f504b3a1c75b73d6151be81eb05bdc9,1
152,617186c3d97ea56c9c683a8a3974e8c1,1
152,7c1bd920dbdf22470b68bde975dd3ccf,1
152,880be32f4db1d9f6e2bec38fb6ac23ab,1
152,8aa6223e400af9c97b07c75993142721,1
152,99a4788cb24856965c36a24e339b6058,3
152,b114bf337c0626166abe574eee9e3f32,1
152,c6dd917a0be2a704582055949915ab32,1
152,cec09725da5ed01471d9a505e7389d37,1
152,e251ebd2858be1aa7d9b2087a6992580,1
152,f1c7f353075ce59d8a6f3cf58f419c9c,1
152,f35927953ed82e19d06ad3aac2f06353,1
153,0a57f7d2c983bcf8188589a5fea4a8da,1
153,11875b30b49585209e608f40e8082e65,1
153,154e7e31ebfa092203795c972e5804a6,1
153,2a2d22ae30e026f1893083c8405ca522,2
153,422879e10f46682990de24d770e7f83d,1
153,617186c3d97ea56c9c683a8a3974e8c1,1
153,7c1bd920dbdf22470b68bde975dd3ccf,1
153,99a4788cb24856965c36a24e339b6058,3
153,b623b7cb05ee3248fbe4a6ecbeed79a4,1
153,c3ba4e8d3cb30049213b682e751e9d00,1
153,c4baedd846ed09b85f78a781b522f126,1
153,c6336fa91fbd87c359e44f5dca5a90ed,1
153,c6dd917a0be2a704582055949915ab32,1
153,cec09725da5ed01471d9a505e7389d37,1
154,08574b074924071f4e201e151b152b4e,1
154,130482add9fd75ccb6c57ba007694a2d,1
154,154e7e31ebfa092203795c972e5804a6,1
154,29427de7f8a9ee983d9dbc51cec569b4,1
154,2b4609f8948be18874494203496bc318,1
154,35afc973633aaeb6b877ff57b2793310,1
154,461f43be3bdf8844e65b62d9ac2c7a5a,1
154,5a6e53c3b4e8684b13388d6aa4afdf12,1
154,75d6b6963340c6063f7f4cfcccfe6a30,1
154,7fb04722aba7a2b632bac8f9819796f3,1
154,8c591ab0ca519558779df02023177f44,1
154,bbaef2eadf31fe3ea6702077398be06c,2
154,cc971e0365873137b8bef2ebad633e6f,1
154,f1c7f353075ce59d8a6f3cf58f419c9c,1
154,f71973c922ccaab05514a36a8bc741b8,1
154,f7a17d2c51d9df89a4f1711c4ac17f33,1
155,29427de7f8a9ee983d9dbc51cec569b4,2
155,42a2c92a0979a949ca4ea89ec5c7b934,1
155,461f43be3bdf8844e65b62d9ac2c7a5a,1
155,569ffd16f8032478cbeb9800f2e94ba0,1
155,777d2e438a1b645f3aec9bd57e92672c,1
155,7c1bd920dbdf22470b68bde975dd3ccf,2
155,880be32f4db1d9f6e2bec38fb6ac23ab,1
155,99a4788cb24856965c36a24e339b6058,2
155,a9516a079e37a9c9c36b9b78b10169e8,1
155,bbaef2eadf31fe3ea6702077398be06c,1
155,d1c427060a0f73f6b889a5c7c61f2ac4,1
155,f4f67ccaece962d013a4e1d7dc3a61f7,1
155,f71f42e2381752836563b70beb542f80,1
156,11fd9d7ba552e1d28872e008acf1e050,1
156,154e7e31ebfa092203795c972e5804a6,5
156,2a2d22ae30e026f1893083c8405ca522,2
156,42a2c92a0979a949ca4ea89ec5c7b934,3
156,5a6e53c3b4e8684b13388d6aa4afdf12,1
156,75d6b6963340c6063f7f4cfcccfe6a30,1
156,aba86c093ccdbac75b09111d57e50004,2
156,b5e13c9a353102f79c6206ff5cb61a50,2
156,b623b7cb05ee3248fbe4a6ecbeed79a4,1
156,c4baedd846ed09b85f78a781b522f126,1
156,cc971e0365873137b8bef2ebad633e6f,1
156,d696750e550fd0f733979dd7e5dff921,1
156,f71973c922ccaab05514a36a8bc741b8,1
156,fb55982be901439613a95940feefd9ee,1
157,06c6e01186af8b98ee1fc9e01f9471e9,1
157,06edb72f1e0c64b14c5b79353f7abea3,1
157,08574b074924071f4e201e151b152b4e,1
157,11875b30b49585209e608f40e8082e65,1
157,11fd9d7ba552e1d28872e008acf1e050,1
157,2028bf1b01cafb2d2b1901fca4083222,1
157,2b4609f8948be18874494203496bc318,1
157,42a2c92a0979a949ca4ea89ec5c7b934,5
157,5a6e53c3b4e8684b13388d6aa4afdf12,1
157,656e0eca68dcecf6a31b8ececfabe3e8,2
157,777d2e438a1b645f3aec9bd57e92672c,1
157,99a4788cb24856965c36a24e339b6058,3
157,a92930c327948861c015c919a0bcb4a8,2
157,aa280035c50ba62c746480a59045eec4,1
157,b5e13c9a353102f79c6206ff5cb61a50,1
157,c6336fa91fbd87c359e44f5dca5a90ed,1
157,c857b96593773e940454e76efa8eabb3,1
157,d1c427060a0f73f6b889a5c7c61f2ac4,1
157,e0d64dcfaa3b6db5c54ca298ae101d05,1
157,f35927953ed82e19d06ad3aac2f06353,1
157,f71973c922ccaab05514a36a8bc741b8,1
158,0a57f7d2c983bcf8188589a5fea4a8da,1
158,154e7e31ebfa092203795c972e5804a6,3
158,42a2c92a0979a949ca4ea89ec5c7b934,6
158,5f504b3a1c75b73d6151be81eb05bdc9,1
158,617186c3d97ea56c9c683a8a3974e8c1,1
158,7c1bd920dbdf22470b68bde975dd3ccf,1
158,8c5876b1c7768217964f353bc7e64393,1
158,99a4788cb24856965c36a24e339b6058,2
158,c6336fa91fbd87c359e44f5dca5a90ed,1
158,cc971e0365873137b8bef2ebad633e6f,1
158,d5991653e037ccb7af6ed7d94246b249,2
158,f71f42e2381752836563b70beb542f80,1
159,29427de7f8a9ee983d9dbc51cec569b4,1
159,2b4609f8948be18874494203496bc318,1
159,42a2c92a0979a949ca4ea89ec5c7b934,1
159,7c1bd920dbdf22470b68bde975dd3ccf,1
159,99a4788cb24856965c36a24e339b6058,1
159,cc971e0365873137b8bef2ebad633e6f,1
160,0a57f7d2c983bcf8188589a5fea4a8da,1
160,42a2c92a0979a949ca4ea89ec5c7b934,5
160,461f43be3bdf8844e65b62d9ac2c7a5a,2
160,53b36df67ebb7c41585e8d54d6772e08,1
160,569ffd16f8032478cbeb9800f2e94ba0,1
160,5a6e53c3b4e8684b13388d6aa4afdf12,1
160,99a4788cb24856965c36a24e339b6058,2
160,bbaef2eadf31fe3ea6702077398be06c,1
160,c4baedd846ed09b85f78a781b522f126,1
160,f35927953ed82e19d06ad3aac2f06353,1
161,08574b074924071f4e201e151b152b4e,1
161,11875b30b49585209e608f40e8082e65,1
161,130482add9fd75ccb6c57ba007694a2d,1
161,2136c70bbe723d338fab53da3c03e6dc,1
161,386486367c1f9d4f587a8864ccb6902b,1
161,42a2c92a0979a949ca4ea89ec5c7b934,7
161,44a34214a57dc373dcd80f54c919d006,1
161,4ae634441e444ca4bc85903cafe98d73,1
161,5a6e53c3b4e8684b13388d6aa4afdf12,1
161,601a360bd2a916ecef0e88de72a6531a,2
161,617186c3d97ea56c9c683a8a3974e8c1,2
161,75d6b6963340c6063f7f4cfcccfe6a30,2
161,7c1bd920dbdf22470b68bde975dd3ccf,1
161,99a4788cb24856965c36a24e339b6058,2
161,a92930c327948861c015c919a0bcb4a8,1
161,b0961721fd839e9982420e807758a2a6,2
161,c857b96593773e940454e76efa8eabb3,1
161,d5991653e037ccb7af6ed7d94246b249,1
161,e0d64dcfaa3b6db5c54ca298ae101d05,1
162,08574b074924071f4e201e151b152b4e,1
162,154e7e31ebfa092203795c972e5804a6,1
162,29427de7f8a9ee983d9dbc51cec569b4,1
162,35afc973633aaeb6b877ff57b2793310,2
162,42a2c92a0979a949ca4ea89ec5c7b934,6
162,5f504b3a1c75b73d6151be81eb05bdc9,1
162,601a360bd2a916ecef0e88de72a6531a,1
162,99a4788cb24856965c36a24e339b6058,4
162,a9516a079e37a9c9c36b9b78b10169e8,1
162,aba86c093ccdbac75b09111d57e50004,1
162,c857b96593773e940454e76efa8eabb3,2
163,154e7e31ebfa092203795c972e5804a6,1
163,2a2d22ae30e026f1893083c8405ca522,1
163,2b4609f8948be18874494203496bc318,1
163,42a2c92a0979a949ca4ea89ec5c7b934,4
163,5411e9269501a870cabf632f05655131,1
163,569ffd16f8032478cbeb9800f2e94ba0,1
163,9545d45c37449ccbc376de3a04c66e71,1
163,99a4788cb24856965c36a24e339b6058,1
163,a9516a079e37a9c9c36b9b78b10169e8,1
163,aa280035c50ba62c746480a59045eec4,1
163,af51d485dc5255ba2e18b21b550156e6,1
163,c6336fa91fbd87c359e44f5dca5a90ed,2
163,c6dd917a0be2a704582055949915ab32,1
163,c857b96593773e940454e76efa8eabb3,2
163,cc971e0365873137b8bef2ebad633e6f,1
163,f264c1d9b20b5e4a340254d0405e613b,1
163,f71973c922ccaab05514a36a8bc741b8,1
163,f7a17d2c51d9df89a4f1711c4ac17f33,1
164,08574b074924071f4e201e151b152b4e,1
164,386486367c1f9d4f587a8864ccb6902b,1
164,389d119b48cf3043d311335e499d9c6b,1
164,42a2c92a0979a949ca4ea89ec5c7b934,4
164,4ae634441e444ca4bc85903cafe98d73,1
164,53759a2ecddad2bb87a079a1f1519f73,1
164,569ffd16f8032478cbeb9800f2e94ba0,1
164,99a4788cb24856965c36a24e339b6058,1
164,bbaef2eadf31fe3ea6702077398be06c,2
165,29427de7f8a9ee983d9dbc51cec569b4,2
165,42a2c92a0979a949ca4ea89ec5c7b934,11
165,4fcb3d9a5f4871e8362dfedbdb02b064,1
165,53b36df67ebb7c41585e8d54d6772e08,1
165,5a6e53c3b4e8684b13388d6aa4afdf12,1
165,777d2e438a1b645f3aec9bd57e92672c,1
165,7c1bd920dbdf22470b68bde975dd3ccf,2
165,8c5876b1c7768217964f353bc7e64393,1
165,af51d485dc5255ba2e18b21b550156e6,1
165,b5e13c9a353102f79c6206ff5cb61a50,1
165,f1c7f353075ce59d8a6f3cf58f419c9c,1
165,f4f67ccaece962d013a4e1d7dc3a61f7,2
165,f71973c922ccaab05514a36a8bc741b8,1
166,11fd9d7ba552e1d28872e008acf1e050,1
166,154e7e31ebfa092203795c972e5804a6,1
166,29427de7f8a9ee983d9dbc51cec569b4,1
166,2a2d22ae30e026f1893083c8405ca522,1
166,2b4609f8948be18874494203496bc318,1
166,42a2c92a0979a949ca4ea89ec5c7b934,8
166,44a34214a57dc373dcd80f54c919d006,1
166,601a360bd2a916ecef0e88de72a6531a,3
166,7fb04722aba7a2b632bac8f9819796f3,1
166,8c591ab0ca519558779df02023177f44,1
166,99a4788cb24856965c36a24e339b6058,2
166,af51d485dc5255ba2e18b21b550156e6,1
166,bbaef2eadf31fe3ea6702077398be06c,1
166,f1c7f353075ce59d8a6f3cf58f419c9c,4
166,f264c1d9b20b5e4a340254d0405e613b,2
167,08574b074924071f4e201e151b152b4e,1
167,11875b30b49585209e608f40e8082e65,3
167,2a2d22ae30e026f1893083c8405ca522,1
167,35afc973633aaeb6b877ff57b2793310,1
167,42a2c92a0979a949ca4ea89ec5c7b934,3
167,4fcb3d9a5f4871e8362dfedbdb02b064,2
167,601a360bd2a916ecef0e88de72a6531a,1
167,72172e982e8b92155069e4201c92c0bb,2
167,7c1bd920dbdf22470b68bde975dd3ccf,1
167,9545d45c37449ccbc376de3a04c66e71,2
167,99a4788cb24856965c36a24e339b6058,5
167,a35a9f46dcee0a67c8c7ad8493eb4135,1
167,aba86c093ccdbac75b09111d57e50004,1
167,b0961721fd839e9982420e807758a2a6,1
167,c6dd917a0be2a704582055949915ab32,2
167,cc971e0365873137b8bef2ebad633e6f,1
167,cec09725da5ed01471d9a505e7389d37,1
167,db5efde3ad0cc579b130d71c4b2db522,1
167,f1c7f353075ce59d8a6f3cf58f419c9c,1
167,f4f67ccaece962d013a4e1d7dc3a61f7,2
167,f71973c922ccaab05514a36a8bc741b8,1
167,f7a17d2c51d9df89a4f1711c4ac17f33,1
168,08574b074924071f4e201e151b152b4e,1
168,25f86162fee18735fffdb762dcb10d7c,1
168,2a2d22ae30e026f1893083c8405ca522,1
168,2b4609f8948be18874494203496bc318,1
168,386486367c1f9d4f587a8864ccb6902b,1
168,4fcb3d9a5f4871e8362dfedbdb02b064,1
168,5411e9269501a870cabf632f05655131,1
168,5f504b3a1c75b73d6151be81eb05bdc9,1
168,7c1bd920dbdf22470b68bde975dd3ccf,1
168,99a4788cb24856965c36a24e339b6058,1
168,b0961721fd839e9982420e807758a2a6,2
168,c6336fa91fbd87c359e44f5dca5a90ed,1
168,c6dd917a0be2a704582055949915ab32,2
169,06edb72f1e0c64b14c5b79353f7abea3,1
169,154e7e31ebfa092203795c972e5804a6,1
169,2136c70bbe723d338fab53da3c03e6dc,1
169,4fcb3d9a5f4871e8362dfedbdb02b064,1
169,601a360bd2a916ecef0e88de72a6531a,1
169,8c5876b1c7768217964f353bc7e64393,1
169,99a4788cb24856965c36a24e339b6058,2
169,c6336fa91fbd87c359e44f5dca5a90ed,2
169,d1c427060a0f73f6b889a5c7c61f2ac4,1
169,e0d64dcfaa3b6db5c54ca298ae101d05,2
169,f4f67ccaece962d013a4e1d7dc3a61f7,1
170,130482add9fd75ccb6c57ba007694a2d,1
170,22c5ddc22ea8cae84fc9917def682dc6,1
170,569ffd16f8032478cbeb9800f2e94ba0,2
170,601a360bd2a916ecef0e88de72a6531a,3
170,617186c3d97ea56c9c683a8a3974e8c1,1
170,72172e982e8b92155069e4201c92c0bb,1
170,7c1bd920dbdf22470b68bde975dd3ccf,1
170,880be32f4db1d9f6e2bec38fb6ac23ab,1
170,8c5876b1c7768217964f353bc7e64393,1
170,99a4788cb24856965c36a24e339b6058,1
170,d1c427060a0f73f6b889a5c7c61f2ac4,1
170,f1c7f353075ce59d8a6f3cf58f419c9c,1
170,f264c1d9b20b5e4a340254d0405e613b,1
170,f71f42e2381752836563b70beb542f80,1
170,f7a17d2c51d9df89a4f1711c4ac17f33,1
171,2136c70bbe723d338fab53da3c03e6dc,1
171,29427de7f8a9ee983d9dbc51cec569b4,2
171,35afc973633aaeb6b877ff57b2793310,1
171,44a34214a57dc373dcd80f54c919d006,2
171,461f43be3bdf8844e65b62d9ac2c7a5a,1
171,62d8daeee0db3a60c234c2d1bfd10651,2
171,656e0eca68dcecf6a31b8ececfabe3e8,1
171,72172e982e8b92155069e4201c92c0bb,1
171,7fb04722aba7a2b632bac8f9819796f3,1
171,8c591ab0ca519558779df02023177f44,1
171,99a4788cb24856965c36a24e339b6058,4
171,c6336fa91fbd87c359e44f5dca5a90ed,3
171,f1c7f353075ce59d8a6f3cf58f419c9c,1
171,f71973c922ccaab05514a36a8bc741b8,1
172,06c6e01186af8b98ee1fc9e01f9471e9,1
172,08574b074924071f4e201e151b152b4e,1
172,11875b30b49585209e608f40e8082e65,1
172,130482add9fd75ccb6c57ba007694a2d,1
172,2028bf1b01cafb2d2b1901fca4083222,1
172,29427de7f8a9ee983d9dbc51cec569b4,1
172,473795a355d29305c3ea6b156833adf5,2
172,656e0eca68dcecf6a31b8ececfabe3e8,2
172,75d6b6963340c6063f7f4cfcccfe6a30,1
172,b5e13c9a353102f79c6206ff5cb61a50,1
172,c857b96593773e940454e76efa8eabb3,2
172,d2f5484cbffe4ca766301b21ab9246dd,1
172,f1c7f353075ce59d8a6f3cf58f419c9c,1
173,11fd9d7ba552e1d28872e008acf1e050,1
173,154e7e31ebfa092203795c972e5804a6,1
173,2136c70bbe723d338fab53da3c03e6dc,2
173,29427de7f8a9ee983d9dbc51cec569b4,1
173,2a2d22ae30e026f1893083c8405ca522,1
173,2a5806f10d0f00e5ad032dd2e3c8806e,1
173,2b4609f8948be18874494203496bc318,1
173,473795a355d29305c3ea6b156833adf5,1
173,5411e9269501a870cabf632f05655131,1
173,5f504b3a1c75b73d6151be81eb05bdc9,1
173,601a360bd2a916ecef0e88de72a6531a,1
173,617186c3d97ea56c9c683a8a3974e8c1,1
173,72172e982e8b92155069e4201c92c0bb,1
173,777d2e438a1b645f3aec9bd57e92672c,1
173,a92930c327948861c015c919a0bcb4a8,1
173,aba86c093ccdbac75b09111d57e50004,1
173,d5991653e037ccb7af6ed7d94246b249,2
173,f1c7f353075ce59d8a6f3cf58f419c9c,2
173,f4f67ccaece962d013a4e1d7dc3a61f7,1
173,f7a17d2c51d9df89a4f1711c4ac17f33,2
174,06c6e01186af8b98ee1fc9e01f9471e9,1
174,08574b074924071f4e201e151b152b4e,2
174,11fd9d7ba552e1d28872e008acf1e050,2
174,130482add9fd75ccb6c57ba007694a2d,3
174,154e7e31ebfa092203795c972e5804a6,2
174,2b4609f8948be18874494203496bc318,2
174,4520766ec412348b8d4caa5e8a18c464,1
174,5f504b3a1c75b73d6151be81eb05bdc9,1
174,601a360bd2a916ecef0e88de72a6531a,1
174,7c1bd920dbdf22470b68bde975dd3ccf,2
174,99a4788cb24856965c36a24e339b6058,3
174,aba86c093ccdbac75b09111d57e50004,1
174,af51d485dc5255ba2e18b21b550156e6,1
174,c6336fa91fbd87c359e44f5dca5a90ed,2
174,c6dd917a0be2a704582055949915ab32,2
174,cec09725da5ed01471d9a505e7389d37,1
174,d3c044bd42d84a79e3b0c42662806a48,1
174,e251ebd2858be1aa7d9b2087a6992580,3
174,f1c7f353075ce59d8a6f3cf58f419c9c,1
174,f71973c922ccaab05514a36a8bc741b8,1
174,f7a17d2c51d9df89a4f1711c4ac17f33,1
175,11fd9d7ba552e1d28872e008acf1e050,1
175,154e7e31ebfa092203795c972e5804a6,2
175,29427de7f8a9ee983d9dbc51cec569b4,1
175,2a5806f10d0f00e5ad032dd2e3c8806e,1
175,386486367c1f9d4f587a8864ccb6902b,1
175,4520766ec412348b8d4caa5e8a18c464,1
175,53759a2ecddad2bb87a079a1f1519f73,1
175,5411e9269501a870cabf632f05655131,1
175,5f504b3a1c75b73d6151be81eb05bdc9,1
175,62d8daeee0db3a60c234c2d1bfd10651,2
175,880be32f4db1d9f6e2bec38fb6ac23ab,3
175,99a4788cb24856965c36a24e339b6058,5
175,aba86c093ccdbac75b09111d57e50004,1
175,c6dd917a0be2a704582055949915ab32,1
175,cc971e0365873137b8bef2ebad633e6f,1
175,cec09725da5ed01471d9a505e7389d37,2
175,d1c427060a0f73f6b889a5c7c61f2ac4,1
175,d2f5484cbffe4ca766301b21ab9246dd,1
175,f1c7f353075ce59d8a6f3cf58f419c9c,1
175,f71f42e2381752836563b70beb542f80,1
175,f7a17d2c51d9df89a4f1711c4ac17f33,1
176,11875b30b49585209e608f40e8082e65,1
176,154e7e31ebfa092203795c972e5804a6,1
176,2028bf1b01cafb2d2b1901fca4083222,1
176,29427de7f8a9ee983d9dbc51cec569b4,1
176,601a360bd2a916ecef0e88de72a6531a,1
176,617186c3d97ea56c9c683a8a3974e8c1,1
176,8aa6223e400af9c97b07c75993142721,1
176,9545d45c37449ccbc376de3a04c66e71,1
176,99a4788cb24856965c36a24e339b6058,2
176,a50acd33ba7a8da8e9db65094fa990a4,1
176,b114bf337c0626166abe574eee9e3f32,1
176,c6336fa91fbd87c359e44f5dca5a90ed,1
176,f1c7f353075ce59d8a6f3cf58f419c9c,2
176,f264c1d9b20b5e4a340254d0405e613b,1
176,f7a17d2c51d9df89a4f1711c4ac17f33,1
177,18b0e642cbae7251e60a64aa07dd9eb9,1
177,2a5806f10d0f00e5ad032dd2e3c8806e,1
177,35afc973633aaeb6b877ff57b2793310,3
177,601a360bd2a916ecef0e88de72a6531a,1
177,99a4788cb24856965c36a24e339b6058,3
177,bbaef2eadf31fe3ea6702077398be06c,1
177,c6336fa91fbd87c359e44f5dca5a90ed,1
177,c6dd917a0be2a704582055949915ab32,1
177,c7fd13b5e515bffdab855d0812842edb,2
177,cec09725da5ed01471d9a505e7389d37,3
178,06edb72f1e0c64b14c5b79353f7abea3,1
178,08574b074924071f4e201e151b152b4e,2
178,0aabfb375647d9738ad0f7b4ea3653b1,1
178,154e7e31ebfa092203795c972e5804a6,1
178,29427de7f8a9ee983d9dbc51cec569b4,1
178,2a2d22ae30e026f1893083c8405ca522,1
178,2b4609f8948be18874494203496bc318,1
178,35afc973633aaeb6b877ff57b2793310,1
178,5a6e53c3b4e8684b13388d6aa4afdf12,1
178,601a360bd2a916ecef0e88de72a6531a,1
178,72172e982e8b92155069e4201c92c0bb,1
178,99a4788cb24856965c36a24e339b6058,2
178,a50acd33ba7a8da8e9db65094fa990a4,1
178,c6336fa91fbd87c359e44f5dca5a90ed,2
178,d017a2151d543a9885604dc62a3d9dcc,1
178,d3c044bd42d84a79e3b0c42662806a48,1
178,f1c7f353075ce59d8a6f3cf58f419c9c,1
178,f264c1d9b20b5e4a340254d0405e613b,1
178,f4f67ccaece962d013a4e1d7dc3a61f7,1
178,f71973c922ccaab05514a36a8bc741b8,3
179,06c6e01186af8b98ee1fc9e01f9471e9,1
179,130482add9fd75ccb6c57ba007694a2d,1
179,2136c70bbe723d338fab53da3c03e6dc,2
179,5d66715cc928aadd0074f61332698593,1
179,601a360bd2a916ecef0e88de72a6531a,1
179,617186c3d97ea56c9c683a8a3974e8c1,1
179,62d8daeee0db3a60c234c2d1bfd10651,1
179,656e0eca68dcecf6a31b8ececfabe3e8,2
179,7c1bd920dbdf22470b68bde975dd3ccf,1
179,880be32f4db1d9f6e2bec38fb6ac23ab,1
179,9545d45c37449ccbc376de3a04c66e71,1
179,99a4788cb24856965c36a24e339b6058,2
179,aba86c093ccdbac75b09111d57e50004,1
179,b623b7cb05ee3248fbe4a6ecbeed79a4,1
179,c6336fa91fbd87c359e44f5dca5a90ed,2
179,f1c7f353075ce59d8a6f3cf58f419c9c,4
179,f264c1d9b20b5e4a340254d0405e613b,1
179,f7a17d2c51d9df89a4f1711c4ac17f33,1
180,0aabfb375647d9738ad0f7b4ea3653b1,2
180,11875b30b49585209e608f40e8082e65,2
180,2a2d22ae30e026f1893083c8405ca522,1
180,35afc973633aaeb6b877ff57b2793310,2
180,386486367c1f9d4f587a8864ccb6902b,1
180,569ffd16f8032478cbeb9800f2e94ba0,1
180,601a360bd2a916ecef0e88de72a6531a,1
180,99a4788cb24856965c36a24e339b6058,2
180,aa280035c50ba62c746480a59045eec4,1
180,c6336fa91fbd87c359e44f5dca5a90ed,1
180,c6dd917a0be2a704582055949915ab32,2
180,d3c044bd42d84a79e3b0c42662806a48,6
180,e251ebd2858be1aa7d9b2087a6992580,1
180,f1c7f353075ce59d8a6f3cf58f419c9c,3
180,f264c1d9b20b5e4a340254d0405e613b,1
180,f71f42e2381752836563b70beb542f80,1
181,2028bf1b01cafb2d2b1901fca4083222,1
181,2a2d22ae30e026f1893083c8405ca522,1
181,35afc973633aaeb6b877ff57b2793310,1
181,5a6e53c3b4e8684b13388d6aa4afdf12,1
181,7c1bd920dbdf22470b68bde975dd3ccf,1
181,880be32f4db1d9f6e2bec38fb6ac23ab,1
181,99a4788cb24856965c36a24e339b6058,4
181,aa280035c50ba62c746480a59045eec4,1
181,af51d485dc5255ba2e18b21b550156e6,1
181,bbaef2eadf31fe3ea6702077398be06c,1
181,d3c044bd42d84a79e3b0c42662806a48,2
181,f1c7f353075ce59d8a6f3cf58f419c9c,4
181,f71f42e2381752836563b70beb542f80,1
181,f7a17d2c51d9df89a4f1711c4ac17f33,1
182,154e7e31ebfa092203795c972e5804a6,1
182,22c5ddc22ea8cae84fc9917def682dc6,1
182,2b4609f8948be18874494203496bc318,3
182,35afc973633aaeb6b877ff57b2793310,3
182,461f43be3bdf8844e65b62d9ac2c7a5a,2
182,53b36df67ebb7c41585e8d54d6772e08,1
182,5f504b3a1c75b73d6151be81eb05bdc9,1
182,617186c3d97ea56c9c683a8a3974e8c1,1
182,656e0eca68dcecf6a31b8ececfabe3e8,2
182,72172e982e8b92155069e4201c92c0bb,2
182,7c1bd920dbdf22470b68bde975dd3ccf,1
182,99a4788cb24856965c36a24e339b6058,4
182,af51d485dc5255ba2e18b21b550156e6,1
182,b623b7cb05ee3248fbe4a6ecbeed79a4,1
182,bbaef2eadf31fe3ea6702077398be06c,1
182,c6336fa91fbd87c359e44f5dca5a90ed,2
182,c6dd917a0be2a704582055949915ab32,1
182,d017a2151d543a9885604dc62a3d9dcc,1
182,e0d64dcfaa3b6db5c54ca298ae101d05,2
182,f1c7f353075ce59d8a6f3cf58f419c9c,2
183,08574b074924071f4e201e151b152b4e,2
183,130482add9fd75ccb6c57ba007694a2d,1
183,154e7e31ebfa092203795c972e5804a6,2
183,2028bf1b01cafb2d2b1901fca4083222,1
183,25f86162fee18735fffdb762dcb10d7c,1
183,35afc973633aaeb6b877ff57b2793310,1
183,386486367c1f9d4f587a8864ccb6902b,1
183,4520766ec412348b8d4caa5e8a18c464,1
183,8317b177579dd27ff068b83205e2169b,1
183,99a4788cb24856965c36a24e339b6058,2
183,a50acd33ba7a8da8e9db65094fa990a4,1
183,aba86c093ccdbac75b09111d57e50004,2
183,bbaef2eadf31fe3ea6702077398be06c,1
183,d3c044bd42d84a79e3b0c42662806a48,1
183,db5efde3ad0cc579b130d71c4b2db522,1
183,e0d64dcfaa3b6db5c54ca298ae101d05,2
183,e251ebd2858be1aa7d9b2087a6992580,1
183,ea44caac707f7f1325182a538007f838,1
183,f1c7f353075ce59d8a6f3cf58f419c9c,2
183,f264c1d9b20b5e4a340254d0405e613b,1
183,f71973c922ccaab05514a36a8bc741b8,1
183,f7a17d2c51d9df89a4f1711c4ac17f33,2
184,11fd9d7ba552e1d28872e008acf1e050,1
184,22c5ddc22ea8cae84fc9917def682dc6,1
184,2b4609f8948be18874494203496bc318,1
184,4520766ec412348b8d4caa5e8a18c464,2
184,6f3b5b605d91b7439c5e3f5a8dffeea7,1
184,8317b177579dd27ff068b83205e2169b,1
184,9545d45c37449ccbc376de3a04c66e71,1
184,99a4788cb24856965c36a24e339b6058,3
184,b623b7cb05ee3248fbe4a6ecbeed79a4,1
184,d63c1011f49d98b976c352955b1c4bea,2
184,f1c7f353075ce59d8a6f3cf58f419c9c,1
184,f264c1d9b20b5e4a340254d0405e613b,2
184,f35927953ed82e19d06ad3aac2f06353,1
185,130482add9fd75ccb6c57ba007694a2d,1
185,154e7e31ebfa092203795c972e5804a6,3
185,2028bf1b01cafb2d2b1901fca4083222,1
185,2136c70bbe723d338fab53da3c03e6dc,2
185,25f86162fee18735fffdb762dcb10d7c,1
185,2a2d22ae30e026f1893083c8405ca522,1
185,386486367c1f9d4f587a8864ccb6902b,1
185,5411e9269501a870cabf632f05655131,1
185,601a360bd2a916ecef0e88de72a6531a,2
185,62d8daeee0db3a60c234c2d1bfd10651,1
185,75d6b6963340c6063f7f4cfcccfe6a30,3
185,7c1bd920dbdf22470b68bde975dd3ccf,2
185,8c591ab0ca519558779df02023177f44,1
185,99a4788cb24856965c36a24e339b6058,3
185,a35a9f46dcee0a67c8c7ad8493eb4135,2
185,b0961721fd839e9982420e807758a2a6,1
185,b5e13c9a353102f79c6206ff5cb61a50,1
185,c6dd917a0be2a704582055949915ab32,2
185,c857b96593773e940454e76efa8eabb3,1
185,d696750e550fd0f733979dd7e5dff921,2
185,e59dd207c69d86e890febadc796d1078,1
185,ea44caac707f7f1325182a538007f838,1
185,f1c7f353075ce59d8a6f3cf58f419c9c,6
186,0aabfb375647d9738ad0f7b4ea3653b1,1
186,11875b30b49585209e608f40e8082e65,1
186,11fd9d7ba552e1d28872e008acf1e050,1
186,2136c70bbe723d338fab53da3c03e6dc,1
186,29427de7f8a9ee983d9dbc51cec569b4,3
186,2a2d22ae30e026f1893083c8405ca522,1
186,35afc973633aaeb6b877ff57b2793310,1
186,368c6c730842d78016ad823897a372db,3
186,386486367c1f9d4f587a8864ccb6902b,1
186,389d119b48cf3043d311335e499d9c6b,6
186,422879e10f46682990de24d770e7f83d,3
186,4fcb3d9a5f4871e8362dfedbdb02b064,1
186,53759a2ecddad2bb87a079a1f1519f73,7
186,656e0eca68dcecf6a31b8ececfabe3e8,1
186,6f3b5b605d91b7439c5e3f5a8dffeea7,1
186,7c1bd920dbdf22470b68bde975dd3ccf,1
186,99a4788cb24856965c36a24e339b6058,1
186,b0961721fd839e9982420e807758a2a6,4
186,b623b7cb05ee3248fbe4a6ecbeed79a4,1
186,bbaef2eadf31fe3ea6702077398be06c,2
186,c857b96593773e940454e76efa8eabb3,2
186,d017a2151d543a9885604dc62a3d9dcc,1
186,d1c427060a0f73f6b889a5c7c61f2ac4,1
186,d3c044bd42d84a79e3b0c42662806a48,1
186,e0d64dcfaa3b6db5c54ca298ae101d05,3
186,ea44caac707f7f1325182a538007f838,1
186,f1c7f353075ce59d8a6f3cf58f419c9c,5
186,f7a17d2c51d9df89a4f1711c4ac17f33,1
187,11875b30b49585209e608f40e8082e65,1
187,154e7e31ebfa092203795c972e5804a6,5
187,2a2d22ae30e026f1893083c8405ca522,6
187,2b4609f8948be18874494203496bc318,1
187,368c6c730842d78016ad823897a372db,5
187,386486367c1f9d4f587a8864ccb6902b,1
187,389d119b48cf3043d311335e499d9c6b,3
187,422879e10f46682990de24d770e7f83d,3
187,53759a2ecddad2bb87a079a1f1519f73,4
187,5411e9269501a870cabf632f05655131,1
187,569ffd16f8032478cbeb9800f2e94ba0,1
187,601a360bd2a916ecef0e88de72a6531a,1
187,7c1bd920dbdf22470b68bde975dd3ccf,1
187,880be32f4db1d9f6e2bec38fb6ac23ab,2
187,b0961721fd839e9982420e807758a2a6,3
187,c6336fa91fbd87c359e44f5dca5a90ed,1
187,e251ebd2858be1aa7d9b2087a6992580,1
187,f1c7f353075ce59d8a6f3cf58f419c9c,2
187,f7a17d2c51d9df89a4f1711c4ac17f33,1
188,06edb72f1e0c64b14c5b79353f7abea3,1
188,0aabfb375647d9738ad0f7b4ea3653b1,1
188,154e7e31ebfa092203795c972e5804a6,2
188,25f86162fee18735fffdb762dcb10d7c,1
188,2a2d22ae30e026f1893083c8405ca522,1
188,2b4609f8948be18874494203496bc318,2
188,35afc973633aaeb6b877ff57b2793310,2
188,368c6c730842d78016ad823897a372db,3
188,389d119b48cf3043d311335e499d9c6b,2
188,422879e10f46682990de24d770e7f83d,2
188,4298b7e67dc399c200662b569563a2b2,1
188,42a2c92a0979a949ca4ea89ec5c7b934,1
188,5a6e53c3b4e8684b13388d6aa4afdf12,1
188,75d6b6963340c6063f7f4cfcccfe6a30,1
188,7c1bd920dbdf22470b68bde975dd3ccf,1
188,7fb04722aba7a2b632bac8f9819796f3,1
188,880be32f4db1d9f6e2bec38fb6ac23ab,1
188,99a4788cb24856965c36a24e339b6058,4
188,aa280035c50ba62c746480a59045eec4,1
188,b114bf337c0626166abe574eee9e3f32,1
188,c4baedd846ed09b85f78a781b522f126,1
188,e9a69340883a438c3f91739d14d3a56d,1
188,f1c7f353075ce59d8a6f3cf58f419c9c,5
188,f7a17d2c51d9df89a4f1711c4ac17f33,1
189,0bcc3eeca39e1064258aa1e932269894,2
189,11875b30b49585209e608f40e8082e65,1
189,25f86162fee18735fffdb762dcb10d7c,1
189,29427de7f8a9ee983d9dbc51cec569b4,1
189,35afc973633aaeb6b877ff57b2793310,1
189,389d119b48cf3043d311335e499d9c6b,2
189,422879e10f46682990de24d770e7f83d,4
189,43423cdffde7fda63d0414ed38c11a73,1
189,53759a2ecddad2bb87a079a1f1519f73,1
189,53b36df67ebb7c41585e8d54d6772e08,2
189,601a360bd2a916ecef0e88de72a6531a,1
189,75d6b6963340c6063f7f4cfcccfe6a30,1
189,99a4788cb24856965c36a24e339b6058,1
189,b0961721fd839e9982420e807758a2a6,2
189,b623b7cb05ee3248fbe4a6ecbeed79a4,1
189,c6336fa91fbd87c359e44f5dca5a90ed,1
189,c6dd917a0be2a704582055949915ab32,1
189,d63c1011f49d98b976c352955b1c4bea,1
189,f1c7f353075ce59d8a6f3cf58f419c9c,1
189,f264c1d9b20b5e4a340254d0405e613b,1
189,f4f67ccaece962d013a4e1d7dc3a61f7,1
189,f71f42e2381752836563b70beb542f80,1
190,22c5ddc22ea8cae84fc9917def682dc6,1
190,29427de7f8a9ee983d9dbc51cec569b4,1
190,2a2d22ae30e026f1893083c8405ca522,1
190,363218ba55c610b750224f90bdd34be1,1
190,422879e10f46682990de24d770e7f83d,1
190,4ae634441e444ca4bc85903cafe98d73,2
190,6cdd53843498f92890544667809f1595,1
190,72172e982e8b92155069e4201c92c0bb,1
190,7fab1a1472fdd934397068931f63f3ca,1
190,b5e13c9a353102f79c6206ff5cb61a50,1
190,e9a69340883a438c3f91739d14d3a56d,1
190,f1c7f353075ce59d8a6f3cf58f419c9c,3
191,06edb72f1e0c64b14c5b79353f7abea3,1
191,0aabfb375647d9738ad0f7b4ea3653b1,1
191,2028bf1b01cafb2d2b1901fca4083222,1
191,2a2d22ae30e026f1893083c8405ca522,2
191,461f43be3bdf8844e65b62d9ac2c7a5a,1
191,5f504b3a1c75b73d6151be81eb05bdc9,1
191,6c3effec7c8ddba466d4f03f982c7aa3,1
191,7c1bd920dbdf22470b68bde975dd3ccf,1
191,99a4788cb24856965c36a24e339b6058,2
191,b0961721fd839e9982420e807758a2a6,1
191,b532349fe46b38fbc7bb3914c1bdae07,1
191,c857b96593773e940454e76efa8eabb3,1
191,d017a2151d543a9885604dc62a3d9dcc,1
191,d3c044bd42d84a79e3b0c42662806a48,1
192,0aabfb375647d9738ad0f7b4ea3653b1,1
192,0bcc3eeca39e1064258aa1e932269894,2
192,11875b30b49585209e608f40e8082e65,3
192,11fd9d7ba552e1d28872e008acf1e050,2
192,154e7e31ebfa092203795c972e5804a6,1
192,165f86fe8b799a708a20ee4ba125c289,1
192,2b4609f8948be18874494203496bc318,1
192,363218ba55c610b750224f90bdd34be1,1
192,53b36df67ebb7c41585e8d54d6772e08,2
192,5d66715cc928aadd0074f61332698593,1
192,617186c3d97ea56c9c683a8a3974e8c1,1
192,656e0eca68dcecf6a31b8ececfabe3e8,1
192,72172e982e8b92155069e4201c92c0bb,2
192,777d2e438a1b645f3aec9bd57e92672c,1
192,7fb04722aba7a2b632bac8f9819796f3,1
192,d017a2151d543a9885604dc62a3d9dcc,1
192,d696750e550fd0f733979dd7e5dff921,1
192,f1c7f353075ce59d8a6f3cf58f419c9c,4
192,f71f42e2381752836563b70beb542f80,2
193,0aabfb375647d9738ad0f7b4ea3653b1,1
193,11875b30b49585209e608f40e8082e65,3
193,154e7e31ebfa092203795c972e5804a6,2
193,2136c70bbe723d338fab53da3c03e6dc,1
193,2a2d22ae30e026f1893083c8405ca522,1
193,4298b7e67dc399c200662b569563a2b2,2
193,4520766ec412348b8d4caa5e8a18c464,1
193,461f43be3bdf8844e65b62d9ac2c7a5a,2
193,53759a2ecddad2bb87a079a1f1519f73,1
193,53b36df67ebb7c41585e8d54d6772e08,1
193,5411e9269501a870cabf632f05655131,1
193,569ffd16f8032478cbeb9800f2e94ba0,1
193,601a360bd2a916ecef0e88de72a6531a,1
193,7c1bd920dbdf22470b68bde975dd3ccf,1
193,7fab1a1472fdd934397068931f63f3ca,1
193,7fb04722aba7a2b632bac8f9819796f3,1
193,880be32f4db1d9f6e2bec38fb6ac23ab,1
193,88dd63919fc9ab693803578a04a20209,3
193,99a4788cb24856965c36a24e339b6058,2
193,a02d0123079f4ae96001ba2010d1a2df,1
193,aca2eb7d00ea1a7b8ebd4e68314663af,1
193,c857b96593773e940454e76efa8eabb3,1
193,d017a2151d543a9885604dc62a3d9dcc,3
193,d3c044bd42d84a79e3b0c42662806a48,2
193,e251ebd2858be1aa7d9b2087a6992580,1
193,f1c7f353075ce59d8a6f3cf58f419c9c,3
193,f7a17d2c51d9df89a4f1711c4ac17f33,1
194,06edb72f1e0c64b14c5b79353f7abea3,1
194,0aabfb375647d9738ad0f7b4ea3653b1,2
194,130482add9fd75ccb6c57ba007694a2d,1
194,154e7e31ebfa092203795c972e5804a6,3
194,2b4609f8948be18874494203496bc318,1
194,368c6c730842d78016ad823897a372db,2
194,389d119b48cf3043d311335e499d9c6b,1
194,4520766ec412348b8d4caa5e8a18c464,1
194,4ae634441e444ca4bc85903cafe98d73,1
194,62d8daeee0db3a60c234c2d1bfd10651,2
194,7fab1a1472fdd934397068931f63f3ca,1
194,88dd63919fc9ab693803578a04a20209,5
194,a9516a079e37a9c9c36b9b78b10169e8,2
194,aa280035c50ba62c746480a59045eec4,1
194,c6336fa91fbd87c359e44f5dca5a90ed,2
194,d1c427060a0f73f6b889a5c7c61f2ac4,2
194,f7a17d2c51d9df89a4f1711c4ac17f33,2
195,08574b074924071f4e201e151b152b4e,1
195,130482add9fd75ccb6c57ba007694a2d,1
195,29427de7f8a9ee983d9dbc51cec569b4,1
195,2a2d22ae30e026f1893083c8405ca522,1
195,35afc973633aaeb6b877ff57b2793310,2
195,4520766ec412348b8d4caa5e8a18c464,1
195,53759a2ecddad2bb87a079a1f1519f73,1
195,53b36df67ebb7c41585e8d54d6772e08,1
195,88dd63919fc9ab693803578a04a20209,2
195,9545d45c37449ccbc376de3a04c66e71,1
195,99a4788cb24856965c36a24e339b6058,3
195,aba86c093ccdbac75b09111d57e50004,1
195,b0961721fd839e9982420e807758a2a6,1
195,c3ba4e8d3cb30049213b682e751e9d00,1
195,c857b96593773e940454e76efa8eabb3,2
195,e9a69340883a438c3f91739d14d3a56d,1
195,f1c7f353075ce59d8a6f3cf58f419c9c,1
195,f71f42e2381752836563b70beb542f80,1
196,08574b074924071f4e201e151b152b4e,2
196,2028bf1b01cafb2d2b1901fca4083222,1
196,2a2d22ae30e026f1893083c8405ca522,1
196,2b4609f8948be18874494203496bc318,1
196,35afc973633aaeb6b877ff57b2793310,1
196,389d119b48cf3043d311335e499d9c6b,1
196,42a2c92a0979a949ca4ea89ec5c7b934,1
196,53759a2ecddad2bb87a079a1f1519f73,1
196,777d2e438a1b645f3aec9bd57e92672c,1
196,7fab1a1472fdd934397068931f63f3ca,1
196,880be32f4db1d9f6e2bec38fb6ac23ab,1
196,88dd63919fc9ab693803578a04a20209,1
196,a19b6951c75da43aad691622dd2f6abe,2
196,aca2eb7d00ea1a7b8ebd4e68314663af,2
196,b0961721fd839e9982420e807758a2a6,1
196,c6336fa91fbd87c359e44f5dca5a90ed,1
196,cc971e0365873137b8bef2ebad633e6f,1
196,cec09725da5ed01471d9a505e7389d37,1
196,d017a2151d543a9885604dc62a3d9dcc,1
196,d3c044bd42d84a79e3b0c42662806a48,2
196,d63c1011f49d98b976c352955b1c4bea,1
196,f1c7f353075ce59d8a6f3cf58f419c9c,1
196,f7a17d2c51d9df89a4f1711c4ac17f33,2
197,06edb72f1e0c64b14c5b79353f7abea3,1
197,0aabfb375647d9738ad0f7b4ea3653b1,1
197,11fd9d7ba552e1d28872e008acf1e050,1
197,29427de7f8a9ee983d9dbc51cec569b4,1
197,53b36df67ebb7c41585e8d54d6772e08,1
197,64fb265487de2238627ce43fe8a67efc,1
197,7fb04722aba7a2b632bac8f9819796f3,1
197,8c5876b1c7768217964f353bc7e64393,1
197,99a4788cb24856965c36a24e339b6058,3
197,aca2eb7d00ea1a7b8ebd4e68314663af,2
197,bbaef2eadf31fe3ea6702077398be06c,2
197,c857b96593773e940454e76efa8eabb3,1
198,06c6e01186af8b98ee1fc9e01f9471e9,1
198,0aabfb375647d9738ad0f7b4ea3653b1,1
198,154e7e31ebfa092203795c972e5804a6,2
198,2a2d22ae30e026f1893083c8405ca522,2
198,422879e10f46682990de24d770e7f83d,1
198,4fcb3d9a5f4871e8362dfedbdb02b064,1
198,53759a2ecddad2bb87a079a1f1519f73,1
198,53b36df67ebb7c41585e8d54d6772e08,1
198,5f504b3a1c75b73d6151be81eb05bdc9,1
198,656e0eca68dcecf6a31b8ececfabe3e8,1
198,7fb04722aba7a2b632bac8f9819796f3,1
198,88dd63919fc9ab693803578a04a20209,1
198,99a4788cb24856965c36a24e339b6058,1
198,b0961721fd839e9982420e807758a2a6,2
198,c857b96593773e940454e76efa8eabb3,1
198,d017a2151d543a9885604dc62a3d9dcc,1
198,d2f5484cbffe4ca766301b21ab9246dd,1
198,d3c044bd42d84a79e3b0c42662806a48,1
198,d5991653e037ccb7af6ed7d94246b249,2
198,d696750e550fd0f733979dd7e5dff921,1
198,f1c7f353075ce59d8a6f3cf58f419c9c,1
199,0aabfb375647d9738ad0f7b4ea3653b1,1
199,11875b30b49585209e608f40e8082e65,1
199,22c5ddc22ea8cae84fc9917def682dc6,1
199,2b4609f8948be18874494203496bc318,3
199,389d119b48cf3043d311335e499d9c6b,4
199,4520766ec412348b8d4caa5e8a18c464,1
199,53759a2ecddad2bb87a079a1f1519f73,2
199,53b36df67ebb7c41585e8d54d6772e08,2
199,777d2e438a1b645f3aec9bd57e92672c,1
199,7c1bd920dbdf22470b68bde975dd3ccf,2
199,7fab1a1472fdd934397068931f63f3ca,1
199,880be32f4db1d9f6e2bec38fb6ac23ab,1
199,99a4788cb24856965c36a24e339b6058,1
199,aba86c093ccdbac75b09111d57e50004,1
199,c6336fa91fbd87c359e44f5dca5a90ed,1
199,c6dd917a0be2a704582055949915ab32,1
199,c857b96593773e940454e76efa8eabb3,2
199,d017a2151d543a9885604dc62a3d9dcc,2
199,d3c044bd42d84a79e3b0c42662806a48,2
199,d696750e550fd0f733979dd7e5dff921,1
199,e0d64dcfaa3b6db5c54ca298ae101d05,1
199,ea44caac707f7f1325182a538007f838,1
199,f1c7f353075ce59d8a6f3cf58f419c9c,1
199,f71973c922ccaab05514a36a8bc741b8,1
200,08574b074924071f4e201e151b152b4e,1
200,0aabfb375647d9738ad0f7b4ea3653b1,2
200,130482add9fd75ccb6c57ba007694a2d,1
200,154e7e31ebfa092203795c972e5804a6,3
200,2b4609f8948be18874494203496bc318,1
200,422879e10f46682990de24d770e7f83d,1
200,4413a608a42bd21bbf9d5abbd58c249a,1
200,53b36df67ebb7c41585e8d54d6772e08,1
200,5d66715cc928aadd0074f61332698593,1
200,6c3effec7c8ddba466d4f03f982c7aa3,1
200,6cdd53843498f92890544667809f1595,1
200,7c1bd920dbdf22470b68bde975dd3ccf,1
200,8c292ca193d326152e335d77176746f0,1
200,99a4788cb24856965c36a24e339b6058,1
200,aca2eb7d00ea1a7b8ebd4e68314663af,3
200,b0961721fd839e9982420e807758a2a6,2
200,b5e13c9a353102f79c6206ff5cb61a50,1
200,bbaef2eadf31fe3ea6702077398be06c,2
200,c6dd917a0be2a704582055949915ab32,1
200,c7fd13b5e515bffdab855d0812842edb,1
200,cc971e0365873137b8bef2ebad633e6f,1
200,d3c044bd42d84a79e3b0c42662806a48,3
200,e0d64dcfaa3b6db5c54ca298ae101d05,3
200,f1c7f353075ce59d8a6f3cf58f419c9c,3
200,f35927953ed82e19d06ad3aac2f06353,1
200,f71973c922ccaab05514a36a8bc741b8,1
201,29427de7f8a9ee983d9dbc51cec569b4,1
201,2b4609f8948be18874494203496bc318,1
201,35afc973633aaeb6b877ff57b2793310,1
201,4413a608a42bd21bbf9d5abbd58c249a,1
201,4520766ec412348b8d4caa5e8a18c464,1
201,53b36df67ebb7c41585e8d54d6772e08,1
201,601a360bd2a916ecef0e88de72a6531a,1
201,7c1bd920dbdf22470b68bde975dd3ccf,1
201,7fab1a1472fdd934397068931f63f3ca,1
201,99a4788cb24856965c36a24e339b6058,1
201,aba86c093ccdbac75b09111d57e50004,1
201,aca2eb7d00ea1a7b8ebd4e68314663af,1
201,b0961721fd839e9982420e807758a2a6,2
201,d696750e550fd0f733979dd7e5dff921,2
201,e0d64dcfaa3b6db5c54ca298ae101d05,1
201,f1c7f353075ce59d8a6f3cf58f419c9c,2
202,06c6e01186af8b98ee1fc9e01f9471e9,1
202,0bcc3eeca39e1064258aa1e932269894,1
202,11875b30b49585209e608f40e8082e65,1
202,363218ba55c610b750224f90bdd34be1,2
202,368c6c730842d78016ad823897a372db,3
202,389d119b48cf3043d311335e499d9c6b,1
202,422879e10f46682990de24d770e7f83d,1
202,461f43be3bdf8844e65b62d9ac2c7a5a,1
202,595fac2a385ac33a80bd5114aec74eb8,1
202,601a360bd2a916ecef0e88de72a6531a,1
202,656e0eca68dcecf6a31b8ececfabe3e8,1
202,75d6b6963340c6063f7f4cfcccfe6a30,1
202,7c1bd920dbdf22470b68bde975dd3ccf,1
202,88dd63919fc9ab693803578a04a20209,3
202,99a4788cb24856965c36a24e339b6058,1
202,aca2eb7d00ea1a7b8ebd4e68314663af,2
202,b0961721fd839e9982420e807758a2a6,2
202,c857b96593773e940454e76efa8eabb3,3
202,d5991653e037ccb7af6ed7d94246b249,3
202,d696750e550fd0f733979dd7e5dff921,1
202,e0d64dcfaa3b6db5c54ca298ae101d05,2
202,f1c7f353075ce59d8a6f3cf58f419c9c,2
202,f4f67ccaece962d013a4e1d7dc3a61f7,1
203,06c6e01186af8b98ee1fc9e01f9471e9,1
203,154e7e31ebfa092203795c972e5804a6,2
203,29427de7f8a9ee983d9dbc51cec569b4,1
203,35afc973633aaeb6b877ff57b2793310,1
203,422879e10f46682990de24d770e7f83d,1
203,4fcb3d9a5f4871e8362dfedbdb02b064,1
203,53759a2ecddad2bb87a079a1f1519f73,2
203,656e0eca68dcecf6a31b8ececfabe3e8,1
203,880be32f4db1d9f6e2bec38fb6ac23ab,1
203,88dd63919fc9ab693803578a04a20209,1
203,99a4788cb24856965c36a24e339b6058,3
203,a50acd33ba7a8da8e9db65094fa990a4,1
203,aca2eb7d00ea1a7b8ebd4e68314663af,2
203,af51d485dc5255ba2e18b21b550156e6,1
203,bbaef2eadf31fe3ea6702077398be06c,1
203,c6dd917a0be2a704582055949915ab32,1
203,c7fd13b5e515bffdab855d0812842edb,3
203,d285360f29ac7fd97640bf0baef03de0,1
203,ea44caac707f7f1325182a538007f838,1
204,11875b30b49585209e608f40e8082e65,1
204,2028bf1b01cafb2d2b1901fca4083222,1
204,22c5ddc22ea8cae84fc9917def682dc6,1
204,25f86162fee18735fffdb762dcb10d7c,1
204,368c6c730842d78016ad823897a372db,1
204,422879e10f46682990de24d770e7f83d,2
204,461f43be3bdf8844e65b62d9ac2c7a5a,1
204,777d2e438a1b645f3aec9bd57e92672c,1
204,88dd63919fc9ab693803578a04a20209,2
204,aca2eb7d00ea1a7b8ebd4e68314663af,1
204,b0961721fd839e9982420e807758a2a6,1
204,d1c427060a0f73f6b889a5c7c61f2ac4,1
204,d2f5484cbffe4ca766301b21ab9246dd,1
204,f71973c922ccaab05514a36a8bc741b8,1
204,f71f42e2381752836563b70beb542f80,1
204,f7a17d2c51d9df89a4f1711c4ac17f33,1
205,11fd9d7ba552e1d28872e008acf1e050,1
205,2136c70bbe723d338fab53da3c03e6dc,1
205,29427de7f8a9ee983d9dbc51cec569b4,1
205,2a2d22ae30e026f1893083c8405ca522,1
205,368c6c730842d78016ad823897a372db,2
205,422879e10f46682990de24d770e7f83d,1
205,4fcb3d9a5f4871e8362dfedbdb02b064,1
205,53759a2ecddad2bb87a079a1f1519f73,1
205,53b36df67ebb7c41585e8d54d6772e08,1
205,7a10781637204d8d10485c71a6108a2e,1
205,7c1bd920dbdf22470b68bde975dd3ccf,3
205,880be32f4db1d9f6e2bec38fb6ac23ab,1
205,99a4788cb24856965c36a24e339b6058,1
205,a02d0123079f4ae96001ba2010d1a2df,1
205,aca2eb7d00ea1a7b8ebd4e68314663af,4
205,b0961721fd839e9982420e807758a2a6,1
205,d1c427060a0f73f6b889a5c7c61f2ac4,2
205,d696750e550fd0f733979dd7e5dff921,1
205,e0d64dcfaa3b6db5c54ca298ae101d05,1
205,ea44caac707f7f1325182a538007f838,1
205,f1c7f353075ce59d8a6f3cf58f419c9c,1
206,154e7e31ebfa092203795c972e5804a6,1
206,2136c70bbe723d338fab53da3c03e6dc,1
206,35afc973633aaeb6b877ff57b2793310,1
206,368c6c730842d78016ad823897a372db,1
206,389d119b48cf3043d311335e499d9c6b,2
206,422879e10f46682990de24d770e7f83d,1
206,4520766ec412348b8d4caa5e8a18c464,1
206,4aa6014eceb682077f9dc4bffebc05b0,1
206,53759a2ecddad2bb87a079a1f1519f73,2
206,53b36df67ebb7c41585e8d54d6772e08,1
206,5f504b3a1c75b73d6151be81eb05bdc9,1
206,62d8daeee0db3a60c234c2d1bfd10651,2
206,6cdd53843498f92890544667809f1595,1
206,7c1bd920dbdf22470b68bde975dd3ccf,1
206,88dd63919fc9ab693803578a04a20209,3
206,b0961721fd839e9982420e807758a2a6,2
206,b532349fe46b38fbc7bb3914c1bdae07,3
206,c3ba4e8d3cb30049213b682e751e9d00,1
206,c857b96593773e940454e76efa8eabb3,2
206,d285360f29ac7fd97640bf0baef03de0,1
206,ee406bf28024d97771c4b1e8b7e8e219,1
206,f1c7f353075ce59d8a6f3cf58f419c9c,2
207,22c5ddc22ea8cae84fc9917def682dc6,1
207,2b4609f8948be18874494203496bc318,1
207,363218ba55c610b750224f90bdd34be1,1
207,368c6c730842d78016ad823897a372db,2
207,601a360bd2a916ecef0e88de72a6531a,1
207,617186c3d97ea56c9c683a8a3974e8c1,1
207,62d8daeee0db3a60c234c2d1bfd10651,1
207,75d6b6963340c6063f7f4cfcccfe6a30,2
207,764292b2b0f73f77a0272be03fdd45f3,1
207,7a10781637204d8d10485c71a6108a2e,1
207,7c1bd920dbdf22470b68bde975dd3ccf,1
207,88dd63919fc9ab693803578a04a20209,1
207,99a4788cb24856965c36a24e339b6058,6
207,af51d485dc5255ba2e18b21b550156e6,2
207,c6dd917a0be2a704582055949915ab32,1
207,c857b96593773e940454e76efa8eabb3,1
207,d5991653e037ccb7af6ed7d94246b249,1
207,d63c1011f49d98b976c352955b1c4bea,1
207,d696750e550fd0f733979dd7e5dff921,1
207,f1c7f353075ce59d8a6f3cf58f419c9c,7
207,f35927953ed82e19d06ad3aac2f06353,1
208,06c6e01186af8b98ee1fc9e01f9471e9,1
208,154e7e31ebfa092203795c972e5804a6,1
208,2028bf1b01cafb2d2b1901fca4083222,1
208,2b4609f8948be18874494203496bc318,1
208,389d119b48cf3043d311335e499d9c6b,2
208,461f43be3bdf8844e65b62d9ac2c7a5a,1
208,601a360bd2a916ecef0e88de72a6531a,1
208,7c1bd920dbdf22470b68bde975dd3ccf,1
208,88dd63919fc9ab693803578a04a20209,1
208,b5e13c9a353102f79c6206ff5cb61a50,1
208,c6dd917a0be2a704582055949915ab32,2
208,d017a2151d543a9885604dc62a3d9dcc,1
208,d3c044bd42d84a79e3b0c42662806a48,4
208,d63c1011f49d98b976c352955b1c4bea,1
208,e0d64dcfaa3b6db5c54ca298ae101d05,2
208,e251ebd2858be1aa7d9b2087a6992580,1
208,ea44caac707f7f1325182a538007f838,2
208,f1c7f353075ce59d8a6f3cf58f419c9c,3
208,f35927953ed82e19d06ad3aac2f06353,1
209,06c6e01186af8b98ee1fc9e01f9471e9,1
209,11875b30b49585209e608f40e8082e65,1
209,154e7e31ebfa092203795c972e5804a6,1
209,22c5ddc22ea8cae84fc9917def682dc6,1
209,363218ba55c610b750224f90bdd34be1,1
209,422879e10f46682990de24d770e7f83d,1
209,4520766ec412348b8d4caa5e8a18c464,1
209,53759a2ecddad2bb87a079a1f1519f73,3
209,53b36df67ebb7c41585e8d54d6772e08,1
209,5411e9269501a870cabf632f05655131,1
209,601a360bd2a916ecef0e88de72a6531a,1
209,7a10781637204d8d10485c71a6108a2e,1
209,7c1bd920dbdf22470b68bde975dd3ccf,1
209,7fb04722aba7a2b632bac8f9819796f3,1
209,880be32f4db1d9f6e2bec38fb6ac23ab,1
209,88dd63919fc9ab693803578a04a20209,1
209,9545d45c37449ccbc376de3a04c66e71,1
209,99a4788cb24856965c36a24e339b6058,1
209,a92930c327948861c015c919a0bcb4a8,1
209,d017a2151d543a9885604dc62a3d9dcc,1
209,d5991653e037ccb7af6ed7d94246b249,1
209,e0d64dcfaa3b6db5c54ca298ae101d05,1
209,f1c7f353075ce59d8a6f3cf58f419c9c,3
210,06edb72f1e0c64b14c5b79353f7abea3,2
210,154e7e31ebfa092203795c972e5804a6,1
210,2a2d22ae30e026f1893083c8405ca522,2
210,35afc973633aaeb6b877ff57b2793310,1
210,368c6c730842d78016ad823897a372db,1
210,422879e10f46682990de24d770e7f83d,7
210,5f504b3a1c75b73d6151be81eb05bdc9,1
210,601a360bd2a916ecef0e88de72a6531a,2
210,617186c3d97ea56c9c683a8a3974e8c1,1
210,88dd63919fc9ab693803578a04a20209,1
210,99a4788cb24856965c36a24e339b6058,5
210,b532349fe46b38fbc7bb3914c1bdae07,2
210,d017a2151d543a9885604dc62a3d9dcc,1
210,d1c427060a0f73f6b889a5c7c61f2ac4,1
210,d3c044bd42d84a79e3b0c42662806a48,3
210,ea44caac707f7f1325182a538007f838,1
210,f1c7f353075ce59d8a6f3cf58f419c9c,1
210,f35927953ed82e19d06ad3aac2f06353,1
210,f4f67ccaece962d013a4e1d7dc3a61f7,1
211,29427de7f8a9ee983d9dbc51cec569b4,1
211,2b4609f8948be18874494203496bc318,1
211,35afc973633aaeb6b877ff57b2793310,1
211,386486367c1f9d4f587a8864ccb6902b,2
211,5f504b3a1c75b73d6151be81eb05bdc9,1
211,777d2e438a1b645f3aec9bd57e92672c,2
211,7a10781637204d8d10485c71a6108a2e,1
211,7c1bd920dbdf22470b68bde975dd3ccf,1
211,7fab1a1472fdd934397068931f63f3ca,1
211,88dd63919fc9ab693803578a04a20209,2
211,9545d45c37449ccbc376de3a04c66e71,1
211,aa280035c50ba62c746480a59045eec4,1
211,bbaef2eadf31fe3ea6702077398be06c,1
211,ea44caac707f7f1325182a538007f838,1
211,f35927953ed82e19d06ad3aac2f06353,1
212,06c6e01186af8b98ee1fc9e01f9471e9,1
212,130482add9fd75ccb6c57ba007694a2d,1
212,154e7e31ebfa092203795c972e5804a6,1
212,4fcb3d9a5f4871e8362dfedbdb02b064,1
212,5f504b3a1c75b73d6151be81eb05bdc9,1
212,601a360bd2a916ecef0e88de72a6531a,1
212,777d2e438a1b645f3aec9bd57e92672c,1
212,7a10781637204d8d10485c71a6108a2e,1
212,7c1bd920dbdf22470b68bde975dd3ccf,2
212,99a4788cb24856965c36a24e339b6058,1
212,a92930c327948861c015c919a0bcb4a8,1
212,b0961721fd839e9982420e807758a2a6,1
212,d1c427060a0f73f6b889a5c7c61f2ac4,1
212,ee406bf28024d97771c4b1e8b7e8e219,1
213,06c6e01186af8b98ee1fc9e01f9471e9,1
213,08574b074924071f4e201e151b152b4e,3
213,0aabfb375647d9738ad0f7b4ea3653b1,2
213,154e7e31ebfa092203795c972e5804a6,2
213,2136c70bbe723d338fab53da3c03e6dc,2
213,2b4609f8948be18874494203496bc318,2
213,35afc973633aaeb6b877ff57b2793310,1
213,422879e10f46682990de24d770e7f83d,2
213,617186c3d97ea56c9c683a8a3974e8c1,1
213,6c3effec7c8ddba466d4f03f982c7aa3,2
213,75d6b6963340c6063f7f4cfcccfe6a30,1
213,a50acd33ba7a8da8e9db65094fa990a4,1
213,b5e13c9a353102f79c6206ff5cb61a50,1
213,bbaef2eadf31fe3ea6702077398be06c,1
213,c6336fa91fbd87c359e44f5dca5a90ed,1
213,c6dd917a0be2a704582055949915ab32,1
213,c857b96593773e940454e76efa8eabb3,1
213,d017a2151d543a9885604dc62a3d9dcc,2
213,ea44caac707f7f1325182a538007f838,1
213,f1c7f353075ce59d8a6f3cf58f419c9c,1
214,0aabfb375647d9738ad0f7b4ea3653b1,1
214,11875b30b49585209e608f40e8082e65,1
214,130482add9fd75ccb6c57ba007694a2d,1
214,154e7e31ebfa092203795c972e5804a6,2
214,165f86fe8b799a708a20ee4ba125c289,1
214,22c5ddc22ea8cae84fc9917def682dc6,1
214,368c6c730842d78016ad823897a372db,2
214,422879e10f46682990de24d770e7f83d,5
214,53759a2ecddad2bb87a079a1f1519f73,4
214,53b36df67ebb7c41585e8d54d6772e08,1
214,5f504b3a1c75b73d6151be81eb05bdc9,1
214,6c3effec7c8ddba466d4f03f982c7aa3,2
214,7e0dc102074f8285580c9777f79c90cf,1
214,7fb04722aba7a2b632bac8f9819796f3,1
214,88dd63919fc9ab693803578a04a20209,2
214,99a4788cb24856965c36a24e339b6058,1
214,a50acd33ba7a8da8e9db65094fa990a4,1
214,b0961721fd839e9982420e807758a2a6,1
214,c857b96593773e940454e76efa8eabb3,4
214,d017a2151d543a9885604dc62a3d9dcc,1
214,f1c7f353075ce59d8a6f3cf58f419c9c,6
214,f264c1d9b20b5e4a340254d0405e613b,1
215,0aabfb375647d9738ad0f7b4ea3653b1,1
215,0bcc3eeca39e1064258aa1e932269894,2
215,2136c70bbe723d338fab53da3c03e6dc,2
215,25f86162fee18735fffdb762dcb10d7c,1
215,2b4609f8948be18874494203496bc318,1
215,389d119b48cf3043d311335e499d9c6b,5
215,422879e10f46682990de24d770e7f83d,3
215,4c2394abfbac7ff59ec7a420918562fa,1
215,53759a2ecddad2bb87a079a1f1519f73,2
215,569ffd16f8032478cbeb9800f2e94ba0,2
215,601a360bd2a916ecef0e88de72a6531a,2
215,617186c3d97ea56c9c683a8a3974e8c1,1
215,7fab1a1472fdd934397068931f63f3ca,2
215,88dd63919fc9ab693803578a04a20209,4
215,99a4788cb24856965c36a24e339b6058,2
215,b0961721fd839e9982420e807758a2a6,1
215,c6dd917a0be2a704582055949915ab32,1
215,c857b96593773e940454e76efa8eabb3,1
215,f1c7f353075ce59d8a6f3cf58f419c9c,2
216,06edb72f1e0c64b14c5b79353f7abea3,1
216,0aabfb375647d9738ad0f7b4ea3653b1,1
216,0bcc3eeca39e1064258aa1e932269894,1
216,11875b30b49585209e608f40e8082e65,1
216,130482add9fd75ccb6c57ba007694a2d,1
216,154e7e31ebfa092203795c972e5804a6,1
216,29427de7f8a9ee983d9dbc51cec569b4,1
216,2a2d22ae30e026f1893083c8405ca522,1
216,389d119b48cf3043d311335e499d9c6b,1
216,422879e10f46682990de24d770e7f83d,1
216,4413a608a42bd21bbf9d5abbd58c249a,1
216,53759a2ecddad2bb87a079a1f1519f73,2
216,5d66715cc928aadd0074f61332698593,1
216,601a360bd2a916ecef0e88de72a6531a,1
216,72172e982e8b92155069e4201c92c0bb,1
216,777d2e438a1b645f3aec9bd57e92672c,1
216,7c1bd920dbdf22470b68bde975dd3ccf,1
216,7fb04722aba7a2b632bac8f9819796f3,1
216,880be32f4db1d9f6e2bec38fb6ac23ab,1
216,9545d45c37449ccbc376de3a04c66e71,1
216,b5e13c9a353102f79c6206ff5cb61a50,1
216,b623b7cb05ee3248fbe4a6ecbeed79a4,1
216,c6336fa91fbd87c359e44f5dca5a90ed,1
216,c6dd917a0be2a704582055949915ab32,1
216,d3c044bd42d84a79e3b0c42662806a48,1
216,db5efde3ad0cc579b130d71c4b2db522,1
216,ea44caac707f7f1325182a538007f838,1
216,f1c7f353075ce59d8a6f3cf58f419c9c,4
217,06edb72f1e0c64b14c5b79353f7abea3,1
217,0bcc3eeca39e1064258aa1e932269894,1
217,154e7e31ebfa092203795c972e5804a6,2
217,2136c70bbe723d338fab53da3c03e6dc,1
217,29427de7f8a9ee983d9dbc51cec569b4,1
217,2b4609f8948be18874494203496bc318,1
217,368c6c730842d78016ad823897a372db,1
217,389d119b48cf3043d311335e499d9c6b,1
217,422879e10f46682990de24d770e7f83d,2
217,4fcb3d9a5f4871e8362dfedbdb02b064,1
217,601a360bd2a916ecef0e88de72a6531a,2
217,7fab1a1472fdd934397068931f63f3ca,1
217,99a4788cb24856965c36a24e339b6058,2
217,b0961721fd839e9982420e807758a2a6,2
217,b5e13c9a353102f79c6206ff5cb61a50,2
217,bb50f2e236e5eea0100680137654686c,1
217,c857b96593773e940454e76efa8eabb3,1
217,d3c044bd42d84a79e3b0c42662806a48,2
217,d696750e550fd0f733979dd7e5dff921,1
217,f71973c922ccaab05514a36a8bc741b8,1
217,f7a17d2c51d9df89a4f1711c4ac17f33,2
217,fb55982be901439613a95940feefd9ee,1
218,06c6e01186af8b98ee1fc9e01f9471e9,2
218,154e7e31ebfa092203795c972e5804a6,3
218,389d119b48cf3043d311335e499d9c6b,2
218,422879e10f46682990de24d770e7f83d,1
218,4413a608a42bd21bbf9d5abbd58c249a,1
218,53759a2ecddad2bb87a079a1f1519f73,2
218,53b36df67ebb7c41585e8d54d6772e08,1
218,62d8daeee0db3a60c234c2d1bfd10651,1
218,75d6b6963340c6063f7f4cfcccfe6a30,1
218,88dd63919fc9ab693803578a04a20209,3
218,8aa6223e400af9c97b07c75993142721,1
218,99a4788cb24856965c36a24e339b6058,5
218,b0961721fd839e9982420e807758a2a6,1
218,c4baedd846ed09b85f78a781b522f126,1
218,c6336fa91fbd87c359e44f5dca5a90ed,1
218,c6dd917a0be2a704582055949915ab32,1
218,c857b96593773e940454e76efa8eabb3,1
218,d1c427060a0f73f6b889a5c7c61f2ac4,1
218,ea44caac707f7f1325182a538007f838,2
219,0aabfb375647d9738ad0f7b4ea3653b1,2
219,130482add9fd75ccb6c57ba007694a2d,1
219,2028bf1b01cafb2d2b1901fca4083222,1
219,25f86162fee18735fffdb762dcb10d7c,1
219,368c6c730842d78016ad823897a372db,1
219,389d119b48cf3043d311335e499d9c6b,2
219,617186c3d97ea56c9c683a8a3974e8c1,1
219,7fab1a1472fdd934397068931f63f3ca,1
219,99a4788cb24856965c36a24e339b6058,1
219,a19b6951c75da43aad691622dd2f6abe,3
219,bb50f2e236e5eea0100680137654686c,1
219,c6336fa91fbd87c359e44f5dca5a90ed,1
219,c857b96593773e940454e76efa8eabb3,1
219,d017a2151d543a9885604dc62a3d9dcc,1
219,f1c7f353075ce59d8a6f3cf58f419c9c,2
220,08574b074924071f4e201e151b152b4e,1
220,0aabfb375647d9738ad0f7b4ea3653b1,2
220,154e7e31ebfa092203795c972e5804a6,1
220,2b4609f8948be18874494203496bc318,2
220,363218ba55c610b750224f90bdd34be1,1
220,389d119b48cf3043d311335e499d9c6b,2
220,5d66715cc928aadd0074f61332698593,1
220,6a8631b72a2f8729b91514db87e771c0,2
220,6cdd53843498f92890544667809f1595,1
220,7a10781637204d8d10485c71a6108a2e,1
220,7c1bd920dbdf22470b68bde975dd3ccf,1
220,7fab1a1472fdd934397068931f63f3ca,1
220,88dd63919fc9ab693803578a04a20209,1
220,bbaef2eadf31fe3ea6702077398be06c,1
220,c6dd917a0be2a704582055949915ab32,1
220,c857b96593773e940454e76efa8eabb3,2
220,cec09725da5ed01471d9a505e7389d37,1
220,d5991653e037ccb7af6ed7d94246b249,1
220,f1c7f353075ce59d8a6f3cf58f419c9c,1
221,06c6e01186af8b98ee1fc9e01f9471e9,1
221,0aabfb375647d9738ad0f7b4ea3653b1,1
221,2028bf1b01cafb2d2b1901fca4083222,1
221,22c5ddc22ea8cae84fc9917def682dc6,1
221,2a5806f10d0f00e5ad032dd2e3c8806e,1
221,2b4609f8948be18874494203496bc318,1
221,2ffdf10e724b958c0f7ea69e97d32f64,1
221,35afc973633aaeb6b877ff57b2793310,1
221,4520766ec412348b8d4caa5e8a18c464,1
221,5f504b3a1c75b73d6151be81eb05bdc9,2
221,75d6b6963340c6063f7f4cfcccfe6a30,1
221,7a10781637204d8d10485c71a6108a2e,1
221,88dd63919fc9ab693803578a04a20209,1
221,bb50f2e236e5eea0100680137654686c,1
221,c6336fa91fbd87c359e44f5dca5a90ed,1
221,c6dd917a0be2a704582055949915ab32,1
221,c857b96593773e940454e76efa8eabb3,2
221,d2f5484cbffe4ca766301b21ab9246dd,1
221,f71973c922ccaab05514a36a8bc741b8,1
222,08574b074924071f4e201e151b152b4e,1
222,0aabfb375647d9738ad0f7b4ea3653b1,1
222,11875b30b49585209e608f40e8082e65,1
222,2136c70bbe723d338fab53da3c03e6dc,1
222,389d119b48cf3043d311335e499d9c6b,1
222,4520766ec412348b8d4caa5e8a18c464,1
222,601a360bd2a916ecef0e88de72a6531a,2
222,6c3effec7c8ddba466d4f03f982c7aa3,2
222,777d2e438a1b645f3aec9bd57e92672c,1
222,7fab1a1472fdd934397068931f63f3ca,1
222,99a4788cb24856965c36a24e339b6058,2
222,c6336fa91fbd87c359e44f5dca5a90ed,2
222,c6dd917a0be2a704582055949915ab32,1
222,d5991653e037ccb7af6ed7d94246b249,6
223,0aabfb375647d9738ad0f7b4ea3653b1,5
223,22c5ddc22ea8cae84fc9917def682dc6,1
223,29427de7f8a9ee983d9dbc51cec569b4,1
223,2b4609f8948be18874494203496bc318,2
223,35afc973633aaeb6b877ff57b2793310,1
223,53b36df67ebb7c41585e8d54d6772e08,1
223,6c3effec7c8ddba466d4f03f982c7aa3,2
223,6cdd53843498f92890544667809f1595,1
223,75d6b6963340c6063f7f4cfcccfe6a30,2
223,764292b2b0f73f77a0272be03fdd45f3,1
223,7c1bd920dbdf22470b68bde975dd3ccf,1
223,880be32f4db1d9f6e2bec38fb6ac23ab,1
223,88dd63919fc9ab693803578a04a20209,1
223,9545d45c37449ccbc376de3a04c66e71,1
223,99a4788cb24856965c36a24e339b6058,1
223,a92930c327948861c015c919a0bcb4a8,2
223,bb50f2e236e5eea0100680137654686c,2
223,cec09725da5ed01471d9a505e7389d37,1
223,ea44caac707f7f1325182a538007f838,1
223,ee406bf28024d97771c4b1e8b7e8e219,1
224,06c6e01186af8b98ee1fc9e01f9471e9,1
224,2136c70bbe723d338fab53da3c03e6dc,1
224,4c2394abfbac7ff59ec7a420918562fa,1
224,4fcb3d9a5f4871e8362dfedbdb02b064,1
224,53759a2ecddad2bb87a079a1f1519f73,1
224,5f504b3a1c75b73d6151be81eb05bdc9,1
224,601a360bd2a916ecef0e88de72a6531a,1
224,62d8daeee0db3a60c234c2d1bfd10651,1
224,64fb265487de2238627ce43fe8a67efc,1
224,6cdd53843498f92890544667809f1595,1
224,7c1bd920dbdf22470b68bde975dd3ccf,1
224,99a4788cb24856965c36a24e339b6058,1
224,e9a69340883a438c3f91739d14d3a56d,1
224,f1c7f353075ce59d8a6f3cf58f419c9c,4
224,f71973c922ccaab05514a36a8bc741b8,1
225,0aabfb375647d9738ad0f7b4ea3653b1,1
225,2a2d22ae30e026f1893083c8405ca522,1
225,368c6c730842d78016ad823897a372db,2
225,389d119b48cf3043d311335e499d9c6b,1
225,461f43be3bdf8844e65b62d9ac2c7a5a,1
225,62d8daeee0db3a60c234c2d1bfd10651,1
225,72172e982e8b92155069e4201c92c0bb,1
225,75d6b6963340c6063f7f4cfcccfe6a30,1
225,7a10781637204d8d10485c71a6108a2e,1
225,7c1bd920dbdf22470b68bde975dd3ccf,1
225,7fab1a1472fdd934397068931f63f3ca,1
225,7fb04722aba7a2b632bac8f9819796f3,1
225,88dd63919fc9ab693803578a04a20209,1
225,99a4788cb24856965c36a24e339b6058,1
225,c6336fa91fbd87c359e44f5dca5a90ed,2
225,d5991653e037ccb7af6ed7d94246b249,1
225,f1c7f353075ce59d8a6f3cf58f419c9c,2
225,f7a17d2c51d9df89a4f1711c4ac17f33,1
226,0aabfb375647d9738ad0f7b4ea3653b1,1
226,11875b30b49585209e608f40e8082e65,2
226,154e7e31ebfa092203795c972e5804a6,2
226,2136c70bbe723d338fab53da3c03e6dc,1
226,25f86162fee18735fffdb762dcb10d7c,1
226,2a2d22ae30e026f1893083c8405ca522,1
226,2b4609f8948be18874494203496bc318,1
226,363218ba55c610b750224f90bdd34be1,1
226,368c6c730842d78016ad823897a372db,2
226,389d119b48cf3043d311335e499d9c6b,1
226,53759a2ecddad2bb87a079a1f1519f73,1
226,5f504b3a1c75b73d6151be81eb05bdc9,2
226,62d8daeee0db3a60c234c2d1bfd10651,3
226,72172e982e8b92155069e4201c92c0bb,1
226,764292b2b0f73f77a0272be03fdd45f3,1
226,7c1bd920dbdf22470b68bde975dd3ccf,2
226,7fb04722aba7a2b632bac8f9819796f3,1
226,9545d45c37449ccbc376de3a04c66e71,1
226,a35a9f46dcee0a67c8c7ad8493eb4135,1
226,b0961721fd839e9982420e807758a2a6,1
226,b5e13c9a353102f79c6206ff5cb61a50,1
226,d1c427060a0f73f6b889a5c7c61f2ac4,1
226,eb8c629f70275fd1c4f809116cce1efc,3
226,f264c1d9b20b5e4a340254d0405e613b,1
227,08574b074924071f4e201e151b152b4e,1
227,0aabfb375647d9738ad0f7b4ea3653b1,1
227,0bcc3eeca39e1064258aa1e932269894,1
227,154e7e31ebfa092203795c972e5804a6,1
227,2028bf1b01cafb2d2b1901fca4083222,1
227,368c6c730842d78016ad823897a372db,2
227,422879e10f46682990de24d770e7f83d,6
227,4c2394abfbac7ff59ec7a420918562fa,1
227,53b36df67ebb7c41585e8d54d6772e08,2
227,5f504b3a1c75b73d6151be81eb05bdc9,1
227,62d8daeee0db3a60c234c2d1bfd10651,1
227,72172e982e8b92155069e4201c92c0bb,1
227,7fb04722aba7a2b632bac8f9819796f3,1
227,99a4788cb24856965c36a24e339b6058,1
227,af51d485dc5255ba2e18b21b550156e6,1
227,b0961721fd839e9982420e807758a2a6,1
227,b532349fe46b38fbc7bb3914c1bdae07,3
227,b5e13c9a353102f79c6206ff5cb61a50,1
227,c6336fa91fbd87c359e44f5dca5a90ed,1
227,c6dd917a0be2a704582055949915ab32,1
227,c857b96593773e940454e76efa8eabb3,1
227,f1c7f353075ce59d8a6f3cf58f419c9c,1
227,f264c1d9b20b5e4a340254d0405e613b,1
228,0aabfb375647d9738ad0f7b4ea3653b1,1
228,11875b30b49585209e608f40e8082e65,4
228,154e7e31ebfa092203795c972e5804a6,1
228,22c5ddc22ea8cae84fc9917def682dc6,1
228,25f86162fee18735fffdb762dcb10d7c,1
228,389d119b48cf3043d311335e499d9c6b,1
228,422879e10f46682990de24d770e7f83d,2
228,4520766ec412348b8d4caa5e8a18c464,1
228,53b36df67ebb7c41585e8d54d6772e08,1
228,5d66715cc928aadd0074f61332698593,1
228,6c3effec7c8ddba466d4f03f982c7aa3,1
228,75d6b6963340c6063f7f4cfcccfe6a30,1
228,7c1bd920dbdf22470b68bde975dd3ccf,1
228,9545d45c37449ccbc376de3a04c66e71,1
228,a02d0123079f4ae96001ba2010d1a2df,1
228,b0961721fd839e9982420e807758a2a6,1
228,cec09725da5ed01471d9a505e7389d37,1
228,ea44caac707f7f1325182a538007f838,1
228,f1c7f353075ce59d8a6f3cf58f419c9c,3
229,06c6e01186af8b98ee1fc9e01f9471e9,1
229,0aabfb375647d9738ad0f7b4ea3653b1,1
229,154e7e31ebfa092203795c972e5804a6,2
229,2028bf1b01cafb2d2b1901fca4083222,2
229,29427de7f8a9ee983d9dbc51cec569b4,1
229,2b4609f8948be18874494203496bc318,2
229,35afc973633aaeb6b877ff57b2793310,2
229,368c6c730842d78016ad823897a372db,2
229,389d119b48cf3043d311335e499d9c6b,3
229,422879e10f46682990de24d770e7f83d,2
229,461f43be3bdf8844e65b62d9ac2c7a5a,1
229,53759a2ecddad2bb87a079a1f1519f73,1
229,53b36df67ebb7c41585e8d54d6772e08,2
229,5f504b3a1c75b73d6151be81eb05bdc9,1
229,6a8631b72a2f8729b91514db87e771c0,1
229,6cdd53843498f92890544667809f1595,1
229,777d2e438a1b645f3aec9bd57e92672c,1
229,7fb04722aba7a2b632bac8f9819796f3,4
229,880be32f4db1d9f6e2bec38fb6ac23ab,1
229,a92930c327948861c015c919a0bcb4a8,1
229,afeeea6271148ee1bb15173b8187c431,1
229,c4baedd846ed09b85f78a781b522f126,1
229,c6dd917a0be2a704582055949915ab32,1
229,e0d64dcfaa3b6db5c54ca298ae101d05,1
229,f1c7f353075ce59d8a6f3cf58f419c9c,1
229,f71f42e2381752836563b70beb542f80,1
230,06c6e01186af8b98ee1fc9e01f9471e9,1
230,0aabfb375647d9738ad0f7b4ea3653b1,1
230,154e7e31ebfa092203795c972e5804a6,1
230,1bfb290d7273a442c874dbe74b4abae6,2
230,2b4609f8948be18874494203496bc318,1
230,35afc973633aaeb6b877ff57b2793310,1
230,368c6c730842d78016ad823897a372db,1
230,389d119b48cf3043d311335e499d9c6b,2
230,43423cdffde7fda63d0414ed38c11a73,1
230,473795a355d29305c3ea6b156833adf5,1
230,4aa6014eceb682077f9dc4bffebc05b0,1
230,6c3effec7c8ddba466d4f03f982c7aa3,1
230,6cdd53843498f92890544667809f1595,1
230,7c1bd920dbdf22470b68bde975dd3ccf,1
230,7fab1a1472fdd934397068931f63f3ca,1
230,8aa6223e400af9c97b07c75993142721,1
230,9ecadb84c81da840dbf3564378b586e9,1
230,afeeea6271148ee1bb15173b8187c431,1
230,bb50f2e236e5eea0100680137654686c,1
230,c6336fa91fbd87c359e44f5dca5a90ed,3
230,e0d64dcfaa3b6db5c54ca298ae101d05,4
230,f1c7f353075ce59d8a6f3cf58f419c9c,1
230,f264c1d9b20b5e4a340254d0405e613b,1
230,f4f67ccaece962d013a4e1d7dc3a61f7,1
230,f71f42e2381752836563b70beb542f80,2
231,08574b074924071f4e201e151b152b4e,2
231,0aabfb375647d9738ad0f7b4ea3653b1,1
231,130482add9fd75ccb6c57ba007694a2d,1
231,1bfb290d7273a442c874dbe74b4abae6,1
231,422879e10f46682990de24d770e7f83d,3
231,431d674f9a4fbd0957ecf6ba3fcb6899,1
231,4fcb3d9a5f4871e8362dfedbdb02b064,1
231,53759a2ecddad2bb87a079a1f1519f73,1
231,6c3effec7c8ddba466d4f03f982c7aa3,1
231,7a10781637204d8d10485c71a6108a2e,1
231,7c1bd920dbdf22470b68bde975dd3ccf,1
231,7fb04722aba7a2b632bac8f9819796f3,1
231,8aa6223e400af9c97b07c75993142721,1
231,99a4788cb24856965c36a24e339b6058,1
231,afeeea6271148ee1bb15173b8187c431,2
231,b0961721fd839e9982420e807758a2a6,4
231,cec09725da5ed01471d9a505e7389d37,2
231,d696750e550fd0f733979dd7e5dff921,1
231,eb8c629f70275fd1c4f809116cce1efc,3
232,0bcc3eeca39e1064258aa1e932269894,1
232,11875b30b49585209e608f40e8082e65,1
232,154e7e31ebfa092203795c972e5804a6,1
232,2b4609f8948be18874494203496bc318,1
232,35afc973633aaeb6b877ff57b2793310,1
232,386486367c1f9d4f587a8864ccb6902b,1
232,389d119b48cf3043d311335e499d9c6b,2
232,422879e10f46682990de24d770e7f83d,3
232,4520766ec412348b8d4caa5e8a18c464,1
232,5d66715cc928aadd0074f61332698593,1
232,5f504b3a1c75b73d6151be81eb05bdc9,1
232,75d6b6963340c6063f7f4cfcccfe6a30,1
232,99a4788cb24856965c36a24e339b6058,2
232,c7fd13b5e515bffdab855d0812842edb,2
233,08574b074924071f4e201e151b152b4e,2
233,0aabfb375647d9738ad0f7b4ea3653b1,1
233,2136c70bbe723d338fab53da3c03e6dc,1
233,2a2d22ae30e026f1893083c8405ca522,1
233,35afc973633aaeb6b877ff57b2793310,1
233,368c6c730842d78016ad823897a372db,1
233,53b36df67ebb7c41585e8d54d6772e08,7
233,5f504b3a1c75b73d6151be81eb05bdc9,2
233,6c3effec7c8ddba466d4f03f982c7aa3,1
233,72172e982e8b92155069e4201c92c0bb,1
233,764292b2b0f73f77a0272be03fdd45f3,1
233,7a10781637204d8d10485c71a6108a2e,1
233,9545d45c37449ccbc376de3a04c66e71,1
233,d696750e550fd0f733979dd7e5dff921,1
233,ea44caac707f7f1325182a538007f838,1
233,f1c7f353075ce59d8a6f3cf58f419c9c,3
233,f35927953ed82e19d06ad3aac2f06353,1
234,0bcc3eeca39e1064258aa1e932269894,1
234,154e7e31ebfa092203795c972e5804a6,1
234,2028bf1b01cafb2d2b1901fca4083222,1
234,2b4609f8948be18874494203496bc318,1
234,368c6c730842d78016ad823897a372db,1
234,422879e10f46682990de24d770e7f83d,2
234,473795a355d29305c3ea6b156833adf5,1
234,53759a2ecddad2bb87a079a1f1519f73,2
234,6c3effec7c8ddba466d4f03f982c7aa3,1
234,75d6b6963340c6063f7f4cfcccfe6a30,1
234,7814c273ab16783d73a9863ebfa8b141,2
234,7c1bd920dbdf22470b68bde975dd3ccf,1
234,7fab1a1472fdd934397068931f63f3ca,1
234,aa280035c50ba62c746480a59045eec4,1
234,afeeea6271148ee1bb15173b8187c431,5
234,b5e13c9a353102f79c6206ff5cb61a50,1
234,bb50f2e236e5eea0100680137654686c,2
234,e0d64dcfaa3b6db5c54ca298ae101d05,6
234,ea44caac707f7f1325182a538007f838,1
234,f1c7f353075ce59d8a6f3cf58f419c9c,1
235,06c6e01186af8b98ee1fc9e01f9471e9,1
235,0aabfb375647d9738ad0f7b4ea3653b1,1
235,154e7e31ebfa092203795c972e5804a6,2
235,2028bf1b01cafb2d2b1901fca4083222,1
235,2136c70bbe723d338fab53da3c03e6dc,1
235,25f86162fee18735fffdb762dcb10d7c,1
235,386486367c1f9d4f587a8864ccb6902b,1
235,389d119b48cf3043d311335e499d9c6b,4
235,431d674f9a4fbd0957ecf6ba3fcb6899,1
235,4520766ec412348b8d4caa5e8a18c464,1
235,64fb265487de2238627ce43fe8a67efc,1
235,777d2e438a1b645f3aec9bd57e92672c,2
235,7814c273ab16783d73a9863ebfa8b141,1
235,7a10781637204d8d10485c71a6108a2e,1
235,7fab1a1472fdd934397068931f63f3ca,1
235,9545d45c37449ccbc376de3a04c66e71,1
235,99a4788cb24856965c36a24e339b6058,1
235,afeeea6271148ee1bb15173b8187c431,2
235,b0961721fd839e9982420e807758a2a6,1
235,b5e13c9a353102f79c6206ff5cb61a50,3
235,c6336fa91fbd87c359e44f5dca5a90ed,1
235,c7fd13b5e515bffdab855d0812842edb,1
235,d017a2151d543a9885604dc62a3d9dcc,2
235,f1c7f353075ce59d8a6f3cf58f419c9c,2
235,f7a17d2c51d9df89a4f1711c4ac17f33,1
236,06c6e01186af8b98ee1fc9e01f9471e9,1
236,154e7e31ebfa092203795c972e5804a6,2
236,2b4609f8948be18874494203496bc318,2
236,368c6c730842d78016ad823897a372db,1
236,431d674f9a4fbd0957ecf6ba3fcb6899,1
236,53b36df67ebb7c41585e8d54d6772e08,1
236,7c1bd920dbdf22470b68bde975dd3ccf,4
236,9ecadb84c81da840dbf3564378b586e9,2
236,b0961721fd839e9982420e807758a2a6,2
236,b532349fe46b38fbc7bb3914c1bdae07,3
236,b5e13c9a353102f79c6206ff5cb61a50,2
236,c6336fa91fbd87c359e44f5dca5a90ed,2
236,cec09725da5ed01471d9a505e7389d37,1
236,ea44caac707f7f1325182a538007f838,2
236,f1c7f353075ce59d8a6f3cf58f419c9c,1
236,f71973c922ccaab05514a36a8bc741b8,1
237,06c6e01186af8b98ee1fc9e01f9471e9,1
237,0aabfb375647d9738ad0f7b4ea3653b1,1
237,2028bf1b01cafb2d2b1901fca4083222,1
237,25f86162fee18735fffdb762dcb10d7c,1
237,389d119b48cf3043d311335e499d9c6b,2
237,422879e10f46682990de24d770e7f83d,3
237,53759a2ecddad2bb87a079a1f1519f73,2
237,5f504b3a1c75b73d6151be81eb05bdc9,2
237,764292b2b0f73f77a0272be03fdd45f3,2
237,c3ba4e8d3cb30049213b682e751e9d00,1
237,f71973c922ccaab05514a36a8bc741b8,1
238,06c6e01186af8b98ee1fc9e01f9471e9,1
238,08574b074924071f4e201e151b152b4e,2
238,0aabfb375647d9738ad0f7b4ea3653b1,1
238,11fd9d7ba552e1d28872e008acf1e050,1
238,154e7e31ebfa092203795c972e5804a6,1
238,2028bf1b01cafb2d2b1901fca4083222,1
238,25f86162fee18735fffdb762dcb10d7c,1
238,2b4609f8948be18874494203496bc318,1
238,43423cdffde7fda63d0414ed38c11a73,1
238,4fcb3d9a5f4871e8362dfedbdb02b064,1
238,6cdd53843498f92890544667809f1595,1
238,75d6b6963340c6063f7f4cfcccfe6a30,1
238,7814c273ab16783d73a9863ebfa8b141,1
238,7fab1a1472fdd934397068931f63f3ca,3
238,880be32f4db1d9f6e2bec38fb6ac23ab,1
238,8aa6223e400af9c97b07c75993142721,1
238,b0961721fd839e9982420e807758a2a6,3
238,c7fd13b5e515bffdab855d0812842edb,3
238,cec09725da5ed01471d9a505e7389d37,1
238,d1c427060a0f73f6b889a5c7c61f2ac4,3
238,ed2067a9c1f79553088a3c67b99a9f97,1
238,f40876e0ef3cd5f9132b1f16b04b1346,1
239,06edb72f1e0c64b14c5b79353f7abea3,1
239,154e7e31ebfa092203795c972e5804a6,3
239,1bfb290d7273a442c874dbe74b4abae6,1
239,2b4609f8948be18874494203496bc318,1
239,422879e10f46682990de24d770e7f83d,1
239,431d674f9a4fbd0957ecf6ba3fcb6899,3
239,5f504b3a1c75b73d6151be81eb05bdc9,1
239,7814c273ab16783d73a9863ebfa8b141,1
239,7c1bd920dbdf22470b68bde975dd3ccf,1
239,7fab1a1472fdd934397068931f63f3ca,1
239,b0961721fd839e9982420e807758a2a6,2
239,b5e13c9a353102f79c6206ff5cb61a50,1
239,c7fd13b5e515bffdab855d0812842edb,1
239,d2f5484cbffe4ca766301b21ab9246dd,1
240,11875b30b49585209e608f40e8082e65,1
240,29427de7f8a9ee983d9dbc51cec569b4,1
240,368c6c730842d78016ad823897a372db,1
240,4c2394abfbac7ff59ec7a420918562fa,1
240,5f504b3a1c75b73d6151be81eb05bdc9,1
240,6a8631b72a2f8729b91514db87e771c0,1
240,7c1bd920dbdf22470b68bde975dd3ccf,2
240,8c591ab0ca519558779df02023177f44,1
240,9545d45c37449ccbc376de3a04c66e71,1
240,9ecadb84c81da840dbf3564378b586e9,1
240,b5e13c9a353102f79c6206ff5cb61a50,1
240,c4baedd846ed09b85f78a781b522f126,2
240,db5efde3ad0cc579b130d71c4b2db522,1
240,e251ebd2858be1aa7d9b2087a6992580,1
240,f1c7f353075ce59d8a6f3cf58f419c9c,1
241,06c6e01186af8b98ee1fc9e01f9471e9,1
241,11fd9d7ba552e1d28872e008acf1e050,1
241,130482add9fd75ccb6c57ba007694a2d,1
241,2028bf1b01cafb2d2b1901fca4083222,1
241,29427de7f8a9ee983d9dbc51cec569b4,1
241,2b4609f8948be18874494203496bc318,1
241,368c6c730842d78016ad823897a372db,2
241,389d119b48cf3043d311335e499d9c6b,1
241,422879e10f46682990de24d770e7f83d,1
241,431d674f9a4fbd0957ecf6ba3fcb6899,1
241,44a34214a57dc373dcd80f54c919d006,1
241,53759a2ecddad2bb87a079a1f1519f73,1
241,64fb265487de2238627ce43fe8a67efc,1
241,6c3effec7c8ddba466d4f03f982c7aa3,2
241,7fab1a1472fdd934397068931f63f3ca,4
241,b0961721fd839e9982420e807758a2a6,1
241,b5e13c9a353102f79c6206ff5cb61a50,1
241,d017a2151d543a9885604dc62a3d9dcc,1
241,d1c427060a0f73f6b889a5c7c61f2ac4,1
241,d5991653e037ccb7af6ed7d94246b249,1
241,ea44caac707f7f1325182a538007f838,1
242,06edb72f1e0c64b14c5b79353f7abea3,1
242,0aabfb375647d9738ad0f7b4ea3653b1,1
242,11fd9d7ba552e1d28872e008acf1e050,1
242,154e7e31ebfa092203795c972e5804a6,1
242,2b4609f8948be18874494203496bc318,3
242,422879e10f46682990de24d770e7f83d,5
242,431d674f9a4fbd0957ecf6ba3fcb6899,2
242,4fcb3d9a5f4871e8362dfedbdb02b064,1
242,53759a2ecddad2bb87a079a1f1519f73,2
242,53b36df67ebb7c41585e8d54d6772e08,1
242,5b226d7c52f86ac72457617f78cff95d,1
242,617186c3d97ea56c9c683a8a3974e8c1,2
242,64fb265487de2238627ce43fe8a67efc,1
242,75d6b6963340c6063f7f4cfcccfe6a30,1
242,764292b2b0f73f77a0272be03fdd45f3,1
242,7814c273ab16783d73a9863ebfa8b141,2
242,7fb04722aba7a2b632bac8f9819796f3,2
242,8ed094bfe076c568f6bb10feada3f75d,1
242,99a4788cb24856965c36a24e339b6058,2
242,a02d0123079f4ae96001ba2010d1a2df,1
242,af51d485dc5255ba2e18b21b550156e6,1
242,b0961721fd839e9982420e807758a2a6,6
242,b623b7cb05ee3248fbe4a6ecbeed79a4,1
242,bb50f2e236e5eea0100680137654686c,1
242,bd6e6fce9ada76ea2db0f1912e8e478f,1
242,c3ba4e8d3cb30049213b682e751e9d00,1
242,d017a2151d543a9885604dc62a3d9dcc,1
242,d1c427060a0f73f6b889a5c7c61f2ac4,1
242,d5991653e037ccb7af6ed7d94246b249,10
242,e251ebd2858be1aa7d9b2087a6992580,1
242,ea44caac707f7f1325182a538007f838,1
242,f71973c922ccaab05514a36a8bc741b8,1
243,06c6e01186af8b98ee1fc9e01f9471e9,2
243,154e7e31ebfa092203795c972e5804a6,1
243,2028bf1b01cafb2d2b1901fca4083222,2
243,2136c70bbe723d338fab53da3c03e6dc,2
243,22c5ddc22ea8cae84fc9917def682dc6,1
243,422879e10f46682990de24d770e7f83d,5
243,431d674f9a4fbd0957ecf6ba3fcb6899,2
243,53759a2ecddad2bb87a079a1f1519f73,1
243,6a8631b72a2f8729b91514db87e771c0,1
243,6c3effec7c8ddba466d4f03f982c7aa3,1
243,6cdd53843498f92890544667809f1595,1
243,75d6b6963340c6063f7f4cfcccfe6a30,3
243,764292b2b0f73f77a0272be03fdd45f3,1
243,777d2e438a1b645f3aec9bd57e92672c,1
243,7814c273ab16783d73a9863ebfa8b141,1
243,7c1bd920dbdf22470b68bde975dd3ccf,3
243,9545d45c37449ccbc376de3a04c66e71,2
243,99a4788cb24856965c36a24e339b6058,1
243,c4baedd846ed09b85f78a781b522f126,1
243,c6dd917a0be2a704582055949915ab32,1
243,ea44caac707f7f1325182a538007f838,1
243,ed2067a9c1f79553088a3c67b99a9f97,1
244,2028bf1b01cafb2d2b1901fca4083222,2
244,29427de7f8a9ee983d9dbc51cec569b4,1
244,35afc973633aaeb6b877ff57b2793310,1
244,368c6c730842d78016ad823897a372db,1
244,422879e10f46682990de24d770e7f83d,1
244,4c2394abfbac7ff59ec7a420918562fa,1
244,656e0eca68dcecf6a31b8ececfabe3e8,2
244,7c1bd920dbdf22470b68bde975dd3ccf,1
244,88dd63919fc9ab693803578a04a20209,3
244,99a4788cb24856965c36a24e339b6058,1
244,aa280035c50ba62c746480a59045eec4,1
244,b0961721fd839e9982420e807758a2a6,3
244,b5e13c9a353102f79c6206ff5cb61a50,1
244,b623b7cb05ee3248fbe4a6ecbeed79a4,2
244,bb42f37fc3d9130e4a4339d24a47dd7c,1
244,c6336fa91fbd87c359e44f5dca5a90ed,1
244,d017a2151d543a9885604dc62a3d9dcc,1
244,d1c427060a0f73f6b889a5c7c61f2ac4,1
244,d2f5484cbffe4ca766301b21ab9246dd,1
244,ee406bf28024d97771c4b1e8b7e8e219,1
244,f1c7f353075ce59d8a6f3cf58f419c9c,3
244,f35927953ed82e19d06ad3aac2f06353,1
245,154e7e31ebfa092203795c972e5804a6,1
245,2a2d22ae30e026f1893083c8405ca522,1
245,389d119b48cf3043d311335e499d9c6b,1
245,422879e10f46682990de24d770e7f83d,1
245,431d674f9a4fbd0957ecf6ba3fcb6899,1
245,583f158587cdecda3e8bdea694021e39,1
245,64fb265487de2238627ce43fe8a67efc,1
245,6cdd53843498f92890544667809f1595,1
245,72172e982e8b92155069e4201c92c0bb,2
245,75d6b6963340c6063f7f4cfcccfe6a30,2
245,7c1bd920dbdf22470b68bde975dd3ccf,1
245,a50acd33ba7a8da8e9db65094fa990a4,1
245,b0961721fd839e9982420e807758a2a6,1
245,b623b7cb05ee3248fbe4a6ecbeed79a4,1
245,d1c427060a0f73f6b889a5c7c61f2ac4,1
245,e9a69340883a438c3f91739d14d3a56d,1
245,eb8c629f70275fd1c4f809116cce1efc,1
245,f1c7f353075ce59d8a6f3cf58f419c9c,1
246,0152f69b6cf919bcdaf117aa8c43e5a2,1
246,06c6e01186af8b98ee1fc9e01f9471e9,1
246,0a57f7d2c983bcf8188589a5fea4a8da,1
246,2028bf1b01cafb2d2b1901fca4083222,2
246,2b4609f8948be18874494203496bc318,2
246,362b773250263786dd58670d2df42c3b,3
246,422879e10f46682990de24d770e7f83d,1
246,4520766ec412348b8d4caa5e8a18c464,1
246,7814c273ab16783d73a9863ebfa8b141,1
246,880be32f4db1d9f6e2bec38fb6ac23ab,1
246,99a4788cb24856965c36a24e339b6058,3
246,b0961721fd839e9982420e807758a2a6,2
246,bd6e6fce9ada76ea2db0f1912e8e478f,1
246,c6336fa91fbd87c359e44f5dca5a90ed,1
246,c6dd917a0be2a704582055949915ab32,1
246,e0d64dcfaa3b6db5c54ca298ae101d05,1
246,ea44caac707f7f1325182a538007f838,1
246,ee406bf28024d97771c4b1e8b7e8e219,1
246,f1c7f353075ce59d8a6f3cf58f419c9c,9
247,06c6e01186af8b98ee1fc9e01f9471e9,1
247,154e7e31ebfa092203795c972e5804a6,1
247,22c5ddc22ea8cae84fc9917def682dc6,1
247,25f86162fee18735fffdb762dcb10d7c,1
247,2a2d22ae30e026f1893083c8405ca522,1
247,35afc973633aaeb6b877ff57b2793310,1
247,422879e10f46682990de24d770e7f83d,2
247,43423cdffde7fda63d0414ed38c11a73,1
247,53b36df67ebb7c41585e8d54d6772e08,2
247,5f504b3a1c75b73d6151be81eb05bdc9,1
247,62d8daeee0db3a60c234c2d1bfd10651,1
247,75d6b6963340c6063f7f4cfcccfe6a30,1
247,777d2e438a1b645f3aec9bd57e92672c,1
247,7a10781637204d8d10485c71a6108a2e,1
247,99a4788cb24856965c36a24e339b6058,2
247,a50acd33ba7a8da8e9db65094fa990a4,1
247,bd6e6fce9ada76ea2db0f1912e8e478f,1
247,c7fd13b5e515bffdab855d0812842edb,2
247,e9a69340883a438c3f91739d14d3a56d,1
247,ee406bf28024d97771c4b1e8b7e8e219,1
247,f1c7f353075ce59d8a6f3cf58f419c9c,1
248,11875b30b49585209e608f40e8082e65,1
248,130482add9fd75ccb6c57ba007694a2d,1
248,154e7e31ebfa092203795c972e5804a6,1
248,2028bf1b01cafb2d2b1901fca4083222,1
248,24c66f106f642621e524291a895c9032,1
248,2b4609f8948be18874494203496bc318,1
248,2ffdf10e724b958c0f7ea69e97d32f64,1
248,35afc973633aaeb6b877ff57b2793310,4
248,362b773250263786dd58670d2df42c3b,1
248,368c6c730842d78016ad823897a372db,2
248,386486367c1f9d4f587a8864ccb6902b,1
248,43423cdffde7fda63d0414ed38c11a73,2
248,461f43be3bdf8844e65b62d9ac2c7a5a,1
248,53759a2ecddad2bb87a079a1f1519f73,4
248,53b36df67ebb7c41585e8d54d6772e08,1
248,5411e9269501a870cabf632f05655131,1
248,54d9ac713e253fa1fae9c8003b011c2a,1
248,595fac2a385ac33a80bd5114aec74eb8,1
248,5b226d7c52f86ac72457617f78cff95d,4
248,5f504b3a1c75b73d6151be81eb05bdc9,1
248,62d8daeee0db3a60c234c2d1bfd10651,1
248,6cdd53843498f92890544667809f1595,1
248,7c1bd920dbdf22470b68bde975dd3ccf,1
248,880be32f4db1d9f6e2bec38fb6ac23ab,3
248,8c292ca193d326152e335d77176746f0,1
248,99a4788cb24856965c36a24e339b6058,2
248,b623b7cb05ee3248fbe4a6ecbeed79a4,1
248,c4baedd846ed09b85f78a781b522f126,1
248,c6336fa91fbd87c359e44f5dca5a90ed,1
248,cc971e0365873137b8bef2ebad633e6f,1
248,d285360f29ac7fd97640bf0baef03de0,1
248,d2f5484cbffe4ca766301b21ab9246dd,1
248,ea44caac707f7f1325182a538007f838,1
248,ed2067a9c1f79553088a3c67b99a9f97,1
249,154e7e31ebfa092203795c972e5804a6,2
249,1bfb290d7273a442c874dbe74b4abae6,4
249,29427de7f8a9ee983d9dbc51cec569b4,2
249,2b4609f8948be18874494203496bc318,1
249,3eef0cb94ba82de806bb30ab743c7655,2
249,422879e10f46682990de24d770e7f83d,1
249,431d674f9a4fbd0957ecf6ba3fcb6899,2
249,461f43be3bdf8844e65b62d9ac2c7a5a,1
249,5b226d7c52f86ac72457617f78cff95d,2
249,617186c3d97ea56c9c683a8a3974e8c1,1
249,656e0eca68dcecf6a31b8ececfabe3e8,2
249,764292b2b0f73f77a0272be03fdd45f3,1
249,7c1bd920dbdf22470b68bde975dd3ccf,1
249,99a4788cb24856965c36a24e339b6058,1
249,9ecadb84c81da840dbf3564378b586e9,3
249,b0961721fd839e9982420e807758a2a6,2
249,bb50f2e236e5eea0100680137654686c,1
249,c7fd13b5e515bffdab855d0812842edb,2
249,d017a2151d543a9885604dc62a3d9dcc,1
249,d696750e550fd0f733979dd7e5dff921,1
249,e0d64dcfaa3b6db5c54ca298ae101d05,2
249,f1c7f353075ce59d8a6f3cf58f419c9c,1
250,0a57f7d2c983bcf8188589a5fea4a8da,2
250,154e7e31ebfa092203795c972e5804a6,1
250,2028bf1b01cafb2d2b1901fca4083222,1
250,2136c70bbe723d338fab53da3c03e6dc,1
250,24c66f106f642621e524291a895c9032,2
250,2b4609f8948be18874494203496bc318,1
250,461f43be3bdf8844e65b62d9ac2c7a5a,1
250,4aa6014eceb682077f9dc4bffebc05b0,1
250,5f504b3a1c75b73d6151be81eb05bdc9,3
250,72172e982e8b92155069e4201c92c0bb,1
250,7814c273ab16783d73a9863ebfa8b141,1
250,7c1bd920dbdf22470b68bde975dd3ccf,1
250,880be32f4db1d9f6e2bec38fb6ac23ab,1
250,8c591ab0ca519558779df02023177f44,1
250,99a4788cb24856965c36a24e339b6058,2
250,b0961721fd839e9982420e807758a2a6,1
250,b532349fe46b38fbc7bb3914c1bdae07,3
250,b5e13c9a353102f79c6206ff5cb61a50,3
250,b623b7cb05ee3248fbe4a6ecbeed79a4,2
250,c6336fa91fbd87c359e44f5dca5a90ed,2
250,f1c7f353075ce59d8a6f3cf58f419c9c,3
250,fc1d8637c0268af3db482c14b7ef8e75,1
251,08574b074924071f4e201e151b152b4e,1
251,22c5ddc22ea8cae84fc9917def682dc6,1
251,24c66f106f642621e524291a895c9032,1
251,35afc973633aaeb6b877ff57b2793310,1
251,389d119b48cf3043d311335e499d9c6b,1
251,422879e10f46682990de24d770e7f83d,2
251,4c2394abfbac7ff59ec7a420918562fa,1
251,64fb265487de2238627ce43fe8a67efc,1
251,6cdd53843498f92890544667809f1595,1
251,7a10781637204d8d10485c71a6108a2e,2
251,880be32f4db1d9f6e2bec38fb6ac23ab,3
251,b5e13c9a353102f79c6206ff5cb61a50,1
251,bb50f2e236e5eea0100680137654686c,1
251,bd6e6fce9ada76ea2db0f1912e8e478f,1
251,c4baedd846ed09b85f78a781b522f126,1
251,c6336fa91fbd87c359e44f5dca5a90ed,1
251,d1c427060a0f73f6b889a5c7c61f2ac4,1
251,d3c044bd42d84a79e3b0c42662806a48,7
251,ed2067a9c1f79553088a3c67b99a9f97,1
251,f1c7f353075ce59d8a6f3cf58f419c9c,6
252,0a57f7d2c983bcf8188589a5fea4a8da,2
252,154e7e31ebfa092203795c972e5804a6,1
252,2136c70bbe723d338fab53da3c03e6dc,1
252,2b4609f8948be18874494203496bc318,1
252,389d119b48cf3043d311335e499d9c6b,2
252,422879e10f46682990de24d770e7f83d,1
252,4520766ec412348b8d4caa5e8a18c464,1
252,52c80cedd4e90108bf4fa6a206ef6b03,2
252,53759a2ecddad2bb87a079a1f1519f73,2
252,617186c3d97ea56c9c683a8a3974e8c1,1
252,7a10781637204d8d10485c71a6108a2e,1
252,99a4788cb24856965c36a24e339b6058,2
252,b0961721fd839e9982420e807758a2a6,1
252,bb50f2e236e5eea0100680137654686c,1
252,bd6e6fce9ada76ea2db0f1912e8e478f,1
252,c6dd917a0be2a704582055949915ab32,1
252,e0d64dcfaa3b6db5c54ca298ae101d05,4
252,ed2067a9c1f79553088a3c67b99a9f97,1
253,0152f69b6cf919bcdaf117aa8c43e5a2,1
253,431d674f9a4fbd0957ecf6ba3fcb6899,1
253,53b36df67ebb7c41585e8d54d6772e08,1
253,6cdd53843498f92890544667809f1595,1
253,99a4788cb24856965c36a24e339b6058,3
253,b532349fe46b38fbc7bb3914c1bdae07,3
253,d3c044bd42d84a79e3b0c42662806a48,8
253,e0d64dcfaa3b6db5c54ca298ae101d05,2
253,eb8c629f70275fd1c4f809116cce1efc,2
254,0152f69b6cf919bcdaf117aa8c43e5a2,1
254,0a57f7d2c983bcf8188589a5fea4a8da,3
254,154e7e31ebfa092203795c972e5804a6,2
254,22c5ddc22ea8cae84fc9917def682dc6,1
254,25f86162fee18735fffdb762dcb10d7c,1
254,2b4609f8948be18874494203496bc318,1
254,35afc973633aaeb6b877ff57b2793310,1
254,461f43be3bdf8844e65b62d9ac2c7a5a,1
254,53b36df67ebb7c41585e8d54d6772e08,2
254,5f504b3a1c75b73d6151be81eb05bdc9,1
254,617186c3d97ea56c9c683a8a3974e8c1,1
254,64fb265487de2238627ce43fe8a67efc,1
254,7c1bd920dbdf22470b68bde975dd3ccf,2
254,b0961721fd839e9982420e807758a2a6,1
254,c4baedd846ed09b85f78a781b522f126,1
254,c857b96593773e940454e76efa8eabb3,1
254,d3c044bd42d84a79e3b0c42662806a48,2
254,e0d64dcfaa3b6db5c54ca298ae101d05,2
255,0a57f7d2c983bcf8188589a5fea4a8da,1
255,0aabfb375647d9738ad0f7b4ea3653b1,1
255,0bcc3eeca39e1064258aa1e932269894,1
255,2b4609f8948be18874494203496bc318,1
255,2ffdf10e724b958c0f7ea69e97d32f64,1
255,368c6c730842d78016ad823897a372db,1
255,386486367c1f9d4f587a8864ccb6902b,1
255,389d119b48cf3043d311335e499d9c6b,1
255,461f43be3bdf8844e65b62d9ac2c7a5a,1
255,4c2394abfbac7ff59ec7a420918562fa,1
255,53b36df67ebb7c41585e8d54d6772e08,1
255,5d66715cc928aadd0074f61332698593,1
255,5f504b3a1c75b73d6151be81eb05bdc9,1
255,617186c3d97ea56c9c683a8a3974e8c1,1
255,6a8631b72a2f8729b91514db87e771c0,1
255,72172e982e8b92155069e4201c92c0bb,1
255,75d6b6963340c6063f7f4cfcccfe6a30,1
255,7c1bd920dbdf22470b68bde975dd3ccf,2
255,a50acd33ba7a8da8e9db65094fa990a4,1
255,b532349fe46b38fbc7bb3914c1bdae07,3
255,b5e13c9a353102f79c6206ff5cb61a50,1
255,bb50f2e236e5eea0100680137654686c,2
255,c3ba4e8d3cb30049213b682e751e9d00,1
255,cec09725da5ed01471d9a505e7389d37,1
255,d1c427060a0f73f6b889a5c7c61f2ac4,1
255,e0d64dcfaa3b6db5c54ca298ae101d05,3
256,08574b074924071f4e201e151b152b4e,1
256,0a57f7d2c983bcf8188589a5fea4a8da,1
256,154e7e31ebfa092203795c972e5804a6,3
256,2028bf1b01cafb2d2b1901fca4083222,1
256,35afc973633aaeb6b877ff57b2793310,1
256,362b773250263786dd58670d2df42c3b,2
256,389d119b48cf3043d311335e499d9c6b,2
256,422879e10f46682990de24d770e7f83d,2
256,461f43be3bdf8844e65b62d9ac2c7a5a,1
256,53759a2ecddad2bb87a079a1f1519f73,2
256,53b36df67ebb7c41585e8d54d6772e08,1
256,569ffd16f8032478cbeb9800f2e94ba0,1
256,5b226d7c52f86ac72457617f78cff95d,1
256,617186c3d97ea56c9c683a8a3974e8c1,1
256,75d6b6963340c6063f7f4cfcccfe6a30,2
256,764292b2b0f73f77a0272be03fdd45f3,1
256,7a10781637204d8d10485c71a6108a2e,2
256,7c1bd920dbdf22470b68bde975dd3ccf,3
256,8c591ab0ca519558779df02023177f44,1
256,b5e13c9a353102f79c6206ff5cb61a50,3
256,c7fd13b5e515bffdab855d0812842edb,1
256,c857b96593773e940454e76efa8eabb3,1
256,d017a2151d543a9885604dc62a3d9dcc,1
256,f71f42e2381752836563b70beb542f80,1
256,fb55982be901439613a95940feefd9ee,1
257,2028bf1b01cafb2d2b1901fca4083222,1
257,2a2d22ae30e026f1893083c8405ca522,1
257,2b4609f8948be18874494203496bc318,2
257,35afc973633aaeb6b877ff57b2793310,1
257,362b773250263786dd58670d2df42c3b,1
257,368c6c730842d78016ad823897a372db,3
257,386486367c1f9d4f587a8864ccb6902b,1
257,43423cdffde7fda63d0414ed38c11a73,2
257,461f43be3bdf8844e65b62d9ac2c7a5a,1
257,4aa6014eceb682077f9dc4bffebc05b0,1
257,4fcb3d9a5f4871e8362dfedbdb02b064,2
257,53759a2ecddad2bb87a079a1f1519f73,4
257,617186c3d97ea56c9c683a8a3974e8c1,1
257,6c3effec7c8ddba466d4f03f982c7aa3,2
257,7a10781637204d8d10485c71a6108a2e,1
257,7c1bd920dbdf22470b68bde975dd3ccf,1
257,7fb04722aba7a2b632bac8f9819796f3,1
257,b0961721fd839e9982420e807758a2a6,3
257,b5e13c9a353102f79c6206ff5cb61a50,1
257,b623b7cb05ee3248fbe4a6ecbeed79a4,3
257,bd6e6fce9ada76ea2db0f1912e8e478f,1
257,d3c044bd42d84a79e3b0c42662806a48,1
257,d5991653e037ccb7af6ed7d94246b249,1
257,ea44caac707f7f1325182a538007f838,1
257,ed2067a9c1f79553088a3c67b99a9f97,1
257,ee406bf28024d97771c4b1e8b7e8e219,1
257,f264c1d9b20b5e4a340254d0405e613b,1
258,0a57f7d2c983bcf8188589a5fea4a8da,2
258,0aabfb375647d9738ad0f7b4ea3653b1,1
258,11fd9d7ba552e1d28872e008acf1e050,1
258,2136c70bbe723d338fab53da3c03e6dc,2
258,29427de7f8a9ee983d9dbc51cec569b4,1
258,2a5806f10d0f00e5ad032dd2e3c8806e,1
258,2b4609f8948be18874494203496bc318,1
258,43423cdffde7fda63d0414ed38c11a73,1
258,461f43be3bdf8844e65b62d9ac2c7a5a,2
258,4fcb3d9a5f4871e8362dfedbdb02b064,1
258,53759a2ecddad2bb87a079a1f1519f73,1
258,53b36df67ebb7c41585e8d54d6772e08,1
258,6cdd53843498f92890544667809f1595,1
258,75d6b6963340c6063f7f4cfcccfe6a30,1
258,7fb04722aba7a2b632bac8f9819796f3,2
258,b0961721fd839e9982420e807758a2a6,1
258,bb50f2e236e5eea0100680137654686c,2
258,bd6e6fce9ada76ea2db0f1912e8e478f,1
258,c6336fa91fbd87c359e44f5dca5a90ed,1
258,d1c427060a0f73f6b889a5c7c61f2ac4,1
258,d3c044bd42d84a79e3b0c42662806a48,2
258,ea44caac707f7f1325182a538007f838,2
258,ee406bf28024d97771c4b1e8b7e8e219,1
258,f71f42e2381752836563b70beb542f80,2
258,f7a17d2c51d9df89a4f1711c4ac17f33,1
259,06c6e01186af8b98ee1fc9e01f9471e9,1
259,08574b074924071f4e201e151b152b4e,1
259,0aabfb375647d9738ad0f7b4ea3653b1,1
259,2028bf1b01cafb2d2b1901fca4083222,2
259,389d119b48cf3043d311335e499d9c6b,1
259,422879e10f46682990de24d770e7f83d,2
259,431d674f9a4fbd0957ecf6ba3fcb6899,1
259,5d66715cc928aadd0074f61332698593,1
259,617186c3d97ea56c9c683a8a3974e8c1,1
259,6a8631b72a2f8729b91514db87e771c0,2
259,75d6b6963340c6063f7f4cfcccfe6a30,1
259,bb50f2e236e5eea0100680137654686c,1
259,d63c1011f49d98b976c352955b1c4bea,1
259,ea44caac707f7f1325182a538007f838,1
259,f1fe595ee7ef768b41bd9b246d13432d,1
260,06c6e01186af8b98ee1fc9e01f9471e9,1
260,0bcc3eeca39e1064258aa1e932269894,2
260,362b773250263786dd58670d2df42c3b,4
260,386486367c1f9d4f587a8864ccb6902b,1
260,422879e10f46682990de24d770e7f83d,1
260,461f43be3bdf8844e65b62d9ac2c7a5a,1
260,53759a2ecddad2bb87a079a1f1519f73,1
260,6c3effec7c8ddba466d4f03f982c7aa3,1
260,880be32f4db1d9f6e2bec38fb6ac23ab,1
260,8c591ab0ca519558779df02023177f44,1
260,b5e13c9a353102f79c6206ff5cb61a50,1
260,c4baedd846ed09b85f78a781b522f126,1
260,d017a2151d543a9885604dc62a3d9dcc,1
260,d1c427060a0f73f6b889a5c7c61f2ac4,1
260,d63c1011f49d98b976c352955b1c4bea,1
260,d696750e550fd0f733979dd7e5dff921,1
260,ed2067a9c1f79553088a3c67b99a9f97,1
260,f1fe595ee7ef768b41bd9b246d13432d,1
260,f71f42e2381752836563b70beb542f80,1
261,25f86162fee18735fffdb762dcb10d7c,1
261,2b4609f8948be18874494203496bc318,1
261,368c6c730842d78016ad823897a372db,3
261,386486367c1f9d4f587a8864ccb6902b,4
261,389d119b48cf3043d311335e499d9c6b,1
261,4520766ec412348b8d4caa5e8a18c464,1
261,5411e9269501a870cabf632f05655131,1
261,6c3effec7c8ddba466d4f03f982c7aa3,1
261,764292b2b0f73f77a0272be03fdd45f3,1
261,7c1bd920dbdf22470b68bde975dd3ccf,1
261,880be32f4db1d9f6e2bec38fb6ac23ab,1
261,8c292ca193d326152e335d77176746f0,1
261,99a4788cb24856965c36a24e339b6058,1
261,a50acd33ba7a8da8e9db65094fa990a4,1
261,b0961721fd839e9982420e807758a2a6,2
261,b5e13c9a353102f79c6206ff5cb61a50,1
261,c4baedd846ed09b85f78a781b522f126,1
261,c6dd917a0be2a704582055949915ab32,1
261,d3c044bd42d84a79e3b0c42662806a48,1
261,ed2067a9c1f79553088a3c67b99a9f97,1
261,fe01b643060a6446e59f58e3021e66b3,2
262,0aabfb375647d9738ad0f7b4ea3653b1,3
262,0bcc3eeca39e1064258aa1e932269894,3
262,130482add9fd75ccb6c57ba007694a2d,1
262,154e7e31ebfa092203795c972e5804a6,1
262,389d119b48cf3043d311335e499d9c6b,3
262,422879e10f46682990de24d770e7f83d,1
262,53759a2ecddad2bb87a079a1f1519f73,1
262,5b226d7c52f86ac72457617f78cff95d,3
262,5f504b3a1c75b73d6151be81eb05bdc9,1
262,617186c3d97ea56c9c683a8a3974e8c1,1
262,64fb265487de2238627ce43fe8a67efc,1
262,6c3effec7c8ddba466d4f03f982c7aa3,1
262,6f3b5b605d91b7439c5e3f5a8dffeea7,1
262,7a10781637204d8d10485c71a6108a2e,1
262,7c1bd920dbdf22470b68bde975dd3ccf,2
262,8c591ab0ca519558779df02023177f44,1
262,a9516a079e37a9c9c36b9b78b10169e8,1
262,c4baedd846ed09b85f78a781b522f126,1
262,d3c044bd42d84a79e3b0c42662806a48,3
262,ec2d43cc59763ec91694573b31f1c29a,3
262,f7a17d2c51d9df89a4f1711c4ac17f33,1
262,fe01b643060a6446e59f58e3021e66b3,2
263,08574b074924071f4e201e151b152b4e,3
263,2136c70bbe723d338fab53da3c03e6dc,1
263,363218ba55c610b750224f90bdd34be1,1
263,368c6c730842d78016ad823897a372db,2
263,389d119b48cf3043d311335e499d9c6b,2
263,422879e10f46682990de24d770e7f83d,2
263,43423cdffde7fda63d0414ed38c11a73,1
263,53b36df67ebb7c41585e8d54d6772e08,1
263,569ffd16f8032478cbeb9800f2e94ba0,6
263,5b226d7c52f86ac72457617f78cff95d,2
263,617186c3d97ea56c9c683a8a3974e8c1,1
263,6cdd53843498f92890544667809f1595,2
263,75d6b6963340c6063f7f4cfcccfe6a30,1
263,7c1bd920dbdf22470b68bde975dd3ccf,2
263,8c591ab0ca519558779df02023177f44,1
263,99a4788cb24856965c36a24e339b6058,1
263,a50acd33ba7a8da8e9db65094fa990a4,1
263,aa280035c50ba62c746480a59045eec4,1
263,afeeea6271148ee1bb15173b8187c431,1
263,b0961721fd839e9982420e807758a2a6,1
263,b5e13c9a353102f79c6206ff5cb61a50,1
263,c4baedd846ed09b85f78a781b522f126,1
263,e0d64dcfaa3b6db5c54ca298ae101d05,1
263,ec2d43cc59763ec91694573b31f1c29a,1
263,ee406bf28024d97771c4b1e8b7e8e219,1
263,fe01b643060a6446e59f58e3021e66b3,2
264,08574b074924071f4e201e151b152b4e,1
264,0aabfb375647d9738ad0f7b4ea3653b1,2
264,0bcc3eeca39e1064258aa1e932269894,2
264,154e7e31ebfa092203795c972e5804a6,1
264,368c6c730842d78016ad823897a372db,4
264,389d119b48cf3043d311335e499d9c6b,1
264,53759a2ecddad2bb87a079a1f1519f73,2
264,5b226d7c52f86ac72457617f78cff95d,1
264,5f504b3a1c75b73d6151be81eb05bdc9,1
264,601a360bd2a916ecef0e88de72a6531a,1
264,764292b2b0f73f77a0272be03fdd45f3,1
264,84f456958365164420cfc80fbe4c7fab,1
264,b0961721fd839e9982420e807758a2a6,2
264,b5e13c9a353102f79c6206ff5cb61a50,1
264,cc971e0365873137b8bef2ebad633e6f,2
264,d1c427060a0f73f6b889a5c7c61f2ac4,1
264,d2f5484cbffe4ca766301b21ab9246dd,1
264,ec2d43cc59763ec91694573b31f1c29a,1
264,ed2067a9c1f79553088a3c67b99a9f97,1
264,fe01b643060a6446e59f58e3021e66b3,3
265,11fd9d7ba552e1d28872e008acf1e050,1
265,130482add9fd75ccb6c57ba007694a2d,1
265,154e7e31ebfa092203795c972e5804a6,1
265,2136c70bbe723d338fab53da3c03e6dc,1
265,2a2d22ae30e026f1893083c8405ca522,1
265,2b4609f8948be18874494203496bc318,1
265,35afc973633aaeb6b877ff57b2793310,1
265,389d119b48cf3043d311335e499d9c6b,1
265,422879e10f46682990de24d770e7f83d,6
265,461f43be3bdf8844e65b62d9ac2c7a5a,1
265,53759a2ecddad2bb87a079a1f1519f73,1
265,5411e9269501a870cabf632f05655131,1
265,583f158587cdecda3e8bdea694021e39,1
265,601a360bd2a916ecef0e88de72a6531a,2
265,617186c3d97ea56c9c683a8a3974e8c1,1
265,64fb265487de2238627ce43fe8a67efc,2
265,6cdd53843498f92890544667809f1595,1
265,6f3b5b605d91b7439c5e3f5a8dffeea7,1
265,72172e982e8b92155069e4201c92c0bb,1
265,75d6b6963340c6063f7f4cfcccfe6a30,1
265,764292b2b0f73f77a0272be03fdd45f3,1
265,777d2e438a1b645f3aec9bd57e92672c,1
265,7c1bd920dbdf22470b68bde975dd3ccf,1
265,7fb04722aba7a2b632bac8f9819796f3,1
265,84f456958365164420cfc80fbe4c7fab,1
265,b5e13c9a353102f79c6206ff5cb61a50,3
265,cec09725da5ed01471d9a505e7389d37,1
265,d017a2151d543a9885604dc62a3d9dcc,1
265,ea44caac707f7f1325182a538007f838,1
265,f71f42e2381752836563b70beb542f80,1
266,06edb72f1e0c64b14c5b79353f7abea3,1
266,154e7e31ebfa092203795c972e5804a6,1
266,2136c70bbe723d338fab53da3c03e6dc,1
266,389d119b48cf3043d311335e499d9c6b,2
266,422879e10f46682990de24d770e7f83d,4
266,42a2c92a0979a949ca4ea89ec5c7b934,2
266,53759a2ecddad2bb87a079a1f1519f73,3
266,5411e9269501a870cabf632f05655131,1
266,583f158587cdecda3e8bdea694021e39,2
266,764292b2b0f73f77a0272be03fdd45f3,1
266,777d2e438a1b645f3aec9bd57e92672c,1
266,84f456958365164420cfc80fbe4c7fab,1
266,9545d45c37449ccbc376de3a04c66e71,1
266,a92930c327948861c015c919a0bcb4a8,1
266,aa280035c50ba62c746480a59045eec4,1
266,b623b7cb05ee3248fbe4a6ecbeed79a4,1
266,cc971e0365873137b8bef2ebad633e6f,1
266,d285360f29ac7fd97640bf0baef03de0,1
266,ec2d43cc59763ec91694573b31f1c29a,1
266,ed2067a9c1f79553088a3c67b99a9f97,2
266,f264c1d9b20b5e4a340254d0405e613b,1
266,f71973c922ccaab05514a36a8bc741b8,1
267,08574b074924071f4e201e151b152b4e,1
267,154e7e31ebfa092203795c972e5804a6,1
267,29427de7f8a9ee983d9dbc51cec569b4,2
267,362b773250263786dd58670d2df42c3b,1
267,422879e10f46682990de24d770e7f83d,4
267,4aa6014eceb682077f9dc4bffebc05b0,1
267,7c1bd920dbdf22470b68bde975dd3ccf,1
267,9545d45c37449ccbc376de3a04c66e71,1
267,aca2eb7d00ea1a7b8ebd4e68314663af,1
267,b532349fe46b38fbc7bb3914c1bdae07,1
267,cd48f265a63e13b762601f5f794c5fca,1
267,d3c044bd42d84a79e3b0c42662806a48,1
267,e0cf79767c5b016251fe139915c59a26,1
267,ec2d43cc59763ec91694573b31f1c29a,2
267,ed2067a9c1f79553088a3c67b99a9f97,1
267,ee0c1cf2fbeae95205b4aa506f1469f0,1
268,08574b074924071f4e201e151b152b4e,2
268,0bcc3eeca39e1064258aa1e932269894,1
268,2b4609f8948be18874494203496bc318,2
268,389d119b48cf3043d311335e499d9c6b,1
268,422879e10f46682990de24d770e7f83d,1
268,42a2c92a0979a949ca4ea89ec5c7b934,2
268,431d674f9a4fbd0957ecf6ba3fcb6899,1
268,4ae634441e444ca4bc85903cafe98d73,1
268,601a360bd2a916ecef0e88de72a6531a,1
268,7c1bd920dbdf22470b68bde975dd3ccf,1
268,880be32f4db1d9f6e2bec38fb6ac23ab,1
268,a92930c327948861c015c919a0bcb4a8,1
268,b0961721fd839e9982420e807758a2a6,3
268,d285360f29ac7fd97640bf0baef03de0,1
268,d3c044bd42d84a79e3b0c42662806a48,3
268,ec2d43cc59763ec91694573b31f1c29a,1
268,ed2067a9c1f79553088a3c67b99a9f97,1
268,ee406bf28024d97771c4b1e8b7e8e219,1
268,f40876e0ef3cd5f9132b1f16b04b1346,1
268,fe01b643060a6446e59f58e3021e66b3,2
269,08574b074924071f4e201e151b152b4e,1
269,0bcc3eeca39e1064258aa1e932269894,1
269,154e7e31ebfa092203795c972e5804a6,1
269,2028bf1b01cafb2d2b1901fca4083222,3
269,22c5ddc22ea8cae84fc9917def682dc6,2
269,29427de7f8a9ee983d9dbc51cec569b4,1
269,2b4609f8948be18874494203496bc318,1
269,35afc973633aaeb6b877ff57b2793310,1
269,362b773250263786dd58670d2df42c3b,3
269,368c6c730842d78016ad823897a372db,3
269,386486367c1f9d4f587a8864ccb6902b,1
269,389d119b48cf3043d311335e499d9c6b,3
269,42a2c92a0979a949ca4ea89ec5c7b934,1
269,431d674f9a4fbd0957ecf6ba3fcb6899,1
269,44a34214a57dc373dcd80f54c919d006,1
269,461f43be3bdf8844e65b62d9ac2c7a5a,1
269,4c2394abfbac7ff59ec7a420918562fa,1
269,53759a2ecddad2bb87a079a1f1519f73,1
269,617186c3d97ea56c9c683a8a3974e8c1,1
269,62d8daeee0db3a60c234c2d1bfd10651,1
269,75d6b6963340c6063f7f4cfcccfe6a30,2
269,7c1bd920dbdf22470b68bde975dd3ccf,1
269,84f456958365164420cfc80fbe4c7fab,1
269,c4baedd846ed09b85f78a781b522f126,3
269,c6336fa91fbd87c359e44f5dca5a90ed,1
269,d1c427060a0f73f6b889a5c7c61f2ac4,2
269,e59dd207c69d86e890febadc796d1078,1
269,ec2d43cc59763ec91694573b31f1c29a,1
269,ee406bf28024d97771c4b1e8b7e8e219,1
269,f264c1d9b20b5e4a340254d0405e613b,1
269,f4f67ccaece962d013a4e1d7dc3a61f7,1
270,0aabfb375647d9738ad0f7b4ea3653b1,1
270,0bcc3eeca39e1064258aa1e932269894,1
270,11fd9d7ba552e1d28872e008acf1e050,2
270,154e7e31ebfa092203795c972e5804a6,1
270,29427de7f8a9ee983d9dbc51cec569b4,1
270,35afc973633aaeb6b877ff57b2793310,1
270,362b773250263786dd58670d2df42c3b,3
270,422879e10f46682990de24d770e7f83d,1
270,4520766ec412348b8d4caa5e8a18c464,1
270,53759a2ecddad2bb87a079a1f1519f73,1
270,777d2e438a1b645f3aec9bd57e92672c,1
270,7fb04722aba7a2b632bac8f9819796f3,1
270,84f456958365164420cfc80fbe4c7fab,1
270,a35a9f46dcee0a67c8c7ad8493eb4135,1
270,b5e13c9a353102f79c6206ff5cb61a50,1
270,bb50f2e236e5eea0100680137654686c,1
270,c6336fa91fbd87c359e44f5dca5a90ed,1
270,d1c427060a0f73f6b889a5c7c61f2ac4,1
270,d285360f29ac7fd97640bf0baef03de0,4
270,d3c044bd42d84a79e3b0c42662806a48,1
270,e59dd207c69d86e890febadc796d1078,1
270,ed2067a9c1f79553088a3c67b99a9f97,1
270,f264c1d9b20b5e4a340254d0405e613b,1
270,fe01b643060a6446e59f58e3021e66b3,1
271,08574b074924071f4e201e151b152b4e,1
271,130482add9fd75ccb6c57ba007694a2d,1
271,154e7e31ebfa092203795c972e5804a6,2
271,2028bf1b01cafb2d2b1901fca4083222,1
271,2b4609f8948be18874494203496bc318,3
271,389d119b48cf3043d311335e499d9c6b,2
271,422879e10f46682990de24d770e7f83d,2
271,431d674f9a4fbd0957ecf6ba3fcb6899,2
271,53759a2ecddad2bb87a079a1f1519f73,1
271,5411e9269501a870cabf632f05655131,1
271,5d66715cc928aadd0074f61332698593,1
271,601a360bd2a916ecef0e88de72a6531a,1
271,62d8daeee0db3a60c234c2d1bfd10651,1
271,99a4788cb24856965c36a24e339b6058,1
271,a50acd33ba7a8da8e9db65094fa990a4,1
271,aca2eb7d00ea1a7b8ebd4e68314663af,1
271,c6dd917a0be2a704582055949915ab32,1
271,d1c427060a0f73f6b889a5c7c61f2ac4,1
271,fb55982be901439613a95940feefd9ee,1
272,0aabfb375647d9738ad0f7b4ea3653b1,2
272,0bcc3eeca39e1064258aa1e932269894,2
272,2028bf1b01cafb2d2b1901fca4083222,2
272,2a5806f10d0f00e5ad032dd2e3c8806e,1
272,2b4609f8948be18874494203496bc318,1
272,35afc973633aaeb6b877ff57b2793310,1
272,422879e10f46682990de24d770e7f83d,1
272,4520766ec412348b8d4caa5e8a18c464,1
272,6c3effec7c8ddba466d4f03f982c7aa3,1
272,7c1bd920dbdf22470b68bde975dd3ccf,1
272,a02d0123079f4ae96001ba2010d1a2df,1
272,a50acd33ba7a8da8e9db65094fa990a4,1
272,b0961721fd839e9982420e807758a2a6,2
272,d1c427060a0f73f6b889a5c7c61f2ac4,1
272,ec2d43cc59763ec91694573b31f1c29a,1
272,ee406bf28024d97771c4b1e8b7e8e219,1
272,fe01b643060a6446e59f58e3021e66b3,2
273,2a5806f10d0f00e5ad032dd2e3c8806e,1
273,2b4609f8948be18874494203496bc318,1
273,389d119b48cf3043d311335e499d9c6b,2
273,4520766ec412348b8d4caa5e8a18c464,1
273,52c80cedd4e90108bf4fa6a206ef6b03,2
273,53759a2ecddad2bb87a079a1f1519f73,1
273,5b226d7c52f86ac72457617f78cff95d,1
273,5f504b3a1c75b73d6151be81eb05bdc9,1
273,601a360bd2a916ecef0e88de72a6531a,1
273,6c3effec7c8ddba466d4f03f982c7aa3,1
273,a35a9f46dcee0a67c8c7ad8493eb4135,1
273,a9516a079e37a9c9c36b9b78b10169e8,1
273,b0961721fd839e9982420e807758a2a6,1
273,b623b7cb05ee3248fbe4a6ecbeed79a4,2
273,d5991653e037ccb7af6ed7d94246b249,2
273,d63c1011f49d98b976c352955b1c4bea,1
273,ec2d43cc59763ec91694573b31f1c29a,3
273,fe01b643060a6446e59f58e3021e66b3,3
274,0aabfb375647d9738ad0f7b4ea3653b1,3
274,154e7e31ebfa092203795c972e5804a6,1
274,2028bf1b01cafb2d2b1901fca4083222,3
274,22c5ddc22ea8cae84fc9917def682dc6,1
274,29427de7f8a9ee983d9dbc51cec569b4,1
274,2a2d22ae30e026f1893083c8405ca522,1
274,42a2c92a0979a949ca4ea89ec5c7b934,1
274,52c80cedd4e90108bf4fa6a206ef6b03,1
274,569ffd16f8032478cbeb9800f2e94ba0,2
274,5d66715cc928aadd0074f61332698593,1
274,601a360bd2a916ecef0e88de72a6531a,1
274,764292b2b0f73f77a0272be03fdd45f3,1
274,8317b177579dd27ff068b83205e2169b,1
274,a50acd33ba7a8da8e9db65094fa990a4,1
274,b532349fe46b38fbc7bb3914c1bdae07,3
274,bd6e6fce9ada76ea2db0f1912e8e478f,1
274,d04857e7b4b708ee8b8b9921163edba3,1
274,d1c427060a0f73f6b889a5c7c61f2ac4,1
274,d3c044bd42d84a79e3b0c42662806a48,1
274,ec2d43cc59763ec91694573b31f1c29a,1
274,f7a17d2c51d9df89a4f1711c4ac17f33,1
274,fe01b643060a6446e59f58e3021e66b3,1
275,0aabfb375647d9738ad0f7b4ea3653b1,1
275,2028bf1b01cafb2d2b1901fca4083222,1
275,2136c70bbe723d338fab53da3c03e6dc,1
275,2a2d22ae30e026f1893083c8405ca522,2
275,2b4609f8948be18874494203496bc318,1
275,368c6c730842d78016ad823897a372db,3
275,461f43be3bdf8844e65b62d9ac2c7a5a,1
275,601a360bd2a916ecef0e88de72a6531a,1
275,6c3effec7c8ddba466d4f03f982c7aa3,1
275,6cdd53843498f92890544667809f1595,2
275,7fb04722aba7a2b632bac8f9819796f3,1
275,8c591ab0ca519558779df02023177f44,1
275,99a4788cb24856965c36a24e339b6058,2
275,a9516a079e37a9c9c36b9b78b10169e8,1
275,bb42f37fc3d9130e4a4339d24a47dd7c,1
275,bb50f2e236e5eea0100680137654686c,1
275,c4baedd846ed09b85f78a781b522f126,1
275,c7fd13b5e515bffdab855d0812842edb,1
275,d1c427060a0f73f6b889a5c7c61f2ac4,1
275,d285360f29ac7fd97640bf0baef03de0,1
275,d3c044bd42d84a79e3b0c42662806a48,1
275,ec2d43cc59763ec91694573b31f1c29a,3
275,ee0c1cf2fbeae95205b4aa506f1469f0,1
275,f7a17d2c51d9df89a4f1711c4ac17f33,1
275,fb55982be901439613a95940feefd9ee,1
276,0a57f7d2c983bcf8188589a5fea4a8da,2
276,154e7e31ebfa092203795c972e5804a6,3
276,2028bf1b01cafb2d2b1901fca4083222,1
276,29427de7f8a9ee983d9dbc51cec569b4,1
276,2b4609f8948be18874494203496bc318,3
276,363218ba55c610b750224f90bdd34be1,1
276,422879e10f46682990de24d770e7f83d,6
276,42a2c92a0979a949ca4ea89ec5c7b934,2
276,431d674f9a4fbd0957ecf6ba3fcb6899,2
276,43423cdffde7fda63d0414ed38c11a73,1
276,461f43be3bdf8844e65b62d9ac2c7a5a,4
276,569ffd16f8032478cbeb9800f2e94ba0,4
276,5d66715cc928aadd0074f61332698593,1
276,6cdd53843498f92890544667809f1595,1
276,75d6b6963340c6063f7f4cfcccfe6a30,1
276,99a4788cb24856965c36a24e339b6058,1
276,b532349fe46b38fbc7bb3914c1bdae07,4
276,c6336fa91fbd87c359e44f5dca5a90ed,1
276,cc971e0365873137b8bef2ebad633e6f,1
276,d04857e7b4b708ee8b8b9921163edba3,1
276,e0d64dcfaa3b6db5c54ca298ae101d05,2
276,e59dd207c69d86e890febadc796d1078,1
276,ec2d43cc59763ec91694573b31f1c29a,1
276,f1fe595ee7ef768b41bd9b246d13432d,1
276,f40876e0ef3cd5f9132b1f16b04b1346,1
276,fe01b643060a6446e59f58e3021e66b3,2
277,06edb72f1e0c64b14c5b79353f7abea3,1
277,0a57f7d2c983bcf8188589a5fea4a8da,5
277,0aabfb375647d9738ad0f7b4ea3653b1,2
277,11fd9d7ba552e1d28872e008acf1e050,1
277,2b4609f8948be18874494203496bc318,1
277,386486367c1f9d4f587a8864ccb6902b,1
277,389d119b48cf3043d311335e499d9c6b,2
277,422879e10f46682990de24d770e7f83d,3
277,44a34214a57dc373dcd80f54c919d006,3
277,4fcb3d9a5f4871e8362dfedbdb02b064,1
277,5f504b3a1c75b73d6151be81eb05bdc9,2
277,6c3effec7c8ddba466d4f03f982c7aa3,1
277,72172e982e8b92155069e4201c92c0bb,1
277,75d6b6963340c6063f7f4cfcccfe6a30,2
277,7814c273ab16783d73a9863ebfa8b141,1
277,7fb04722aba7a2b632bac8f9819796f3,2
277,84f456958365164420cfc80fbe4c7fab,1
277,9545d45c37449ccbc376de3a04c66e71,1
277,c4baedd846ed09b85f78a781b522f126,1
277,cc971e0365873137b8bef2ebad633e6f,1
277,cd48f265a63e13b762601f5f794c5fca,3
277,d017a2151d543a9885604dc62a3d9dcc,2
277,d04857e7b4b708ee8b8b9921163edba3,1
277,d1c427060a0f73f6b889a5c7c61f2ac4,1
277,d5991653e037ccb7af6ed7d94246b249,5
277,e0d64dcfaa3b6db5c54ca298ae101d05,1
277,e59dd207c69d86e890febadc796d1078,1
277,ea44caac707f7f1325182a538007f838,1
277,ec2d43cc59763ec91694573b31f1c29a,1
277,f1fe595ee7ef768b41bd9b246d13432d,1
277,f35927953ed82e19d06ad3aac2f06353,1
278,0a57f7d2c983bcf8188589a5fea4a8da,4
278,154e7e31ebfa092203795c972e5804a6,3
278,368c6c730842d78016ad823897a372db,1
278,422879e10f46682990de24d770e7f83d,1
278,431d674f9a4fbd0957ecf6ba3fcb6899,1
278,4413a608a42bd21bbf9d5abbd58c249a,1
278,44a34214a57dc373dcd80f54c919d006,1
278,4520766ec412348b8d4caa5e8a18c464,1
278,461f43be3bdf8844e65b62d9ac2c7a5a,1
278,601a360bd2a916ecef0e88de72a6531a,2
278,629e019a6f298a83aeecc7877964f935,1
278,6c3effec7c8ddba466d4f03f982c7aa3,1
278,6cdd53843498f92890544667809f1595,1
278,777d2e438a1b645f3aec9bd57e92672c,1
278,7a10781637204d8d10485c71a6108a2e,2
278,7fb04722aba7a2b632bac8f9819796f3,1
278,8aa6223e400af9c97b07c75993142721,1
278,a50acd33ba7a8da8e9db65094fa990a4,1
278,b532349fe46b38fbc7bb3914c1bdae07,3
278,b623b7cb05ee3248fbe4a6ecbeed79a4,1
278,d1c427060a0f73f6b889a5c7c61f2ac4,1
278,d5991653e037ccb7af6ed7d94246b249,2
278,ec2d43cc59763ec91694573b31f1c29a,2
278,ed2067a9c1f79553088a3c67b99a9f97,1
278,f1fe595ee7ef768b41bd9b246d13432d,1
279,08574b074924071f4e201e151b152b4e,2
279,0a57f7d2c983bcf8188589a5fea4a8da,3
279,0aabfb375647d9738ad0f7b4ea3653b1,1
279,2a2d22ae30e026f1893083c8405ca522,1
279,2a5806f10d0f00e5ad032dd2e3c8806e,1
279,2b4609f8948be18874494203496bc318,1
279,35afc973633aaeb6b877ff57b2793310,2
279,368c6c730842d78016ad823897a372db,1
279,386486367c1f9d4f587a8864ccb6902b,1
279,42a2c92a0979a949ca4ea89ec5c7b934,2
279,4b96786612ebe7463132fce2c4dca136,1
279,53759a2ecddad2bb87a079a1f1519f73,1
279,595fac2a385ac33a80bd5114aec74eb8,1
279,64fb265487de2238627ce43fe8a67efc,1
279,656e0eca68dcecf6a31b8ececfabe3e8,1
279,75d6b6963340c6063f7f4cfcccfe6a30,1
279,764292b2b0f73f77a0272be03fdd45f3,1
279,7814c273ab16783d73a9863ebfa8b141,1
279,7a10781637204d8d10485c71a6108a2e,2
279,7c1bd920dbdf22470b68bde975dd3ccf,1
279,7fb04722aba7a2b632bac8f9819796f3,1
279,8ed094bfe076c568f6bb10feada3f75d,2
279,99a4788cb24856965c36a24e339b6058,2
279,c4baedd846ed09b85f78a781b522f126,2
279,d1c427060a0f73f6b889a5c7c61f2ac4,1
279,ec2d43cc59763ec91694573b31f1c29a,1
279,ee0c1cf2fbeae95205b4aa506f1469f0,1
279,f71f42e2381752836563b70beb542f80,1
280,2028bf1b01cafb2d2b1901fca4083222,1
280,22c5ddc22ea8cae84fc9917def682dc6,1
280,29427de7f8a9ee983d9dbc51cec569b4,1
280,2b4609f8948be18874494203496bc318,1
280,368c6c730842d78016ad823897a372db,1
280,4413a608a42bd21bbf9d5abbd58c249a,1
280,53759a2ecddad2bb87a079a1f1519f73,2
280,5411e9269501a870cabf632f05655131,1
280,5f504b3a1c75b73d6151be81eb05bdc9,1
280,6c3effec7c8ddba466d4f03f982c7aa3,1
280,6cdd53843498f92890544667809f1595,1
280,7814c273ab16783d73a9863ebfa8b141,1
280,7a10781637204d8d10485c71a6108a2e,1
280,7c1bd920dbdf22470b68bde975dd3ccf,1
280,8c591ab0ca519558779df02023177f44,1
280,c1f5307decb89342351bec53668cffd9,1
280,d1c427060a0f73f6b889a5c7c61f2ac4,2
281,08574b074924071f4e201e151b152b4e,2
281,0aabfb375647d9738ad0f7b4ea3653b1,1
281,154e7e31ebfa092203795c972e5804a6,1
281,24c66f106f642621e524291a895c9032,2
281,2b4609f8948be18874494203496bc318,1
281,368c6c730842d78016ad823897a372db,3
281,389d119b48cf3043d311335e499d9c6b,1
281,42a2c92a0979a949ca4ea89ec5c7b934,1
281,4413a608a42bd21bbf9d5abbd58c249a,1
281,461f43be3bdf8844e65b62d9ac2c7a5a,2
281,6c3effec7c8ddba466d4f03f982c7aa3,1
281,7c1bd920dbdf22470b68bde975dd3ccf,1
281,7fb04722aba7a2b632bac8f9819796f3,1
281,a19b6951c75da43aad691622dd2f6abe,2
281,b532349fe46b38fbc7bb3914c1bdae07,1
281,ec2d43cc59763ec91694573b31f1c29a,1
281,f71f42e2381752836563b70beb542f80,2
282,08574b074924071f4e201e151b152b4e,1
282,0a57f7d2c983bcf8188589a5fea4a8da,1
282,0aabfb375647d9738ad0f7b4ea3653b1,1
282,165f86fe8b799a708a20ee4ba125c289,1
282,2136c70bbe723d338fab53da3c03e6dc,1
282,24c66f106f642621e524291a895c9032,1
282,25f86162fee18735fffdb762dcb10d7c,1
282,2a2d22ae30e026f1893083c8405ca522,1
282,35afc973633aaeb6b877ff57b2793310,1
282,368c6c730842d78016ad823897a372db,4
282,431d674f9a4fbd0957ecf6ba3fcb6899,3
282,461f43be3bdf8844e65b62d9ac2c7a5a,1
282,4c2394abfbac7ff59ec7a420918562fa,1
282,52c80cedd4e90108bf4fa6a206ef6b03,1
282,617186c3d97ea56c9c683a8a3974e8c1,1
282,6c3effec7c8ddba466d4f03f982c7aa3,1
282,7814c273ab16783d73a9863ebfa8b141,1
282,7a10781637204d8d10485c71a6108a2e,1
282,84f456958365164420cfc80fbe4c7fab,1
282,8aa6223e400af9c97b07c75993142721,1
282,99a4788cb24856965c36a24e339b6058,1
282,9ecadb84c81da840dbf3564378b586e9,2
282,a92930c327948861c015c919a0bcb4a8,1
282,d1c427060a0f73f6b889a5c7c61f2ac4,1
283,0a57f7d2c983bcf8188589a5fea4a8da,1
283,0aabfb375647d9738ad0f7b4ea3653b1,2
283,11fd9d7ba552e1d28872e008acf1e050,1
283,154e7e31ebfa092203795c972e5804a6,1
283,165f86fe8b799a708a20ee4ba125c289,1
283,2028bf1b01cafb2d2b1901fca4083222,1
283,2b4609f8948be18874494203496bc318,2
283,362b773250263786dd58670d2df42c3b,1
283,386486367c1f9d4f587a8864ccb6902b,1
283,389d119b48cf3043d311335e499d9c6b,1
283,43423cdffde7fda63d0414ed38c11a73,1
283,4413a608a42bd21bbf9d5abbd58c249a,1
283,461f43be3bdf8844e65b62d9ac2c7a5a,1
283,617186c3d97ea56c9c683a8a3974e8c1,1
283,6a8631b72a2f8729b91514db87e771c0,1
283,7fb04722aba7a2b632bac8f9819796f3,2
283,99a4788cb24856965c36a24e339b6058,1
283,9ecadb84c81da840dbf3564378b586e9,3
283,b532349fe46b38fbc7bb3914c1bdae07,3
283,bd6e6fce9ada76ea2db0f1912e8e478f,2
283,d04857e7b4b708ee8b8b9921163edba3,1
283,d1c427060a0f73f6b889a5c7c61f2ac4,1
283,d696750e550fd0f733979dd7e5dff921,1
283,ee406bf28024d97771c4b1e8b7e8e219,1
283,f1fe595ee7ef768b41bd9b246d13432d,1
284,0aabfb375647d9738ad0f7b4ea3653b1,2
284,154e7e31ebfa092203795c972e5804a6,1
284,22c5ddc22ea8cae84fc9917def682dc6,1
284,2b4609f8948be18874494203496bc318,1
284,368c6c730842d78016ad823897a372db,1
284,422879e10f46682990de24d770e7f83d,2
284,431d674f9a4fbd0957ecf6ba3fcb6899,1
284,4413a608a42bd21bbf9d5abbd58c249a,1
284,53759a2ecddad2bb87a079a1f1519f73,1
284,617186c3d97ea56c9c683a8a3974e8c1,1
284,7fb04722aba7a2b632bac8f9819796f3,1
284,84f456958365164420cfc80fbe4c7fab,1
284,8c591ab0ca519558779df02023177f44,2
284,99a4788cb24856965c36a24e339b6058,1
284,b532349fe46b38fbc7bb3914c1bdae07,2
284,cc971e0365873137b8bef2ebad633e6f,1
284,d1c427060a0f73f6b889a5c7c61f2ac4,1
284,d5991653e037ccb7af6ed7d94246b249,4
284,f7a17d2c51d9df89a4f1711c4ac17f33,1
285,0aabfb375647d9738ad0f7b4ea3653b1,3
285,130482add9fd75ccb6c57ba007694a2d,1
285,165f86fe8b799a708a20ee4ba125c289,1
285,2136c70bbe723d338fab53da3c03e6dc,1
285,362b773250263786dd58670d2df42c3b,1
285,389d119b48cf3043d311335e499d9c6b,2
285,42a2c92a0979a949ca4ea89ec5c7b934,1
285,431d674f9a4fbd0957ecf6ba3fcb6899,1
285,43423cdffde7fda63d0414ed38c11a73,6
285,461f43be3bdf8844e65b62d9ac2c7a5a,1
285,53759a2ecddad2bb87a079a1f1519f73,1
285,5411e9269501a870cabf632f05655131,1
285,617186c3d97ea56c9c683a8a3974e8c1,2
285,656e0eca68dcecf6a31b8ececfabe3e8,1
285,6a8631b72a2f8729b91514db87e771c0,2
285,6cdd53843498f92890544667809f1595,1
285,75d6b6963340c6063f7f4cfcccfe6a30,1
285,7c1bd920dbdf22470b68bde975dd3ccf,2
285,8c292ca193d326152e335d77176746f0,1
285,8ed094bfe076c568f6bb10feada3f75d,4
285,c4baedd846ed09b85f78a781b522f126,1
285,c6336fa91fbd87c359e44f5dca5a90ed,1
285,c7fd13b5e515bffdab855d0812842edb,1
285,d017a2151d543a9885604dc62a3d9dcc,1
285,d285360f29ac7fd97640bf0baef03de0,1
286,165f86fe8b799a708a20ee4ba125c289,3
286,2028bf1b01cafb2d2b1901fca4083222,1
286,2136c70bbe723d338fab53da3c03e6dc,1
286,2a2d22ae30e026f1893083c8405ca522,1
286,2b4609f8948be18874494203496bc318,2
286,362b773250263786dd58670d2df42c3b,1
286,368c6c730842d78016ad823897a372db,1
286,389d119b48cf3043d311335e499d9c6b,2
286,42a2c92a0979a949ca4ea89ec5c7b934,1
286,431d674f9a4fbd0957ecf6ba3fcb6899,1
286,4413a608a42bd21bbf9d5abbd58c249a,2
286,4c2394abfbac7ff59ec7a420918562fa,1
286,52c80cedd4e90108bf4fa6a206ef6b03,1
286,53759a2ecddad2bb87a079a1f1519f73,2
286,5f504b3a1c75b73d6151be81eb05bdc9,2
286,64fb265487de2238627ce43fe8a67efc,1
286,7a10781637204d8d10485c71a6108a2e,1
286,7c1bd920dbdf22470b68bde975dd3ccf,2
286,7fb04722aba7a2b632bac8f9819796f3,1
286,880be32f4db1d9f6e2bec38fb6ac23ab,1
286,8c591ab0ca519558779df02023177f44,2
286,8ed094bfe076c568f6bb10feada3f75d,1
286,b532349fe46b38fbc7bb3914c1bdae07,8
286,b623b7cb05ee3248fbe4a6ecbeed79a4,1
286,eb8c629f70275fd1c4f809116cce1efc,1
286,ec2d43cc59763ec91694573b31f1c29a,1
286,f1fe595ee7ef768b41bd9b246d13432d,1
286,fe01b643060a6446e59f58e3021e66b3,1
287,06edb72f1e0c64b14c5b79353f7abea3,1
287,154e7e31ebfa092203795c972e5804a6,1
287,165f86fe8b799a708a20ee4ba125c289,1
287,362b773250263786dd58670d2df42c3b,1
287,422879e10f46682990de24d770e7f83d,1
287,42a2c92a0979a949ca4ea89ec5c7b934,2
287,43423cdffde7fda63d0414ed38c11a73,6
287,461f43be3bdf8844e65b62d9ac2c7a5a,2
287,595fac2a385ac33a80bd5114aec74eb8,1
287,764292b2b0f73f77a0272be03fdd45f3,1
287,880be32f4db1d9f6e2bec38fb6ac23ab,1
287,8c591ab0ca519558779df02023177f44,1
287,99a4788cb24856965c36a24e339b6058,1
287,b0961721fd839e9982420e807758a2a6,1
287,c7fd13b5e515bffdab855d0812842edb,2
287,d1c427060a0f73f6b889a5c7c61f2ac4,1
287,d285360f29ac7fd97640bf0baef03de0,1
287,d5991653e037ccb7af6ed7d94246b249,1
287,ec2d43cc59763ec91694573b31f1c29a,1
287,f71f42e2381752836563b70beb542f80,1
288,165f86fe8b799a708a20ee4ba125c289,2
288,2028bf1b01cafb2d2b1901fca4083222,1
288,422879e10f46682990de24d770e7f83d,1
288,4413a608a42bd21bbf9d5abbd58c249a,1
288,6cdd53843498f92890544667809f1595,1
288,880be32f4db1d9f6e2bec38fb6ac23ab,1
288,b5e13c9a353102f79c6206ff5cb61a50,1
288,c4baedd846ed09b85f78a781b522f126,2
288,ec2d43cc59763ec91694573b31f1c29a,1
288,f1fe595ee7ef768b41bd9b246d13432d,1
288,f71f42e2381752836563b70beb542f80,1
288,f7a17d2c51d9df89a4f1711c4ac17f33,1
289,0bcc3eeca39e1064258aa1e932269894,1
289,130482add9fd75ccb6c57ba007694a2d,1
289,154e7e31ebfa092203795c972e5804a6,5
289,2028bf1b01cafb2d2b1901fca4083222,1
289,2136c70bbe723d338fab53da3c03e6dc,3
289,2b4609f8948be18874494203496bc318,1
289,368c6c730842d78016ad823897a372db,5
289,389d119b48cf3043d311335e499d9c6b,2
289,422879e10f46682990de24d770e7f83d,1
289,42a2c92a0979a949ca4ea89ec5c7b934,1
289,43423cdffde7fda63d0414ed38c11a73,1
289,4413a608a42bd21bbf9d5abbd58c249a,2
289,44a34214a57dc373dcd80f54c919d006,1
289,461f43be3bdf8844e65b62d9ac2c7a5a,1
289,52c80cedd4e90108bf4fa6a206ef6b03,1
289,5411e9269501a870cabf632f05655131,1
289,5b226d7c52f86ac72457617f78cff95d,2
289,64fb265487de2238627ce43fe8a67efc,1
289,7c1bd920dbdf22470b68bde975dd3ccf,1
289,7fb04722aba7a2b632bac8f9819796f3,1
289,8aa6223e400af9c97b07c75993142721,1
289,9ecadb84c81da840dbf3564378b586e9,3
289,b5e13c9a353102f79c6206ff5cb61a50,1
289,ec2d43cc59763ec91694573b31f1c29a,1
289,f71f42e2381752836563b70beb542f80,1
290,0aabfb375647d9738ad0f7b4ea3653b1,2
290,165f86fe8b799a708a20ee4ba125c289,1
290,2028bf1b01cafb2d2b1901fca4083222,1
290,2136c70bbe723d338fab53da3c03e6dc,1
290,29427de7f8a9ee983d9dbc51cec569b4,2
290,389d119b48cf3043d311335e499d9c6b,3
290,422879e10f46682990de24d770e7f83d,2
290,43423cdffde7fda63d0414ed38c11a73,1
290,4413a608a42bd21bbf9d5abbd58c249a,1
290,656e0eca68dcecf6a31b8ececfabe3e8,1
290,6c3effec7c8ddba466d4f03f982c7aa3,1
290,764292b2b0f73f77a0272be03fdd45f3,1
290,99a4788cb24856965c36a24e339b6058,1
290,a02d0123079f4ae96001ba2010d1a2df,1
290,c4baedd846ed09b85f78a781b522f126,1
290,cd48f265a63e13b762601f5f794c5fca,1
290,d5991653e037ccb7af6ed7d94246b249,2
290,d696750e550fd0f733979dd7e5dff921,1
290,ed2067a9c1f79553088a3c67b99a9f97,1
291,0aabfb375647d9738ad0f7b4ea3653b1,2
291,154e7e31ebfa092203795c972e5804a6,2
291,165f86fe8b799a708a20ee4ba125c289,2
291,22c5ddc22ea8cae84fc9917def682dc6,2
291,2a2d22ae30e026f1893083c8405ca522,1
291,35afc973633aaeb6b877ff57b2793310,1
291,363218ba55c610b750224f90bdd34be1,1
291,368c6c730842d78016ad823897a372db,4
291,36f60d45225e60c7da4558b070ce4b60,1
291,431d674f9a4fbd0957ecf6ba3fcb6899,2
291,53759a2ecddad2bb87a079a1f1519f73,1
291,617186c3d97ea56c9c683a8a3974e8c1,1
291,656e0eca68dcecf6a31b8ececfabe3e8,1
291,6c3effec7c8ddba466d4f03f982c7aa3,1
291,7c1bd920dbdf22470b68bde975dd3ccf,1
291,8c591ab0ca519558779df02023177f44,3
291,8ed094bfe076c568f6bb10feada3f75d,2
291,99a4788cb24856965c36a24e339b6058,1
291,a50acd33ba7a8da8e9db65094fa990a4,1
291,aba86c093ccdbac75b09111d57e50004,5
291,aca2eb7d00ea1a7b8ebd4e68314663af,3
291,b0961721fd839e9982420e807758a2a6,1
291,c4baedd846ed09b85f78a781b522f126,3
291,c6336fa91fbd87c359e44f5dca5a90ed,3
291,d04857e7b4b708ee8b8b9921163edba3,1
291,d285360f29ac7fd97640bf0baef03de0,1
291,ec2d43cc59763ec91694573b31f1c29a,1
291,f35927953ed82e19d06ad3aac2f06353,1
291,fb55982be901439613a95940feefd9ee,1
291,fe01b643060a6446e59f58e3021e66b3,2
292,08574b074924071f4e201e151b152b4e,2
292,165f86fe8b799a708a20ee4ba125c289,1
292,35afc973633aaeb6b877ff57b2793310,1
292,368c6c730842d78016ad823897a372db,1
292,386486367c1f9d4f587a8864ccb6902b,2
292,422879e10f46682990de24d770e7f83d,1
292,4413a608a42bd21bbf9d5abbd58c249a,1
292,53759a2ecddad2bb87a079a1f1519f73,1
292,5f504b3a1c75b73d6151be81eb05bdc9,1
292,72172e982e8b92155069e4201c92c0bb,1
292,7a10781637204d8d10485c71a6108a2e,1
292,99a4788cb24856965c36a24e339b6058,5
292,a50acd33ba7a8da8e9db65094fa990a4,1
292,bb50f2e236e5eea0100680137654686c,1
292,c3ba4e8d3cb30049213b682e751e9d00,1
292,d1c427060a0f73f6b889a5c7c61f2ac4,2
292,d285360f29ac7fd97640bf0baef03de0,1
292,d5991653e037ccb7af6ed7d94246b249,6
292,ea44caac707f7f1325182a538007f838,1
292,ec2d43cc59763ec91694573b31f1c29a,2
293,0aabfb375647d9738ad0f7b4ea3653b1,1
293,165f86fe8b799a708a20ee4ba125c289,1
293,2028bf1b01cafb2d2b1901fca4083222,2
293,29427de7f8a9ee983d9dbc51cec569b4,1
293,2b4609f8948be18874494203496bc318,1
293,35afc973633aaeb6b877ff57b2793310,1
293,362b773250263786dd58670d2df42c3b,2
293,422879e10f46682990de24d770e7f83d,4
293,42a2c92a0979a949ca4ea89ec5c7b934,3
293,53759a2ecddad2bb87a079a1f1519f73,2
293,5f504b3a1c75b73d6151be81eb05bdc9,1
293,64fb265487de2238627ce43fe8a67efc,1
293,6c3effec7c8ddba466d4f03f982c7aa3,2
293,99a4788cb24856965c36a24e339b6058,2
293,a50acd33ba7a8da8e9db65094fa990a4,1
293,d285360f29ac7fd97640bf0baef03de0,1
293,eb8c629f70275fd1c4f809116cce1efc,2
293,ec2d43cc59763ec91694573b31f1c29a,1
294,0bcc3eeca39e1064258aa1e932269894,2
294,154e7e31ebfa092203795c972e5804a6,2
294,165f86fe8b799a708a20ee4ba125c289,1
294,2136c70bbe723d338fab53da3c03e6dc,2
294,35afc973633aaeb6b877ff57b2793310,3
294,368c6c730842d78016ad823897a372db,2
294,386486367c1f9d4f587a8864ccb6902b,1
294,42a2c92a0979a949ca4ea89ec5c7b934,1
294,461f43be3bdf8844e65b62d9ac2c7a5a,1
294,5f504b3a1c75b73d6151be81eb05bdc9,1
294,617186c3d97ea56c9c683a8a3974e8c1,1
294,6c3effec7c8ddba466d4f03f982c7aa3,1
294,75d6b6963340c6063f7f4cfcccfe6a30,1
294,764292b2b0f73f77a0272be03fdd45f3,1
294,7fb04722aba7a2b632bac8f9819796f3,1
294,84f456958365164420cfc80fbe4c7fab,1
294,99a4788cb24856965c36a24e339b6058,1
294,a50acd33ba7a8da8e9db65094fa990a4,2
294,a92930c327948861c015c919a0bcb4a8,1
294,b623b7cb05ee3248fbe4a6ecbeed79a4,2
294,c3ba4e8d3cb30049213b682e751e9d00,1
294,c7fd13b5e515bffdab855d0812842edb,1
294,d017a2151d543a9885604dc62a3d9dcc,1
294,d1c427060a0f73f6b889a5c7c61f2ac4,1
294,ec2d43cc59763ec91694573b31f1c29a,2
294,f40876e0ef3cd5f9132b1f16b04b1346,1
294,f71973c922ccaab05514a36a8bc741b8,1
294,fe01b643060a6446e59f58e3021e66b3,2
295,165f86fe8b799a708a20ee4ba125c289,2
295,2028bf1b01cafb2d2b1901fca4083222,1
295,25f86162fee18735fffdb762dcb10d7c,1
295,368c6c730842d78016ad823897a372db,2
295,389d119b48cf3043d311335e499d9c6b,2
295,422879e10f46682990de24d770e7f83d,2
295,42a2c92a0979a949ca4ea89ec5c7b934,3
295,4413a608a42bd21bbf9d5abbd58c249a,2
295,461f43be3bdf8844e65b62d9ac2c7a5a,1
295,4c2394abfbac7ff59ec7a420918562fa,1
295,53759a2ecddad2bb87a079a1f1519f73,2
295,595fac2a385ac33a80bd5114aec74eb8,1
295,5d66715cc928aadd0074f61332698593,1
295,764292b2b0f73f77a0272be03fdd45f3,1
295,7fb04722aba7a2b632bac8f9819796f3,2
295,99a4788cb24856965c36a24e339b6058,1
295,b623b7cb05ee3248fbe4a6ecbeed79a4,1
295,ec2d43cc59763ec91694573b31f1c29a,1
296,08574b074924071f4e201e151b152b4e,1
296,0aabfb375647d9738ad0f7b4ea3653b1,2
296,154e7e31ebfa092203795c972e5804a6,2
296,165f86fe8b799a708a20ee4ba125c289,1
296,24c66f106f642621e524291a895c9032,1
296,2a2d22ae30e026f1893083c8405ca522,1
296,362b773250263786dd58670d2df42c3b,1
296,368c6c730842d78016ad823897a372db,3
296,386486367c1f9d4f587a8864ccb6902b,2
296,389d119b48cf3043d311335e499d9c6b,4
296,4413a608a42bd21bbf9d5abbd58c249a,2
296,473795a355d29305c3ea6b156833adf5,1
296,53759a2ecddad2bb87a079a1f1519f73,2
296,9545d45c37449ccbc376de3a04c66e71,1
296,a02d0123079f4ae96001ba2010d1a2df,1
296,bd6e6fce9ada76ea2db0f1912e8e478f,1
296,c4baedd846ed09b85f78a781b522f126,1
296,d5991653e037ccb7af6ed7d94246b249,1
296,e0cf79767c5b016251fe139915c59a26,1
296,ec2d43cc59763ec91694573b31f1c29a,1
296,f40876e0ef3cd5f9132b1f16b04b1346,1
297,08574b074924071f4e201e151b152b4e,1
297,165f86fe8b799a708a20ee4ba125c289,1
297,2136c70bbe723d338fab53da3c03e6dc,1
297,368c6c730842d78016ad823897a372db,2
297,422879e10f46682990de24d770e7f83d,2
297,4520766ec412348b8d4caa5e8a18c464,1
297,461f43be3bdf8844e65b62d9ac2c7a5a,3
297,4fcb3d9a5f4871e8362dfedbdb02b064,1
297,52c80cedd4e90108bf4fa6a206ef6b03,1
297,595fac2a385ac33a80bd5114aec74eb8,1
297,5b226d7c52f86ac72457617f78cff95d,1
297,5f504b3a1c75b73d6151be81eb05bdc9,1
297,64fb265487de2238627ce43fe8a67efc,2
297,777d2e438a1b645f3aec9bd57e92672c,2
297,7a10781637204d8d10485c71a6108a2e,1
297,880be32f4db1d9f6e2bec38fb6ac23ab,1
297,8aa6223e400af9c97b07c75993142721,1
297,9545d45c37449ccbc376de3a04c66e71,1
297,b532349fe46b38fbc7bb3914c1bdae07,6
297,b5e13c9a353102f79c6206ff5cb61a50,1
297,bd6e6fce9ada76ea2db0f1912e8e478f,1
297,d1c427060a0f73f6b889a5c7c61f2ac4,1
297,d5991653e037ccb7af6ed7d94246b249,1
297,ea44caac707f7f1325182a538007f838,1
297,ec2d43cc59763ec91694573b31f1c29a,2
297,f1fe595ee7ef768b41bd9b246d13432d,1
297,fe01b643060a6446e59f58e3021e66b3,1
298,08574b074924071f4e201e151b152b4e,4
298,0aabfb375647d9738ad0f7b4ea3653b1,1
298,154e7e31ebfa092203795c972e5804a6,1
298,165f86fe8b799a708a20ee4ba125c289,1
298,2136c70bbe723d338fab53da3c03e6dc,2
298,2a2d22ae30e026f1893083c8405ca522,2
298,2a5806f10d0f00e5ad032dd2e3c8806e,1
298,2b4609f8948be18874494203496bc318,1
298,368c6c730842d78016ad823897a372db,1
298,389d119b48cf3043d311335e499d9c6b,2
298,422879e10f46682990de24d770e7f83d,1
298,4413a608a42bd21bbf9d5abbd58c249a,1
298,461f43be3bdf8844e65b62d9ac2c7a5a,2
298,4c2394abfbac7ff59ec7a420918562fa,1
298,52c80cedd4e90108bf4fa6a206ef6b03,2
298,53759a2ecddad2bb87a079a1f1519f73,2
298,5b226d7c52f86ac72457617f78cff95d,1
298,5f504b3a1c75b73d6151be81eb05bdc9,1
298,72172e982e8b92155069e4201c92c0bb,1
298,777d2e438a1b645f3aec9bd57e92672c,1
298,7c1bd920dbdf22470b68bde975dd3ccf,1
298,97017430754804328eb9597b7f85da03,1
298,99a4788cb24856965c36a24e339b6058,2
298,9ecadb84c81da840dbf3564378b586e9,1
298,a9516a079e37a9c9c36b9b78b10169e8,1
298,bb50f2e236e5eea0100680137654686c,1
298,d017a2151d543a9885604dc62a3d9dcc,1
298,d2f5484cbffe4ca766301b21ab9246dd,1
298,eb8c629f70275fd1c4f809116cce1efc,1
298,ec2d43cc59763ec91694573b31f1c29a,1
298,ed2067a9c1f79553088a3c67b99a9f97,1
298,ee406bf28024d97771c4b1e8b7e8e219,1
298,f40876e0ef3cd5f9132b1f16b04b1346,1
298,f71f42e2381752836563b70beb542f80,1
299,154e7e31ebfa092203795c972e5804a6,1
299,165f86fe8b799a708a20ee4ba125c289,1
299,2136c70bbe723d338fab53da3c03e6dc,1
299,24c66f106f642621e524291a895c9032,1
299,29427de7f8a9ee983d9dbc51cec569b4,1
299,35afc973633aaeb6b877ff57b2793310,2
299,368c6c730842d78016ad823897a372db,2
299,386486367c1f9d4f587a8864ccb6902b,1
299,389d119b48cf3043d311335e499d9c6b,1
299,42a2c92a0979a949ca4ea89ec5c7b934,1
299,431d674f9a4fbd0957ecf6ba3fcb6899,2
299,4413a608a42bd21bbf9d5abbd58c249a,1
299,64fb265487de2238627ce43fe8a67efc,1
299,7c1bd920dbdf22470b68bde975dd3ccf,1
299,7ce94ab189134e2d3c05f496d635419c,1
299,9545d45c37449ccbc376de3a04c66e71,1
299,a02d0123079f4ae96001ba2010d1a2df,1
299,b0961721fd839e9982420e807758a2a6,2
299,b532349fe46b38fbc7bb3914c1bdae07,1
299,d04857e7b4b708ee8b8b9921163edba3,1
299,ea44caac707f7f1325182a538007f838,1
299,ec2d43cc59763ec91694573b31f1c29a,4
299,f71973c922ccaab05514a36a8bc741b8,1
300,11fd9d7ba552e1d28872e008acf1e050,1
300,154e7e31ebfa092203795c972e5804a6,1
300,165f86fe8b799a708a20ee4ba125c289,1
300,22c5ddc22ea8cae84fc9917def682dc6,1
300,25f86162fee18735fffdb762dcb10d7c,1
300,368c6c730842d78016ad823897a372db,1
300,389d119b48cf3043d311335e499d9c6b,8
300,422879e10f46682990de24d770e7f83d,1
300,42a2c92a0979a949ca4ea89ec5c7b934,1
300,4aa6014eceb682077f9dc4bffebc05b0,1
300,53759a2ecddad2bb87a079a1f1519f73,1
300,5411e9269501a870cabf632f05655131,2
300,629e019a6f298a83aeecc7877964f935,1
300,656e0eca68dcecf6a31b8ececfabe3e8,1
300,6c3effec7c8ddba466d4f03f982c7aa3,1
300,6cdd53843498f92890544667809f1595,1
300,7c1bd920dbdf22470b68bde975dd3ccf,1
300,8c591ab0ca519558779df02023177f44,3
300,99a4788cb24856965c36a24e339b6058,1
300,9ecadb84c81da840dbf3564378b586e9,2
300,a50acd33ba7a8da8e9db65094fa990a4,2
300,a9516a079e37a9c9c36b9b78b10169e8,2
300,af51d485dc5255ba2e18b21b550156e6,1
300,b5e13c9a353102f79c6206ff5cb61a50,1
300,bb50f2e236e5eea0100680137654686c,1
300,d017a2151d543a9885604dc62a3d9dcc,2
300,d1c427060a0f73f6b889a5c7c61f2ac4,1
300,f40876e0ef3cd5f9132b1f16b04b1346,1
301,154e7e31ebfa092203795c972e5804a6,1
301,165f86fe8b799a708a20ee4ba125c289,3
301,22c5ddc22ea8cae84fc9917def682dc6,1
301,2ffdf10e724b958c0f7ea69e97d32f64,2
301,389d119b48cf3043d311335e499d9c6b,1
301,422879e10f46682990de24d770e7f83d,2
301,52c80cedd4e90108bf4fa6a206ef6b03,1
301,53759a2ecddad2bb87a079a1f1519f73,1
301,53b36df67ebb7c41585e8d54d6772e08,2
301,5411e9269501a870cabf632f05655131,1
301,601a360bd2a916ecef0e88de72a6531a,1
301,656e0eca68dcecf6a31b8ececfabe3e8,1
301,6c3effec7c8ddba466d4f03f982c7aa3,1
301,764292b2b0f73f77a0272be03fdd45f3,1
301,aca2eb7d00ea1a7b8ebd4e68314663af,4
301,afeeea6271148ee1bb15173b8187c431,2
301,b532349fe46b38fbc7bb3914c1bdae07,1
301,b5e13c9a353102f79c6206ff5cb61a50,1
301,c4baedd846ed09b85f78a781b522f126,2
301,d017a2151d543a9885604dc62a3d9dcc,1
301,d5991653e037ccb7af6ed7d94246b249,1
301,f1fe595ee7ef768b41bd9b246d13432d,1
302,08574b074924071f4e201e151b152b4e,1
302,165f86fe8b799a708a20ee4ba125c289,4
302,2b4609f8948be18874494203496bc318,2
302,2ffdf10e724b958c0f7ea69e97d32f64,1
302,368c6c730842d78016ad823897a372db,2
302,422879e10f46682990de24d770e7f83d,1
302,42a2c92a0979a949ca4ea89ec5c7b934,4
302,53759a2ecddad2bb87a079a1f1519f73,1
302,5d66715cc928aadd0074f61332698593,1
302,8317b177579dd27ff068b83205e2169b,2
302,84f456958365164420cfc80fbe4c7fab,1
302,99a4788cb24856965c36a24e339b6058,1
302,9ecadb84c81da840dbf3564378b586e9,3
302,a50acd33ba7a8da8e9db65094fa990a4,1
302,a92930c327948861c015c919a0bcb4a8,1
302,aca2eb7d00ea1a7b8ebd4e68314663af,1
302,b532349fe46b38fbc7bb3914c1bdae07,2
302,b5e13c9a353102f79c6206ff5cb61a50,1
302,bb42f37fc3d9130e4a4339d24a47dd7c,1
302,bee2e070c39f3dd2f6883a17a5f0da45,2
302,d3c044bd42d84a79e3b0c42662806a48,2
302,e03102efbc2229024c89be731f0aedcb,1
302,ec2d43cc59763ec91694573b31f1c29a,1
302,ee0c1cf2fbeae95205b4aa506f1469f0,1
302,f71f42e2381752836563b70beb542f80,1
302,fb55982be901439613a95940feefd9ee,1
303,165f86fe8b799a708a20ee4ba125c289,1
303,2b4609f8948be18874494203496bc318,1
303,2ffdf10e724b958c0f7ea69e97d32f64,1
303,389d119b48cf3043d311335e499d9c6b,1
303,42a2c92a0979a949ca4ea89ec5c7b934,2
303,461f43be3bdf8844e65b62d9ac2c7a5a,1
303,4aa6014eceb682077f9dc4bffebc05b0,1
303,53b36df67ebb7c41585e8d54d6772e08,1
303,5411e9269501a870cabf632f05655131,1
303,5d66715cc928aadd0074f61332698593,1
303,64fb265487de2238627ce43fe8a67efc,1
303,75d6b6963340c6063f7f4cfcccfe6a30,1
303,764292b2b0f73f77a0272be03fdd45f3,1
303,7c1bd920dbdf22470b68bde975dd3ccf,1
303,88dd63919fc9ab693803578a04a20209,1
303,9ecadb84c81da840dbf3564378b586e9,1
303,a50acd33ba7a8da8e9db65094fa990a4,1
303,a62e25e09e05e6faf31d90c6ec1aa3d1,1
303,aca2eb7d00ea1a7b8ebd4e68314663af,3
303,b5e13c9a353102f79c6206ff5cb61a50,1
303,d285360f29ac7fd97640bf0baef03de0,2
303,db5efde3ad0cc579b130d71c4b2db522,1
303,e0cf79767c5b016251fe139915c59a26,1
303,ed2067a9c1f79553088a3c67b99a9f97,1
303,f7a17d2c51d9df89a4f1711c4ac17f33,1
304,08574b074924071f4e201e151b152b4e,2
304,165f86fe8b799a708a20ee4ba125c289,1
304,25f86162fee18735fffdb762dcb10d7c,1
304,2b4609f8948be18874494203496bc318,1
304,2ffdf10e724b958c0f7ea69e97d32f64,1
304,422879e10f46682990de24d770e7f83d,2
304,42a2c92a0979a949ca4ea89ec5c7b934,4
304,461f43be3bdf8844e65b62d9ac2c7a5a,2
304,53759a2ecddad2bb87a079a1f1519f73,1
304,5411e9269501a870cabf632f05655131,2
304,5a848e4ab52fd5445cdc07aab1c40e48,1
304,5b226d7c52f86ac72457617f78cff95d,1
304,5d66715cc928aadd0074f61332698593,1
304,601a360bd2a916ecef0e88de72a6531a,1
304,b5e13c9a353102f79c6206ff5cb61a50,1
304,c4baedd846ed09b85f78a781b522f126,1
304,d3c044bd42d84a79e3b0c42662806a48,2
304,d5991653e037ccb7af6ed7d94246b249,1
304,ec2d43cc59763ec91694573b31f1c29a,3
304,ee406bf28024d97771c4b1e8b7e8e219,1
304,fe01b643060a6446e59f58e3021e66b3,1
305,130482add9fd75ccb6c57ba007694a2d,1
305,154e7e31ebfa092203795c972e5804a6,1
305,389d119b48cf3043d311335e499d9c6b,1
305,42a2c92a0979a949ca4ea89ec5c7b934,2
305,461f43be3bdf8844e65b62d9ac2c7a5a,1
305,601a360bd2a916ecef0e88de72a6531a,1
305,64fb265487de2238627ce43fe8a67efc,1
305,72172e982e8b92155069e4201c92c0bb,1
305,764292b2b0f73f77a0272be03fdd45f3,3
305,8317b177579dd27ff068b83205e2169b,1
305,8c591ab0ca519558779df02023177f44,1
305,9545d45c37449ccbc376de3a04c66e71,2
305,aca2eb7d00ea1a7b8ebd4e68314663af,1
305,b114bf337c0626166abe574eee9e3f32,1
305,b532349fe46b38fbc7bb3914c1bdae07,3
305,bb50f2e236e5eea0100680137654686c,1
305,bd6e6fce9ada76ea2db0f1912e8e478f,1
305,db5efde3ad0cc579b130d71c4b2db522,1
305,ec2d43cc59763ec91694573b31f1c29a,2
305,f71f42e2381752836563b70beb542f80,2
305,fb55982be901439613a95940feefd9ee,1
306,08574b074924071f4e201e151b152b4e,1
306,154e7e31ebfa092203795c972e5804a6,1
306,2028bf1b01cafb2d2b1901fca4083222,1
306,2136c70bbe723d338fab53da3c03e6dc,1
306,35afc973633aaeb6b877ff57b2793310,2
306,389d119b48cf3043d311335e499d9c6b,5
306,422879e10f46682990de24d770e7f83d,2
306,42a2c92a0979a949ca4ea89ec5c7b934,2
306,53759a2ecddad2bb87a079a1f1519f73,1
306,5411e9269501a870cabf632f05655131,1
306,595fac2a385ac33a80bd5114aec74eb8,1
306,6c3effec7c8ddba466d4f03f982c7aa3,1
306,6cdd53843498f92890544667809f1595,1
306,7a10781637204d8d10485c71a6108a2e,1
306,7c1bd920dbdf22470b68bde975dd3ccf,1
306,84f456958365164420cfc80fbe4c7fab,1
306,8c591ab0ca519558779df02023177f44,1
306,9545d45c37449ccbc376de3a04c66e71,1
306,a50acd33ba7a8da8e9db65094fa990a4,1
306,a62e25e09e05e6faf31d90c6ec1aa3d1,1
306,b114bf337c0626166abe574eee9e3f32,1
306,c4baedd846ed09b85f78a781b522f126,2
306,d285360f29ac7fd97640bf0baef03de0,1
306,f264c1d9b20b5e4a340254d0405e613b,1
307,06edb72f1e0c64b14c5b79353f7abea3,1
307,0bcc3eeca39e1064258aa1e932269894,2
307,154e7e31ebfa092203795c972e5804a6,1
307,165f86fe8b799a708a20ee4ba125c289,1
307,2136c70bbe723d338fab53da3c03e6dc,1
307,25f86162fee18735fffdb762dcb10d7c,2
307,2a5806f10d0f00e5ad032dd2e3c8806e,1
307,2b4609f8948be18874494203496bc318,1
307,368c6c730842d78016ad823897a372db,2
307,389d119b48cf3043d311335e499d9c6b,3
307,422879e10f46682990de24d770e7f83d,2
307,4413a608a42bd21bbf9d5abbd58c249a,1
307,473795a355d29305c3ea6b156833adf5,2
307,4b96786612ebe7463132fce2c4dca136,1
307,52c80cedd4e90108bf4fa6a206ef6b03,1
307,53759a2ecddad2bb87a079a1f1519f73,4
307,5411e9269501a870cabf632f05655131,1
307,5d66715cc928aadd0074f61332698593,1
307,629e019a6f298a83aeecc7877964f935,1
307,7c1bd920dbdf22470b68bde975dd3ccf,1
307,7fb04722aba7a2b632bac8f9819796f3,1
307,8c591ab0ca519558779df02023177f44,6
307,aca2eb7d00ea1a7b8ebd4e68314663af,5
307,bee2e070c39f3dd2f6883a17a5f0da45,2
307,c4baedd846ed09b85f78a781b522f126,2
307,db5efde3ad0cc579b130d71c4b2db522,1
307,e0d64dcfaa3b6db5c54ca298ae101d05,1
307,ee0c1cf2fbeae95205b4aa506f1469f0,1
307,f264c1d9b20b5e4a340254d0405e613b,1
307,f71f42e2381752836563b70beb542f80,2
308,154e7e31ebfa092203795c972e5804a6,1
308,165f86fe8b799a708a20ee4ba125c289,3
308,2136c70bbe723d338fab53da3c03e6dc,1
308,2b4609f8948be18874494203496bc318,1
308,389d119b48cf3043d311335e499d9c6b,1
308,422879e10f46682990de24d770e7f83d,1
308,461f43be3bdf8844e65b62d9ac2c7a5a,1
308,595fac2a385ac33a80bd5114aec74eb8,1
308,601a360bd2a916ecef0e88de72a6531a,1
308,656e0eca68dcecf6a31b8ececfabe3e8,1
308,7a10781637204d8d10485c71a6108a2e,2
308,84f456958365164420cfc80fbe4c7fab,2
308,8c292ca193d326152e335d77176746f0,1
308,8c591ab0ca519558779df02023177f44,1
308,a62e25e09e05e6faf31d90c6ec1aa3d1,1
308,aca2eb7d00ea1a7b8ebd4e68314663af,6
308,b0961721fd839e9982420e807758a2a6,1
308,c7fd13b5e515bffdab855d0812842edb,9
308,d1c427060a0f73f6b889a5c7c61f2ac4,1
308,db5efde3ad0cc579b130d71c4b2db522,2
308,f71f42e2381752836563b70beb542f80,1
308,fe01b643060a6446e59f58e3021e66b3,2
309,08574b074924071f4e201e151b152b4e,2
309,154e7e31ebfa092203795c972e5804a6,2
309,19421075ae0b585f2dc13ff149e2119d,1
309,2b4609f8948be18874494203496bc318,1
309,2ffdf10e724b958c0f7ea69e97d32f64,1
309,368c6c730842d78016ad823897a372db,1
309,389d119b48cf3043d311335e499d9c6b,1
309,5411e9269501a870cabf632f05655131,2
309,595fac2a385ac33a80bd5114aec74eb8,1
309,601a360bd2a916ecef0e88de72a6531a,1
309,6cdd53843498f92890544667809f1595,1
309,764292b2b0f73f77a0272be03fdd45f3,1
309,7c1bd920dbdf22470b68bde975dd3ccf,1
309,8317b177579dd27ff068b83205e2169b,1
309,880be32f4db1d9f6e2bec38fb6ac23ab,1
309,a62e25e09e05e6faf31d90c6ec1aa3d1,1
309,aca2eb7d00ea1a7b8ebd4e68314663af,5
309,af51d485dc5255ba2e18b21b550156e6,1
309,bee2e070c39f3dd2f6883a17a5f0da45,1
309,d017a2151d543a9885604dc62a3d9dcc,2
309,d1c427060a0f73f6b889a5c7c61f2ac4,1
309,d285360f29ac7fd97640bf0baef03de0,1
309,d5991653e037ccb7af6ed7d94246b249,1
309,d696750e550fd0f733979dd7e5dff921,1
309,db5efde3ad0cc579b130d71c4b2db522,1
309,e0cf79767c5b016251fe139915c59a26,1
309,ea44caac707f7f1325182a538007f838,1
309,f1fe595ee7ef768b41bd9b246d13432d,1
310,0aabfb375647d9738ad0f7b4ea3653b1,2
310,154e7e31ebfa092203795c972e5804a6,1
310,2136c70bbe723d338fab53da3c03e6dc,1
310,22c5ddc22ea8cae84fc9917def682dc6,1
310,368c6c730842d78016ad823897a372db,2
310,389d119b48cf3043d311335e499d9c6b,3
310,44a34214a57dc373dcd80f54c919d006,1
310,461f43be3bdf8844e65b62d9ac2c7a5a,1
310,4c2394abfbac7ff59ec7a420918562fa,1
310,52c80cedd4e90108bf4fa6a206ef6b03,1
310,53759a2ecddad2bb87a079a1f1519f73,2
310,5a848e4ab52fd5445cdc07aab1c40e48,1
310,6a8631b72a2f8729b91514db87e771c0,1
310,6c3effec7c8ddba466d4f03f982c7aa3,1
310,99a4788cb24856965c36a24e339b6058,2
310,aca2eb7d00ea1a7b8ebd4e68314663af,4
310,b532349fe46b38fbc7bb3914c1bdae07,3
310,c4baedd846ed09b85f78a781b522f126,1
310,c6dd917a0be2a704582055949915ab32,1
310,e03102efbc2229024c89be731f0aedcb,1
311,0aabfb375647d9738ad0f7b4ea3653b1,4
311,2028bf1b01cafb2d2b1901fca4083222,1
311,22c5ddc22ea8cae84fc9917def682dc6,1
311,363218ba55c610b750224f90bdd34be1,1
311,422879e10f46682990de24d770e7f83d,1
311,4298b7e67dc399c200662b569563a2b2,4
311,42a2c92a0979a949ca4ea89ec5c7b934,2
311,461f43be3bdf8844e65b62d9ac2c7a5a,1
311,4c2394abfbac7ff59ec7a420918562fa,1
311,53759a2ecddad2bb87a079a1f1519f73,2
311,5b226d7c52f86ac72457617f78cff95d,1
311,601a360bd2a916ecef0e88de72a6531a,2
311,617186c3d97ea56c9c683a8a3974e8c1,1
311,629e019a6f298a83aeecc7877964f935,1
311,72172e982e8b92155069e4201c92c0bb,1
311,75d6b6963340c6063f7f4cfcccfe6a30,1
311,764292b2b0f73f77a0272be03fdd45f3,1
311,777d2e438a1b645f3aec9bd57e92672c,1
311,7c1bd920dbdf22470b68bde975dd3ccf,1
311,8c591ab0ca519558779df02023177f44,1
311,9545d45c37449ccbc376de3a04c66e71,1
311,a62e25e09e05e6faf31d90c6ec1aa3d1,1
311,aca2eb7d00ea1a7b8ebd4e68314663af,1
311,b532349fe46b38fbc7bb3914c1bdae07,3
311,bb50f2e236e5eea0100680137654686c,1
311,c4baedd846ed09b85f78a781b522f126,1
311,c6336fa91fbd87c359e44f5dca5a90ed,2
311,cac9e5692471a0700418aa3400b9b2b1,1
311,d1c427060a0f73f6b889a5c7c61f2ac4,1
311,d285360f29ac7fd97640bf0baef03de0,1
311,e0d64dcfaa3b6db5c54ca298ae101d05,2
311,e59dd207c69d86e890febadc796d1078,1
311,ec2d43cc59763ec91694573b31f1c29a,1
311,f71f42e2381752836563b70beb542f80,1
311,fb55982be901439613a95940feefd9ee,1
312,0aabfb375647d9738ad0f7b4ea3653b1,2
312,11fd9d7ba552e1d28872e008acf1e050,1
312,154e7e31ebfa092203795c972e5804a6,1
312,165f86fe8b799a708a20ee4ba125c289,1
312,2136c70bbe723d338fab53da3c03e6dc,1
312,35afc973633aaeb6b877ff57b2793310,1
312,389d119b48cf3043d311335e499d9c6b,2
312,422879e10f46682990de24d770e7f83d,1
312,42a2c92a0979a949ca4ea89ec5c7b934,1
312,461f43be3bdf8844e65b62d9ac2c7a5a,1
312,4c2394abfbac7ff59ec7a420918562fa,1
312,52c80cedd4e90108bf4fa6a206ef6b03,1
312,53759a2ecddad2bb87a079a1f1519f73,4
312,5a848e4ab52fd5445cdc07aab1c40e48,1
312,6a8631b72a2f8729b91514db87e771c0,1
312,72172e982e8b92155069e4201c92c0bb,1
312,777d2e438a1b645f3aec9bd57e92672c,1
312,7c1bd920dbdf22470b68bde975dd3ccf,1
312,7ce94ab189134e2d3c05f496d635419c,1
312,84f456958365164420cfc80fbe4c7fab,1
312,8c292ca193d326152e335d77176746f0,2
312,9545d45c37449ccbc376de3a04c66e71,1
312,a62e25e09e05e6faf31d90c6ec1aa3d1,2
312,aca2eb7d00ea1a7b8ebd4e68314663af,2
312,bd6e6fce9ada76ea2db0f1912e8e478f,1
312,d017a2151d543a9885604dc62a3d9dcc,1
312,d696750e550fd0f733979dd7e5dff921,1
312,e0d64dcfaa3b6db5c54ca298ae101d05,1
312,eb8c629f70275fd1c4f809116cce1efc,1
312,ec2d43cc59763ec91694573b31f1c29a,1
312,ee406bf28024d97771c4b1e8b7e8e219,1
312,f1fe595ee7ef768b41bd9b246d13432d,1
312,f35927953ed82e19d06ad3aac2f06353,1
312,f71f42e2381752836563b70beb542f80,1
313,0aabfb375647d9738ad0f7b4ea3653b1,1
313,130482add9fd75ccb6c57ba007694a2d,1
313,154e7e31ebfa092203795c972e5804a6,1
313,2136c70bbe723d338fab53da3c03e6dc,2
313,22c5ddc22ea8cae84fc9917def682dc6,1
313,2b4609f8948be18874494203496bc318,1
313,368c6c730842d78016ad823897a372db,2
313,389d119b48cf3043d311335e499d9c6b,3
313,42a2c92a0979a949ca4ea89ec5c7b934,3
313,4413a608a42bd21bbf9d5abbd58c249a,1
313,461f43be3bdf8844e65b62d9ac2c7a5a,2
313,4c2394abfbac7ff59ec7a420918562fa,2
313,53759a2ecddad2bb87a079a1f1519f73,7
313,5411e9269501a870cabf632f05655131,1
313,601a360bd2a916ecef0e88de72a6531a,1
313,656e0eca68dcecf6a31b8ececfabe3e8,1
313,6c3effec7c8ddba466d4f03f982c7aa3,1
313,764292b2b0f73f77a0272be03fdd45f3,1
313,777d2e438a1b645f3aec9bd57e92672c,1
313,7c1bd920dbdf22470b68bde975dd3ccf,1
313,7ce94ab189134e2d3c05f496d635419c,1
313,84f456958365164420cfc80fbe4c7fab,2
313,8aa6223e400af9c97b07c75993142721,1
313,8c292ca193d326152e335d77176746f0,2
313,99a4788cb24856965c36a24e339b6058,1
313,a02d0123079f4ae96001ba2010d1a2df,1
313,b0961721fd839e9982420e807758a2a6,2
313,bd6e6fce9ada76ea2db0f1912e8e478f,2
313,cac9e5692471a0700418aa3400b9b2b1,2
313,d5991653e037ccb7af6ed7d94246b249,1
313,e0d64dcfaa3b6db5c54ca298ae101d05,2
313,eb8c629f70275fd1c4f809116cce1efc,3
313,ee0c1cf2fbeae95205b4aa506f1469f0,2
313,ee406bf28024d97771c4b1e8b7e8e219,1
313,f1fe595ee7ef768b41bd9b246d13432d,1
313,f264c1d9b20b5e4a340254d0405e613b,1
313,f71973c922ccaab05514a36a8bc741b8,2
313,f71f42e2381752836563b70beb542f80,1
314,0bcc3eeca39e1064258aa1e932269894,2
314,154e7e31ebfa092203795c972e5804a6,5
314,165f86fe8b799a708a20ee4ba125c289,2
314,2b4609f8948be18874494203496bc318,1
314,35afc973633aaeb6b877ff57b2793310,1
314,368c6c730842d78016ad823897a372db,2
314,389d119b48cf3043d311335e499d9c6b,3
314,422879e10f46682990de24d770e7f83d,9
314,431d674f9a4fbd0957ecf6ba3fcb6899,1
314,461f43be3bdf8844e65b62d9ac2c7a5a,1
314,4c2394abfbac7ff59ec7a420918562fa,3
314,53759a2ecddad2bb87a079a1f1519f73,3
314,5a848e4ab52fd5445cdc07aab1c40e48,2
314,5b226d7c52f86ac72457617f78cff95d,1
314,5d66715cc928aadd0074f61332698593,1
314,617186c3d97ea56c9c683a8a3974e8c1,2
314,6a8631b72a2f8729b91514db87e771c0,1
314,6c3effec7c8ddba466d4f03f982c7aa3,1
314,6cdd53843498f92890544667809f1595,1
314,75d6b6963340c6063f7f4cfcccfe6a30,1
314,764292b2b0f73f77a0272be03fdd45f3,1
314,7a10781637204d8d10485c71a6108a2e,4
314,7c1bd920dbdf22470b68bde975dd3ccf,3
314,7ce94ab189134e2d3c05f496d635419c,1
314,7fb04722aba7a2b632bac8f9819796f3,1
314,84f456958365164420cfc80fbe4c7fab,3
314,88dd63919fc9ab693803578a04a20209,1
314,8c591ab0ca519558779df02023177f44,1
314,99a4788cb24856965c36a24e339b6058,1
314,9ecadb84c81da840dbf3564378b586e9,3
314,a62e25e09e05e6faf31d90c6ec1aa3d1,1
314,b532349fe46b38fbc7bb3914c1bdae07,5
314,bb50f2e236e5eea0100680137654686c,1
314,c1f5307decb89342351bec53668cffd9,1
314,c6dd917a0be2a704582055949915ab32,1
314,cc971e0365873137b8bef2ebad633e6f,1
314,d5991653e037ccb7af6ed7d94246b249,1
314,d696750e550fd0f733979dd7e5dff921,1
314,db5efde3ad0cc579b130d71c4b2db522,1
314,e0d64dcfaa3b6db5c54ca298ae101d05,3
314,ec2d43cc59763ec91694573b31f1c29a,1
315,08574b074924071f4e201e151b152b4e,1
315,0aabfb375647d9738ad0f7b4ea3653b1,5
315,0bcc3eeca39e1064258aa1e932269894,8
315,130482add9fd75ccb6c57ba007694a2d,1
315,154e7e31ebfa092203795c972e5804a6,2
315,19421075ae0b585f2dc13ff149e2119d,2
315,2028bf1b01cafb2d2b1901fca4083222,6
315,22c5ddc22ea8cae84fc9917def682dc6,2
315,24c66f106f642621e524291a895c9032,1
315,25f86162fee18735fffdb762dcb10d7c,2
315,2a2d22ae30e026f1893083c8405ca522,2
315,2b4609f8948be18874494203496bc318,6
315,2ffdf10e724b958c0f7ea69e97d32f64,1
315,35afc973633aaeb6b877ff57b2793310,3
315,368c6c730842d78016ad823897a372db,23
315,389d119b48cf3043d311335e499d9c6b,14
315,422879e10f46682990de24d770e7f83d,25
315,42a2c92a0979a949ca4ea89ec5c7b934,1
315,431d674f9a4fbd0957ecf6ba3fcb6899,1
315,44a34214a57dc373dcd80f54c919d006,1
315,461f43be3bdf8844e65b62d9ac2c7a5a,3
315,4b96786612ebe7463132fce2c4dca136,1
315,4c2394abfbac7ff59ec7a420918562fa,6
315,4fcb3d9a5f4871e8362dfedbdb02b064,2
315,52c80cedd4e90108bf4fa6a206ef6b03,1
315,53759a2ecddad2bb87a079a1f1519f73,18
315,566a4f2c4385f36d15c00dfcaae132d1,2
315,5b226d7c52f86ac72457617f78cff95d,1
315,5f504b3a1c75b73d6151be81eb05bdc9,2
315,601a360bd2a916ecef0e88de72a6531a,1
315,617186c3d97ea56c9c683a8a3974e8c1,1
315,629e019a6f298a83aeecc7877964f935,1
315,6c3effec7c8ddba466d4f03f982c7aa3,6
315,6cdd53843498f92890544667809f1595,6
315,75d6b6963340c6063f7f4cfcccfe6a30,3
315,764292b2b0f73f77a0272be03fdd45f3,2
315,7814c273ab16783d73a9863ebfa8b141,2
315,7c1bd920dbdf22470b68bde975dd3ccf,2
315,7fb04722aba7a2b632bac8f9819796f3,3
315,84f456958365164420cfc80fbe4c7fab,2
315,88dd63919fc9ab693803578a04a20209,1
315,8c591ab0ca519558779df02023177f44,3
315,93c902b021a9e594f658ab1b0351602a,1
315,99a4788cb24856965c36a24e339b6058,12
315,9ecadb84c81da840dbf3564378b586e9,18
315,a02d0123079f4ae96001ba2010d1a2df,3
315,a19b6951c75da43aad691622dd2f6abe,6
315,a50acd33ba7a8da8e9db65094fa990a4,3
315,a62e25e09e05e6faf31d90c6ec1aa3d1,2
315,aca2eb7d00ea1a7b8ebd4e68314663af,2
315,b0961721fd839e9982420e807758a2a6,3
315,bb50f2e236e5eea0100680137654686c,1
315,bee2e070c39f3dd2f6883a17a5f0da45,2
315,c1f5307decb89342351bec53668cffd9,1
315,c4baedd846ed09b85f78a781b522f126,3
315,c6dd917a0be2a704582055949915ab32,1
315,c7fd13b5e515bffdab855d0812842edb,3
315,cac9e5692471a0700418aa3400b9b2b1,2
315,cc971e0365873137b8bef2ebad633e6f,2
315,d017a2151d543a9885604dc62a3d9dcc,4
315,d1c427060a0f73f6b889a5c7c61f2ac4,4
315,d2f5484cbffe4ca766301b21ab9246dd,1
315,d5991653e037ccb7af6ed7d94246b249,1
315,d63c1011f49d98b976c352955b1c4bea,1
315,d696750e550fd0f733979dd7e5dff921,1
315,db5efde3ad0cc579b130d71c4b2db522,1
315,e0d64dcfaa3b6db5c54ca298ae101d05,6
315,ea44caac707f7f1325182a538007f838,1
315,ec2d43cc59763ec91694573b31f1c29a,4
315,ee0c1cf2fbeae95205b4aa506f1469f0,5
315,f1fe595ee7ef768b41bd9b246d13432d,1
315,f35927953ed82e19d06ad3aac2f06353,1
315,f4f67ccaece962d013a4e1d7dc3a61f7,2
315,f71f42e2381752836563b70beb542f80,5
315,f7a17d2c51d9df89a4f1711c4ac17f33,1
315,fbc1488c1a1e72ba175f53ab29a248e8,1
315,fe01b643060a6446e59f58e3021e66b3,7
316,06edb72f1e0c64b14c5b79353f7abea3,4
316,08574b074924071f4e201e151b152b4e,1
316,0a57f7d2c983bcf8188589a5fea4a8da,1
316,0aabfb375647d9738ad0f7b4ea3653b1,2
316,0bcc3eeca39e1064258aa1e932269894,3
316,130482add9fd75ccb6c57ba007694a2d,2
316,154e7e31ebfa092203795c972e5804a6,1
316,24c66f106f642621e524291a895c9032,3
316,2a2d22ae30e026f1893083c8405ca522,1
316,2b4609f8948be18874494203496bc318,2
316,2ffdf10e724b958c0f7ea69e97d32f64,1
316,368c6c730842d78016ad823897a372db,5
316,389d119b48cf3043d311335e499d9c6b,16
316,422879e10f46682990de24d770e7f83d,11
316,431d674f9a4fbd0957ecf6ba3fcb6899,5
316,461f43be3bdf8844e65b62d9ac2c7a5a,1
316,4c2394abfbac7ff59ec7a420918562fa,1
316,4fcb3d9a5f4871e8362dfedbdb02b064,2
316,52c80cedd4e90108bf4fa6a206ef6b03,1
316,53759a2ecddad2bb87a079a1f1519f73,15
316,5d66715cc928aadd0074f61332698593,1
316,617186c3d97ea56c9c683a8a3974e8c1,1
316,6c3effec7c8ddba466d4f03f982c7aa3,5
316,75d6b6963340c6063f7f4cfcccfe6a30,1
316,777d2e438a1b645f3aec9bd57e92672c,1
316,7814c273ab16783d73a9863ebfa8b141,2
316,7ce94ab189134e2d3c05f496d635419c,1
316,7fb04722aba7a2b632bac8f9819796f3,1
316,84f456958365164420cfc80fbe4c7fab,1
316,9ecadb84c81da840dbf3564378b586e9,6
316,a19b6951c75da43aad691622dd2f6abe,3
316,a62e25e09e05e6faf31d90c6ec1aa3d1,1
316,aca2eb7d00ea1a7b8ebd4e68314663af,1
316,afeeea6271148ee1bb15173b8187c431,1
316,b0961721fd839e9982420e807758a2a6,1
316,b532349fe46b38fbc7bb3914c1bdae07,4
316,b5e13c9a353102f79c6206ff5cb61a50,3
316,b623b7cb05ee3248fbe4a6ecbeed79a4,1
316,c4baedd846ed09b85f78a781b522f126,6
316,cac9e5692471a0700418aa3400b9b2b1,1
316,d04857e7b4b708ee8b8b9921163edba3,1
316,d1c427060a0f73f6b889a5c7c61f2ac4,2
316,d5991653e037ccb7af6ed7d94246b249,2
316,d696750e550fd0f733979dd7e5dff921,1
316,e0cf79767c5b016251fe139915c59a26,1
316,eb8c629f70275fd1c4f809116cce1efc,4
316,ec2d43cc59763ec91694573b31f1c29a,3
316,ee0c1cf2fbeae95205b4aa506f1469f0,1
316,ee406bf28024d97771c4b1e8b7e8e219,3
316,fb55982be901439613a95940feefd9ee,1
316,fe01b643060a6446e59f58e3021e66b3,1
317,0aabfb375647d9738ad0f7b4ea3653b1,3
317,130482add9fd75ccb6c57ba007694a2d,1
317,22c5ddc22ea8cae84fc9917def682dc6,1
317,2b4609f8948be18874494203496bc318,1
317,362b773250263786dd58670d2df42c3b,1
317,363218ba55c610b750224f90bdd34be1,1
317,368c6c730842d78016ad823897a372db,5
317,389d119b48cf3043d311335e499d9c6b,7
317,422879e10f46682990de24d770e7f83d,12
317,42a2c92a0979a949ca4ea89ec5c7b934,2
317,431d674f9a4fbd0957ecf6ba3fcb6899,1
317,461f43be3bdf8844e65b62d9ac2c7a5a,1
317,4b96786612ebe7463132fce2c4dca136,2
317,4c2394abfbac7ff59ec7a420918562fa,7
317,52c80cedd4e90108bf4fa6a206ef6b03,3
317,53759a2ecddad2bb87a079a1f1519f73,7
317,5a848e4ab52fd5445cdc07aab1c40e48,1
317,6c3effec7c8ddba466d4f03f982c7aa3,1
317,78efe838c04bbc568be034082200ac20,1
317,7c1bd920dbdf22470b68bde975dd3ccf,2
317,7ce94ab189134e2d3c05f496d635419c,1
317,7fb04722aba7a2b632bac8f9819796f3,3
317,84f456958365164420cfc80fbe4c7fab,2
317,9545d45c37449ccbc376de3a04c66e71,1
317,99a4788cb24856965c36a24e339b6058,5
317,a19b6951c75da43aad691622dd2f6abe,3
317,a50acd33ba7a8da8e9db65094fa990a4,1
317,afeeea6271148ee1bb15173b8187c431,1
317,b5e13c9a353102f79c6206ff5cb61a50,4
317,bdc3291ab242ec1effc8eb0987850268,1
317,c7fd13b5e515bffdab855d0812842edb,2
317,cec09725da5ed01471d9a505e7389d37,1
317,d017a2151d543a9885604dc62a3d9dcc,2
317,d1c427060a0f73f6b889a5c7c61f2ac4,1
317,e0cf79767c5b016251fe139915c59a26,1
317,ec2d43cc59763ec91694573b31f1c29a,1
317,f40876e0ef3cd5f9132b1f16b04b1346,1
317,fb55982be901439613a95940feefd9ee,1
318,06edb72f1e0c64b14c5b79353f7abea3,3
318,08574b074924071f4e201e151b152b4e,1
318,0aabfb375647d9738ad0f7b4ea3653b1,1
318,0bcc3eeca39e1064258aa1e932269894,1
318,154e7e31ebfa092203795c972e5804a6,2
318,165f86fe8b799a708a20ee4ba125c289,1
318,2028bf1b01cafb2d2b1901fca4083222,2
318,22c5ddc22ea8cae84fc9917def682dc6,1
318,2b4609f8948be18874494203496bc318,1
318,35afc973633aaeb6b877ff57b2793310,3
318,368c6c730842d78016ad823897a372db,2
318,389d119b48cf3043d311335e499d9c6b,6
318,422879e10f46682990de24d770e7f83d,5
318,42a2c92a0979a949ca4ea89ec5c7b934,1
318,431d674f9a4fbd0957ecf6ba3fcb6899,2
318,461f43be3bdf8844e65b62d9ac2c7a5a,2
318,4b96786612ebe7463132fce2c4dca136,2
318,4c2394abfbac7ff59ec7a420918562fa,5
318,4fcb3d9a5f4871e8362dfedbdb02b064,1
318,52c80cedd4e90108bf4fa6a206ef6b03,1
318,53759a2ecddad2bb87a079a1f1519f73,4
318,595fac2a385ac33a80bd5114aec74eb8,2
318,5b226d7c52f86ac72457617f78cff95d,2
318,64fb265487de2238627ce43fe8a67efc,1
318,6c3effec7c8ddba466d4f03f982c7aa3,2
318,75d6b6963340c6063f7f4cfcccfe6a30,1
318,764292b2b0f73f77a0272be03fdd45f3,1
318,7814c273ab16783d73a9863ebfa8b141,1
318,7c1bd920dbdf22470b68bde975dd3ccf,1
318,7ce94ab189134e2d3c05f496d635419c,3
318,7fb04722aba7a2b632bac8f9819796f3,1
318,84f456958365164420cfc80fbe4c7fab,4
318,8ed094bfe076c568f6bb10feada3f75d,1
318,93c902b021a9e594f658ab1b0351602a,1
318,99a4788cb24856965c36a24e339b6058,3
318,a50acd33ba7a8da8e9db65094fa990a4,1
318,afeeea6271148ee1bb15173b8187c431,2
318,b5e13c9a353102f79c6206ff5cb61a50,1
318,bb42f37fc3d9130e4a4339d24a47dd7c,1
318,bb50f2e236e5eea0100680137654686c,1
318,bdc3291ab242ec1effc8eb0987850268,3
318,bee2e070c39f3dd2f6883a17a5f0da45,3
318,c1f5307decb89342351bec53668cffd9,1
318,c4baedd846ed09b85f78a781b522f126,2
318,d1c427060a0f73f6b889a5c7c61f2ac4,2
318,d696750e550fd0f733979dd7e5dff921,1
318,db5efde3ad0cc579b130d71c4b2db522,1
318,e0cf79767c5b016251fe139915c59a26,1
318,ea44caac707f7f1325182a538007f838,1
318,ee0c1cf2fbeae95205b4aa506f1469f0,2
318,f264c1d9b20b5e4a340254d0405e613b,1
318,f71973c922ccaab05514a36a8bc741b8,1
318,f7a17d2c51d9df89a4f1711c4ac17f33,1
319,0aabfb375647d9738ad0f7b4ea3653b1,3
319,154e7e31ebfa092203795c972e5804a6,1
319,22c5ddc22ea8cae84fc9917def682dc6,1
319,25f86162fee18735fffdb762dcb10d7c,5
319,2a5806f10d0f00e5ad032dd2e3c8806e,1
319,2b4609f8948be18874494203496bc318,2
319,35afc973633aaeb6b877ff57b2793310,3
319,368c6c730842d78016ad823897a372db,5
319,389d119b48cf3043d311335e499d9c6b,1
319,422879e10f46682990de24d770e7f83d,2
319,42a2c92a0979a949ca4ea89ec5c7b934,2
319,431d674f9a4fbd0957ecf6ba3fcb6899,4
319,4b96786612ebe7463132fce2c4dca136,1
319,4c2394abfbac7ff59ec7a420918562fa,3
319,53b36df67ebb7c41585e8d54d6772e08,5
319,595fac2a385ac33a80bd5114aec74eb8,1
319,5a848e4ab52fd5445cdc07aab1c40e48,2
319,5d66715cc928aadd0074f61332698593,1
319,64fb265487de2238627ce43fe8a67efc,1
319,656e0eca68dcecf6a31b8ececfabe3e8,2
319,6cdd53843498f92890544667809f1595,1
319,777d2e438a1b645f3aec9bd57e92672c,1
319,7c1bd920dbdf22470b68bde975dd3ccf,3
319,7ce94ab189134e2d3c05f496d635419c,3
319,84f456958365164420cfc80fbe4c7fab,1
319,8c591ab0ca519558779df02023177f44,2
319,8ed094bfe076c568f6bb10feada3f75d,1
319,9545d45c37449ccbc376de3a04c66e71,1
319,a02d0123079f4ae96001ba2010d1a2df,1
319,a50acd33ba7a8da8e9db65094fa990a4,1
319,a62e25e09e05e6faf31d90c6ec1aa3d1,1
319,aca2eb7d00ea1a7b8ebd4e68314663af,6
319,b5e13c9a353102f79c6206ff5cb61a50,2
319,c4baedd846ed09b85f78a781b522f126,2
319,c6dd917a0be2a704582055949915ab32,1
319,d017a2151d543a9885604dc62a3d9dcc,1
319,d1c427060a0f73f6b889a5c7c61f2ac4,1
319,d3c044bd42d84a79e3b0c42662806a48,2
319,d5991653e037ccb7af6ed7d94246b249,2
319,e0d64dcfaa3b6db5c54ca298ae101d05,1
319,e59dd207c69d86e890febadc796d1078,2
319,ec2d43cc59763ec91694573b31f1c29a,1
319,ee0c1cf2fbeae95205b4aa506f1469f0,3
319,f40876e0ef3cd5f9132b1f16b04b1346,3
319,fbc1488c1a1e72ba175f53ab29a248e8,1
320,0bcc3eeca39e1064258aa1e932269894,2
320,2028bf1b01cafb2d2b1901fca4083222,3
320,2b4609f8948be18874494203496bc318,2
320,35afc973633aaeb6b877ff57b2793310,1
320,368c6c730842d78016ad823897a372db,3
320,422879e10f46682990de24d770e7f83d,3
320,42a2c92a0979a949ca4ea89ec5c7b934,3
320,431d674f9a4fbd0957ecf6ba3fcb6899,1
320,44a34214a57dc373dcd80f54c919d006,1
320,461f43be3bdf8844e65b62d9ac2c7a5a,1
320,4c2394abfbac7ff59ec7a420918562fa,2
320,53759a2ecddad2bb87a079a1f1519f73,2
320,53b36df67ebb7c41585e8d54d6772e08,7
320,5a848e4ab52fd5445cdc07aab1c40e48,2
320,5d66715cc928aadd0074f61332698593,1
320,62d8daeee0db3a60c234c2d1bfd10651,1
320,64fb265487de2238627ce43fe8a67efc,1
320,7a10781637204d8d10485c71a6108a2e,3
320,7c1bd920dbdf22470b68bde975dd3ccf,2
320,7ce94ab189134e2d3c05f496d635419c,2
320,84f456958365164420cfc80fbe4c7fab,1
320,8c591ab0ca519558779df02023177f44,1
320,97017430754804328eb9597b7f85da03,2
320,99a4788cb24856965c36a24e339b6058,2
320,aca2eb7d00ea1a7b8ebd4e68314663af,2
320,b114bf337c0626166abe574eee9e3f32,2
320,b623b7cb05ee3248fbe4a6ecbeed79a4,4
320,bb50f2e236e5eea0100680137654686c,4
320,c4baedd846ed09b85f78a781b522f126,4
320,d017a2151d543a9885604dc62a3d9dcc,1
320,d285360f29ac7fd97640bf0baef03de0,1
320,d3c044bd42d84a79e3b0c42662806a48,1
320,db5efde3ad0cc579b130d71c4b2db522,1
320,e0d64dcfaa3b6db5c54ca298ae101d05,2
320,eb8c629f70275fd1c4f809116cce1efc,3
320,ee0c1cf2fbeae95205b4aa506f1469f0,1
320,ee406bf28024d97771c4b1e8b7e8e219,1
320,f4f67ccaece962d013a4e1d7dc3a61f7,1
320,f7a17d2c51d9df89a4f1711c4ac17f33,1
321,06edb72f1e0c64b14c5b79353f7abea3,3
321,0aabfb375647d9738ad0f7b4ea3653b1,1
321,2028bf1b01cafb2d2b1901fca4083222,4
321,2a5806f10d0f00e5ad032dd2e3c8806e,1
321,2b4609f8948be18874494203496bc318,1
321,368c6c730842d78016ad823897a372db,1
321,389d119b48cf3043d311335e499d9c6b,2
321,422879e10f46682990de24d770e7f83d,1
321,42a2c92a0979a949ca4ea89ec5c7b934,2
321,4c2394abfbac7ff59ec7a420918562fa,2
321,5a848e4ab52fd5445cdc07aab1c40e48,3
321,617186c3d97ea56c9c683a8a3974e8c1,1
321,62d8daeee0db3a60c234c2d1bfd10651,1
321,75d6b6963340c6063f7f4cfcccfe6a30,2
321,7c1bd920dbdf22470b68bde975dd3ccf,1
321,7ce94ab189134e2d3c05f496d635419c,2
321,8c591ab0ca519558779df02023177f44,1
321,99a4788cb24856965c36a24e339b6058,1
321,a62e25e09e05e6faf31d90c6ec1aa3d1,1
321,aca2eb7d00ea1a7b8ebd4e68314663af,1
321,b5e13c9a353102f79c6206ff5cb61a50,2
321,b623b7cb05ee3248fbe4a6ecbeed79a4,1
321,bee2e070c39f3dd2f6883a17a5f0da45,1
321,c1f5307decb89342351bec53668cffd9,1
321,c3ba4e8d3cb30049213b682e751e9d00,1
321,c4baedd846ed09b85f78a781b522f126,1
321,d285360f29ac7fd97640bf0baef03de0,1
321,e53e557d5a159f5aa2c5e995dfdf244b,1
321,eb8c629f70275fd1c4f809116cce1efc,1
321,f264c1d9b20b5e4a340254d0405e613b,1
321,f71f42e2381752836563b70beb542f80,1
321,fb55982be901439613a95940feefd9ee,3
322,11fd9d7ba552e1d28872e008acf1e050,1
322,22c5ddc22ea8cae84fc9917def682dc6,1
322,2b4609f8948be18874494203496bc318,2
322,362b773250263786dd58670d2df42c3b,5
322,368c6c730842d78016ad823897a372db,2
322,389d119b48cf3043d311335e499d9c6b,2
322,42a2c92a0979a949ca4ea89ec5c7b934,1
322,431d674f9a4fbd0957ecf6ba3fcb6899,1
322,44a34214a57dc373dcd80f54c919d006,1
322,461f43be3bdf8844e65b62d9ac2c7a5a,1
322,4c2394abfbac7ff59ec7a420918562fa,4
322,53b36df67ebb7c41585e8d54d6772e08,1
322,5411e9269501a870cabf632f05655131,1
322,595fac2a385ac33a80bd5114aec74eb8,1
322,5a848e4ab52fd5445cdc07aab1c40e48,2
322,5d66715cc928aadd0074f61332698593,2
322,617186c3d97ea56c9c683a8a3974e8c1,3
322,656e0eca68dcecf6a31b8ececfabe3e8,1
322,75d6b6963340c6063f7f4cfcccfe6a30,1
322,7a10781637204d8d10485c71a6108a2e,2
322,7ce94ab189134e2d3c05f496d635419c,1
322,84f456958365164420cfc80fbe4c7fab,2
322,8aa6223e400af9c97b07c75993142721,1
322,8c591ab0ca519558779df02023177f44,1
322,99a4788cb24856965c36a24e339b6058,1
322,a92930c327948861c015c919a0bcb4a8,1
322,aca2eb7d00ea1a7b8ebd4e68314663af,5
322,afeeea6271148ee1bb15173b8187c431,1
322,b5e13c9a353102f79c6206ff5cb61a50,1
322,b623b7cb05ee3248fbe4a6ecbeed79a4,1
322,c4baedd846ed09b85f78a781b522f126,1
322,d285360f29ac7fd97640bf0baef03de0,4
322,d696750e550fd0f733979dd7e5dff921,1
322,e53e557d5a159f5aa2c5e995dfdf244b,1
322,f71f42e2381752836563b70beb542f80,2
323,06edb72f1e0c64b14c5b79353f7abea3,1
323,130482add9fd75ccb6c57ba007694a2d,1
323,165f86fe8b799a708a20ee4ba125c289,1
323,2b4609f8948be18874494203496bc318,1
323,362b773250263786dd58670d2df42c3b,1
323,368c6c730842d78016ad823897a372db,2
323,389d119b48cf3043d311335e499d9c6b,1
323,422879e10f46682990de24d770e7f83d,1
323,42a2c92a0979a949ca4ea89ec5c7b934,2
323,4413a608a42bd21bbf9d5abbd58c249a,1
323,4520766ec412348b8d4caa5e8a18c464,1
323,4b96786612ebe7463132fce2c4dca136,1
323,4c2394abfbac7ff59ec7a420918562fa,3
323,52c80cedd4e90108bf4fa6a206ef6b03,1
323,53b36df67ebb7c41585e8d54d6772e08,1
323,595fac2a385ac33a80bd5114aec74eb8,1
323,64fb265487de2238627ce43fe8a67efc,1
323,84f456958365164420cfc80fbe4c7fab,1
323,97017430754804328eb9597b7f85da03,1
323,aca2eb7d00ea1a7b8ebd4e68314663af,1
323,afeeea6271148ee1bb15173b8187c431,1
323,b5e13c9a353102f79c6206ff5cb61a50,3
323,bee2e070c39f3dd2f6883a17a5f0da45,1
323,d04857e7b4b708ee8b8b9921163edba3,1
323,d1c427060a0f73f6b889a5c7c61f2ac4,1
323,e03102efbc2229024c89be731f0aedcb,1
323,e53e557d5a159f5aa2c5e995dfdf244b,2
323,f4f67ccaece962d013a4e1d7dc3a61f7,1
324,11fd9d7ba552e1d28872e008acf1e050,1
324,130482add9fd75ccb6c57ba007694a2d,1
324,154e7e31ebfa092203795c972e5804a6,1
324,165f86fe8b799a708a20ee4ba125c289,2
324,2a5806f10d0f00e5ad032dd2e3c8806e,1
324,2b4609f8948be18874494203496bc318,1
324,2ffdf10e724b958c0f7ea69e97d32f64,1
324,35afc973633aaeb6b877ff57b2793310,1
324,422879e10f46682990de24d770e7f83d,1
324,42a2c92a0979a949ca4ea89ec5c7b934,1
324,44a34214a57dc373dcd80f54c919d006,1
324,4520766ec412348b8d4caa5e8a18c464,1
324,4aa6014eceb682077f9dc4bffebc05b0,1
324,4c2394abfbac7ff59ec7a420918562fa,3
324,4fcb3d9a5f4871e8362dfedbdb02b064,1
324,53759a2ecddad2bb87a079a1f1519f73,3
324,5411e9269501a870cabf632f05655131,2
324,5a848e4ab52fd5445cdc07aab1c40e48,1
324,617186c3d97ea56c9c683a8a3974e8c1,1
324,6a8631b72a2f8729b91514db87e771c0,1
324,6cdd53843498f92890544667809f1595,1
324,75d6b6963340c6063f7f4cfcccfe6a30,1
324,764292b2b0f73f77a0272be03fdd45f3,1
324,7a10781637204d8d10485c71a6108a2e,3
324,8c591ab0ca519558779df02023177f44,1
324,9545d45c37449ccbc376de3a04c66e71,1
324,99a4788cb24856965c36a24e339b6058,3
324,aca2eb7d00ea1a7b8ebd4e68314663af,1
324,afeeea6271148ee1bb15173b8187c431,4
324,b5e13c9a353102f79c6206ff5cb61a50,3
324,b623b7cb05ee3248fbe4a6ecbeed79a4,1
324,bb50f2e236e5eea0100680137654686c,1
324,bdc3291ab242ec1effc8eb0987850268,1
324,d017a2151d543a9885604dc62a3d9dcc,1
324,d285360f29ac7fd97640bf0baef03de0,1
324,e03102efbc2229024c89be731f0aedcb,1
324,e0d64dcfaa3b6db5c54ca298ae101d05,1
324,ea44caac707f7f1325182a538007f838,1
324,ec2d43cc59763ec91694573b31f1c29a,1
324,ee0c1cf2fbeae95205b4aa506f1469f0,2
324,f4f67ccaece962d013a4e1d7dc3a61f7,1
324,fbc1488c1a1e72ba175f53ab29a248e8,1
324,fc1d8637c0268af3db482c14b7ef8e75,1
325,08574b074924071f4e201e151b152b4e,1
325,0a57f7d2c983bcf8188589a5fea4a8da,1
325,0bcc3eeca39e1064258aa1e932269894,1
325,154e7e31ebfa092203795c972e5804a6,1
325,165f86fe8b799a708a20ee4ba125c289,1
325,2028bf1b01cafb2d2b1901fca4083222,1
325,22c5ddc22ea8cae84fc9917def682dc6,1
325,30ac6df06dc59ad72cf2f158fc2d904c,1
325,368c6c730842d78016ad823897a372db,1
325,389d119b48cf3043d311335e499d9c6b,5
325,422879e10f46682990de24d770e7f83d,4
325,42a2c92a0979a949ca4ea89ec5c7b934,1
325,431d674f9a4fbd0957ecf6ba3fcb6899,2
325,4413a608a42bd21bbf9d5abbd58c249a,3
325,4b96786612ebe7463132fce2c4dca136,2
325,4c2394abfbac7ff59ec7a420918562fa,2
325,4fcb3d9a5f4871e8362dfedbdb02b064,2
325,52c80cedd4e90108bf4fa6a206ef6b03,2
325,53759a2ecddad2bb87a079a1f1519f73,2
325,53b36df67ebb7c41585e8d54d6772e08,1
325,5a848e4ab52fd5445cdc07aab1c40e48,2
325,64fb265487de2238627ce43fe8a67efc,1
325,75d6b6963340c6063f7f4cfcccfe6a30,2
325,764292b2b0f73f77a0272be03fdd45f3,1
325,7a10781637204d8d10485c71a6108a2e,1
325,7c1bd920dbdf22470b68bde975dd3ccf,2
325,8c591ab0ca519558779df02023177f44,1
325,9545d45c37449ccbc376de3a04c66e71,1
325,97017430754804328eb9597b7f85da03,1
325,99a4788cb24856965c36a24e339b6058,3
325,aca2eb7d00ea1a7b8ebd4e68314663af,1
325,b5e13c9a353102f79c6206ff5cb61a50,4
325,bdc3291ab242ec1effc8eb0987850268,2
325,bee2e070c39f3dd2f6883a17a5f0da45,3
325,c1f5307decb89342351bec53668cffd9,1
325,c4baedd846ed09b85f78a781b522f126,1
325,d1c427060a0f73f6b889a5c7c61f2ac4,1
325,d285360f29ac7fd97640bf0baef03de0,1
325,e0d64dcfaa3b6db5c54ca298ae101d05,1
325,e53e557d5a159f5aa2c5e995dfdf244b,1
325,ee406bf28024d97771c4b1e8b7e8e219,1
325,f1fe595ee7ef768b41bd9b246d13432d,1
325,f4f67ccaece962d013a4e1d7dc3a61f7,2
325,fb55982be901439613a95940feefd9ee,4
326,06edb72f1e0c64b14c5b79353f7abea3,2
326,0bcc3eeca39e1064258aa1e932269894,1
326,154e7e31ebfa092203795c972e5804a6,2
326,165f86fe8b799a708a20ee4ba125c289,3
326,19421075ae0b585f2dc13ff149e2119d,3
326,2a5806f10d0f00e5ad032dd2e3c8806e,1
326,362b773250263786dd58670d2df42c3b,3
326,36f60d45225e60c7da4558b070ce4b60,1
326,389d119b48cf3043d311335e499d9c6b,1
326,3eef0cb94ba82de806bb30ab743c7655,1
326,422879e10f46682990de24d770e7f83d,1
326,42a2c92a0979a949ca4ea89ec5c7b934,1
326,4413a608a42bd21bbf9d5abbd58c249a,1
326,461f43be3bdf8844e65b62d9ac2c7a5a,1
326,52c80cedd4e90108bf4fa6a206ef6b03,2
326,53759a2ecddad2bb87a079a1f1519f73,1
326,595fac2a385ac33a80bd5114aec74eb8,1
326,5a848e4ab52fd5445cdc07aab1c40e48,2
326,5f504b3a1c75b73d6151be81eb05bdc9,1
326,601a360bd2a916ecef0e88de72a6531a,1
326,617186c3d97ea56c9c683a8a3974e8c1,1
326,629e019a6f298a83aeecc7877964f935,1
326,78efe838c04bbc568be034082200ac20,1
326,84f456958365164420cfc80fbe4c7fab,1
326,a62e25e09e05e6faf31d90c6ec1aa3d1,2
326,aca2eb7d00ea1a7b8ebd4e68314663af,2
326,b5e13c9a353102f79c6206ff5cb61a50,1
326,b623b7cb05ee3248fbe4a6ecbeed79a4,2
326,c4baedd846ed09b85f78a781b522f126,1
326,cac9e5692471a0700418aa3400b9b2b1,1
326,d017a2151d543a9885604dc62a3d9dcc,1
326,d1c427060a0f73f6b889a5c7c61f2ac4,1
326,d285360f29ac7fd97640bf0baef03de0,1
326,d696750e550fd0f733979dd7e5dff921,1
326,e0cf79767c5b016251fe139915c59a26,1
326,e53e557d5a159f5aa2c5e995dfdf244b,1
326,ec2d43cc59763ec91694573b31f1c29a,1
326,ee0c1cf2fbeae95205b4aa506f1469f0,1
327,08574b074924071f4e201e151b152b4e,4
327,154e7e31ebfa092203795c972e5804a6,1
327,165f86fe8b799a708a20ee4ba125c289,1
327,2028bf1b01cafb2d2b1901fca4083222,1
327,2b4609f8948be18874494203496bc318,1
327,389d119b48cf3043d311335e499d9c6b,1
327,42a2c92a0979a949ca4ea89ec5c7b934,1
327,4520766ec412348b8d4caa5e8a18c464,1
327,4b96786612ebe7463132fce2c4dca136,1
327,4c2394abfbac7ff59ec7a420918562fa,3
327,4fcb3d9a5f4871e8362dfedbdb02b064,1
327,52c80cedd4e90108bf4fa6a206ef6b03,1
327,53759a2ecddad2bb87a079a1f1519f73,2
327,5411e9269501a870cabf632f05655131,1
327,595fac2a385ac33a80bd5114aec74eb8,1
327,5a848e4ab52fd5445cdc07aab1c40e48,1
327,5f504b3a1c75b73d6151be81eb05bdc9,1
327,617186c3d97ea56c9c683a8a3974e8c1,1
327,6a8631b72a2f8729b91514db87e771c0,1
327,75d6b6963340c6063f7f4cfcccfe6a30,2
327,7c1bd920dbdf22470b68bde975dd3ccf,1
327,7ce94ab189134e2d3c05f496d635419c,1
327,89321f94e35fc6d7903d36f74e351d40,1
327,8c292ca193d326152e335d77176746f0,2
327,8c591ab0ca519558779df02023177f44,3
327,99a4788cb24856965c36a24e339b6058,3
327,aca2eb7d00ea1a7b8ebd4e68314663af,5
327,afeeea6271148ee1bb15173b8187c431,2
327,b1d207586fca400a2370d50a9ba1da98,1
327,b5e13c9a353102f79c6206ff5cb61a50,1
327,b623b7cb05ee3248fbe4a6ecbeed79a4,6
327,bd6e6fce9ada76ea2db0f1912e8e478f,1
327,bdc3291ab242ec1effc8eb0987850268,3
327,c4baedd846ed09b85f78a781b522f126,1
327,cd48f265a63e13b762601f5f794c5fca,1
327,ec2d43cc59763ec91694573b31f1c29a,1
327,ee0c1cf2fbeae95205b4aa506f1469f0,2
327,ee406bf28024d97771c4b1e8b7e8e219,1
327,f71f42e2381752836563b70beb542f80,1
327,fb55982be901439613a95940feefd9ee,1
328,19421075ae0b585f2dc13ff149e2119d,1
328,2028bf1b01cafb2d2b1901fca4083222,1
328,24c66f106f642621e524291a895c9032,1
328,2b4609f8948be18874494203496bc318,3
328,362b773250263786dd58670d2df42c3b,1
328,368c6c730842d78016ad823897a372db,3
328,389d119b48cf3043d311335e499d9c6b,1
328,422879e10f46682990de24d770e7f83d,1
328,4c2394abfbac7ff59ec7a420918562fa,2
328,52c80cedd4e90108bf4fa6a206ef6b03,1
328,53759a2ecddad2bb87a079a1f1519f73,2
328,5411e9269501a870cabf632f05655131,1
328,595fac2a385ac33a80bd5114aec74eb8,1
328,5d66715cc928aadd0074f61332698593,1
328,7fb04722aba7a2b632bac8f9819796f3,1
328,8c292ca193d326152e335d77176746f0,1
328,8c591ab0ca519558779df02023177f44,3
328,a62e25e09e05e6faf31d90c6ec1aa3d1,2
328,a9516a079e37a9c9c36b9b78b10169e8,1
328,aca2eb7d00ea1a7b8ebd4e68314663af,3
328,b1d207586fca400a2370d50a9ba1da98,1
328,b623b7cb05ee3248fbe4a6ecbeed79a4,15
328,bb50f2e236e5eea0100680137654686c,1
328,bdc3291ab242ec1effc8eb0987850268,3
328,c4baedd846ed09b85f78a781b522f126,1
328,cac9e5692471a0700418aa3400b9b2b1,2
328,d1c427060a0f73f6b889a5c7c61f2ac4,2
328,e0cf79767c5b016251fe139915c59a26,1
328,ee0c1cf2fbeae95205b4aa506f1469f0,1
328,f264c1d9b20b5e4a340254d0405e613b,1
329,154e7e31ebfa092203795c972e5804a6,2
329,165f86fe8b799a708a20ee4ba125c289,6
329,19421075ae0b585f2dc13ff149e2119d,1
329,2136c70bbe723d338fab53da3c03e6dc,2
329,24c66f106f642621e524291a895c9032,1
329,362b773250263786dd58670d2df42c3b,1
329,368c6c730842d78016ad823897a372db,1
329,3eef0cb94ba82de806bb30ab743c7655,2
329,422879e10f46682990de24d770e7f83d,1
329,42a2c92a0979a949ca4ea89ec5c7b934,1
329,4520766ec412348b8d4caa5e8a18c464,1
329,4c2394abfbac7ff59ec7a420918562fa,1
329,4fcb3d9a5f4871e8362dfedbdb02b064,1
329,52c80cedd4e90108bf4fa6a206ef6b03,1
329,53759a2ecddad2bb87a079a1f1519f73,2
329,5a848e4ab52fd5445cdc07aab1c40e48,2
329,617186c3d97ea56c9c683a8a3974e8c1,1
329,7c1bd920dbdf22470b68bde975dd3ccf,1
329,7ce94ab189134e2d3c05f496d635419c,1
329,8c292ca193d326152e335d77176746f0,1
329,8c591ab0ca519558779df02023177f44,2
329,a50acd33ba7a8da8e9db65094fa990a4,2
329,a92930c327948861c015c919a0bcb4a8,2
329,aca2eb7d00ea1a7b8ebd4e68314663af,2
329,b623b7cb05ee3248fbe4a6ecbeed79a4,2
329,bdc3291ab242ec1effc8eb0987850268,2
329,c4baedd846ed09b85f78a781b522f126,1
329,cac9e5692471a0700418aa3400b9b2b1,1
329,cd48f265a63e13b762601f5f794c5fca,1
329,d017a2151d543a9885604dc62a3d9dcc,1
329,e44f675b60b3a3a2453ec36421e06f0f,2
329,ee406bf28024d97771c4b1e8b7e8e219,1
329,f35927953ed82e19d06ad3aac2f06353,1
329,fbc1488c1a1e72ba175f53ab29a248e8,1
330,08574b074924071f4e201e151b152b4e,1
330,0a57f7d2c983bcf8188589a5fea4a8da,1
330,0bcc3eeca39e1064258aa1e932269894,2
330,154e7e31ebfa092203795c972e5804a6,1
330,165f86fe8b799a708a20ee4ba125c289,3
330,2028bf1b01cafb2d2b1901fca4083222,1
330,24c66f106f642621e524291a895c9032,2
330,362b773250263786dd58670d2df42c3b,2
330,368c6c730842d78016ad823897a372db,1
330,389d119b48cf3043d311335e499d9c6b,1
330,422879e10f46682990de24d770e7f83d,1
330,4c2394abfbac7ff59ec7a420918562fa,1
330,5a848e4ab52fd5445cdc07aab1c40e48,3
330,7ce94ab189134e2d3c05f496d635419c,2
330,84f456958365164420cfc80fbe4c7fab,1
330,afeeea6271148ee1bb15173b8187c431,2
330,b623b7cb05ee3248fbe4a6ecbeed79a4,1
330,bb50f2e236e5eea0100680137654686c,1
330,bd6e6fce9ada76ea2db0f1912e8e478f,1
330,c1f5307decb89342351bec53668cffd9,1
330,cc971e0365873137b8bef2ebad633e6f,1
330,d017a2151d543a9885604dc62a3d9dcc,1
330,d1c427060a0f73f6b889a5c7c61f2ac4,2
330,e44f675b60b3a3a2453ec36421e06f0f,2
330,ee0c1cf2fbeae95205b4aa506f1469f0,1
330,fb55982be901439613a95940feefd9ee,2
330,fbc1488c1a1e72ba175f53ab29a248e8,1
331,130482add9fd75ccb6c57ba007694a2d,1
331,154e7e31ebfa092203795c972e5804a6,1
331,165f86fe8b799a708a20ee4ba125c289,1
331,2028bf1b01cafb2d2b1901fca4083222,2
331,362b773250263786dd58670d2df42c3b,1
331,389d119b48cf3043d311335e499d9c6b,1
331,422879e10f46682990de24d770e7f83d,3
331,44a34214a57dc373dcd80f54c919d006,1
331,4aa6014eceb682077f9dc4bffebc05b0,1
331,4fcb3d9a5f4871e8362dfedbdb02b064,1
331,53759a2ecddad2bb87a079a1f1519f73,5
331,5a848e4ab52fd5445cdc07aab1c40e48,1
331,601a360bd2a916ecef0e88de72a6531a,1
331,629e019a6f298a83aeecc7877964f935,2
331,6a8631b72a2f8729b91514db87e771c0,1
331,777d2e438a1b645f3aec9bd57e92672c,1
331,7a10781637204d8d10485c71a6108a2e,1
331,8317b177579dd27ff068b83205e2169b,1
331,8c292ca193d326152e335d77176746f0,1
331,8c591ab0ca519558779df02023177f44,3
331,97017430754804328eb9597b7f85da03,2
331,ab1f9387c0627dd24000bfbc54fdeee0,1
331,aca2eb7d00ea1a7b8ebd4e68314663af,1
331,af51d485dc5255ba2e18b21b550156e6,1
331,afeeea6271148ee1bb15173b8187c431,2
331,b1d207586fca400a2370d50a9ba1da98,1
331,bd6e6fce9ada76ea2db0f1912e8e478f,2
331,d1c427060a0f73f6b889a5c7c61f2ac4,1
331,e53e557d5a159f5aa2c5e995dfdf244b,1
331,ee0c1cf2fbeae95205b4aa506f1469f0,1
331,fc1d8637c0268af3db482c14b7ef8e75,1
332,08574b074924071f4e201e151b152b4e,1
332,0aabfb375647d9738ad0f7b4ea3653b1,1
332,0bcc3eeca39e1064258aa1e932269894,1
332,19421075ae0b585f2dc13ff149e2119d,1
332,2028bf1b01cafb2d2b1901fca4083222,5
332,2136c70bbe723d338fab53da3c03e6dc,1
332,24c66f106f642621e524291a895c9032,1
332,29427de7f8a9ee983d9dbc51cec569b4,1
332,368c6c730842d78016ad823897a372db,1
332,422879e10f46682990de24d770e7f83d,2
332,4aa6014eceb682077f9dc4bffebc05b0,1
332,4c2394abfbac7ff59ec7a420918562fa,2
332,5411e9269501a870cabf632f05655131,1
332,5a848e4ab52fd5445cdc07aab1c40e48,2
332,5b226d7c52f86ac72457617f78cff95d,2
332,5d66715cc928aadd0074f61332698593,1
332,6cdd53843498f92890544667809f1595,2
332,764292b2b0f73f77a0272be03fdd45f3,1
332,7a10781637204d8d10485c71a6108a2e,4
332,7c1bd920dbdf22470b68bde975dd3ccf,2
332,8317b177579dd27ff068b83205e2169b,3
332,99a4788cb24856965c36a24e339b6058,1
332,a62e25e09e05e6faf31d90c6ec1aa3d1,1
332,aca2eb7d00ea1a7b8ebd4e68314663af,1
332,bb50f2e236e5eea0100680137654686c,1
332,bdc3291ab242ec1effc8eb0987850268,1
332,cc971e0365873137b8bef2ebad633e6f,1
332,e0d64dcfaa3b6db5c54ca298ae101d05,1
332,e44f675b60b3a3a2453ec36421e06f0f,1
332,ee0c1cf2fbeae95205b4aa506f1469f0,1
332,f40876e0ef3cd5f9132b1f16b04b1346,3
332,fb55982be901439613a95940feefd9ee,3
333,08574b074924071f4e201e151b152b4e,1
333,0a57f7d2c983bcf8188589a5fea4a8da,1
333,0aabfb375647d9738ad0f7b4ea3653b1,1
333,18b0e642cbae7251e60a64aa07dd9eb9,1
333,2028bf1b01cafb2d2b1901fca4083222,2
333,24c66f106f642621e524291a895c9032,1
333,2b4609f8948be18874494203496bc318,1
333,362b773250263786dd58670d2df42c3b,3
333,368c6c730842d78016ad823897a372db,1
333,42a2c92a0979a949ca4ea89ec5c7b934,2
333,4c2394abfbac7ff59ec7a420918562fa,2
333,4fcb3d9a5f4871e8362dfedbdb02b064,2
333,53759a2ecddad2bb87a079a1f1519f73,1
333,53b36df67ebb7c41585e8d54d6772e08,1
333,566a4f2c4385f36d15c00dfcaae132d1,1
333,569ffd16f8032478cbeb9800f2e94ba0,1
333,595fac2a385ac33a80bd5114aec74eb8,2
333,5a848e4ab52fd5445cdc07aab1c40e48,1
333,6a8631b72a2f8729b91514db87e771c0,1
333,6c3effec7c8ddba466d4f03f982c7aa3,2
333,75d6b6963340c6063f7f4cfcccfe6a30,1
333,7a10781637204d8d10485c71a6108a2e,3
333,7ce94ab189134e2d3c05f496d635419c,2
333,8c292ca193d326152e335d77176746f0,3
333,a62e25e09e05e6faf31d90c6ec1aa3d1,3
333,aba86c093ccdbac75b09111d57e50004,1
333,aca2eb7d00ea1a7b8ebd4e68314663af,4
333,afeeea6271148ee1bb15173b8187c431,1
333,bdc3291ab242ec1effc8eb0987850268,2
333,c3ba4e8d3cb30049213b682e751e9d00,3
333,c6dd917a0be2a704582055949915ab32,2
333,d696750e550fd0f733979dd7e5dff921,1
333,f35927953ed82e19d06ad3aac2f06353,1
333,f40876e0ef3cd5f9132b1f16b04b1346,1
333,fb55982be901439613a95940feefd9ee,1
334,154e7e31ebfa092203795c972e5804a6,2
334,24c66f106f642621e524291a895c9032,2
334,2b4609f8948be18874494203496bc318,1
334,362b773250263786dd58670d2df42c3b,1
334,422879e10f46682990de24d770e7f83d,16
334,42a2c92a0979a949ca4ea89ec5c7b934,1
334,44a34214a57dc373dcd80f54c919d006,6
334,4520766ec412348b8d4caa5e8a18c464,1
334,4b96786612ebe7463132fce2c4dca136,3
334,4c2394abfbac7ff59ec7a420918562fa,3
334,53759a2ecddad2bb87a079a1f1519f73,5
334,595fac2a385ac33a80bd5114aec74eb8,1
334,629e019a6f298a83aeecc7877964f935,1
334,6cdd53843498f92890544667809f1595,3
334,781afe929e3016a667f5f439afd55fce,1
334,7a10781637204d8d10485c71a6108a2e,4
334,7ce94ab189134e2d3c05f496d635419c,1
334,8317b177579dd27ff068b83205e2169b,1
334,8aa6223e400af9c97b07c75993142721,1
334,8c292ca193d326152e335d77176746f0,1
334,93c902b021a9e594f658ab1b0351602a,1
334,a62e25e09e05e6faf31d90c6ec1aa3d1,1
334,aca2eb7d00ea1a7b8ebd4e68314663af,1
334,b1d207586fca400a2370d50a9ba1da98,1
334,bb50f2e236e5eea0100680137654686c,1
334,bdc3291ab242ec1effc8eb0987850268,1
334,c4baedd846ed09b85f78a781b522f126,2
334,d04857e7b4b708ee8b8b9921163edba3,1
334,d1c427060a0f73f6b889a5c7c61f2ac4,2
334,e0cf79767c5b016251fe139915c59a26,1
334,e44f675b60b3a3a2453ec36421e06f0f,1
334,fb55982be901439613a95940feefd9ee,2
334,fe01b643060a6446e59f58e3021e66b3,3
335,0aabfb375647d9738ad0f7b4ea3653b1,1
335,130482add9fd75ccb6c57ba007694a2d,1
335,2028bf1b01cafb2d2b1901fca4083222,1
335,2136c70bbe723d338fab53da3c03e6dc,1
335,24c66f106f642621e524291a895c9032,3
335,2b4609f8948be18874494203496bc318,1
335,368c6c730842d78016ad823897a372db,5
335,389d119b48cf3043d311335e499d9c6b,3
335,4413a608a42bd21bbf9d5abbd58c249a,3
335,4c2394abfbac7ff59ec7a420918562fa,1
335,5411e9269501a870cabf632f05655131,2
335,617186c3d97ea56c9c683a8a3974e8c1,1
335,629e019a6f298a83aeecc7877964f935,1
335,6c3effec7c8ddba466d4f03f982c7aa3,2
335,6cdd53843498f92890544667809f1595,1
335,75d6b6963340c6063f7f4cfcccfe6a30,3
335,764292b2b0f73f77a0272be03fdd45f3,1
335,7ce94ab189134e2d3c05f496d635419c,2
335,97017430754804328eb9597b7f85da03,1
335,aca2eb7d00ea1a7b8ebd4e68314663af,1
335,c4baedd846ed09b85f78a781b522f126,1
335,c6dd917a0be2a704582055949915ab32,1
335,db5efde3ad0cc579b130d71c4b2db522,1
335,e0d64dcfaa3b6db5c54ca298ae101d05,1
335,e44f675b60b3a3a2453ec36421e06f0f,1
335,ec2d43cc59763ec91694573b31f1c29a,1
335,f264c1d9b20b5e4a340254d0405e613b,1
335,fe01b643060a6446e59f58e3021e66b3,2
336,0aabfb375647d9738ad0f7b4ea3653b1,1
336,0bcc3eeca39e1064258aa1e932269894,2
336,130482add9fd75ccb6c57ba007694a2d,1
336,154e7e31ebfa092203795c972e5804a6,1
336,165f86fe8b799a708a20ee4ba125c289,1
336,2028bf1b01cafb2d2b1901fca4083222,2
336,24c66f106f642621e524291a895c9032,2
336,25f86162fee18735fffdb762dcb10d7c,1
336,2b4609f8948be18874494203496bc318,2
336,389d119b48cf3043d311335e499d9c6b,1
336,4fcb3d9a5f4871e8362dfedbdb02b064,2
336,617186c3d97ea56c9c683a8a3974e8c1,2
336,6a8631b72a2f8729b91514db87e771c0,1
336,6c3effec7c8ddba466d4f03f982c7aa3,1
336,764292b2b0f73f77a0272be03fdd45f3,1
336,8317b177579dd27ff068b83205e2169b,1
336,84f456958365164420cfc80fbe4c7fab,2
336,a62e25e09e05e6faf31d90c6ec1aa3d1,1
336,aca2eb7d00ea1a7b8ebd4e68314663af,5
336,bb50f2e236e5eea0100680137654686c,1
336,c1f5307decb89342351bec53668cffd9,1
336,c4baedd846ed09b85f78a781b522f126,1
336,cac9e5692471a0700418aa3400b9b2b1,1
336,cc971e0365873137b8bef2ebad633e6f,1
336,d285360f29ac7fd97640bf0baef03de0,2
336,d696750e550fd0f733979dd7e5dff921,1
336,ec2d43cc59763ec91694573b31f1c29a,1
336,ee406bf28024d97771c4b1e8b7e8e219,1
336,f4f67ccaece962d013a4e1d7dc3a61f7,1
336,fb55982be901439613a95940feefd9ee,3
336,fe01b643060a6446e59f58e3021e66b3,1
337,0a57f7d2c983bcf8188589a5fea4a8da,1
337,0aabfb375647d9738ad0f7b4ea3653b1,1
337,24c66f106f642621e524291a895c9032,2
337,2b4609f8948be18874494203496bc318,1
337,389d119b48cf3043d311335e499d9c6b,1
337,4413a608a42bd21bbf9d5abbd58c249a,1
337,4c2394abfbac7ff59ec7a420918562fa,1
337,5411e9269501a870cabf632f05655131,1
337,595fac2a385ac33a80bd5114aec74eb8,1
337,5a848e4ab52fd5445cdc07aab1c40e48,1
337,5b226d7c52f86ac72457617f78cff95d,1
337,6a8631b72a2f8729b91514db87e771c0,3
337,75d6b6963340c6063f7f4cfcccfe6a30,1
337,8317b177579dd27ff068b83205e2169b,1
337,93c902b021a9e594f658ab1b0351602a,1
337,b1d207586fca400a2370d50a9ba1da98,1
337,c4baedd846ed09b85f78a781b522f126,3
337,cac9e5692471a0700418aa3400b9b2b1,1
337,d285360f29ac7fd97640bf0baef03de0,1
337,ee0c1cf2fbeae95205b4aa506f1469f0,2
337,f35927953ed82e19d06ad3aac2f06353,1
338,0aabfb375647d9738ad0f7b4ea3653b1,1
338,154e7e31ebfa092203795c972e5804a6,1
338,165f86fe8b799a708a20ee4ba125c289,1
338,2a2d22ae30e026f1893083c8405ca522,1
338,35afc973633aaeb6b877ff57b2793310,2
338,368c6c730842d78016ad823897a372db,2
338,4413a608a42bd21bbf9d5abbd58c249a,1
338,461f43be3bdf8844e65b62d9ac2c7a5a,1
338,4c2394abfbac7ff59ec7a420918562fa,1
338,53759a2ecddad2bb87a079a1f1519f73,3
338,5411e9269501a870cabf632f05655131,1
338,5a848e4ab52fd5445cdc07aab1c40e48,1
338,617186c3d97ea56c9c683a8a3974e8c1,1
338,6a8631b72a2f8729b91514db87e771c0,1
338,75d6b6963340c6063f7f4cfcccfe6a30,1
338,7814c273ab16783d73a9863ebfa8b141,1
338,7ce94ab189134e2d3c05f496d635419c,2
338,8317b177579dd27ff068b83205e2169b,1
338,99a4788cb24856965c36a24e339b6058,1
338,c4baedd846ed09b85f78a781b522f126,1
338,cac9e5692471a0700418aa3400b9b2b1,1
338,d285360f29ac7fd97640bf0baef03de0,1
338,d696750e550fd0f733979dd7e5dff921,1
339,0a57f7d2c983bcf8188589a5fea4a8da,6
339,0aabfb375647d9738ad0f7b4ea3653b1,1
339,154e7e31ebfa092203795c972e5804a6,1
339,165f86fe8b799a708a20ee4ba125c289,1
339,2028bf1b01cafb2d2b1901fca4083222,2
339,29427de7f8a9ee983d9dbc51cec569b4,1
339,2b4609f8948be18874494203496bc318,1
339,362b773250263786dd58670d2df42c3b,1
339,422879e10f46682990de24d770e7f83d,1
339,461f43be3bdf8844e65b62d9ac2c7a5a,1
339,4c2394abfbac7ff59ec7a420918562fa,2
339,595fac2a385ac33a80bd5114aec74eb8,2
339,5a848e4ab52fd5445cdc07aab1c40e48,2
339,617186c3d97ea56c9c683a8a3974e8c1,1
339,62d8daeee0db3a60c234c2d1bfd10651,1
339,6a8631b72a2f8729b91514db87e771c0,1
339,6c3effec7c8ddba466d4f03f982c7aa3,1
339,75d6b6963340c6063f7f4cfcccfe6a30,1
339,78efe838c04bbc568be034082200ac20,1
339,7c1bd920dbdf22470b68bde975dd3ccf,1
339,8c5876b1c7768217964f353bc7e64393,1
339,9545d45c37449ccbc376de3a04c66e71,1
339,99a4788cb24856965c36a24e339b6058,1
339,ab1f9387c0627dd24000bfbc54fdeee0,1
339,c4baedd846ed09b85f78a781b522f126,3
339,cac9e5692471a0700418aa3400b9b2b1,2
339,cc971e0365873137b8bef2ebad633e6f,1
339,ec2d43cc59763ec91694573b31f1c29a,1
339,fb55982be901439613a95940feefd9ee,1
340,0a57f7d2c983bcf8188589a5fea4a8da,1
340,165f86fe8b799a708a20ee4ba125c289,2
340,2028bf1b01cafb2d2b1901fca4083222,1
340,22c5ddc22ea8cae84fc9917def682dc6,1
340,2b4609f8948be18874494203496bc318,3
340,368c6c730842d78016ad823897a372db,1
340,43423cdffde7fda63d0414ed38c11a73,1
340,4413a608a42bd21bbf9d5abbd58c249a,2
340,461f43be3bdf8844e65b62d9ac2c7a5a,2
340,4c2394abfbac7ff59ec7a420918562fa,2
340,52c80cedd4e90108bf4fa6a206ef6b03,1
340,595fac2a385ac33a80bd5114aec74eb8,1
340,5a848e4ab52fd5445cdc07aab1c40e48,1
340,5b226d7c52f86ac72457617f78cff95d,1
340,629e019a6f298a83aeecc7877964f935,1
340,62d8daeee0db3a60c234c2d1bfd10651,1
340,7a10781637204d8d10485c71a6108a2e,3
340,8c292ca193d326152e335d77176746f0,1
340,ab1f9387c0627dd24000bfbc54fdeee0,1
340,d1c427060a0f73f6b889a5c7c61f2ac4,1
340,e03102efbc2229024c89be731f0aedcb,2
340,e44f675b60b3a3a2453ec36421e06f0f,1
340,ec2d43cc59763ec91694573b31f1c29a,1
340,f1fe595ee7ef768b41bd9b246d13432d,1
340,fb55982be901439613a95940feefd9ee,1
341,0152f69b6cf919bcdaf117aa8c43e5a2,1
341,0bcc3eeca39e1064258aa1e932269894,1
341,165f86fe8b799a708a20ee4ba125c289,1
341,363218ba55c610b750224f90bdd34be1,3
341,368c6c730842d78016ad823897a372db,4
341,422879e10f46682990de24d770e7f83d,5
341,43423cdffde7fda63d0414ed38c11a73,1
341,4aa6014eceb682077f9dc4bffebc05b0,1
341,4c2394abfbac7ff59ec7a420918562fa,1
341,52c80cedd4e90108bf4fa6a206ef6b03,1
341,566a4f2c4385f36d15c00dfcaae132d1,2
341,5a848e4ab52fd5445cdc07aab1c40e48,3
341,6c3effec7c8ddba466d4f03f982c7aa3,1
341,781afe929e3016a667f5f439afd55fce,1
341,7a10781637204d8d10485c71a6108a2e,1
341,97017430754804328eb9597b7f85da03,1
341,99a4788cb24856965c36a24e339b6058,1
341,a92930c327948861c015c919a0bcb4a8,1
341,b1d207586fca400a2370d50a9ba1da98,1
341,bb42f37fc3d9130e4a4339d24a47dd7c,1
341,bdc3291ab242ec1effc8eb0987850268,1
341,bee2e070c39f3dd2f6883a17a5f0da45,1
341,c4baedd846ed09b85f78a781b522f126,1
341,d1c427060a0f73f6b889a5c7c61f2ac4,2
341,e53e557d5a159f5aa2c5e995dfdf244b,4
341,ee0c1cf2fbeae95205b4aa506f1469f0,1
341,fb55982be901439613a95940feefd9ee,1
342,06edb72f1e0c64b14c5b79353f7abea3,1
342,165f86fe8b799a708a20ee4ba125c289,1
342,24c66f106f642621e524291a895c9032,1
342,25f86162fee18735fffdb762dcb10d7c,1
342,368c6c730842d78016ad823897a372db,1
342,389d119b48cf3043d311335e499d9c6b,1
342,43423cdffde7fda63d0414ed38c11a73,1
342,4aa6014eceb682077f9dc4bffebc05b0,1
342,4c2394abfbac7ff59ec7a420918562fa,2
342,6c3effec7c8ddba466d4f03f982c7aa3,2
342,75d6b6963340c6063f7f4cfcccfe6a30,1
342,97017430754804328eb9597b7f85da03,1
342,ab1f9387c0627dd24000bfbc54fdeee0,1
342,aca2eb7d00ea1a7b8ebd4e68314663af,2
342,b1d207586fca400a2370d50a9ba1da98,2
342,bee2e070c39f3dd2f6883a17a5f0da45,1
342,c3ba4e8d3cb30049213b682e751e9d00,1
342,c4baedd846ed09b85f78a781b522f126,2
342,cd48f265a63e13b762601f5f794c5fca,1
342,d017a2151d543a9885604dc62a3d9dcc,2
342,d1c427060a0f73f6b889a5c7c61f2ac4,1
342,eb8c629f70275fd1c4f809116cce1efc,2
342,ec2d43cc59763ec91694573b31f1c29a,1
342,fb55982be901439613a95940feefd9ee,5
343,06edb72f1e0c64b14c5b79353f7abea3,1
343,0aabfb375647d9738ad0f7b4ea3653b1,2
343,24c66f106f642621e524291a895c9032,2
343,368c6c730842d78016ad823897a372db,6
343,42a2c92a0979a949ca4ea89ec5c7b934,1
343,44a34214a57dc373dcd80f54c919d006,1
343,4c2394abfbac7ff59ec7a420918562fa,1
343,62d8daeee0db3a60c234c2d1bfd10651,1
343,a19b6951c75da43aad691622dd2f6abe,2
343,aca2eb7d00ea1a7b8ebd4e68314663af,1
343,cd48f265a63e13b762601f5f794c5fca,1
343,d1c427060a0f73f6b889a5c7c61f2ac4,2
343,d696750e550fd0f733979dd7e5dff921,2
343,ec2d43cc59763ec91694573b31f1c29a,1
343,f4f67ccaece962d013a4e1d7dc3a61f7,1
343,f7a17d2c51d9df89a4f1711c4ac17f33,1
343,fb55982be901439613a95940feefd9ee,1
344,0a57f7d2c983bcf8188589a5fea4a8da,3
344,154e7e31ebfa092203795c972e5804a6,3
344,24c66f106f642621e524291a895c9032,1
344,3354a4e684f5e7199f9407db70ccd92b,1
344,35afc973633aaeb6b877ff57b2793310,1
344,389d119b48cf3043d311335e499d9c6b,2
344,422879e10f46682990de24d770e7f83d,1
344,42a2c92a0979a949ca4ea89ec5c7b934,2
344,4aa6014eceb682077f9dc4bffebc05b0,1
344,52c80cedd4e90108bf4fa6a206ef6b03,1
344,72172e982e8b92155069e4201c92c0bb,1
344,75d6b6963340c6063f7f4cfcccfe6a30,1
344,b1d207586fca400a2370d50a9ba1da98,2
344,bee2e070c39f3dd2f6883a17a5f0da45,1
344,cec09725da5ed01471d9a505e7389d37,1
344,d1c427060a0f73f6b889a5c7c61f2ac4,4
344,d63c1011f49d98b976c352955b1c4bea,1
344,ec2d43cc59763ec91694573b31f1c29a,1
344,fb55982be901439613a95940feefd9ee,1
345,154e7e31ebfa092203795c972e5804a6,1
345,2028bf1b01cafb2d2b1901fca4083222,1
345,4c2394abfbac7ff59ec7a420918562fa,2
345,52c80cedd4e90108bf4fa6a206ef6b03,1
345,6c3effec7c8ddba466d4f03f982c7aa3,1
345,764292b2b0f73f77a0272be03fdd45f3,1
345,8c5876b1c7768217964f353bc7e64393,1
345,9ecadb84c81da840dbf3564378b586e9,2
345,aca2eb7d00ea1a7b8ebd4e68314663af,1
345,cd48f265a63e13b762601f5f794c5fca,1
345,e44f675b60b3a3a2453ec36421e06f0f,1
345,f40876e0ef3cd5f9132b1f16b04b1346,1
346,08574b074924071f4e201e151b152b4e,1
346,0aabfb375647d9738ad0f7b4ea3653b1,1
346,165f86fe8b799a708a20ee4ba125c289,1
346,19421075ae0b585f2dc13ff149e2119d,1
346,35afc973633aaeb6b877ff57b2793310,1
346,368c6c730842d78016ad823897a372db,1
346,422879e10f46682990de24d770e7f83d,1
346,42a2c92a0979a949ca4ea89ec5c7b934,1
346,43423cdffde7fda63d0414ed38c11a73,1
346,4b96786612ebe7463132fce2c4dca136,2
346,4c2394abfbac7ff59ec7a420918562fa,1
346,52c80cedd4e90108bf4fa6a206ef6b03,1
346,629e019a6f298a83aeecc7877964f935,1
346,6c3effec7c8ddba466d4f03f982c7aa3,1
346,7a10781637204d8d10485c71a6108a2e,1
346,7c1bd920dbdf22470b68bde975dd3ccf,1
346,8c5876b1c7768217964f353bc7e64393,1
346,93c902b021a9e594f658ab1b0351602a,1
346,9545d45c37449ccbc376de3a04c66e71,1
346,a62e25e09e05e6faf31d90c6ec1aa3d1,1
346,aca2eb7d00ea1a7b8ebd4e68314663af,3
346,c4baedd846ed09b85f78a781b522f126,2
346,cd48f265a63e13b762601f5f794c5fca,1
346,e44f675b60b3a3a2453ec36421e06f0f,1
346,e53e557d5a159f5aa2c5e995dfdf244b,1
346,ed2067a9c1f79553088a3c67b99a9f97,3
346,fb55982be901439613a95940feefd9ee,1
346,fc1d8637c0268af3db482c14b7ef8e75,1
347,06edb72f1e0c64b14c5b79353f7abea3,1
347,0a57f7d2c983bcf8188589a5fea4a8da,1
347,0bcc3eeca39e1064258aa1e932269894,1
347,154e7e31ebfa092203795c972e5804a6,1
347,165f86fe8b799a708a20ee4ba125c289,1
347,2028bf1b01cafb2d2b1901fca4083222,1
347,29427de7f8a9ee983d9dbc51cec569b4,1
347,422879e10f46682990de24d770e7f83d,1
347,4c2394abfbac7ff59ec7a420918562fa,4
347,5a848e4ab52fd5445cdc07aab1c40e48,3
347,629e019a6f298a83aeecc7877964f935,1
347,6c3effec7c8ddba466d4f03f982c7aa3,2
347,75d6b6963340c6063f7f4cfcccfe6a30,2
347,764292b2b0f73f77a0272be03fdd45f3,1
347,7a10781637204d8d10485c71a6108a2e,2
347,8c5876b1c7768217964f353bc7e64393,1
347,99a4788cb24856965c36a24e339b6058,1
347,a62e25e09e05e6faf31d90c6ec1aa3d1,1
347,aca2eb7d00ea1a7b8ebd4e68314663af,3
347,b1d207586fca400a2370d50a9ba1da98,2
347,bb42f37fc3d9130e4a4339d24a47dd7c,1
347,c4baedd846ed09b85f78a781b522f126,2
347,cec09725da5ed01471d9a505e7389d37,1
347,d1c427060a0f73f6b889a5c7c61f2ac4,1
347,d5991653e037ccb7af6ed7d94246b249,2
347,e0cf79767c5b016251fe139915c59a26,1
347,e0d64dcfaa3b6db5c54ca298ae101d05,1
347,e53e557d5a159f5aa2c5e995dfdf244b,1
347,eb8c629f70275fd1c4f809116cce1efc,1
347,ec2d43cc59763ec91694573b31f1c29a,2
347,f35927953ed82e19d06ad3aac2f06353,1
347,f4f67ccaece962d013a4e1d7dc3a61f7,1
347,fb55982be901439613a95940feefd9ee,1
348,08574b074924071f4e201e151b152b4e,2
348,2028bf1b01cafb2d2b1901fca4083222,1
348,2ffdf10e724b958c0f7ea69e97d32f64,1
348,368c6c730842d78016ad823897a372db,1
348,36f60d45225e60c7da4558b070ce4b60,1
348,389d119b48cf3043d311335e499d9c6b,4
348,422879e10f46682990de24d770e7f83d,4
348,4b96786612ebe7463132fce2c4dca136,1
348,4c2394abfbac7ff59ec7a420918562fa,2
348,4fcb3d9a5f4871e8362dfedbdb02b064,1
348,53759a2ecddad2bb87a079a1f1519f73,7
348,5a848e4ab52fd5445cdc07aab1c40e48,1
348,5d66715cc928aadd0074f61332698593,2
348,617186c3d97ea56c9c683a8a3974e8c1,1
348,75d6b6963340c6063f7f4cfcccfe6a30,1
348,777d2e438a1b645f3aec9bd57e92672c,1
348,7a10781637204d8d10485c71a6108a2e,1
348,99a4788cb24856965c36a24e339b6058,1
348,a92930c327948861c015c919a0bcb4a8,1
348,afeeea6271148ee1bb15173b8187c431,1
348,b1d207586fca400a2370d50a9ba1da98,11
348,d017a2151d543a9885604dc62a3d9dcc,2
348,d1c427060a0f73f6b889a5c7c61f2ac4,1
348,e03102efbc2229024c89be731f0aedcb,1
348,ea44caac707f7f1325182a538007f838,1
348,ee0c1cf2fbeae95205b4aa506f1469f0,1
349,0a57f7d2c983bcf8188589a5fea4a8da,3
349,0aabfb375647d9738ad0f7b4ea3653b1,4
349,25f86162fee18735fffdb762dcb10d7c,1
349,2b4609f8948be18874494203496bc318,1
349,363218ba55c610b750224f90bdd34be1,1
349,368c6c730842d78016ad823897a372db,3
349,389d119b48cf3043d311335e499d9c6b,3
349,422879e10f46682990de24d770e7f83d,4
349,43423cdffde7fda63d0414ed38c11a73,1
349,4c2394abfbac7ff59ec7a420918562fa,1
349,52c80cedd4e90108bf4fa6a206ef6b03,1
349,53759a2ecddad2bb87a079a1f1519f73,1
349,566a4f2c4385f36d15c00dfcaae132d1,1
349,569ffd16f8032478cbeb9800f2e94ba0,2
349,5a848e4ab52fd5445cdc07aab1c40e48,2
349,601a360bd2a916ecef0e88de72a6531a,1
349,629e019a6f298a83aeecc7877964f935,1
349,7c1bd920dbdf22470b68bde975dd3ccf,1
349,a50acd33ba7a8da8e9db65094fa990a4,1
349,a62e25e09e05e6faf31d90c6ec1aa3d1,1
349,b1d207586fca400a2370d50a9ba1da98,3
349,b5e13c9a353102f79c6206ff5cb61a50,1
349,c3ba4e8d3cb30049213b682e751e9d00,1
349,c4baedd846ed09b85f78a781b522f126,1
349,cec09725da5ed01471d9a505e7389d37,1
349,d1c427060a0f73f6b889a5c7c61f2ac4,1
349,e0cf79767c5b016251fe139915c59a26,2
349,fb55982be901439613a95940feefd9ee,1
350,0a57f7d2c983bcf8188589a5fea4a8da,1
350,0bcc3eeca39e1064258aa1e932269894,1
350,2028bf1b01cafb2d2b1901fca4083222,1
350,368c6c730842d78016ad823897a372db,1
350,389d119b48cf3043d311335e499d9c6b,3
350,422879e10f46682990de24d770e7f83d,2
350,4c2394abfbac7ff59ec7a420918562fa,1
350,53759a2ecddad2bb87a079a1f1519f73,4
350,566a4f2c4385f36d15c00dfcaae132d1,1
350,6c3effec7c8ddba466d4f03f982c7aa3,1
350,7a10781637204d8d10485c71a6108a2e,1
350,8c5876b1c7768217964f353bc7e64393,1
350,99a4788cb24856965c36a24e339b6058,1
350,aca2eb7d00ea1a7b8ebd4e68314663af,2
350,b1d207586fca400a2370d50a9ba1da98,1
350,c4baedd846ed09b85f78a781b522f126,2
350,cd48f265a63e13b762601f5f794c5fca,1
350,ee0c1cf2fbeae95205b4aa506f1469f0,1
350,ee406bf28024d97771c4b1e8b7e8e219,2
350,f264c1d9b20b5e4a340254d0405e613b,1
350,fb55982be901439613a95940feefd9ee,1
351,0aabfb375647d9738ad0f7b4ea3653b1,2
351,368c6c730842d78016ad823897a372db,7
351,389d119b48cf3043d311335e499d9c6b,1
351,4aa6014eceb682077f9dc4bffebc05b0,1
351,4c2394abfbac7ff59ec7a420918562fa,1
351,52c80cedd4e90108bf4fa6a206ef6b03,1
351,53759a2ecddad2bb87a079a1f1519f73,2
351,6c3effec7c8ddba466d4f03f982c7aa3,3
351,764292b2b0f73f77a0272be03fdd45f3,1
351,9ecadb84c81da840dbf3564378b586e9,2
351,a92930c327948861c015c919a0bcb4a8,1
351,ab1f9387c0627dd24000bfbc54fdeee0,1
351,aca2eb7d00ea1a7b8ebd4e68314663af,1
351,b0961721fd839e9982420e807758a2a6,1
351,b1d207586fca400a2370d50a9ba1da98,2
351,cac9e5692471a0700418aa3400b9b2b1,1
351,cd48f265a63e13b762601f5f794c5fca,1
351,d017a2151d543a9885604dc62a3d9dcc,1
351,fb55982be901439613a95940feefd9ee,1
352,165f86fe8b799a708a20ee4ba125c289,2
352,2028bf1b01cafb2d2b1901fca4083222,1
352,422879e10f46682990de24d770e7f83d,1
352,4c2394abfbac7ff59ec7a420918562fa,1
352,5a848e4ab52fd5445cdc07aab1c40e48,1
352,764292b2b0f73f77a0272be03fdd45f3,1
352,78efe838c04bbc568be034082200ac20,1
352,7a10781637204d8d10485c71a6108a2e,1
352,8317b177579dd27ff068b83205e2169b,1
352,99a4788cb24856965c36a24e339b6058,1
352,aca2eb7d00ea1a7b8ebd4e68314663af,1
352,af51d485dc5255ba2e18b21b550156e6,1
352,b1d207586fca400a2370d50a9ba1da98,3
352,cac9e5692471a0700418aa3400b9b2b1,1
352,cd48f265a63e13b762601f5f794c5fca,1
352,d017a2151d543a9885604dc62a3d9dcc,1
352,f40876e0ef3cd5f9132b1f16b04b1346,2
352,f71f42e2381752836563b70beb542f80,1
353,0a57f7d2c983bcf8188589a5fea4a8da,1
353,165f86fe8b799a708a20ee4ba125c289,1
353,2b4609f8948be18874494203496bc318,1
353,368c6c730842d78016ad823897a372db,1
353,43423cdffde7fda63d0414ed38c11a73,1
353,6c3effec7c8ddba466d4f03f982c7aa3,2
353,7a10781637204d8d10485c71a6108a2e,1
353,8c292ca193d326152e335d77176746f0,1
353,99a4788cb24856965c36a24e339b6058,1
353,c4baedd846ed09b85f78a781b522f126,1
353,f264c1d9b20b5e4a340254d0405e613b,1
354,06edb72f1e0c64b14c5b79353f7abea3,2
354,154e7e31ebfa092203795c972e5804a6,2
354,165f86fe8b799a708a20ee4ba125c289,1
354,2136c70bbe723d338fab53da3c03e6dc,1
354,36f60d45225e60c7da4558b070ce4b60,1
354,42a2c92a0979a949ca4ea89ec5c7b934,1
354,4413a608a42bd21bbf9d5abbd58c249a,2
354,4fcb3d9a5f4871e8362dfedbdb02b064,1
354,595fac2a385ac33a80bd5114aec74eb8,2
354,5a848e4ab52fd5445cdc07aab1c40e48,4
354,5d66715cc928aadd0074f61332698593,1
354,629e019a6f298a83aeecc7877964f935,1
354,6a8631b72a2f8729b91514db87e771c0,1
354,6cdd53843498f92890544667809f1595,1
354,72172e982e8b92155069e4201c92c0bb,2
354,7c1bd920dbdf22470b68bde975dd3ccf,1
354,8562e2c780a345b609e1b802d7e3e4ae,1
354,8aa6223e400af9c97b07c75993142721,1
354,a50acd33ba7a8da8e9db65094fa990a4,1
354,a62e25e09e05e6faf31d90c6ec1aa3d1,2
354,ab1f9387c0627dd24000bfbc54fdeee0,2
354,aca2eb7d00ea1a7b8ebd4e68314663af,2
354,c4baedd846ed09b85f78a781b522f126,1
354,cac9e5692471a0700418aa3400b9b2b1,1
354,e0cf79767c5b016251fe139915c59a26,1
354,ee0c1cf2fbeae95205b4aa506f1469f0,1
354,fb55982be901439613a95940feefd9ee,2
354,fc1d8637c0268af3db482c14b7ef8e75,1
355,0152f69b6cf919bcdaf117aa8c43e5a2,1
355,165f86fe8b799a708a20ee4ba125c289,1
355,36f60d45225e60c7da4558b070ce4b60,1
355,3eef0cb94ba82de806bb30ab743c7655,1
355,43423cdffde7fda63d0414ed38c11a73,1
355,44a34214a57dc373dcd80f54c919d006,1
355,473795a355d29305c3ea6b156833adf5,1
355,4c2394abfbac7ff59ec7a420918562fa,1
355,4fcb3d9a5f4871e8362dfedbdb02b064,1
355,52c80cedd4e90108bf4fa6a206ef6b03,1
355,566a4f2c4385f36d15c00dfcaae132d1,1
355,5d66715cc928aadd0074f61332698593,1
355,656e0eca68dcecf6a31b8ececfabe3e8,1
355,7814c273ab16783d73a9863ebfa8b141,1
355,8c5876b1c7768217964f353bc7e64393,2
355,8c591ab0ca519558779df02023177f44,1
355,99a4788cb24856965c36a24e339b6058,1
355,a62e25e09e05e6faf31d90c6ec1aa3d1,2
355,a92930c327948861c015c919a0bcb4a8,1
355,ab1f9387c0627dd24000bfbc54fdeee0,1
355,aca2eb7d00ea1a7b8ebd4e68314663af,1
355,bb42f37fc3d9130e4a4339d24a47dd7c,1
355,cd48f265a63e13b762601f5f794c5fca,1
355,e53e557d5a159f5aa2c5e995dfdf244b,1
355,f40876e0ef3cd5f9132b1f16b04b1346,1
355,f4f67ccaece962d013a4e1d7dc3a61f7,1
355,fb55982be901439613a95940feefd9ee,2
356,0a57f7d2c983bcf8188589a5fea4a8da,3
356,154e7e31ebfa092203795c972e5804a6,1
356,2028bf1b01cafb2d2b1901fca4083222,1
356,36f60d45225e60c7da4558b070ce4b60,1
356,4413a608a42bd21bbf9d5abbd58c249a,1
356,473795a355d29305c3ea6b156833adf5,2
356,4c2394abfbac7ff59ec7a420918562fa,1
356,4fe644d766c7566dbc46fb851363cb3b,1
356,5411e9269501a870cabf632f05655131,4
356,595fac2a385ac33a80bd5114aec74eb8,1
356,5d66715cc928aadd0074f61332698593,1
356,629e019a6f298a83aeecc7877964f935,1
356,6cdd53843498f92890544667809f1595,1
356,72172e982e8b92155069e4201c92c0bb,1
356,84f456958365164420cfc80fbe4c7fab,2
356,8c292ca193d326152e335d77176746f0,2
356,8c5876b1c7768217964f353bc7e64393,1
356,99a4788cb24856965c36a24e339b6058,2
356,ab1f9387c0627dd24000bfbc54fdeee0,1
356,aca2eb7d00ea1a7b8ebd4e68314663af,16
356,b1d207586fca400a2370d50a9ba1da98,1
356,b5e13c9a353102f79c6206ff5cb61a50,1
356,c4baedd846ed09b85f78a781b522f126,2
356,c6336fa91fbd87c359e44f5dca5a90ed,1
356,cd48f265a63e13b762601f5f794c5fca,2
356,d04857e7b4b708ee8b8b9921163edba3,1
356,d63c1011f49d98b976c352955b1c4bea,1
356,e53e557d5a159f5aa2c5e995dfdf244b,1
356,ec2d43cc59763ec91694573b31f1c29a,1
356,ee406bf28024d97771c4b1e8b7e8e219,2
356,f1fe595ee7ef768b41bd9b246d13432d,1
356,fb55982be901439613a95940feefd9ee,2
357,06edb72f1e0c64b14c5b79353f7abea3,2
357,0a57f7d2c983bcf8188589a5fea4a8da,6
357,154e7e31ebfa092203795c972e5804a6,1
357,165f86fe8b799a708a20ee4ba125c289,3
357,42a2c92a0979a949ca4ea89ec5c7b934,2
357,473795a355d29305c3ea6b156833adf5,1
357,4aa6014eceb682077f9dc4bffebc05b0,2
357,4c2394abfbac7ff59ec7a420918562fa,2
357,53759a2ecddad2bb87a079a1f1519f73,1
357,54d9ac713e253fa1fae9c8003b011c2a,1
357,566a4f2c4385f36d15c00dfcaae132d1,1
357,583f158587cdecda3e8bdea694021e39,2
357,5a848e4ab52fd5445cdc07aab1c40e48,1
357,6c3effec7c8ddba466d4f03f982c7aa3,2
357,6cdd53843498f92890544667809f1595,2
357,7a10781637204d8d10485c71a6108a2e,1
357,84f456958365164420cfc80fbe4c7fab,1
357,8c591ab0ca519558779df02023177f44,1
357,ab1f9387c0627dd24000bfbc54fdeee0,1
357,aca2eb7d00ea1a7b8ebd4e68314663af,13
357,cac9e5692471a0700418aa3400b9b2b1,1
357,d04857e7b4b708ee8b8b9921163edba3,1
357,d1c427060a0f73f6b889a5c7c61f2ac4,1
357,e44f675b60b3a3a2453ec36421e06f0f,1
357,ea44caac707f7f1325182a538007f838,1
357,f1fe595ee7ef768b41bd9b246d13432d,1
357,f40876e0ef3cd5f9132b1f16b04b1346,1
357,fb55982be901439613a95940feefd9ee,2
358,154e7e31ebfa092203795c972e5804a6,2
358,165f86fe8b799a708a20ee4ba125c289,2
358,25f86162fee18735fffdb762dcb10d7c,1
358,29427de7f8a9ee983d9dbc51cec569b4,1
358,2a5806f10d0f00e5ad032dd2e3c8806e,1
358,368c6c730842d78016ad823897a372db,1
358,36f60d45225e60c7da4558b070ce4b60,1
358,43423cdffde7fda63d0414ed38c11a73,2
358,44a34214a57dc373dcd80f54c919d006,1
358,473795a355d29305c3ea6b156833adf5,1
358,4c2394abfbac7ff59ec7a420918562fa,1
358,4fe644d766c7566dbc46fb851363cb3b,1
358,53759a2ecddad2bb87a079a1f1519f73,1
358,5411e9269501a870cabf632f05655131,1
358,54d9ac713e253fa1fae9c8003b011c2a,1
358,583f158587cdecda3e8bdea694021e39,1
358,595fac2a385ac33a80bd5114aec74eb8,1
358,5a848e4ab52fd5445cdc07aab1c40e48,2
358,5d66715cc928aadd0074f61332698593,1
358,656e0eca68dcecf6a31b8ececfabe3e8,1
358,6c3effec7c8ddba466d4f03f982c7aa3,1
358,777d2e438a1b645f3aec9bd57e92672c,1
358,78efe838c04bbc568be034082200ac20,1
358,8c5876b1c7768217964f353bc7e64393,1
358,93c902b021a9e594f658ab1b0351602a,1
358,99a4788cb24856965c36a24e339b6058,2
358,a19b6951c75da43aad691622dd2f6abe,2
358,aca2eb7d00ea1a7b8ebd4e68314663af,8
358,b5e13c9a353102f79c6206ff5cb61a50,4
358,cac9e5692471a0700418aa3400b9b2b1,1
358,d04857e7b4b708ee8b8b9921163edba3,1
358,e03102efbc2229024c89be731f0aedcb,2
358,e53e557d5a159f5aa2c5e995dfdf244b,1
358,ec2d43cc59763ec91694573b31f1c29a,2
358,ee0c1cf2fbeae95205b4aa506f1469f0,1
358,f40876e0ef3cd5f9132b1f16b04b1346,1
358,fb55982be901439613a95940feefd9ee,3
359,130482add9fd75ccb6c57ba007694a2d,1
359,165f86fe8b799a708a20ee4ba125c289,1
359,19421075ae0b585f2dc13ff149e2119d,1
359,2028bf1b01cafb2d2b1901fca4083222,2
359,2a2d22ae30e026f1893083c8405ca522,1
359,389d119b48cf3043d311335e499d9c6b,2
359,422879e10f46682990de24d770e7f83d,1
359,4aa6014eceb682077f9dc4bffebc05b0,1
359,4c2394abfbac7ff59ec7a420918562fa,1
359,4fe644d766c7566dbc46fb851363cb3b,1
359,52c80cedd4e90108bf4fa6a206ef6b03,1
359,53759a2ecddad2bb87a079a1f1519f73,1
359,5411e9269501a870cabf632f05655131,2
359,54d9ac713e253fa1fae9c8003b011c2a,1
359,6cdd53843498f92890544667809f1595,1
359,764292b2b0f73f77a0272be03fdd45f3,1
359,7814c273ab16783d73a9863ebfa8b141,1
359,7a10781637204d8d10485c71a6108a2e,1
359,7ce94ab189134e2d3c05f496d635419c,2
359,a35a9f46dcee0a67c8c7ad8493eb4135,1
359,a50acd33ba7a8da8e9db65094fa990a4,1
359,a62e25e09e05e6faf31d90c6ec1aa3d1,1
359,aca2eb7d00ea1a7b8ebd4e68314663af,2
359,c1f5307decb89342351bec53668cffd9,1
359,cd48f265a63e13b762601f5f794c5fca,2
359,e03102efbc2229024c89be731f0aedcb,1
359,e0cf79767c5b016251fe139915c59a26,2
359,e44f675b60b3a3a2453ec36421e06f0f,1
359,ec2d43cc59763ec91694573b31f1c29a,1
359,ee0c1cf2fbeae95205b4aa506f1469f0,1
359,ee406bf28024d97771c4b1e8b7e8e219,3
359,fb55982be901439613a95940feefd9ee,2
360,06edb72f1e0c64b14c5b79353f7abea3,1
360,0a57f7d2c983bcf8188589a5fea4a8da,1
360,0bcc3eeca39e1064258aa1e932269894,2
360,154e7e31ebfa092203795c972e5804a6,1
360,29427de7f8a9ee983d9dbc51cec569b4,1
360,2b4609f8948be18874494203496bc318,1
360,363218ba55c610b750224f90bdd34be1,1
360,36f60d45225e60c7da4558b070ce4b60,1
360,3eef0cb94ba82de806bb30ab743c7655,3
360,473795a355d29305c3ea6b156833adf5,1
360,4aa6014eceb682077f9dc4bffebc05b0,1
360,4c2394abfbac7ff59ec7a420918562fa,1
360,4fcb3d9a5f4871e8362dfedbdb02b064,1
360,4fe644d766c7566dbc46fb851363cb3b,1
360,53759a2ecddad2bb87a079a1f1519f73,1
360,54d9ac713e253fa1fae9c8003b011c2a,1
360,566a4f2c4385f36d15c00dfcaae132d1,1
360,5a848e4ab52fd5445cdc07aab1c40e48,3
360,601a360bd2a916ecef0e88de72a6531a,1
360,656e0eca68dcecf6a31b8ececfabe3e8,1
360,6c3effec7c8ddba466d4f03f982c7aa3,2
360,78efe838c04bbc568be034082200ac20,2
360,7a10781637204d8d10485c71a6108a2e,2
360,7c1bd920dbdf22470b68bde975dd3ccf,1
360,7ce94ab189134e2d3c05f496d635419c,2
360,8c292ca193d326152e335d77176746f0,2
360,93c902b021a9e594f658ab1b0351602a,1
360,97017430754804328eb9597b7f85da03,3
360,99a4788cb24856965c36a24e339b6058,3
360,aba86c093ccdbac75b09111d57e50004,1
360,aca2eb7d00ea1a7b8ebd4e68314663af,7
360,c4baedd846ed09b85f78a781b522f126,1
360,cd48f265a63e13b762601f5f794c5fca,1
360,d1c427060a0f73f6b889a5c7c61f2ac4,5
360,d63c1011f49d98b976c352955b1c4bea,3
360,e0cf79767c5b016251fe139915c59a26,2
360,ea44caac707f7f1325182a538007f838,1
360,f40876e0ef3cd5f9132b1f16b04b1346,1
360,f7a17d2c51d9df89a4f1711c4ac17f33,1
360,fb55982be901439613a95940feefd9ee,5
361,0bcc3eeca39e1064258aa1e932269894,2
361,11fd9d7ba552e1d28872e008acf1e050,1
361,19421075ae0b585f2dc13ff149e2119d,1
361,2028bf1b01cafb2d2b1901fca4083222,1
361,2b4609f8948be18874494203496bc318,1
361,368c6c730842d78016ad823897a372db,1
361,36f60d45225e60c7da4558b070ce4b60,2
361,389d119b48cf3043d311335e499d9c6b,1
361,4413a608a42bd21bbf9d5abbd58c249a,1
361,473795a355d29305c3ea6b156833adf5,2
361,4aa6014eceb682077f9dc4bffebc05b0,3
361,4c2394abfbac7ff59ec7a420918562fa,1
361,4fcb3d9a5f4871e8362dfedbdb02b064,1
361,53759a2ecddad2bb87a079a1f1519f73,1
361,5411e9269501a870cabf632f05655131,9
361,54d9ac713e253fa1fae9c8003b011c2a,5
361,5a848e4ab52fd5445cdc07aab1c40e48,1
361,617186c3d97ea56c9c683a8a3974e8c1,1
361,634256dbcd184b3757ffd7632c9fe52a,1
361,7ce94ab189134e2d3c05f496d635419c,3
361,8c292ca193d326152e335d77176746f0,1
361,93c902b021a9e594f658ab1b0351602a,1
361,a62e25e09e05e6faf31d90c6ec1aa3d1,1
361,aca2eb7d00ea1a7b8ebd4e68314663af,4
361,cc971e0365873137b8bef2ebad633e6f,1
361,cd48f265a63e13b762601f5f794c5fca,5
361,d1c427060a0f73f6b889a5c7c61f2ac4,3
361,d63c1011f49d98b976c352955b1c4bea,1
361,e44f675b60b3a3a2453ec36421e06f0f,1
361,e53e557d5a159f5aa2c5e995dfdf244b,2
361,ec2d43cc59763ec91694573b31f1c29a,1
361,ee0c1cf2fbeae95205b4aa506f1469f0,2
361,f1fe595ee7ef768b41bd9b246d13432d,1
361,f264c1d9b20b5e4a340254d0405e613b,1
361,f40876e0ef3cd5f9132b1f16b04b1346,1
361,f4f67ccaece962d013a4e1d7dc3a61f7,2
362,06edb72f1e0c64b14c5b79353f7abea3,1
362,08574b074924071f4e201e151b152b4e,1
362,0a57f7d2c983bcf8188589a5fea4a8da,1
362,0bcc3eeca39e1064258aa1e932269894,1
362,165f86fe8b799a708a20ee4ba125c289,1
362,2b4609f8948be18874494203496bc318,2
362,2ffdf10e724b958c0f7ea69e97d32f64,1
362,368c6c730842d78016ad823897a372db,1
362,36f60d45225e60c7da4558b070ce4b60,10
362,3dd2a17168ec895c781a9191c1e95ad7,1
362,473795a355d29305c3ea6b156833adf5,1
362,4c2394abfbac7ff59ec7a420918562fa,1
362,52c80cedd4e90108bf4fa6a206ef6b03,1
362,53759a2ecddad2bb87a079a1f1519f73,2
362,5411e9269501a870cabf632f05655131,6
362,54d9ac713e253fa1fae9c8003b011c2a,9
362,566a4f2c4385f36d15c00dfcaae132d1,1
362,5d66715cc928aadd0074f61332698593,1
362,656e0eca68dcecf6a31b8ececfabe3e8,1
362,764292b2b0f73f77a0272be03fdd45f3,1
362,78efe838c04bbc568be034082200ac20,1
362,7c1bd920dbdf22470b68bde975dd3ccf,1
362,7ce94ab189134e2d3c05f496d635419c,2
362,8aa6223e400af9c97b07c75993142721,1
362,8ed094bfe076c568f6bb10feada3f75d,1
362,93c902b021a9e594f658ab1b0351602a,1
362,9545d45c37449ccbc376de3a04c66e71,1
362,97017430754804328eb9597b7f85da03,1
362,a35a9f46dcee0a67c8c7ad8493eb4135,1
362,a62e25e09e05e6faf31d90c6ec1aa3d1,1
362,aca2eb7d00ea1a7b8ebd4e68314663af,8
362,c6336fa91fbd87c359e44f5dca5a90ed,1
362,cd48f265a63e13b762601f5f794c5fca,3
362,cec09725da5ed01471d9a505e7389d37,2
362,d1c427060a0f73f6b889a5c7c61f2ac4,1
362,e03102efbc2229024c89be731f0aedcb,2
362,e0cf79767c5b016251fe139915c59a26,1
362,e44f675b60b3a3a2453ec36421e06f0f,2
362,ee0c1cf2fbeae95205b4aa506f1469f0,2
362,fc1d8637c0268af3db482c14b7ef8e75,1
363,0152f69b6cf919bcdaf117aa8c43e5a2,2
363,0a57f7d2c983bcf8188589a5fea4a8da,1
363,165f86fe8b799a708a20ee4ba125c289,1
363,25f86162fee18735fffdb762dcb10d7c,5
363,2a2d22ae30e026f1893083c8405ca522,2
363,2b4609f8948be18874494203496bc318,3
363,30ac6df06dc59ad72cf2f158fc2d904c,1
363,368c6c730842d78016ad823897a372db,1
363,36f60d45225e60c7da4558b070ce4b60,2
363,389d119b48cf3043d311335e499d9c6b,2
363,3f14d740544f37ece8a9e7bc8349797e,1
363,422879e10f46682990de24d770e7f83d,1
363,42a2c92a0979a949ca4ea89ec5c7b934,1
363,4fe644d766c7566dbc46fb851363cb3b,1
363,52c80cedd4e90108bf4fa6a206ef6b03,1
363,5411e9269501a870cabf632f05655131,1
363,54d9ac713e253fa1fae9c8003b011c2a,7
363,583f158587cdecda3e8bdea694021e39,1
363,5a848e4ab52fd5445cdc07aab1c40e48,3
363,617186c3d97ea56c9c683a8a3974e8c1,1
363,84f456958365164420cfc80fbe4c7fab,1
363,93c902b021a9e594f658ab1b0351602a,4
363,99a4788cb24856965c36a24e339b6058,1
363,a62e25e09e05e6faf31d90c6ec1aa3d1,12
363,a9516a079e37a9c9c36b9b78b10169e8,2
363,ab1f9387c0627dd24000bfbc54fdeee0,1
363,aca2eb7d00ea1a7b8ebd4e68314663af,8
363,d5991653e037ccb7af6ed7d94246b249,1
363,d63c1011f49d98b976c352955b1c4bea,1
363,e44f675b60b3a3a2453ec36421e06f0f,1
363,e53e557d5a159f5aa2c5e995dfdf244b,1
363,ec2d43cc59763ec91694573b31f1c29a,2
363,f264c1d9b20b5e4a340254d0405e613b,1
363,f4f67ccaece962d013a4e1d7dc3a61f7,1
363,fc1d8637c0268af3db482c14b7ef8e75,1
364,06edb72f1e0c64b14c5b79353f7abea3,1
364,08574b074924071f4e201e151b152b4e,1
364,154e7e31ebfa092203795c972e5804a6,2
364,2b4609f8948be18874494203496bc318,1
364,30ac6df06dc59ad72cf2f158fc2d904c,1
364,368c6c730842d78016ad823897a372db,8
364,36f60d45225e60c7da4558b070ce4b60,1
364,389d119b48cf3043d311335e499d9c6b,1
364,3dd2a17168ec895c781a9191c1e95ad7,1
364,43423cdffde7fda63d0414ed38c11a73,1
364,4aa6014eceb682077f9dc4bffebc05b0,1
364,5411e9269501a870cabf632f05655131,1
364,54d9ac713e253fa1fae9c8003b011c2a,3
364,5a848e4ab52fd5445cdc07aab1c40e48,1
364,7814c273ab16783d73a9863ebfa8b141,1
364,78efe838c04bbc568be034082200ac20,1
364,7a10781637204d8d10485c71a6108a2e,1
364,8c292ca193d326152e335d77176746f0,1
364,9ecadb84c81da840dbf3564378b586e9,6
364,a92930c327948861c015c919a0bcb4a8,1
364,aca2eb7d00ea1a7b8ebd4e68314663af,3
364,bb42f37fc3d9130e4a4339d24a47dd7c,1
364,bb50f2e236e5eea0100680137654686c,1
364,c4baedd846ed09b85f78a781b522f126,1
364,c6dd917a0be2a704582055949915ab32,1
364,cac9e5692471a0700418aa3400b9b2b1,1
364,cd48f265a63e13b762601f5f794c5fca,1
364,e03102efbc2229024c89be731f0aedcb,1
364,e44f675b60b3a3a2453ec36421e06f0f,1
364,e53e557d5a159f5aa2c5e995dfdf244b,1
364,f4f67ccaece962d013a4e1d7dc3a61f7,1
364,fbc1488c1a1e72ba175f53ab29a248e8,1
365,06edb72f1e0c64b14c5b79353f7abea3,1
365,165f86fe8b799a708a20ee4ba125c289,2
365,18b0e642cbae7251e60a64aa07dd9eb9,1
365,2028bf1b01cafb2d2b1901fca4083222,1
365,2136c70bbe723d338fab53da3c03e6dc,1
365,24c66f106f642621e524291a895c9032,1
365,25f86162fee18735fffdb762dcb10d7c,1
365,2a2d22ae30e026f1893083c8405ca522,1
365,36f60d45225e60c7da4558b070ce4b60,2
365,422879e10f46682990de24d770e7f83d,1
365,4b96786612ebe7463132fce2c4dca136,1
365,52c80cedd4e90108bf4fa6a206ef6b03,1
365,5411e9269501a870cabf632f05655131,2
365,54d9ac713e253fa1fae9c8003b011c2a,1
365,566a4f2c4385f36d15c00dfcaae132d1,1
365,5a848e4ab52fd5445cdc07aab1c40e48,2
365,656e0eca68dcecf6a31b8ececfabe3e8,1
365,75d6b6963340c6063f7f4cfcccfe6a30,1
365,777d2e438a1b645f3aec9bd57e92672c,1
365,78efe838c04bbc568be034082200ac20,1
365,7fb04722aba7a2b632bac8f9819796f3,1
365,8c292ca193d326152e335d77176746f0,1
365,8c5876b1c7768217964f353bc7e64393,1
365,99a4788cb24856965c36a24e339b6058,1
365,a02d0123079f4ae96001ba2010d1a2df,1
365,a62e25e09e05e6faf31d90c6ec1aa3d1,1
365,aca2eb7d00ea1a7b8ebd4e68314663af,6
365,bb42f37fc3d9130e4a4339d24a47dd7c,2
365,bb50f2e236e5eea0100680137654686c,1
365,cac9e5692471a0700418aa3400b9b2b1,2
365,cc971e0365873137b8bef2ebad633e6f,1
365,d04857e7b4b708ee8b8b9921163edba3,1
365,d1c427060a0f73f6b889a5c7c61f2ac4,1
365,db5efde3ad0cc579b130d71c4b2db522,1
365,e53e557d5a159f5aa2c5e995dfdf244b,1
365,ee406bf28024d97771c4b1e8b7e8e219,1
365,f1fe595ee7ef768b41bd9b246d13432d,1
366,2028bf1b01cafb2d2b1901fca4083222,1
366,22c5ddc22ea8cae84fc9917def682dc6,1
366,24c66f106f642621e524291a895c9032,1
366,25f86162fee18735fffdb762dcb10d7c,1
366,2b4609f8948be18874494203496bc318,1
366,368c6c730842d78016ad823897a372db,4
366,36f60d45225e60c7da4558b070ce4b60,2
366,389d119b48cf3043d311335e499d9c6b,2
366,422879e10f46682990de24d770e7f83d,1
366,44a34214a57dc373dcd80f54c919d006,1
366,5411e9269501a870cabf632f05655131,3
366,54d9ac713e253fa1fae9c8003b011c2a,4
366,601a360bd2a916ecef0e88de72a6531a,1
366,6c3effec7c8ddba466d4f03f982c7aa3,1
366,78efe838c04bbc568be034082200ac20,1
366,7ce94ab189134e2d3c05f496d635419c,2
366,84f456958365164420cfc80fbe4c7fab,2
366,8c292ca193d326152e335d77176746f0,2
366,93c902b021a9e594f658ab1b0351602a,2
366,97017430754804328eb9597b7f85da03,1
366,a02d0123079f4ae96001ba2010d1a2df,1
366,a62e25e09e05e6faf31d90c6ec1aa3d1,1
366,aca2eb7d00ea1a7b8ebd4e68314663af,2
366,b0961721fd839e9982420e807758a2a6,1
366,bb42f37fc3d9130e4a4339d24a47dd7c,1
366,c1f5307decb89342351bec53668cffd9,1
366,cd48f265a63e13b762601f5f794c5fca,1
366,db5efde3ad0cc579b130d71c4b2db522,1
366,e03102efbc2229024c89be731f0aedcb,1
366,e44f675b60b3a3a2453ec36421e06f0f,2
366,e53e557d5a159f5aa2c5e995dfdf244b,2
366,ec2d43cc59763ec91694573b31f1c29a,3
366,f1fe595ee7ef768b41bd9b246d13432d,1
367,06edb72f1e0c64b14c5b79353f7abea3,2
367,08574b074924071f4e201e151b152b4e,1
367,11fd9d7ba552e1d28872e008acf1e050,1
367,2028bf1b01cafb2d2b1901fca4083222,1
367,24c66f106f642621e524291a895c9032,1
367,2b4609f8948be18874494203496bc318,2
367,2ffdf10e724b958c0f7ea69e97d32f64,1
367,30ac6df06dc59ad72cf2f158fc2d904c,2
367,368c6c730842d78016ad823897a372db,1
367,36f60d45225e60c7da4558b070ce4b60,2
367,3f14d740544f37ece8a9e7bc8349797e,1
367,422879e10f46682990de24d770e7f83d,1
367,43423cdffde7fda63d0414ed38c11a73,1
367,473795a355d29305c3ea6b156833adf5,1
367,4c2394abfbac7ff59ec7a420918562fa,1
367,4fe644d766c7566dbc46fb851363cb3b,1
367,53759a2ecddad2bb87a079a1f1519f73,2
367,5411e9269501a870cabf632f05655131,2
367,54d9ac713e253fa1fae9c8003b011c2a,3
367,595fac2a385ac33a80bd5114aec74eb8,1
367,7ce94ab189134e2d3c05f496d635419c,2
367,8c292ca193d326152e335d77176746f0,1
367,93c902b021a9e594f658ab1b0351602a,1
367,97017430754804328eb9597b7f85da03,2
367,9ecadb84c81da840dbf3564378b586e9,2
367,a50acd33ba7a8da8e9db65094fa990a4,2
367,a92930c327948861c015c919a0bcb4a8,1
367,aca2eb7d00ea1a7b8ebd4e68314663af,7
367,bb50f2e236e5eea0100680137654686c,1
367,c1f5307decb89342351bec53668cffd9,1
367,cd48f265a63e13b762601f5f794c5fca,1
367,d1c427060a0f73f6b889a5c7c61f2ac4,1
367,e0cf79767c5b016251fe139915c59a26,1
367,e44f675b60b3a3a2453ec36421e06f0f,1
367,e53e557d5a159f5aa2c5e995dfdf244b,1
367,ea44caac707f7f1325182a538007f838,1
367,ee406bf28024d97771c4b1e8b7e8e219,2
368,06edb72f1e0c64b14c5b79353f7abea3,1
368,2136c70bbe723d338fab53da3c03e6dc,1
368,25f86162fee18735fffdb762dcb10d7c,1
368,2a5806f10d0f00e5ad032dd2e3c8806e,2
368,2ffdf10e724b958c0f7ea69e97d32f64,1
368,35afc973633aaeb6b877ff57b2793310,2
368,36f60d45225e60c7da4558b070ce4b60,3
368,389d119b48cf3043d311335e499d9c6b,3
368,3dd2a17168ec895c781a9191c1e95ad7,1
368,3f14d740544f37ece8a9e7bc8349797e,1
368,4aa6014eceb682077f9dc4bffebc05b0,1
368,4b96786612ebe7463132fce2c4dca136,1
368,4fcb3d9a5f4871e8362dfedbdb02b064,1
368,4fe644d766c7566dbc46fb851363cb3b,2
368,52c80cedd4e90108bf4fa6a206ef6b03,1
368,5411e9269501a870cabf632f05655131,1
368,54d9ac713e253fa1fae9c8003b011c2a,9
368,5a848e4ab52fd5445cdc07aab1c40e48,3
368,629e019a6f298a83aeecc7877964f935,1
368,634256dbcd184b3757ffd7632c9fe52a,8
368,75d6b6963340c6063f7f4cfcccfe6a30,1
368,777d2e438a1b645f3aec9bd57e92672c,2
368,78efe838c04bbc568be034082200ac20,1
368,7a10781637204d8d10485c71a6108a2e,1
368,7ce94ab189134e2d3c05f496d635419c,1
368,7fb04722aba7a2b632bac8f9819796f3,1
368,84f456958365164420cfc80fbe4c7fab,1
368,8c292ca193d326152e335d77176746f0,2
368,8c591ab0ca519558779df02023177f44,1
368,97017430754804328eb9597b7f85da03,2
368,99a4788cb24856965c36a24e339b6058,1
368,9ecadb84c81da840dbf3564378b586e9,7
368,a62e25e09e05e6faf31d90c6ec1aa3d1,1
368,aca2eb7d00ea1a7b8ebd4e68314663af,3
368,b1d207586fca400a2370d50a9ba1da98,6
368,bb50f2e236e5eea0100680137654686c,1
368,c6dd917a0be2a704582055949915ab32,2
368,d1c427060a0f73f6b889a5c7c61f2ac4,1
368,d5991653e037ccb7af6ed7d94246b249,1
368,e53e557d5a159f5aa2c5e995dfdf244b,2
368,ec2d43cc59763ec91694573b31f1c29a,3
368,f1fe595ee7ef768b41bd9b246d13432d,1
368,f40876e0ef3cd5f9132b1f16b04b1346,1
368,f4f67ccaece962d013a4e1d7dc3a61f7,1
368,f71973c922ccaab05514a36a8bc741b8,1
369,0152f69b6cf919bcdaf117aa8c43e5a2,1
369,06edb72f1e0c64b14c5b79353f7abea3,1
369,0bcc3eeca39e1064258aa1e932269894,1
369,154e7e31ebfa092203795c972e5804a6,1
369,2b4609f8948be18874494203496bc318,1
369,2ffdf10e724b958c0f7ea69e97d32f64,1
369,30ac6df06dc59ad72cf2f158fc2d904c,2
369,368c6c730842d78016ad823897a372db,1
369,3dd2a17168ec895c781a9191c1e95ad7,1
369,43423cdffde7fda63d0414ed38c11a73,1
369,44a34214a57dc373dcd80f54c919d006,1
369,4fe644d766c7566dbc46fb851363cb3b,2
369,53759a2ecddad2bb87a079a1f1519f73,2
369,5411e9269501a870cabf632f05655131,1
369,54d9ac713e253fa1fae9c8003b011c2a,9
369,583f158587cdecda3e8bdea694021e39,1
369,5a848e4ab52fd5445cdc07aab1c40e48,2
369,617186c3d97ea56c9c683a8a3974e8c1,1
369,634256dbcd184b3757ffd7632c9fe52a,1
369,6c3effec7c8ddba466d4f03f982c7aa3,1
369,78efe838c04bbc568be034082200ac20,1
369,8c292ca193d326152e335d77176746f0,1
369,97017430754804328eb9597b7f85da03,1
369,99a4788cb24856965c36a24e339b6058,1
369,ab1f9387c0627dd24000bfbc54fdeee0,1
369,aca2eb7d00ea1a7b8ebd4e68314663af,4
369,b1d207586fca400a2370d50a9ba1da98,4
369,bee2e070c39f3dd2f6883a17a5f0da45,1
369,cac9e5692471a0700418aa3400b9b2b1,1
369,d1c427060a0f73f6b889a5c7c61f2ac4,3
369,d5991653e037ccb7af6ed7d94246b249,1
369,d63c1011f49d98b976c352955b1c4bea,1
369,e0cf79767c5b016251fe139915c59a26,1
369,e44f675b60b3a3a2453ec36421e06f0f,3
369,e59dd207c69d86e890febadc796d1078,1
369,ea44caac707f7f1325182a538007f838,1
369,ee0c1cf2fbeae95205b4aa506f1469f0,1
369,f1fe595ee7ef768b41bd9b246d13432d,1
369,fe01b643060a6446e59f58e3021e66b3,1
370,06edb72f1e0c64b14c5b79353f7abea3,1
370,0bcc3eeca39e1064258aa1e932269894,1
370,154e7e31ebfa092203795c972e5804a6,1
370,18b0e642cbae7251e60a64aa07dd9eb9,1
370,2b4609f8948be18874494203496bc318,1
370,30ac6df06dc59ad72cf2f158fc2d904c,1
370,368c6c730842d78016ad823897a372db,2
370,36f60d45225e60c7da4558b070ce4b60,1
370,3dd2a17168ec895c781a9191c1e95ad7,3
370,3eef0cb94ba82de806bb30ab743c7655,1
370,41c24b8ce92d1a2cac62db5edfd088b2,1
370,4fe644d766c7566dbc46fb851363cb3b,3
370,52c80cedd4e90108bf4fa6a206ef6b03,1
370,5411e9269501a870cabf632f05655131,1
370,54d9ac713e253fa1fae9c8003b011c2a,5
370,569ffd16f8032478cbeb9800f2e94ba0,2
370,5a848e4ab52fd5445cdc07aab1c40e48,1
370,78efe838c04bbc568be034082200ac20,1
370,7c1bd920dbdf22470b68bde975dd3ccf,1
370,7ce94ab189134e2d3c05f496d635419c,1
370,7fb04722aba7a2b632bac8f9819796f3,1
370,a62e25e09e05e6faf31d90c6ec1aa3d1,1
370,aba86c093ccdbac75b09111d57e50004,1
370,aca2eb7d00ea1a7b8ebd4e68314663af,5
370,c1f5307decb89342351bec53668cffd9,1
370,c7fd13b5e515bffdab855d0812842edb,1
370,cac9e5692471a0700418aa3400b9b2b1,2
370,d017a2151d543a9885604dc62a3d9dcc,1
370,d1c427060a0f73f6b889a5c7c61f2ac4,1
370,d5991653e037ccb7af6ed7d94246b249,1
370,db5efde3ad0cc579b130d71c4b2db522,2
370,e44f675b60b3a3a2453ec36421e06f0f,1
370,e53e557d5a159f5aa2c5e995dfdf244b,2
370,ec2d43cc59763ec91694573b31f1c29a,1
370,f4f67ccaece962d013a4e1d7dc3a61f7,1
371,154e7e31ebfa092203795c972e5804a6,1
371,19421075ae0b585f2dc13ff149e2119d,1
371,2b4609f8948be18874494203496bc318,1
371,2ffdf10e724b958c0f7ea69e97d32f64,1
371,3dd2a17168ec895c781a9191c1e95ad7,3
371,473795a355d29305c3ea6b156833adf5,3
371,53759a2ecddad2bb87a079a1f1519f73,1
371,5411e9269501a870cabf632f05655131,2
371,54d9ac713e253fa1fae9c8003b011c2a,1
371,566a4f2c4385f36d15c00dfcaae132d1,1
371,583f158587cdecda3e8bdea694021e39,2
371,7814c273ab16783d73a9863ebfa8b141,1
371,7ce94ab189134e2d3c05f496d635419c,1
371,8aa6223e400af9c97b07c75993142721,1
371,8c591ab0ca519558779df02023177f44,1
371,8ed094bfe076c568f6bb10feada3f75d,2
371,a92930c327948861c015c919a0bcb4a8,1
371,aba86c093ccdbac75b09111d57e50004,1
371,aca2eb7d00ea1a7b8ebd4e68314663af,6
371,b1d207586fca400a2370d50a9ba1da98,1
371,bb50f2e236e5eea0100680137654686c,1
371,d1c427060a0f73f6b889a5c7c61f2ac4,3
371,e44f675b60b3a3a2453ec36421e06f0f,3
371,e53e557d5a159f5aa2c5e995dfdf244b,1
371,ed2067a9c1f79553088a3c67b99a9f97,1
371,ee0c1cf2fbeae95205b4aa506f1469f0,1
371,ee406bf28024d97771c4b1e8b7e8e219,1
371,f1fe595ee7ef768b41bd9b246d13432d,1
371,f4f67ccaece962d013a4e1d7dc3a61f7,1
372,06edb72f1e0c64b14c5b79353f7abea3,1
372,154e7e31ebfa092203795c972e5804a6,3
372,19421075ae0b585f2dc13ff149e2119d,1
372,2028bf1b01cafb2d2b1901fca4083222,1
372,2b4609f8948be18874494203496bc318,1
372,30ac6df06dc59ad72cf2f158fc2d904c,3
372,3354a4e684f5e7199f9407db70ccd92b,1
372,35afc973633aaeb6b877ff57b2793310,1
372,36f60d45225e60c7da4558b070ce4b60,1
372,389d119b48cf3043d311335e499d9c6b,4
372,3dd2a17168ec895c781a9191c1e95ad7,4
372,3eef0cb94ba82de806bb30ab743c7655,1
372,3fbc0ef745950c7932d5f2a446189725,1
372,422879e10f46682990de24d770e7f83d,1
372,42a2c92a0979a949ca4ea89ec5c7b934,1
372,4b96786612ebe7463132fce2c4dca136,1
372,52c80cedd4e90108bf4fa6a206ef6b03,3
372,53759a2ecddad2bb87a079a1f1519f73,1
372,54d9ac713e253fa1fae9c8003b011c2a,3
372,583f158587cdecda3e8bdea694021e39,1
372,5a848e4ab52fd5445cdc07aab1c40e48,1
372,5d66715cc928aadd0074f61332698593,1
372,656e0eca68dcecf6a31b8ececfabe3e8,2
372,7a10781637204d8d10485c71a6108a2e,1
372,8562e2c780a345b609e1b802d7e3e4ae,1
372,a02d0123079f4ae96001ba2010d1a2df,2
372,a62e25e09e05e6faf31d90c6ec1aa3d1,2
372,a92930c327948861c015c919a0bcb4a8,3
372,bb42f37fc3d9130e4a4339d24a47dd7c,2
372,c4baedd846ed09b85f78a781b522f126,1
372,cac9e5692471a0700418aa3400b9b2b1,1
372,d1c427060a0f73f6b889a5c7c61f2ac4,1
372,e53e557d5a159f5aa2c5e995dfdf244b,1
372,ea44caac707f7f1325182a538007f838,1
372,f40876e0ef3cd5f9132b1f16b04b1346,1
373,24c66f106f642621e524291a895c9032,1
373,2b4609f8948be18874494203496bc318,1
373,368c6c730842d78016ad823897a372db,1
373,389d119b48cf3043d311335e499d9c6b,3
373,422879e10f46682990de24d770e7f83d,1
373,473795a355d29305c3ea6b156833adf5,3
373,54d9ac713e253fa1fae9c8003b011c2a,7
373,566a4f2c4385f36d15c00dfcaae132d1,1
373,583f158587cdecda3e8bdea694021e39,1
373,5a848e4ab52fd5445cdc07aab1c40e48,2
373,6a8631b72a2f8729b91514db87e771c0,1
373,764292b2b0f73f77a0272be03fdd45f3,1
373,777d2e438a1b645f3aec9bd57e92672c,1
373,7ce94ab189134e2d3c05f496d635419c,1
373,84f456958365164420cfc80fbe4c7fab,1
373,8562e2c780a345b609e1b802d7e3e4ae,1
373,89321f94e35fc6d7903d36f74e351d40,1
373,8c591ab0ca519558779df02023177f44,1
373,97017430754804328eb9597b7f85da03,1
373,a50acd33ba7a8da8e9db65094fa990a4,1
373,a92930c327948861c015c919a0bcb4a8,1
373,aca2eb7d00ea1a7b8ebd4e68314663af,5
373,bd6e6fce9ada76ea2db0f1912e8e478f,1
373,c4baedd846ed09b85f78a781b522f126,1
373,cac9e5692471a0700418aa3400b9b2b1,1
373,cec09725da5ed01471d9a505e7389d37,1
373,d1c427060a0f73f6b889a5c7c61f2ac4,4
373,d696750e550fd0f733979dd7e5dff921,1
373,ee406bf28024d97771c4b1e8b7e8e219,1
373,f1fe595ee7ef768b41bd9b246d13432d,3
373,f7a17d2c51d9df89a4f1711c4ac17f33,1
374,0152f69b6cf919bcdaf117aa8c43e5a2,1
374,18b0e642cbae7251e60a64aa07dd9eb9,1
374,2136c70bbe723d338fab53da3c03e6dc,1
374,2a5806f10d0f00e5ad032dd2e3c8806e,1
374,35afc973633aaeb6b877ff57b2793310,1
374,368c6c730842d78016ad823897a372db,2
374,36f60d45225e60c7da4558b070ce4b60,5
374,389d119b48cf3043d311335e499d9c6b,1
374,3dd2a17168ec895c781a9191c1e95ad7,1
374,3f14d740544f37ece8a9e7bc8349797e,3
374,422879e10f46682990de24d770e7f83d,1
374,4298b7e67dc399c200662b569563a2b2,2
374,461f43be3bdf8844e65b62d9ac2c7a5a,1
374,473795a355d29305c3ea6b156833adf5,4
374,53759a2ecddad2bb87a079a1f1519f73,2
374,54d9ac713e253fa1fae9c8003b011c2a,2
374,566a4f2c4385f36d15c00dfcaae132d1,2
374,5a848e4ab52fd5445cdc07aab1c40e48,1
374,5b226d7c52f86ac72457617f78cff95d,1
374,656e0eca68dcecf6a31b8ececfabe3e8,8
374,6a8631b72a2f8729b91514db87e771c0,1
374,75d6b6963340c6063f7f4cfcccfe6a30,2
374,78efe838c04bbc568be034082200ac20,2
374,7c1bd920dbdf22470b68bde975dd3ccf,2
374,7ce94ab189134e2d3c05f496d635419c,1
374,7fb04722aba7a2b632bac8f9819796f3,1
374,8c5876b1c7768217964f353bc7e64393,2
374,8c591ab0ca519558779df02023177f44,1
374,a62e25e09e05e6faf31d90c6ec1aa3d1,3
374,a92930c327948861c015c919a0bcb4a8,1
374,aca2eb7d00ea1a7b8ebd4e68314663af,4
374,af51d485dc5255ba2e18b21b550156e6,1
374,b1d207586fca400a2370d50a9ba1da98,4
374,bb42f37fc3d9130e4a4339d24a47dd7c,1
374,bd6e6fce9ada76ea2db0f1912e8e478f,3
374,c4baedd846ed09b85f78a781b522f126,1
374,cac9e5692471a0700418aa3400b9b2b1,2
374,cc971e0365873137b8bef2ebad633e6f,1
374,cec09725da5ed01471d9a505e7389d37,1
374,d1c427060a0f73f6b889a5c7c61f2ac4,3
374,e0cf79767c5b016251fe139915c59a26,1
374,e53e557d5a159f5aa2c5e995dfdf244b,2
374,ee0c1cf2fbeae95205b4aa506f1469f0,1
374,f40876e0ef3cd5f9132b1f16b04b1346,1
375,0bcc3eeca39e1064258aa1e932269894,1
375,0d85c435fd60b277ffb9e9b0f88f927a,1
375,154e7e31ebfa092203795c972e5804a6,1
375,2b4609f8948be18874494203496bc318,2
375,30ac6df06dc59ad72cf2f158fc2d904c,1
375,35afc973633aaeb6b877ff57b2793310,1
375,368c6c730842d78016ad823897a372db,1
375,36f60d45225e60c7da4558b070ce4b60,2
375,389d119b48cf3043d311335e499d9c6b,2
375,3f14d740544f37ece8a9e7bc8349797e,1
375,4298b7e67dc399c200662b569563a2b2,1
375,461f43be3bdf8844e65b62d9ac2c7a5a,1
375,473795a355d29305c3ea6b156833adf5,1
375,53759a2ecddad2bb87a079a1f1519f73,4
375,54d9ac713e253fa1fae9c8003b011c2a,4
375,5b226d7c52f86ac72457617f78cff95d,1
375,6cdd53843498f92890544667809f1595,2
375,764292b2b0f73f77a0272be03fdd45f3,1
375,7fb04722aba7a2b632bac8f9819796f3,1
375,8317b177579dd27ff068b83205e2169b,1
375,89321f94e35fc6d7903d36f74e351d40,1
375,8c5876b1c7768217964f353bc7e64393,2
375,a50acd33ba7a8da8e9db65094fa990a4,1
375,a62e25e09e05e6faf31d90c6ec1aa3d1,1
375,aca2eb7d00ea1a7b8ebd4e68314663af,3
375,b114bf337c0626166abe574eee9e3f32,1
375,bd6e6fce9ada76ea2db0f1912e8e478f,1
375,c1f5307decb89342351bec53668cffd9,1
375,cac9e5692471a0700418aa3400b9b2b1,2
375,d1c427060a0f73f6b889a5c7c61f2ac4,1
375,db5efde3ad0cc579b130d71c4b2db522,1
375,dbb67791e405873b259e4656bf971246,1
375,e53e557d5a159f5aa2c5e995dfdf244b,1
375,ea44caac707f7f1325182a538007f838,2
375,ed2067a9c1f79553088a3c67b99a9f97,1
375,ee0c1cf2fbeae95205b4aa506f1469f0,2
375,ee406bf28024d97771c4b1e8b7e8e219,1
375,f1fe595ee7ef768b41bd9b246d13432d,1
375,f4f67ccaece962d013a4e1d7dc3a61f7,1
375,f7a17d2c51d9df89a4f1711c4ac17f33,1
376,2028bf1b01cafb2d2b1901fca4083222,1
376,2ffdf10e724b958c0f7ea69e97d32f64,2
376,30ac6df06dc59ad72cf2f158fc2d904c,1
376,368c6c730842d78016ad823897a372db,1
376,36f60d45225e60c7da4558b070ce4b60,3
376,389d119b48cf3043d311335e499d9c6b,4
376,3f14d740544f37ece8a9e7bc8349797e,1
376,3fbc0ef745950c7932d5f2a446189725,1
376,422879e10f46682990de24d770e7f83d,1
376,42a2c92a0979a949ca4ea89ec5c7b934,1
376,473795a355d29305c3ea6b156833adf5,2
376,4c2394abfbac7ff59ec7a420918562fa,1
376,5d66715cc928aadd0074f61332698593,1
376,617186c3d97ea56c9c683a8a3974e8c1,1
376,656e0eca68dcecf6a31b8ececfabe3e8,3
376,6a8631b72a2f8729b91514db87e771c0,2
376,7814c273ab16783d73a9863ebfa8b141,1
376,7a10781637204d8d10485c71a6108a2e,2
376,84f456958365164420cfc80fbe4c7fab,2
376,9545d45c37449ccbc376de3a04c66e71,1
376,a62e25e09e05e6faf31d90c6ec1aa3d1,1
376,aca2eb7d00ea1a7b8ebd4e68314663af,2
376,b532349fe46b38fbc7bb3914c1bdae07,2
376,bb50f2e236e5eea0100680137654686c,2
376,bd6e6fce9ada76ea2db0f1912e8e478f,1
376,bdc3291ab242ec1effc8eb0987850268,2
376,bee2e070c39f3dd2f6883a17a5f0da45,2
376,c4baedd846ed09b85f78a781b522f126,1
376,c6336fa91fbd87c359e44f5dca5a90ed,2
376,c9c6fde711572c1ad99ca12728c6af00,2
376,cac9e5692471a0700418aa3400b9b2b1,1
376,cd48f265a63e13b762601f5f794c5fca,1
376,cec09725da5ed01471d9a505e7389d37,1
376,d017a2151d543a9885604dc62a3d9dcc,1
376,d1c427060a0f73f6b889a5c7c61f2ac4,1
376,d285360f29ac7fd97640bf0baef03de0,1
376,dab2413ead0edda9967edbc9bda2a64e,1
376,dbb67791e405873b259e4656bf971246,2
376,e0cf79767c5b016251fe139915c59a26,1
376,e53e557d5a159f5aa2c5e995dfdf244b,1
376,ec2d43cc59763ec91694573b31f1c29a,1
376,ed2067a9c1f79553088a3c67b99a9f97,1
376,ee0c1cf2fbeae95205b4aa506f1469f0,2
376,fc1d8637c0268af3db482c14b7ef8e75,1
377,08574b074924071f4e201e151b152b4e,1
377,29427de7f8a9ee983d9dbc51cec569b4,1
377,2b4609f8948be18874494203496bc318,1
377,2ffdf10e724b958c0f7ea69e97d32f64,1
377,368c6c730842d78016ad823897a372db,1
377,36f60d45225e60c7da4558b070ce4b60,3
377,389d119b48cf3043d311335e499d9c6b,1
377,3dd2a17168ec895c781a9191c1e95ad7,1
377,3eef0cb94ba82de806bb30ab743c7655,3
377,3f14d740544f37ece8a9e7bc8349797e,4
377,3fbc0ef745950c7932d5f2a446189725,1
377,4aa6014eceb682077f9dc4bffebc05b0,1
377,4c2394abfbac7ff59ec7a420918562fa,1
377,52c80cedd4e90108bf4fa6a206ef6b03,1
377,53759a2ecddad2bb87a079a1f1519f73,3
377,566a4f2c4385f36d15c00dfcaae132d1,1
377,5a848e4ab52fd5445cdc07aab1c40e48,1
377,5b226d7c52f86ac72457617f78cff95d,2
377,656e0eca68dcecf6a31b8ececfabe3e8,2
377,7ce94ab189134e2d3c05f496d635419c,1
377,8317b177579dd27ff068b83205e2169b,2
377,8c292ca193d326152e335d77176746f0,1
377,8c591ab0ca519558779df02023177f44,1
377,93c902b021a9e594f658ab1b0351602a,1
377,97017430754804328eb9597b7f85da03,1
377,99a4788cb24856965c36a24e339b6058,1
377,a62e25e09e05e6faf31d90c6ec1aa3d1,1
377,aa280035c50ba62c746480a59045eec4,2
377,aca2eb7d00ea1a7b8ebd4e68314663af,2
377,bb50f2e236e5eea0100680137654686c,1
377,bd6e6fce9ada76ea2db0f1912e8e478f,2
377,bee2e070c39f3dd2f6883a17a5f0da45,1
377,c1f5307decb89342351bec53668cffd9,1
377,cac9e5692471a0700418aa3400b9b2b1,2
377,d1c427060a0f73f6b889a5c7c61f2ac4,1
377,d696750e550fd0f733979dd7e5dff921,1
377,db5efde3ad0cc579b130d71c4b2db522,1
377,dbb67791e405873b259e4656bf971246,3
377,ddceb6eef6af67e9fbbd4c148dbe5fd9,1
377,e0cf79767c5b016251fe139915c59a26,1
377,e0d64dcfaa3b6db5c54ca298ae101d05,1
377,e53e557d5a159f5aa2c5e995dfdf244b,2
377,ec2d43cc59763ec91694573b31f1c29a,1
377,ed2067a9c1f79553088a3c67b99a9f97,1
377,f1fe595ee7ef768b41bd9b246d13432d,1
377,f71f42e2381752836563b70beb542f80,1
377,f7a17d2c51d9df89a4f1711c4ac17f33,1
377,fc1d8637c0268af3db482c14b7ef8e75,1
378,06edb72f1e0c64b14c5b79353f7abea3,1
378,0bcc3eeca39e1064258aa1e932269894,1
378,1bfb290d7273a442c874dbe74b4abae6,1
378,363218ba55c610b750224f90bdd34be1,1
378,368c6c730842d78016ad823897a372db,1
378,36f60d45225e60c7da4558b070ce4b60,3
378,3dd2a17168ec895c781a9191c1e95ad7,2
378,3eef0cb94ba82de806bb30ab743c7655,7
378,42a2c92a0979a949ca4ea89ec5c7b934,1
378,461f43be3bdf8844e65b62d9ac2c7a5a,2
378,473795a355d29305c3ea6b156833adf5,1
378,4b96786612ebe7463132fce2c4dca136,1
378,52c80cedd4e90108bf4fa6a206ef6b03,1
378,5a848e4ab52fd5445cdc07aab1c40e48,3
378,629e019a6f298a83aeecc7877964f935,1
378,6a8631b72a2f8729b91514db87e771c0,2
378,6c3effec7c8ddba466d4f03f982c7aa3,1
378,6cdd53843498f92890544667809f1595,1
378,8317b177579dd27ff068b83205e2169b,1
378,880be32f4db1d9f6e2bec38fb6ac23ab,1
378,8c292ca193d326152e335d77176746f0,1
378,8c591ab0ca519558779df02023177f44,2
378,93c902b021a9e594f658ab1b0351602a,1
378,a62e25e09e05e6faf31d90c6ec1aa3d1,2
378,a9516a079e37a9c9c36b9b78b10169e8,2
378,aba86c093ccdbac75b09111d57e50004,1
378,c1f5307decb89342351bec53668cffd9,1
378,c4baedd846ed09b85f78a781b522f126,1
378,cac9e5692471a0700418aa3400b9b2b1,1
378,d1c427060a0f73f6b889a5c7c61f2ac4,2
378,d5991653e037ccb7af6ed7d94246b249,1
378,d63c1011f49d98b976c352955b1c4bea,1
378,db5efde3ad0cc579b130d71c4b2db522,1
378,ddceb6eef6af67e9fbbd4c148dbe5fd9,1
378,e0cf79767c5b016251fe139915c59a26,1
378,e44f675b60b3a3a2453ec36421e06f0f,1
378,e53e557d5a159f5aa2c5e995dfdf244b,1
378,f1fe595ee7ef768b41bd9b246d13432d,1
379,0bcc3eeca39e1064258aa1e932269894,1
379,18b0e642cbae7251e60a64aa07dd9eb9,1
379,19c91ef95d509ea33eda93495c4d3481,1
379,2a5806f10d0f00e5ad032dd2e3c8806e,1
379,368c6c730842d78016ad823897a372db,1
379,3eef0cb94ba82de806bb30ab743c7655,4
379,52c80cedd4e90108bf4fa6a206ef6b03,1
379,566a4f2c4385f36d15c00dfcaae132d1,1
379,89321f94e35fc6d7903d36f74e351d40,1
379,8c591ab0ca519558779df02023177f44,1
379,9545d45c37449ccbc376de3a04c66e71,1
379,a62e25e09e05e6faf31d90c6ec1aa3d1,1
379,aa280035c50ba62c746480a59045eec4,1
379,aca2eb7d00ea1a7b8ebd4e68314663af,1
379,c1f5307decb89342351bec53668cffd9,1
379,cd48f265a63e13b762601f5f794c5fca,2
379,d1c427060a0f73f6b889a5c7c61f2ac4,1
380,154e7e31ebfa092203795c972e5804a6,1
380,362b773250263786dd58670d2df42c3b,2
380,36f60d45225e60c7da4558b070ce4b60,2
380,389d119b48cf3043d311335e499d9c6b,1
380,422879e10f46682990de24d770e7f83d,1
380,4c2394abfbac7ff59ec7a420918562fa,1
380,53759a2ecddad2bb87a079a1f1519f73,1
380,5a848e4ab52fd5445cdc07aab1c40e48,1
380,601a360bd2a916ecef0e88de72a6531a,1
380,629e019a6f298a83aeecc7877964f935,1
380,656e0eca68dcecf6a31b8ececfabe3e8,1
380,6f3b5b605d91b7439c5e3f5a8dffeea7,1
380,764292b2b0f73f77a0272be03fdd45f3,1
380,8c591ab0ca519558779df02023177f44,1
380,a62e25e09e05e6faf31d90c6ec1aa3d1,1
380,aa280035c50ba62c746480a59045eec4,1
380,bb50f2e236e5eea0100680137654686c,1
380,c1f5307decb89342351bec53668cffd9,1
380,c9c6fde711572c1ad99ca12728c6af00,2
380,cd48f265a63e13b762601f5f794c5fca,1
380,d1c427060a0f73f6b889a5c7c61f2ac4,2
380,dab2413ead0edda9967edbc9bda2a64e,1
380,e0cf79767c5b016251fe139915c59a26,1
380,f1fe595ee7ef768b41bd9b246d13432d,1
380,f4f67ccaece962d013a4e1d7dc3a61f7,1
381,18b0e642cbae7251e60a64aa07dd9eb9,1
381,2028bf1b01cafb2d2b1901fca4083222,1
381,29427de7f8a9ee983d9dbc51cec569b4,1
381,362b773250263786dd58670d2df42c3b,1
381,363218ba55c610b750224f90bdd34be1,3
381,368c6c730842d78016ad823897a372db,4
381,36f60d45225e60c7da4558b070ce4b60,3
381,389d119b48cf3043d311335e499d9c6b,1
381,3dd2a17168ec895c781a9191c1e95ad7,1
381,461f43be3bdf8844e65b62d9ac2c7a5a,2
381,4fcb3d9a5f4871e8362dfedbdb02b064,1
381,53759a2ecddad2bb87a079a1f1519f73,1
381,5a848e4ab52fd5445cdc07aab1c40e48,1
381,5d66715cc928aadd0074f61332698593,1
381,601a360bd2a916ecef0e88de72a6531a,1
381,617186c3d97ea56c9c683a8a3974e8c1,1
381,656e0eca68dcecf6a31b8ececfabe3e8,1
381,6a8631b72a2f8729b91514db87e771c0,1
381,6cdd53843498f92890544667809f1595,3
381,8c292ca193d326152e335d77176746f0,1
381,8c5876b1c7768217964f353bc7e64393,1
381,99a4788cb24856965c36a24e339b6058,1
381,a50acd33ba7a8da8e9db65094fa990a4,2
381,a9516a079e37a9c9c36b9b78b10169e8,2
381,bb50f2e236e5eea0100680137654686c,1
381,bee2e070c39f3dd2f6883a17a5f0da45,1
381,c9c6fde711572c1ad99ca12728c6af00,1
381,cd48f265a63e13b762601f5f794c5fca,2
381,d1c427060a0f73f6b889a5c7c61f2ac4,2
381,dbb67791e405873b259e4656bf971246,1
381,ddceb6eef6af67e9fbbd4c148dbe5fd9,1
381,e44f675b60b3a3a2453ec36421e06f0f,1
381,e53e557d5a159f5aa2c5e995dfdf244b,2
381,e59dd207c69d86e890febadc796d1078,1
381,ee406bf28024d97771c4b1e8b7e8e219,1
381,f4f67ccaece962d013a4e1d7dc3a61f7,1
381,fc1d8637c0268af3db482c14b7ef8e75,1
382,06edb72f1e0c64b14c5b79353f7abea3,1
382,154e7e31ebfa092203795c972e5804a6,1
382,18b0e642cbae7251e60a64aa07dd9eb9,2
382,29427de7f8a9ee983d9dbc51cec569b4,2
382,368c6c730842d78016ad823897a372db,5
382,36f60d45225e60c7da4558b070ce4b60,2
382,389d119b48cf3043d311335e499d9c6b,1
382,3dd2a17168ec895c781a9191c1e95ad7,2
382,3f14d740544f37ece8a9e7bc8349797e,3
382,422879e10f46682990de24d770e7f83d,2
382,461f43be3bdf8844e65b62d9ac2c7a5a,1
382,52c80cedd4e90108bf4fa6a206ef6b03,1
382,566a4f2c4385f36d15c00dfcaae132d1,1
382,5a848e4ab52fd5445cdc07aab1c40e48,5
382,656e0eca68dcecf6a31b8ececfabe3e8,5
382,6cdd53843498f92890544667809f1595,1
382,6f3b5b605d91b7439c5e3f5a8dffeea7,1
382,75d6b6963340c6063f7f4cfcccfe6a30,1
382,781afe929e3016a667f5f439afd55fce,1
382,89321f94e35fc6d7903d36f74e351d40,1
382,8c5876b1c7768217964f353bc7e64393,1
382,8c591ab0ca519558779df02023177f44,1
382,93c902b021a9e594f658ab1b0351602a,2
382,99a4788cb24856965c36a24e339b6058,1
382,a50acd33ba7a8da8e9db65094fa990a4,1
382,a62e25e09e05e6faf31d90c6ec1aa3d1,2
382,a9516a079e37a9c9c36b9b78b10169e8,1
382,b114bf337c0626166abe574eee9e3f32,1
382,bee2e070c39f3dd2f6883a17a5f0da45,2
382,c1f5307decb89342351bec53668cffd9,1
382,c9c6fde711572c1ad99ca12728c6af00,2
382,d017a2151d543a9885604dc62a3d9dcc,1
382,d1c427060a0f73f6b889a5c7c61f2ac4,1
382,dab2413ead0edda9967edbc9bda2a64e,1
382,e03102efbc2229024c89be731f0aedcb,1
382,e0d64dcfaa3b6db5c54ca298ae101d05,1
382,e53e557d5a159f5aa2c5e995dfdf244b,1
383,06edb72f1e0c64b14c5b79353f7abea3,3
383,0bcc3eeca39e1064258aa1e932269894,1
383,154e7e31ebfa092203795c972e5804a6,1
383,18b0e642cbae7251e60a64aa07dd9eb9,1
383,363218ba55c610b750224f90bdd34be1,1
383,368c6c730842d78016ad823897a372db,1
383,36f60d45225e60c7da4558b070ce4b60,3
383,3dd2a17168ec895c781a9191c1e95ad7,1
383,3f14d740544f37ece8a9e7bc8349797e,4
383,42a2c92a0979a949ca4ea89ec5c7b934,2
383,44a34214a57dc373dcd80f54c919d006,1
383,461f43be3bdf8844e65b62d9ac2c7a5a,1
383,53759a2ecddad2bb87a079a1f1519f73,1
383,595fac2a385ac33a80bd5114aec74eb8,1
383,5a848e4ab52fd5445cdc07aab1c40e48,4
383,617186c3d97ea56c9c683a8a3974e8c1,1
383,656e0eca68dcecf6a31b8ececfabe3e8,4
383,6a8631b72a2f8729b91514db87e771c0,1
383,764292b2b0f73f77a0272be03fdd45f3,1
383,78efe838c04bbc568be034082200ac20,1
383,7ce94ab189134e2d3c05f496d635419c,2
383,8317b177579dd27ff068b83205e2169b,1
383,84f456958365164420cfc80fbe4c7fab,1
383,8c292ca193d326152e335d77176746f0,1
383,8c5876b1c7768217964f353bc7e64393,1
383,93c902b021a9e594f658ab1b0351602a,1
383,99a4788cb24856965c36a24e339b6058,1
383,a62e25e09e05e6faf31d90c6ec1aa3d1,7
383,bb42f37fc3d9130e4a4339d24a47dd7c,1
383,bee2e070c39f3dd2f6883a17a5f0da45,2
383,c9c6fde711572c1ad99ca12728c6af00,2
383,d1c427060a0f73f6b889a5c7c61f2ac4,4
383,d696750e550fd0f733979dd7e5dff921,1
383,db5efde3ad0cc579b130d71c4b2db522,1
383,e0cf79767c5b016251fe139915c59a26,2
383,e44f675b60b3a3a2453ec36421e06f0f,2
383,e53e557d5a159f5aa2c5e995dfdf244b,2
383,ec2d43cc59763ec91694573b31f1c29a,3
383,fc1d8637c0268af3db482c14b7ef8e75,1
384,06edb72f1e0c64b14c5b79353f7abea3,1
384,11fd9d7ba552e1d28872e008acf1e050,1
384,19421075ae0b585f2dc13ff149e2119d,1
384,363218ba55c610b750224f90bdd34be1,1
384,368c6c730842d78016ad823897a372db,2
384,36f60d45225e60c7da4558b070ce4b60,2
384,389d119b48cf3043d311335e499d9c6b,3
384,3dd2a17168ec895c781a9191c1e95ad7,2
384,3f14d740544f37ece8a9e7bc8349797e,2
384,42a2c92a0979a949ca4ea89ec5c7b934,1
384,4c2394abfbac7ff59ec7a420918562fa,1
384,52c80cedd4e90108bf4fa6a206ef6b03,3
384,53759a2ecddad2bb87a079a1f1519f73,1
384,566a4f2c4385f36d15c00dfcaae132d1,1
384,583f158587cdecda3e8bdea694021e39,1
384,5d66715cc928aadd0074f61332698593,2
384,629e019a6f298a83aeecc7877964f935,1
384,64fb265487de2238627ce43fe8a67efc,1
384,656e0eca68dcecf6a31b8ececfabe3e8,1
384,6cdd53843498f92890544667809f1595,1
384,78efe838c04bbc568be034082200ac20,1
384,7a10781637204d8d10485c71a6108a2e,1
384,7c1bd920dbdf22470b68bde975dd3ccf,1
384,7ce94ab189134e2d3c05f496d635419c,4
384,8c591ab0ca519558779df02023177f44,1
384,93c902b021a9e594f658ab1b0351602a,1
384,a62e25e09e05e6faf31d90c6ec1aa3d1,3
384,bb50f2e236e5eea0100680137654686c,1
384,c9c6fde711572c1ad99ca12728c6af00,1
384,cd48f265a63e13b762601f5f794c5fca,1
384,cec09725da5ed01471d9a505e7389d37,1
384,d1c427060a0f73f6b889a5c7c61f2ac4,2
384,dab2413ead0edda9967edbc9bda2a64e,2
384,dbb67791e405873b259e4656bf971246,5
384,ee406bf28024d97771c4b1e8b7e8e219,1
384,f1fe595ee7ef768b41bd9b246d13432d,1
385,29427de7f8a9ee983d9dbc51cec569b4,1
385,368c6c730842d78016ad823897a372db,3
385,36f60d45225e60c7da4558b070ce4b60,2
385,386486367c1f9d4f587a8864ccb6902b,1
385,389d119b48cf3043d311335e499d9c6b,5
385,3f14d740544f37ece8a9e7bc8349797e,3
385,422879e10f46682990de24d770e7f83d,2
385,42a2c92a0979a949ca4ea89ec5c7b934,2
385,43423cdffde7fda63d0414ed38c11a73,1
385,44a34214a57dc373dcd80f54c919d006,1
385,461f43be3bdf8844e65b62d9ac2c7a5a,1
385,53759a2ecddad2bb87a079a1f1519f73,1
385,566a4f2c4385f36d15c00dfcaae132d1,1
385,595fac2a385ac33a80bd5114aec74eb8,1
385,5a848e4ab52fd5445cdc07aab1c40e48,1
385,656e0eca68dcecf6a31b8ececfabe3e8,2
385,6a8631b72a2f8729b91514db87e771c0,3
385,764292b2b0f73f77a0272be03fdd45f3,1
385,78efe838c04bbc568be034082200ac20,1
385,7c1bd920dbdf22470b68bde975dd3ccf,1
385,7ce94ab189134e2d3c05f496d635419c,1
385,8aa6223e400af9c97b07c75993142721,1
385,8c5876b1c7768217964f353bc7e64393,1
385,97017430754804328eb9597b7f85da03,1
385,a50acd33ba7a8da8e9db65094fa990a4,1
385,a62e25e09e05e6faf31d90c6ec1aa3d1,2
385,a92930c327948861c015c919a0bcb4a8,1
385,ab1f9387c0627dd24000bfbc54fdeee0,1
385,bb50f2e236e5eea0100680137654686c,1
385,c4baedd846ed09b85f78a781b522f126,1
385,c6336fa91fbd87c359e44f5dca5a90ed,1
385,c9c6fde711572c1ad99ca12728c6af00,2
385,d1c427060a0f73f6b889a5c7c61f2ac4,1
385,db5efde3ad0cc579b130d71c4b2db522,1
385,e0cf79767c5b016251fe139915c59a26,1
385,e53e557d5a159f5aa2c5e995dfdf244b,3
385,ec2d43cc59763ec91694573b31f1c29a,3
385,ee0c1cf2fbeae95205b4aa506f1469f0,1
385,ee406bf28024d97771c4b1e8b7e8e219,1
385,f1fe595ee7ef768b41bd9b246d13432d,1
385,f4f67ccaece962d013a4e1d7dc3a61f7,1
386,22c5ddc22ea8cae84fc9917def682dc6,1
386,25f86162fee18735fffdb762dcb10d7c,2
386,29427de7f8a9ee983d9dbc51cec569b4,1
386,2a2d22ae30e026f1893083c8405ca522,1
386,363218ba55c610b750224f90bdd34be1,1
386,368c6c730842d78016ad823897a372db,2
386,36f60d45225e60c7da4558b070ce4b60,2
386,3dd2a17168ec895c781a9191c1e95ad7,3
386,44a34214a57dc373dcd80f54c919d006,1
386,53759a2ecddad2bb87a079a1f1519f73,1
386,595fac2a385ac33a80bd5114aec74eb8,2
386,5a848e4ab52fd5445cdc07aab1c40e48,2
386,629e019a6f298a83aeecc7877964f935,1
386,6a8631b72a2f8729b91514db87e771c0,1
386,781afe929e3016a667f5f439afd55fce,1
386,7a10781637204d8d10485c71a6108a2e,1
386,7ce94ab189134e2d3c05f496d635419c,2
386,8562e2c780a345b609e1b802d7e3e4ae,2
386,880be32f4db1d9f6e2bec38fb6ac23ab,1
386,99a4788cb24856965c36a24e339b6058,1
386,a35a9f46dcee0a67c8c7ad8493eb4135,1
386,a62e25e09e05e6faf31d90c6ec1aa3d1,2
386,a9516a079e37a9c9c36b9b78b10169e8,1
386,ab1f9387c0627dd24000bfbc54fdeee0,1
386,bee2e070c39f3dd2f6883a17a5f0da45,3
386,d1c427060a0f73f6b889a5c7c61f2ac4,2
386,d5991653e037ccb7af6ed7d94246b249,1
386,d696750e550fd0f733979dd7e5dff921,1
386,dbb67791e405873b259e4656bf971246,1
386,e0cf79767c5b016251fe139915c59a26,1
386,e53e557d5a159f5aa2c5e995dfdf244b,2
386,ec2d43cc59763ec91694573b31f1c29a,2
386,f40876e0ef3cd5f9132b1f16b04b1346,1
387,18b0e642cbae7251e60a64aa07dd9eb9,1
387,1bfb290d7273a442c874dbe74b4abae6,4
387,22c5ddc22ea8cae84fc9917def682dc6,1
387,24c66f106f642621e524291a895c9032,1
387,2b4609f8948be18874494203496bc318,1
387,30ac6df06dc59ad72cf2f158fc2d904c,1
387,35afc973633aaeb6b877ff57b2793310,1
387,363218ba55c610b750224f90bdd34be1,2
387,36f60d45225e60c7da4558b070ce4b60,2
387,389d119b48cf3043d311335e499d9c6b,1
387,42a2c92a0979a949ca4ea89ec5c7b934,1
387,566a4f2c4385f36d15c00dfcaae132d1,1
387,5a848e4ab52fd5445cdc07aab1c40e48,1
387,629e019a6f298a83aeecc7877964f935,1
387,656e0eca68dcecf6a31b8ececfabe3e8,3
387,6cdd53843498f92890544667809f1595,1
387,764292b2b0f73f77a0272be03fdd45f3,1
387,78efe838c04bbc568be034082200ac20,1
387,8562e2c780a345b609e1b802d7e3e4ae,1
387,8c292ca193d326152e335d77176746f0,1
387,8c591ab0ca519558779df02023177f44,1
387,99a4788cb24856965c36a24e339b6058,1
387,bd6e6fce9ada76ea2db0f1912e8e478f,2
387,bee2e070c39f3dd2f6883a17a5f0da45,2
387,cd48f265a63e13b762601f5f794c5fca,1
387,d63c1011f49d98b976c352955b1c4bea,1
387,e0cf79767c5b016251fe139915c59a26,2
387,e0d64dcfaa3b6db5c54ca298ae101d05,1
387,f40876e0ef3cd5f9132b1f16b04b1346,1
388,06edb72f1e0c64b14c5b79353f7abea3,3
388,154e7e31ebfa092203795c972e5804a6,1
388,19421075ae0b585f2dc13ff149e2119d,4
388,24c66f106f642621e524291a895c9032,1
388,29427de7f8a9ee983d9dbc51cec569b4,1
388,2b4609f8948be18874494203496bc318,1
388,2ffdf10e724b958c0f7ea69e97d32f64,1
388,35afc973633aaeb6b877ff57b2793310,1
388,363218ba55c610b750224f90bdd34be1,1
388,389d119b48cf3043d311335e499d9c6b,2
388,3dd2a17168ec895c781a9191c1e95ad7,3
388,3eef0cb94ba82de806bb30ab743c7655,5
388,422879e10f46682990de24d770e7f83d,3
388,4298b7e67dc399c200662b569563a2b2,1
388,43423cdffde7fda63d0414ed38c11a73,1
388,44a34214a57dc373dcd80f54c919d006,2
388,461f43be3bdf8844e65b62d9ac2c7a5a,1
388,53759a2ecddad2bb87a079a1f1519f73,3
388,566a4f2c4385f36d15c00dfcaae132d1,1
388,569ffd16f8032478cbeb9800f2e94ba0,1
388,5a848e4ab52fd5445cdc07aab1c40e48,1
388,5d66715cc928aadd0074f61332698593,1
388,617186c3d97ea56c9c683a8a3974e8c1,1
388,629e019a6f298a83aeecc7877964f935,1
388,64fb265487de2238627ce43fe8a67efc,1
388,656e0eca68dcecf6a31b8ececfabe3e8,1
388,6cdd53843498f92890544667809f1595,1
388,7ce94ab189134e2d3c05f496d635419c,1
388,84f456958365164420cfc80fbe4c7fab,6
388,8c292ca193d326152e335d77176746f0,1
388,8c591ab0ca519558779df02023177f44,1
388,8ed094bfe076c568f6bb10feada3f75d,1
388,99a4788cb24856965c36a24e339b6058,3
388,ab1f9387c0627dd24000bfbc54fdeee0,1
388,b0961721fd839e9982420e807758a2a6,1
388,bb50f2e236e5eea0100680137654686c,2
388,bee2e070c39f3dd2f6883a17a5f0da45,2
388,c4baedd846ed09b85f78a781b522f126,2
388,c9c6fde711572c1ad99ca12728c6af00,4
388,d5991653e037ccb7af6ed7d94246b249,2
388,e44f675b60b3a3a2453ec36421e06f0f,2
388,e53e557d5a159f5aa2c5e995dfdf244b,1
388,ed2067a9c1f79553088a3c67b99a9f97,1
388,ee0c1cf2fbeae95205b4aa506f1469f0,1
388,f4f67ccaece962d013a4e1d7dc3a61f7,1
388,fb55982be901439613a95940feefd9ee,1
388,fc1d8637c0268af3db482c14b7ef8e75,1
389,06edb72f1e0c64b14c5b79353f7abea3,2
389,18b0e642cbae7251e60a64aa07dd9eb9,1
389,368c6c730842d78016ad823897a372db,4
389,36f60d45225e60c7da4558b070ce4b60,2
389,389d119b48cf3043d311335e499d9c6b,2
389,3dd2a17168ec895c781a9191c1e95ad7,4
389,3f14d740544f37ece8a9e7bc8349797e,1
389,422879e10f46682990de24d770e7f83d,5
389,44a34214a57dc373dcd80f54c919d006,1
389,4fe644d766c7566dbc46fb851363cb3b,1
389,595fac2a385ac33a80bd5114aec74eb8,1
389,5a848e4ab52fd5445cdc07aab1c40e48,1
389,5d66715cc928aadd0074f61332698593,1
389,64fb265487de2238627ce43fe8a67efc,1
389,656e0eca68dcecf6a31b8ececfabe3e8,1
389,6a8631b72a2f8729b91514db87e771c0,2
389,6f3b5b605d91b7439c5e3f5a8dffeea7,2
389,7a10781637204d8d10485c71a6108a2e,2
389,7ce94ab189134e2d3c05f496d635419c,1
389,84f456958365164420cfc80fbe4c7fab,3
389,8562e2c780a345b609e1b802d7e3e4ae,1
389,8c292ca193d326152e335d77176746f0,3
389,8c591ab0ca519558779df02023177f44,1
389,93c902b021a9e594f658ab1b0351602a,1
389,99a4788cb24856965c36a24e339b6058,2
389,a35a9f46dcee0a67c8c7ad8493eb4135,1
389,a50acd33ba7a8da8e9db65094fa990a4,1
389,a62e25e09e05e6faf31d90c6ec1aa3d1,1
389,aa280035c50ba62c746480a59045eec4,2
389,afeeea6271148ee1bb15173b8187c431,1
389,bb42f37fc3d9130e4a4339d24a47dd7c,1
389,c4baedd846ed09b85f78a781b522f126,1
389,c6336fa91fbd87c359e44f5dca5a90ed,3
389,c6dd917a0be2a704582055949915ab32,1
389,c9c6fde711572c1ad99ca12728c6af00,1
389,cd48f265a63e13b762601f5f794c5fca,1
389,d1c427060a0f73f6b889a5c7c61f2ac4,1
389,dbb67791e405873b259e4656bf971246,2
389,e0d64dcfaa3b6db5c54ca298ae101d05,1
389,e44f675b60b3a3a2453ec36421e06f0f,1
389,e53e557d5a159f5aa2c5e995dfdf244b,5
389,e59dd207c69d86e890febadc796d1078,3
389,ee0c1cf2fbeae95205b4aa506f1469f0,1
389,ee406bf28024d97771c4b1e8b7e8e219,1
390,06edb72f1e0c64b14c5b79353f7abea3,1
390,0bcc3eeca39e1064258aa1e932269894,1
390,0d85c435fd60b277ffb9e9b0f88f927a,1
390,154e7e31ebfa092203795c972e5804a6,1
390,19c91ef95d509ea33eda93495c4d3481,1
390,25f86162fee18735fffdb762dcb10d7c,2
390,29427de7f8a9ee983d9dbc51cec569b4,1
390,36f60d45225e60c7da4558b070ce4b60,2
390,389d119b48cf3043d311335e499d9c6b,2
390,3dd2a17168ec895c781a9191c1e95ad7,5
390,3f14d740544f37ece8a9e7bc8349797e,1
390,422879e10f46682990de24d770e7f83d,1
390,43423cdffde7fda63d0414ed38c11a73,1
390,53759a2ecddad2bb87a079a1f1519f73,1
390,566a4f2c4385f36d15c00dfcaae132d1,1
390,5a848e4ab52fd5445cdc07aab1c40e48,3
390,5b226d7c52f86ac72457617f78cff95d,3
390,5d66715cc928aadd0074f61332698593,1
390,617186c3d97ea56c9c683a8a3974e8c1,1
390,64fb265487de2238627ce43fe8a67efc,1
390,6a8631b72a2f8729b91514db87e771c0,1
390,6cdd53843498f92890544667809f1595,1
390,7ce94ab189134e2d3c05f496d635419c,1
390,99a4788cb24856965c36a24e339b6058,2
390,a50acd33ba7a8da8e9db65094fa990a4,2
390,a62e25e09e05e6faf31d90c6ec1aa3d1,4
390,a9516a079e37a9c9c36b9b78b10169e8,1
390,bb50f2e236e5eea0100680137654686c,2
390,c6336fa91fbd87c359e44f5dca5a90ed,1
390,c9c6fde711572c1ad99ca12728c6af00,3
390,d017a2151d543a9885604dc62a3d9dcc,1
390,d1c427060a0f73f6b889a5c7c61f2ac4,1
390,d2f5484cbffe4ca766301b21ab9246dd,2
390,dab2413ead0edda9967edbc9bda2a64e,3
390,e53e557d5a159f5aa2c5e995dfdf244b,2
390,e59dd207c69d86e890febadc796d1078,1
390,ed2067a9c1f79553088a3c67b99a9f97,1
390,ee0c1cf2fbeae95205b4aa506f1469f0,1
390,ee406bf28024d97771c4b1e8b7e8e219,1
390,f1fe595ee7ef768b41bd9b246d13432d,1
390,f264c1d9b20b5e4a340254d0405e613b,1
390,f40876e0ef3cd5f9132b1f16b04b1346,1
391,06edb72f1e0c64b14c5b79353f7abea3,1
391,08574b074924071f4e201e151b152b4e,1
391,0bcc3eeca39e1064258aa1e932269894,1
391,19c91ef95d509ea33eda93495c4d3481,1
391,2136c70bbe723d338fab53da3c03e6dc,1
391,29427de7f8a9ee983d9dbc51cec569b4,1
391,362b773250263786dd58670d2df42c3b,5
391,368c6c730842d78016ad823897a372db,2
391,389d119b48cf3043d311335e499d9c6b,1
391,4fcb3d9a5f4871e8362dfedbdb02b064,1
391,52c80cedd4e90108bf4fa6a206ef6b03,1
391,53759a2ecddad2bb87a079a1f1519f73,3
391,566a4f2c4385f36d15c00dfcaae132d1,1
391,5a848e4ab52fd5445cdc07aab1c40e48,2
391,656e0eca68dcecf6a31b8ececfabe3e8,1
391,6cdd53843498f92890544667809f1595,2
391,764292b2b0f73f77a0272be03fdd45f3,1
391,781afe929e3016a667f5f439afd55fce,2
391,7a10781637204d8d10485c71a6108a2e,1
391,99a4788cb24856965c36a24e339b6058,1
391,ab1f9387c0627dd24000bfbc54fdeee0,1
391,bee2e070c39f3dd2f6883a17a5f0da45,1
391,c4baedd846ed09b85f78a781b522f126,1
391,c9c6fde711572c1ad99ca12728c6af00,1
391,cd48f265a63e13b762601f5f794c5fca,1
391,cec09725da5ed01471d9a505e7389d37,1
391,d1c427060a0f73f6b889a5c7c61f2ac4,1
391,dbb67791e405873b259e4656bf971246,3
391,e44f675b60b3a3a2453ec36421e06f0f,2
391,e53e557d5a159f5aa2c5e995dfdf244b,7
391,ee0c1cf2fbeae95205b4aa506f1469f0,1
391,f35927953ed82e19d06ad3aac2f06353,1
391,f71973c922ccaab05514a36a8bc741b8,1
391,fb55982be901439613a95940feefd9ee,1
392,06edb72f1e0c64b14c5b79353f7abea3,1
392,18b0e642cbae7251e60a64aa07dd9eb9,1
392,2b4609f8948be18874494203496bc318,3
392,2ffdf10e724b958c0f7ea69e97d32f64,1
392,368c6c730842d78016ad823897a372db,3
392,3dd2a17168ec895c781a9191c1e95ad7,5
392,422879e10f46682990de24d770e7f83d,2
392,42a2c92a0979a949ca4ea89ec5c7b934,1
392,4c2394abfbac7ff59ec7a420918562fa,1
392,4fe644d766c7566dbc46fb851363cb3b,2
392,53759a2ecddad2bb87a079a1f1519f73,5
392,5a848e4ab52fd5445cdc07aab1c40e48,3
392,617186c3d97ea56c9c683a8a3974e8c1,1
392,6a8631b72a2f8729b91514db87e771c0,1
392,6cdd53843498f92890544667809f1595,1
392,7c1bd920dbdf22470b68bde975dd3ccf,2
392,8c5876b1c7768217964f353bc7e64393,1
392,8c591ab0ca519558779df02023177f44,1
392,99a4788cb24856965c36a24e339b6058,1
392,bb50f2e236e5eea0100680137654686c,1
392,bd6e6fce9ada76ea2db0f1912e8e478f,2
392,c9c6fde711572c1ad99ca12728c6af00,1
392,cd48f265a63e13b762601f5f794c5fca,2
392,d1c427060a0f73f6b889a5c7c61f2ac4,1
392,d696750e550fd0f733979dd7e5dff921,2
392,e03102efbc2229024c89be731f0aedcb,1
392,e53e557d5a159f5aa2c5e995dfdf244b,2
392,ee406bf28024d97771c4b1e8b7e8e219,2
392,f1fe595ee7ef768b41bd9b246d13432d,1
392,f4f67ccaece962d013a4e1d7dc3a61f7,1
393,06edb72f1e0c64b14c5b79353f7abea3,1
393,0bcc3eeca39e1064258aa1e932269894,1
393,0d85c435fd60b277ffb9e9b0f88f927a,1
393,2b4609f8948be18874494203496bc318,1
393,362b773250263786dd58670d2df42c3b,1
393,368c6c730842d78016ad823897a372db,5
393,36f60d45225e60c7da4558b070ce4b60,1
393,389d119b48cf3043d311335e499d9c6b,1
393,3dd2a17168ec895c781a9191c1e95ad7,1
393,43423cdffde7fda63d0414ed38c11a73,1
393,461f43be3bdf8844e65b62d9ac2c7a5a,2
393,4b96786612ebe7463132fce2c4dca136,1
393,4fe644d766c7566dbc46fb851363cb3b,2
393,566a4f2c4385f36d15c00dfcaae132d1,1
393,5a848e4ab52fd5445cdc07aab1c40e48,4
393,601a360bd2a916ecef0e88de72a6531a,1
393,7ce94ab189134e2d3c05f496d635419c,2
393,84f456958365164420cfc80fbe4c7fab,1
393,8562e2c780a345b609e1b802d7e3e4ae,2
393,89321f94e35fc6d7903d36f74e351d40,1
393,8aa6223e400af9c97b07c75993142721,1
393,99a4788cb24856965c36a24e339b6058,2
393,bb50f2e236e5eea0100680137654686c,1
393,bd6e6fce9ada76ea2db0f1912e8e478f,1
393,c4baedd846ed09b85f78a781b522f126,1
393,c9c6fde711572c1ad99ca12728c6af00,4
393,cec09725da5ed01471d9a505e7389d37,1
393,d1c427060a0f73f6b889a5c7c61f2ac4,2
393,dab2413ead0edda9967edbc9bda2a64e,2
393,dbb67791e405873b259e4656bf971246,1
393,e44f675b60b3a3a2453ec36421e06f0f,1
393,e53e557d5a159f5aa2c5e995dfdf244b,3
393,e9a69340883a438c3f91739d14d3a56d,1
393,ec2d43cc59763ec91694573b31f1c29a,2
393,f1fe595ee7ef768b41bd9b246d13432d,1
393,fb55982be901439613a95940feefd9ee,1
393,fbc1488c1a1e72ba175f53ab29a248e8,2
394,06edb72f1e0c64b14c5b79353f7abea3,1
394,0d85c435fd60b277ffb9e9b0f88f927a,2
394,368c6c730842d78016ad823897a372db,2
394,3dd2a17168ec895c781a9191c1e95ad7,1
394,422879e10f46682990de24d770e7f83d,3
394,43423cdffde7fda63d0414ed38c11a73,1
394,473795a355d29305c3ea6b156833adf5,1
394,4ae634441e444ca4bc85903cafe98d73,1
394,52c80cedd4e90108bf4fa6a206ef6b03,1
394,53759a2ecddad2bb87a079a1f1519f73,2
394,583f158587cdecda3e8bdea694021e39,1
394,5a848e4ab52fd5445cdc07aab1c40e48,1
394,5b226d7c52f86ac72457617f78cff95d,1
394,5d66715cc928aadd0074f61332698593,1
394,781afe929e3016a667f5f439afd55fce,4
394,78efe838c04bbc568be034082200ac20,3
394,7ce94ab189134e2d3c05f496d635419c,1
394,8562e2c780a345b609e1b802d7e3e4ae,1
394,8c292ca193d326152e335d77176746f0,1
394,93c902b021a9e594f658ab1b0351602a,1
394,99a4788cb24856965c36a24e339b6058,1
394,aa280035c50ba62c746480a59045eec4,1
394,ab1f9387c0627dd24000bfbc54fdeee0,2
394,afeeea6271148ee1bb15173b8187c431,1
394,bb50f2e236e5eea0100680137654686c,3
394,bee2e070c39f3dd2f6883a17a5f0da45,1
394,d1c427060a0f73f6b889a5c7c61f2ac4,3
394,e0cf79767c5b016251fe139915c59a26,2
394,e0d64dcfaa3b6db5c54ca298ae101d05,1
394,e53e557d5a159f5aa2c5e995dfdf244b,1
394,ee406bf28024d97771c4b1e8b7e8e219,1
394,f1fe595ee7ef768b41bd9b246d13432d,1
394,fb55982be901439613a95940feefd9ee,1
395,06edb72f1e0c64b14c5b79353f7abea3,2
395,0bcc3eeca39e1064258aa1e932269894,1
395,0d85c435fd60b277ffb9e9b0f88f927a,2
395,154e7e31ebfa092203795c972e5804a6,1
395,1613b819ab5dae53aead2dbb4ebdb378,1
395,2b4609f8948be18874494203496bc318,1
395,368c6c730842d78016ad823897a372db,3
395,36f60d45225e60c7da4558b070ce4b60,2
395,389d119b48cf3043d311335e499d9c6b,1
395,3dd2a17168ec895c781a9191c1e95ad7,1
395,422879e10f46682990de24d770e7f83d,1
395,4fe644d766c7566dbc46fb851363cb3b,1
395,53759a2ecddad2bb87a079a1f1519f73,3
395,566a4f2c4385f36d15c00dfcaae132d1,1
395,5b226d7c52f86ac72457617f78cff95d,1
395,5f504b3a1c75b73d6151be81eb05bdc9,1
395,629e019a6f298a83aeecc7877964f935,1
395,764292b2b0f73f77a0272be03fdd45f3,1
395,7a10781637204d8d10485c71a6108a2e,1
395,7c1bd920dbdf22470b68bde975dd3ccf,1
395,7ce94ab189134e2d3c05f496d635419c,1
395,84f456958365164420cfc80fbe4c7fab,1
395,8562e2c780a345b609e1b802d7e3e4ae,1
395,8aa6223e400af9c97b07c75993142721,1
395,8c292ca193d326152e335d77176746f0,1
395,93c902b021a9e594f658ab1b0351602a,1
395,a62e25e09e05e6faf31d90c6ec1aa3d1,1
395,ab1f9387c0627dd24000bfbc54fdeee0,1
395,aca2eb7d00ea1a7b8ebd4e68314663af,1
395,b0961721fd839e9982420e807758a2a6,2
395,bb50f2e236e5eea0100680137654686c,1
395,c1f5307decb89342351bec53668cffd9,2
395,c9c6fde711572c1ad99ca12728c6af00,1
395,d1c427060a0f73f6b889a5c7c61f2ac4,1
395,d2f5484cbffe4ca766301b21ab9246dd,1
395,dab2413ead0edda9967edbc9bda2a64e,2
395,e44f675b60b3a3a2453ec36421e06f0f,2
395,e53e557d5a159f5aa2c5e995dfdf244b,1
395,ee0c1cf2fbeae95205b4aa506f1469f0,1
395,ee406bf28024d97771c4b1e8b7e8e219,1
395,f40876e0ef3cd5f9132b1f16b04b1346,1
396,0bcc3eeca39e1064258aa1e932269894,1
396,0d85c435fd60b277ffb9e9b0f88f927a,2
396,2028bf1b01cafb2d2b1901fca4083222,1
396,2136c70bbe723d338fab53da3c03e6dc,1
396,22c5ddc22ea8cae84fc9917def682dc6,1
396,29427de7f8a9ee983d9dbc51cec569b4,1
396,362b773250263786dd58670d2df42c3b,1
396,368c6c730842d78016ad823897a372db,10
396,36f60d45225e60c7da4558b070ce4b60,2
396,389d119b48cf3043d311335e499d9c6b,4
396,3dd2a17168ec895c781a9191c1e95ad7,1
396,422879e10f46682990de24d770e7f83d,4
396,4aa6014eceb682077f9dc4bffebc05b0,1
396,52c80cedd4e90108bf4fa6a206ef6b03,1
396,53759a2ecddad2bb87a079a1f1519f73,9
396,5a848e4ab52fd5445cdc07aab1c40e48,2
396,5d66715cc928aadd0074f61332698593,1
396,7c1bd920dbdf22470b68bde975dd3ccf,1
396,7ce94ab189134e2d3c05f496d635419c,1
396,8c292ca193d326152e335d77176746f0,1
396,8c5876b1c7768217964f353bc7e64393,1
396,93c902b021a9e594f658ab1b0351602a,1
396,ab1f9387c0627dd24000bfbc54fdeee0,1
396,aca2eb7d00ea1a7b8ebd4e68314663af,2
396,b532349fe46b38fbc7bb3914c1bdae07,3
396,c9c6fde711572c1ad99ca12728c6af00,2
396,cd48f265a63e13b762601f5f794c5fca,1
396,d63c1011f49d98b976c352955b1c4bea,1
396,dbb67791e405873b259e4656bf971246,1
396,ddceb6eef6af67e9fbbd4c148dbe5fd9,1
396,e0cf79767c5b016251fe139915c59a26,1
396,e53e557d5a159f5aa2c5e995dfdf244b,4
396,f40876e0ef3cd5f9132b1f16b04b1346,1
397,0aabfb375647d9738ad0f7b4ea3653b1,1
397,154e7e31ebfa092203795c972e5804a6,2
397,29427de7f8a9ee983d9dbc51cec569b4,1
397,2a2d22ae30e026f1893083c8405ca522,1
397,2b4609f8948be18874494203496bc318,1
397,30ac6df06dc59ad72cf2f158fc2d904c,1
397,368c6c730842d78016ad823897a372db,3
397,36f60d45225e60c7da4558b070ce4b60,1
397,389d119b48cf3043d311335e499d9c6b,1
397,3dd2a17168ec895c781a9191c1e95ad7,1
397,422879e10f46682990de24d770e7f83d,6
397,473795a355d29305c3ea6b156833adf5,3
397,5a848e4ab52fd5445cdc07aab1c40e48,1
397,62d8daeee0db3a60c234c2d1bfd10651,1
397,64fb265487de2238627ce43fe8a67efc,1
397,656e0eca68dcecf6a31b8ececfabe3e8,1
397,6cdd53843498f92890544667809f1595,1
397,7814c273ab16783d73a9863ebfa8b141,1
397,78efe838c04bbc568be034082200ac20,1
397,7ce94ab189134e2d3c05f496d635419c,1
397,8c591ab0ca519558779df02023177f44,1
397,99a4788cb24856965c36a24e339b6058,1
397,aca2eb7d00ea1a7b8ebd4e68314663af,8
397,bee2e070c39f3dd2f6883a17a5f0da45,2
397,c9c6fde711572c1ad99ca12728c6af00,2
397,cd48f265a63e13b762601f5f794c5fca,2
397,d1c427060a0f73f6b889a5c7c61f2ac4,2
397,d285360f29ac7fd97640bf0baef03de0,1
397,d2f5484cbffe4ca766301b21ab9246dd,1
397,e44f675b60b3a3a2453ec36421e06f0f,1
397,e53e557d5a159f5aa2c5e995dfdf244b,7
397,f35927953ed82e19d06ad3aac2f06353,1
398,0d85c435fd60b277ffb9e9b0f88f927a,2
398,154e7e31ebfa092203795c972e5804a6,2
398,1613b819ab5dae53aead2dbb4ebdb378,1
398,165f86fe8b799a708a20ee4ba125c289,1
398,2136c70bbe723d338fab53da3c03e6dc,1
398,22c5ddc22ea8cae84fc9917def682dc6,1
398,2b4609f8948be18874494203496bc318,1
398,30ac6df06dc59ad72cf2f158fc2d904c,2
398,368c6c730842d78016ad823897a372db,5
398,389d119b48cf3043d311335e499d9c6b,2
398,3dd2a17168ec895c781a9191c1e95ad7,1
398,422879e10f46682990de24d770e7f83d,4
398,473795a355d29305c3ea6b156833adf5,2
398,4c2394abfbac7ff59ec7a420918562fa,1
398,4fcb3d9a5f4871e8362dfedbdb02b064,1
398,52c80cedd4e90108bf4fa6a206ef6b03,1
398,53759a2ecddad2bb87a079a1f1519f73,1
398,566a4f2c4385f36d15c00dfcaae132d1,1
398,5a848e4ab52fd5445cdc07aab1c40e48,3
398,5d66715cc928aadd0074f61332698593,1
398,629e019a6f298a83aeecc7877964f935,2
398,634256dbcd184b3757ffd7632c9fe52a,1
398,656e0eca68dcecf6a31b8ececfabe3e8,2
398,7ce94ab189134e2d3c05f496d635419c,4
398,8317b177579dd27ff068b83205e2169b,1
398,880be32f4db1d9f6e2bec38fb6ac23ab,1
398,8c591ab0ca519558779df02023177f44,2
398,a62e25e09e05e6faf31d90c6ec1aa3d1,3
398,ab1f9387c0627dd24000bfbc54fdeee0,1
398,aca2eb7d00ea1a7b8ebd4e68314663af,3
398,b532349fe46b38fbc7bb3914c1bdae07,2
398,c9c6fde711572c1ad99ca12728c6af00,1
398,cd48f265a63e13b762601f5f794c5fca,3
398,d1c427060a0f73f6b889a5c7c61f2ac4,3
398,d285360f29ac7fd97640bf0baef03de0,1
398,dab2413ead0edda9967edbc9bda2a64e,1
398,dbb67791e405873b259e4656bf971246,2
398,e0cf79767c5b016251fe139915c59a26,2
398,e53e557d5a159f5aa2c5e995dfdf244b,1
398,ec2d43cc59763ec91694573b31f1c29a,5
398,ed2067a9c1f79553088a3c67b99a9f97,2
398,ee406bf28024d97771c4b1e8b7e8e219,1
398,fb55982be901439613a95940feefd9ee,1
398,fc1d8637c0268af3db482c14b7ef8e75,2
399,06edb72f1e0c64b14c5b79353f7abea3,2
399,08574b074924071f4e201e151b152b4e,1
399,165f86fe8b799a708a20ee4ba125c289,2
399,2136c70bbe723d338fab53da3c03e6dc,1
399,36f60d45225e60c7da4558b070ce4b60,1
399,389d119b48cf3043d311335e499d9c6b,2
399,3dd2a17168ec895c781a9191c1e95ad7,5
399,3f14d740544f37ece8a9e7bc8349797e,1
399,422879e10f46682990de24d770e7f83d,2
399,43423cdffde7fda63d0414ed38c11a73,4
399,44a34214a57dc373dcd80f54c919d006,1
399,4c2394abfbac7ff59ec7a420918562fa,1
399,4fcb3d9a5f4871e8362dfedbdb02b064,1
399,566a4f2c4385f36d15c00dfcaae132d1,2
399,583f158587cdecda3e8bdea694021e39,1
399,595fac2a385ac33a80bd5114aec74eb8,1
399,5a848e4ab52fd5445cdc07aab1c40e48,2
399,629e019a6f298a83aeecc7877964f935,1
399,6cdd53843498f92890544667809f1595,1
399,777d2e438a1b645f3aec9bd57e92672c,1
399,7c1bd920dbdf22470b68bde975dd3ccf,1
399,8c292ca193d326152e335d77176746f0,1
399,8c5876b1c7768217964f353bc7e64393,1
399,99a4788cb24856965c36a24e339b6058,1
399,c9c6fde711572c1ad99ca12728c6af00,3
399,cd48f265a63e13b762601f5f794c5fca,1
399,d63c1011f49d98b976c352955b1c4bea,1
399,dab2413ead0edda9967edbc9bda2a64e,1
399,dbb67791e405873b259e4656bf971246,3
399,e44f675b60b3a3a2453ec36421e06f0f,3
399,e53e557d5a159f5aa2c5e995dfdf244b,3
399,f35927953ed82e19d06ad3aac2f06353,1
400,0d85c435fd60b277ffb9e9b0f88f927a,1
400,154e7e31ebfa092203795c972e5804a6,1
400,165f86fe8b799a708a20ee4ba125c289,2
400,2b4609f8948be18874494203496bc318,2
400,2ffdf10e724b958c0f7ea69e97d32f64,1
400,30ac6df06dc59ad72cf2f158fc2d904c,2
400,3f14d740544f37ece8a9e7bc8349797e,1
400,42a2c92a0979a949ca4ea89ec5c7b934,1
400,461f43be3bdf8844e65b62d9ac2c7a5a,1
400,52c80cedd4e90108bf4fa6a206ef6b03,1
400,566a4f2c4385f36d15c00dfcaae132d1,1
400,617186c3d97ea56c9c683a8a3974e8c1,1
400,629e019a6f298a83aeecc7877964f935,1
400,656e0eca68dcecf6a31b8ececfabe3e8,7
400,6cdd53843498f92890544667809f1595,1
400,764292b2b0f73f77a0272be03fdd45f3,1
400,7ce94ab189134e2d3c05f496d635419c,1
400,880be32f4db1d9f6e2bec38fb6ac23ab,1
400,8aa6223e400af9c97b07c75993142721,1
400,8c292ca193d326152e335d77176746f0,1
400,a62e25e09e05e6faf31d90c6ec1aa3d1,4
400,ab1f9387c0627dd24000bfbc54fdeee0,2
400,aca2eb7d00ea1a7b8ebd4e68314663af,2
400,c9c6fde711572c1ad99ca12728c6af00,4
400,cd48f265a63e13b762601f5f794c5fca,4
400,d1c427060a0f73f6b889a5c7c61f2ac4,2
400,dab2413ead0edda9967edbc9bda2a64e,1
400,dbb67791e405873b259e4656bf971246,1
400,e53e557d5a159f5aa2c5e995dfdf244b,3
400,ec2d43cc59763ec91694573b31f1c29a,2
400,ed2067a9c1f79553088a3c67b99a9f97,1
400,ee406bf28024d97771c4b1e8b7e8e219,1
401,0aabfb375647d9738ad0f7b4ea3653b1,1
401,0d85c435fd60b277ffb9e9b0f88f927a,3
401,154e7e31ebfa092203795c972e5804a6,1
401,1613b819ab5dae53aead2dbb4ebdb378,1
401,2028bf1b01cafb2d2b1901fca4083222,2
401,2b4609f8948be18874494203496bc318,1
401,35afc973633aaeb6b877ff57b2793310,2
401,36f60d45225e60c7da4558b070ce4b60,1
401,3f14d740544f37ece8a9e7bc8349797e,4
401,44a34214a57dc373dcd80f54c919d006,2
401,4c2394abfbac7ff59ec7a420918562fa,2
401,595fac2a385ac33a80bd5114aec74eb8,3
401,5a848e4ab52fd5445cdc07aab1c40e48,2
401,5f504b3a1c75b73d6151be81eb05bdc9,1
401,601a360bd2a916ecef0e88de72a6531a,1
401,72172e982e8b92155069e4201c92c0bb,1
401,75d6b6963340c6063f7f4cfcccfe6a30,1
401,777d2e438a1b645f3aec9bd57e92672c,1
401,78efe838c04bbc568be034082200ac20,1
401,89321f94e35fc6d7903d36f74e351d40,1
401,8c292ca193d326152e335d77176746f0,1
401,99a4788cb24856965c36a24e339b6058,1
401,aa280035c50ba62c746480a59045eec4,1
401,b532349fe46b38fbc7bb3914c1bdae07,2
401,c1f5307decb89342351bec53668cffd9,1
401,cd48f265a63e13b762601f5f794c5fca,1
401,d1c427060a0f73f6b889a5c7c61f2ac4,3
401,dbb67791e405873b259e4656bf971246,4
401,e03102efbc2229024c89be731f0aedcb,1
401,e53e557d5a159f5aa2c5e995dfdf244b,1
401,ed2067a9c1f79553088a3c67b99a9f97,1
401,ee406bf28024d97771c4b1e8b7e8e219,1
402,0a57f7d2c983bcf8188589a5fea4a8da,1
402,0d85c435fd60b277ffb9e9b0f88f927a,1
402,154e7e31ebfa092203795c972e5804a6,1
402,18b0e642cbae7251e60a64aa07dd9eb9,1
402,2ffdf10e724b958c0f7ea69e97d32f64,1
402,30ac6df06dc59ad72cf2f158fc2d904c,1
402,36f60d45225e60c7da4558b070ce4b60,2
402,3dd2a17168ec895c781a9191c1e95ad7,5
402,3f14d740544f37ece8a9e7bc8349797e,3
402,43423cdffde7fda63d0414ed38c11a73,2
402,437c05a395e9e47f9762e677a7068ce7,2
402,4aa6014eceb682077f9dc4bffebc05b0,1
402,595fac2a385ac33a80bd5114aec74eb8,2
402,5a848e4ab52fd5445cdc07aab1c40e48,2
402,5b226d7c52f86ac72457617f78cff95d,1
402,5d66715cc928aadd0074f61332698593,1
402,617186c3d97ea56c9c683a8a3974e8c1,1
402,629e019a6f298a83aeecc7877964f935,1
402,64fb265487de2238627ce43fe8a67efc,3
402,777d2e438a1b645f3aec9bd57e92672c,1
402,781afe929e3016a667f5f439afd55fce,1
402,78efe838c04bbc568be034082200ac20,2
402,7a10781637204d8d10485c71a6108a2e,2
402,7c1bd920dbdf22470b68bde975dd3ccf,1
402,7ce94ab189134e2d3c05f496d635419c,1
402,89321f94e35fc6d7903d36f74e351d40,2
402,8aa6223e400af9c97b07c75993142721,1
402,8c292ca193d326152e335d77176746f0,1
402,8c591ab0ca519558779df02023177f44,1
402,a35a9f46dcee0a67c8c7ad8493eb4135,1
402,a62e25e09e05e6faf31d90c6ec1aa3d1,2
402,aca2eb7d00ea1a7b8ebd4e68314663af,3
402,cd48f265a63e13b762601f5f794c5fca,1
402,d1c427060a0f73f6b889a5c7c61f2ac4,2
402,d285360f29ac7fd97640bf0baef03de0,1
402,d696750e550fd0f733979dd7e5dff921,1
402,db5efde3ad0cc579b130d71c4b2db522,2
402,dbb67791e405873b259e4656bf971246,1
402,e53e557d5a159f5aa2c5e995dfdf244b,1
402,ee406bf28024d97771c4b1e8b7e8e219,1
402,f35927953ed82e19d06ad3aac2f06353,1
403,0a57f7d2c983bcf8188589a5fea4a8da,3
403,0aabfb375647d9738ad0f7b4ea3653b1,1
403,0d85c435fd60b277ffb9e9b0f88f927a,2
403,19421075ae0b585f2dc13ff149e2119d,4
403,2028bf1b01cafb2d2b1901fca4083222,1
403,2ffdf10e724b958c0f7ea69e97d32f64,1
403,35afc973633aaeb6b877ff57b2793310,1
403,362b773250263786dd58670d2df42c3b,3
403,36f60d45225e60c7da4558b070ce4b60,1
403,3dd2a17168ec895c781a9191c1e95ad7,5
403,437c05a395e9e47f9762e677a7068ce7,4
403,461f43be3bdf8844e65b62d9ac2c7a5a,1
403,473795a355d29305c3ea6b156833adf5,1
403,4fcb3d9a5f4871e8362dfedbdb02b064,1
403,5a848e4ab52fd5445cdc07aab1c40e48,1
403,617186c3d97ea56c9c683a8a3974e8c1,2
403,629e019a6f298a83aeecc7877964f935,1
403,7a10781637204d8d10485c71a6108a2e,1
403,7ce94ab189134e2d3c05f496d635419c,1
403,89321f94e35fc6d7903d36f74e351d40,1
403,8aa6223e400af9c97b07c75993142721,1
403,8c292ca193d326152e335d77176746f0,1
403,93c902b021a9e594f658ab1b0351602a,1
403,97017430754804328eb9597b7f85da03,1
403,99a4788cb24856965c36a24e339b6058,1
403,9ecadb84c81da840dbf3564378b586e9,2
403,a35a9f46dcee0a67c8c7ad8493eb4135,1
403,a62e25e09e05e6faf31d90c6ec1aa3d1,2
403,aca2eb7d00ea1a7b8ebd4e68314663af,1
403,bb50f2e236e5eea0100680137654686c,3
403,bd6e6fce9ada76ea2db0f1912e8e478f,1
403,bee2e070c39f3dd2f6883a17a5f0da45,2
403,c9c6fde711572c1ad99ca12728c6af00,2
403,cc971e0365873137b8bef2ebad633e6f,1
403,cd48f265a63e13b762601f5f794c5fca,1
403,d1c427060a0f73f6b889a5c7c61f2ac4,1
403,d285360f29ac7fd97640bf0baef03de0,1
403,d696750e550fd0f733979dd7e5dff921,1
403,dab2413ead0edda9967edbc9bda2a64e,2
403,dbb67791e405873b259e4656bf971246,2
403,e0cf79767c5b016251fe139915c59a26,1
403,e0d64dcfaa3b6db5c54ca298ae101d05,1
403,e44f675b60b3a3a2453ec36421e06f0f,3
403,e53e557d5a159f5aa2c5e995dfdf244b,2
403,e59dd207c69d86e890febadc796d1078,1
403,ee0c1cf2fbeae95205b4aa506f1469f0,2
403,ee406bf28024d97771c4b1e8b7e8e219,1
403,f264c1d9b20b5e4a340254d0405e613b,1
403,f35927953ed82e19d06ad3aac2f06353,1
403,f4f67ccaece962d013a4e1d7dc3a61f7,1
403,f7a17d2c51d9df89a4f1711c4ac17f33,1
404,0a57f7d2c983bcf8188589a5fea4a8da,2
404,0d85c435fd60b277ffb9e9b0f88f927a,3
404,165f86fe8b799a708a20ee4ba125c289,1
404,18b0e642cbae7251e60a64aa07dd9eb9,1
404,30ac6df06dc59ad72cf2f158fc2d904c,1
404,36f60d45225e60c7da4558b070ce4b60,1
404,389d119b48cf3043d311335e499d9c6b,1
404,3dd2a17168ec895c781a9191c1e95ad7,3
404,3f14d740544f37ece8a9e7bc8349797e,2
404,4298b7e67dc399c200662b569563a2b2,1
404,42a2c92a0979a949ca4ea89ec5c7b934,1
404,437c05a395e9e47f9762e677a7068ce7,6
404,461f43be3bdf8844e65b62d9ac2c7a5a,2
404,4aa6014eceb682077f9dc4bffebc05b0,1
404,4fcb3d9a5f4871e8362dfedbdb02b064,1
404,4fe644d766c7566dbc46fb851363cb3b,1
404,53759a2ecddad2bb87a079a1f1519f73,1
404,583f158587cdecda3e8bdea694021e39,1
404,595fac2a385ac33a80bd5114aec74eb8,1
404,5a848e4ab52fd5445cdc07aab1c40e48,3
404,629e019a6f298a83aeecc7877964f935,1
404,634256dbcd184b3757ffd7632c9fe52a,1
404,656e0eca68dcecf6a31b8ececfabe3e8,2
404,6f3b5b605d91b7439c5e3f5a8dffeea7,2
404,7a10781637204d8d10485c71a6108a2e,1
404,7ce94ab189134e2d3c05f496d635419c,1
404,89321f94e35fc6d7903d36f74e351d40,1
404,8c292ca193d326152e335d77176746f0,3
404,93c902b021a9e594f658ab1b0351602a,1
404,9ecadb84c81da840dbf3564378b586e9,2
404,aca2eb7d00ea1a7b8ebd4e68314663af,2
404,b532349fe46b38fbc7bb3914c1bdae07,2
404,bb50f2e236e5eea0100680137654686c,1
404,d017a2151d543a9885604dc62a3d9dcc,1
404,e0cf79767c5b016251fe139915c59a26,2
404,e53e557d5a159f5aa2c5e995dfdf244b,2
404,e59dd207c69d86e890febadc796d1078,2
404,ee406bf28024d97771c4b1e8b7e8e219,1
404,f1fe595ee7ef768b41bd9b246d13432d,1
404,f35927953ed82e19d06ad3aac2f06353,1
404,f7a17d2c51d9df89a4f1711c4ac17f33,1
404,fbc1488c1a1e72ba175f53ab29a248e8,1
405,154e7e31ebfa092203795c972e5804a6,1
405,165f86fe8b799a708a20ee4ba125c289,1
405,19421075ae0b585f2dc13ff149e2119d,3
405,2b4609f8948be18874494203496bc318,2
405,362b773250263786dd58670d2df42c3b,5
405,368c6c730842d78016ad823897a372db,1
405,36f60d45225e60c7da4558b070ce4b60,2
405,3dd2a17168ec895c781a9191c1e95ad7,4
405,437c05a395e9e47f9762e677a7068ce7,4
405,44a34214a57dc373dcd80f54c919d006,1
405,461f43be3bdf8844e65b62d9ac2c7a5a,2
405,473795a355d29305c3ea6b156833adf5,2
405,4b96786612ebe7463132fce2c4dca136,2
405,53759a2ecddad2bb87a079a1f1519f73,5
405,5a848e4ab52fd5445cdc07aab1c40e48,1
405,5b226d7c52f86ac72457617f78cff95d,1
405,634256dbcd184b3757ffd7632c9fe52a,2
405,656e0eca68dcecf6a31b8ececfabe3e8,1
405,6cdd53843498f92890544667809f1595,1
405,6f3b5b605d91b7439c5e3f5a8dffeea7,3
405,781afe929e3016a667f5f439afd55fce,1
405,7a10781637204d8d10485c71a6108a2e,1
405,7c1bd920dbdf22470b68bde975dd3ccf,1
405,89321f94e35fc6d7903d36f74e351d40,2
405,a62e25e09e05e6faf31d90c6ec1aa3d1,4
405,aca2eb7d00ea1a7b8ebd4e68314663af,1
405,c9c6fde711572c1ad99ca12728c6af00,1
405,d1c427060a0f73f6b889a5c7c61f2ac4,1
405,d63c1011f49d98b976c352955b1c4bea,1
405,dab2413ead0edda9967edbc9bda2a64e,1
405,dbb67791e405873b259e4656bf971246,2
405,ddceb6eef6af67e9fbbd4c148dbe5fd9,1
405,e0d64dcfaa3b6db5c54ca298ae101d05,2
405,e44f675b60b3a3a2453ec36421e06f0f,1
405,e53e557d5a159f5aa2c5e995dfdf244b,1
405,eb8c629f70275fd1c4f809116cce1efc,3
405,ec2d43cc59763ec91694573b31f1c29a,1
405,ee406bf28024d97771c4b1e8b7e8e219,1
405,f264c1d9b20b5e4a340254d0405e613b,1
406,0bcc3eeca39e1064258aa1e932269894,1
406,0d85c435fd60b277ffb9e9b0f88f927a,2
406,130482add9fd75ccb6c57ba007694a2d,1
406,19421075ae0b585f2dc13ff149e2119d,2
406,29427de7f8a9ee983d9dbc51cec569b4,1
406,2ffdf10e724b958c0f7ea69e97d32f64,1
406,362b773250263786dd58670d2df42c3b,2
406,36f60d45225e60c7da4558b070ce4b60,1
406,3dd2a17168ec895c781a9191c1e95ad7,4
406,422879e10f46682990de24d770e7f83d,1
406,4298b7e67dc399c200662b569563a2b2,1
406,44a34214a57dc373dcd80f54c919d006,1
406,461f43be3bdf8844e65b62d9ac2c7a5a,1
406,473795a355d29305c3ea6b156833adf5,1
406,4c2394abfbac7ff59ec7a420918562fa,1
406,4fcb3d9a5f4871e8362dfedbdb02b064,3
406,53759a2ecddad2bb87a079a1f1519f73,1
406,5a848e4ab52fd5445cdc07aab1c40e48,1
406,629e019a6f298a83aeecc7877964f935,2
406,634256dbcd184b3757ffd7632c9fe52a,1
406,656e0eca68dcecf6a31b8ececfabe3e8,1
406,7814c273ab16783d73a9863ebfa8b141,1
406,78efe838c04bbc568be034082200ac20,1
406,7a10781637204d8d10485c71a6108a2e,1
406,7ce94ab189134e2d3c05f496d635419c,1
406,8562e2c780a345b609e1b802d7e3e4ae,1
406,8aa6223e400af9c97b07c75993142721,1
406,8c5876b1c7768217964f353bc7e64393,1
406,99a4788cb24856965c36a24e339b6058,1
406,aa280035c50ba62c746480a59045eec4,1
406,ab1f9387c0627dd24000bfbc54fdeee0,1
406,aca2eb7d00ea1a7b8ebd4e68314663af,2
406,c6336fa91fbd87c359e44f5dca5a90ed,1
406,cd48f265a63e13b762601f5f794c5fca,1
406,db5efde3ad0cc579b130d71c4b2db522,1
406,e53e557d5a159f5aa2c5e995dfdf244b,2
406,eb8c629f70275fd1c4f809116cce1efc,2
406,ee406bf28024d97771c4b1e8b7e8e219,1
406,f1fe595ee7ef768b41bd9b246d13432d,1
407,0bcc3eeca39e1064258aa1e932269894,1
407,154e7e31ebfa092203795c972e5804a6,1
407,1bfb290d7273a442c874dbe74b4abae6,1
407,36f60d45225e60c7da4558b070ce4b60,3
407,3dd2a17168ec895c781a9191c1e95ad7,1
407,3f14d740544f37ece8a9e7bc8349797e,2
407,4298b7e67dc399c200662b569563a2b2,3
407,42a2c92a0979a949ca4ea89ec5c7b934,3
407,437c05a395e9e47f9762e677a7068ce7,2
407,4fe644d766c7566dbc46fb851363cb3b,1
407,53b36df67ebb7c41585e8d54d6772e08,1
407,617186c3d97ea56c9c683a8a3974e8c1,2
407,7a10781637204d8d10485c71a6108a2e,2
407,7c1bd920dbdf22470b68bde975dd3ccf,1
407,7ce94ab189134e2d3c05f496d635419c,1
407,84f456958365164420cfc80fbe4c7fab,1
407,8c5876b1c7768217964f353bc7e64393,1
407,8c591ab0ca519558779df02023177f44,1
407,9545d45c37449ccbc376de3a04c66e71,1
407,a9516a079e37a9c9c36b9b78b10169e8,1
407,aa280035c50ba62c746480a59045eec4,1
407,aca2eb7d00ea1a7b8ebd4e68314663af,1
407,c7fd13b5e515bffdab855d0812842edb,2
407,cd48f265a63e13b762601f5f794c5fca,1
407,d04857e7b4b708ee8b8b9921163edba3,1
407,e44f675b60b3a3a2453ec36421e06f0f,1
407,e53e557d5a159f5aa2c5e995dfdf244b,2
407,e59dd207c69d86e890febadc796d1078,4
408,06edb72f1e0c64b14c5b79353f7abea3,2
408,0aabfb375647d9738ad0f7b4ea3653b1,1
408,0d85c435fd60b277ffb9e9b0f88f927a,1
408,2b4609f8948be18874494203496bc318,1
408,36f60d45225e60c7da4558b070ce4b60,2
408,389d119b48cf3043d311335e499d9c6b,3
408,3dd2a17168ec895c781a9191c1e95ad7,3
408,3f14d740544f37ece8a9e7bc8349797e,1
408,422879e10f46682990de24d770e7f83d,2
408,4298b7e67dc399c200662b569563a2b2,3
408,43423cdffde7fda63d0414ed38c11a73,2
408,437c05a395e9e47f9762e677a7068ce7,1
408,44a34214a57dc373dcd80f54c919d006,1
408,473795a355d29305c3ea6b156833adf5,1
408,52c80cedd4e90108bf4fa6a206ef6b03,2
408,53759a2ecddad2bb87a079a1f1519f73,1
408,53b36df67ebb7c41585e8d54d6772e08,1
408,5a848e4ab52fd5445cdc07aab1c40e48,2
408,617186c3d97ea56c9c683a8a3974e8c1,1
408,634256dbcd184b3757ffd7632c9fe52a,1
408,6f3b5b605d91b7439c5e3f5a8dffeea7,1
408,781afe929e3016a667f5f439afd55fce,1
408,78efe838c04bbc568be034082200ac20,1
408,7a10781637204d8d10485c71a6108a2e,2
408,7c1bd920dbdf22470b68bde975dd3ccf,1
408,7ce94ab189134e2d3c05f496d635419c,1
408,89321f94e35fc6d7903d36f74e351d40,1
408,8aa6223e400af9c97b07c75993142721,2
408,8c591ab0ca519558779df02023177f44,1
408,93c902b021a9e594f658ab1b0351602a,2
408,ab1f9387c0627dd24000bfbc54fdeee0,1
408,bb50f2e236e5eea0100680137654686c,1
408,bee2e070c39f3dd2f6883a17a5f0da45,1
408,cc971e0365873137b8bef2ebad633e6f,1
408,cd48f265a63e13b762601f5f794c5fca,1
408,e03102efbc2229024c89be731f0aedcb,5
408,e44f675b60b3a3a2453ec36421e06f0f,1
408,e53e557d5a159f5aa2c5e995dfdf244b,1
408,e59dd207c69d86e890febadc796d1078,3
408,ea44caac707f7f1325182a538007f838,1
408,ee0c1cf2fbeae95205b4aa506f1469f0,1
408,f1fe595ee7ef768b41bd9b246d13432d,1
408,f71f42e2381752836563b70beb542f80,1
408,fc1d8637c0268af3db482c14b7ef8e75,1
409,0d85c435fd60b277ffb9e9b0f88f927a,1
409,165f86fe8b799a708a20ee4ba125c289,1
409,19421075ae0b585f2dc13ff149e2119d,3
409,25f86162fee18735fffdb762dcb10d7c,1
409,29427de7f8a9ee983d9dbc51cec569b4,1
409,2b4609f8948be18874494203496bc318,2
409,30ac6df06dc59ad72cf2f158fc2d904c,1
409,35afc973633aaeb6b877ff57b2793310,1
409,368c6c730842d78016ad823897a372db,1
409,36f60d45225e60c7da4558b070ce4b60,5
409,389d119b48cf3043d311335e499d9c6b,1
409,3dd2a17168ec895c781a9191c1e95ad7,2
409,3f14d740544f37ece8a9e7bc8349797e,1
409,422879e10f46682990de24d770e7f83d,1
409,4298b7e67dc399c200662b569563a2b2,1
409,437c05a395e9e47f9762e677a7068ce7,1
409,461f43be3bdf8844e65b62d9ac2c7a5a,2
409,473795a355d29305c3ea6b156833adf5,4
409,52c80cedd4e90108bf4fa6a206ef6b03,1
409,53759a2ecddad2bb87a079a1f1519f73,3
409,53b36df67ebb7c41585e8d54d6772e08,1
409,583f158587cdecda3e8bdea694021e39,2
409,5d66715cc928aadd0074f61332698593,1
409,629e019a6f298a83aeecc7877964f935,2
409,62d8daeee0db3a60c234c2d1bfd10651,1
409,656e0eca68dcecf6a31b8ececfabe3e8,4
409,6cdd53843498f92890544667809f1595,3
409,6f3b5b605d91b7439c5e3f5a8dffeea7,2
409,7a10781637204d8d10485c71a6108a2e,2
409,7c1bd920dbdf22470b68bde975dd3ccf,1
409,8562e2c780a345b609e1b802d7e3e4ae,1
409,89321f94e35fc6d7903d36f74e351d40,1
409,8c292ca193d326152e335d77176746f0,1
409,8c591ab0ca519558779df02023177f44,3
409,8ed094bfe076c568f6bb10feada3f75d,1
409,99a4788cb24856965c36a24e339b6058,3
409,a35a9f46dcee0a67c8c7ad8493eb4135,1
409,a62e25e09e05e6faf31d90c6ec1aa3d1,1
409,aba86c093ccdbac75b09111d57e50004,1
409,aca2eb7d00ea1a7b8ebd4e68314663af,6
409,b5e13c9a353102f79c6206ff5cb61a50,1
409,bb50f2e236e5eea0100680137654686c,4
409,bee2e070c39f3dd2f6883a17a5f0da45,1
409,c1f5307decb89342351bec53668cffd9,1
409,c4baedd846ed09b85f78a781b522f126,1
409,cd48f265a63e13b762601f5f794c5fca,1
409,d1c427060a0f73f6b889a5c7c61f2ac4,1
409,dab2413ead0edda9967edbc9bda2a64e,1
409,db5efde3ad0cc579b130d71c4b2db522,1
409,e03102efbc2229024c89be731f0aedcb,1
409,e0cf79767c5b016251fe139915c59a26,2
409,e44f675b60b3a3a2453ec36421e06f0f,1
409,e53e557d5a159f5aa2c5e995dfdf244b,7
409,fbc1488c1a1e72ba175f53ab29a248e8,1
410,0aabfb375647d9738ad0f7b4ea3653b1,1
410,154e7e31ebfa092203795c972e5804a6,1
410,19421075ae0b585f2dc13ff149e2119d,2
410,2948658cb6abc82847412be7201bfc4c,1
410,368c6c730842d78016ad823897a372db,1
410,36f60d45225e60c7da4558b070ce4b60,6
410,389d119b48cf3043d311335e499d9c6b,3
410,3dd2a17168ec895c781a9191c1e95ad7,5
410,4298b7e67dc399c200662b569563a2b2,3
410,437c05a395e9e47f9762e677a7068ce7,1
410,4b96786612ebe7463132fce2c4dca136,1
410,52c80cedd4e90108bf4fa6a206ef6b03,1
410,53759a2ecddad2bb87a079a1f1519f73,3
410,53b36df67ebb7c41585e8d54d6772e08,1
410,583f158587cdecda3e8bdea694021e39,2
410,5a848e4ab52fd5445cdc07aab1c40e48,3
410,5d66715cc928aadd0074f61332698593,1
410,656e0eca68dcecf6a31b8ececfabe3e8,2
410,6cdd53843498f92890544667809f1595,1
410,777d2e438a1b645f3aec9bd57e92672c,1
410,78efe838c04bbc568be034082200ac20,1
410,7a10781637204d8d10485c71a6108a2e,2
410,84f456958365164420cfc80fbe4c7fab,1
410,8aa6223e400af9c97b07c75993142721,1
410,8c292ca193d326152e335d77176746f0,1
410,a62e25e09e05e6faf31d90c6ec1aa3d1,2
410,aa280035c50ba62c746480a59045eec4,2
410,aca2eb7d00ea1a7b8ebd4e68314663af,7
410,b114bf337c0626166abe574eee9e3f32,9
410,b5e13c9a353102f79c6206ff5cb61a50,2
410,bb50f2e236e5eea0100680137654686c,1
410,db5efde3ad0cc579b130d71c4b2db522,2
410,e03102efbc2229024c89be731f0aedcb,1
410,e0cf79767c5b016251fe139915c59a26,2
410,e53e557d5a159f5aa2c5e995dfdf244b,5
410,ec2d43cc59763ec91694573b31f1c29a,1
410,ee406bf28024d97771c4b1e8b7e8e219,2
411,06edb72f1e0c64b14c5b79353f7abea3,1
411,0bcc3eeca39e1064258aa1e932269894,1
411,0d85c435fd60b277ffb9e9b0f88f927a,1
411,154e7e31ebfa092203795c972e5804a6,1
411,19421075ae0b585f2dc13ff149e2119d,1
411,22c5ddc22ea8cae84fc9917def682dc6,1
411,25f86162fee18735fffdb762dcb10d7c,1
411,2ffdf10e724b958c0f7ea69e97d32f64,1
411,35afc973633aaeb6b877ff57b2793310,1
411,368c6c730842d78016ad823897a372db,1
411,36f60d45225e60c7da4558b070ce4b60,2
411,389d119b48cf3043d311335e499d9c6b,1
411,3dd2a17168ec895c781a9191c1e95ad7,4
411,3f14d740544f37ece8a9e7bc8349797e,1
411,422879e10f46682990de24d770e7f83d,2
411,461f43be3bdf8844e65b62d9ac2c7a5a,1
411,4fe644d766c7566dbc46fb851363cb3b,1
411,53b36df67ebb7c41585e8d54d6772e08,2
411,583f158587cdecda3e8bdea694021e39,1
411,5a848e4ab52fd5445cdc07aab1c40e48,1
411,617186c3d97ea56c9c683a8a3974e8c1,1
411,62d8daeee0db3a60c234c2d1bfd10651,1
411,656e0eca68dcecf6a31b8ececfabe3e8,1
411,6c3effec7c8ddba466d4f03f982c7aa3,1
411,6f3b5b605d91b7439c5e3f5a8dffeea7,1
411,7a10781637204d8d10485c71a6108a2e,1
411,7c1bd920dbdf22470b68bde975dd3ccf,2
411,8562e2c780a345b609e1b802d7e3e4ae,2
411,89321f94e35fc6d7903d36f74e351d40,3
411,8c5876b1c7768217964f353bc7e64393,1
411,8ed094bfe076c568f6bb10feada3f75d,2
411,a02d0123079f4ae96001ba2010d1a2df,2
411,a19b6951c75da43aad691622dd2f6abe,2
411,a62e25e09e05e6faf31d90c6ec1aa3d1,2
411,aa280035c50ba62c746480a59045eec4,1
411,ab1f9387c0627dd24000bfbc54fdeee0,2
411,aba86c093ccdbac75b09111d57e50004,2
411,aca2eb7d00ea1a7b8ebd4e68314663af,5
411,b0961721fd839e9982420e807758a2a6,1
411,b114bf337c0626166abe574eee9e3f32,5
411,b5e13c9a353102f79c6206ff5cb61a50,1
411,bb42f37fc3d9130e4a4339d24a47dd7c,2
411,bb50f2e236e5eea0100680137654686c,1
411,cec09725da5ed01471d9a505e7389d37,1
411,d1c427060a0f73f6b889a5c7c61f2ac4,1
411,d285360f29ac7fd97640bf0baef03de0,1
411,e53e557d5a159f5aa2c5e995dfdf244b,2
411,ee0c1cf2fbeae95205b4aa506f1469f0,1
411,f1fe595ee7ef768b41bd9b246d13432d,1
411,f35927953ed82e19d06ad3aac2f06353,1
411,f7a17d2c51d9df89a4f1711c4ac17f33,1
411,fb55982be901439613a95940feefd9ee,1
412,0aabfb375647d9738ad0f7b4ea3653b1,1
412,0d85c435fd60b277ffb9e9b0f88f927a,2
412,1613b819ab5dae53aead2dbb4ebdb378,1
412,2b4609f8948be18874494203496bc318,1
412,3354a4e684f5e7199f9407db70ccd92b,1
412,35afc973633aaeb6b877ff57b2793310,2
412,36f60d45225e60c7da4558b070ce4b60,1
412,389d119b48cf3043d311335e499d9c6b,1
412,3dd2a17168ec895c781a9191c1e95ad7,3
412,3eef0cb94ba82de806bb30ab743c7655,2
412,3f14d740544f37ece8a9e7bc8349797e,1
412,422879e10f46682990de24d770e7f83d,1
412,437c05a395e9e47f9762e677a7068ce7,4
412,44a34214a57dc373dcd80f54c919d006,1
412,53b36df67ebb7c41585e8d54d6772e08,2
412,54d9ac713e253fa1fae9c8003b011c2a,1
412,5a848e4ab52fd5445cdc07aab1c40e48,1
412,5d66715cc928aadd0074f61332698593,2
412,656e0eca68dcecf6a31b8ececfabe3e8,2
412,6c3effec7c8ddba466d4f03f982c7aa3,1
412,6cdd53843498f92890544667809f1595,1
412,78efe838c04bbc568be034082200ac20,1
412,7a10781637204d8d10485c71a6108a2e,3
412,8c292ca193d326152e335d77176746f0,1
412,8c591ab0ca519558779df02023177f44,1
412,a62e25e09e05e6faf31d90c6ec1aa3d1,1
412,aa280035c50ba62c746480a59045eec4,1
412,aca2eb7d00ea1a7b8ebd4e68314663af,1
412,bb50f2e236e5eea0100680137654686c,2
412,bee2e070c39f3dd2f6883a17a5f0da45,1
412,c1f5307decb89342351bec53668cffd9,2
412,c7fd13b5e515bffdab855d0812842edb,1
412,d017a2151d543a9885604dc62a3d9dcc,1
412,d1c427060a0f73f6b889a5c7c61f2ac4,3
412,dab2413ead0edda9967edbc9bda2a64e,1
412,db5efde3ad0cc579b130d71c4b2db522,1
412,e44f675b60b3a3a2453ec36421e06f0f,1
412,e53e557d5a159f5aa2c5e995dfdf244b,1
412,ee0c1cf2fbeae95205b4aa506f1469f0,1
412,f264c1d9b20b5e4a340254d0405e613b,1
413,0152f69b6cf919bcdaf117aa8c43e5a2,1
413,11fd9d7ba552e1d28872e008acf1e050,1
413,154e7e31ebfa092203795c972e5804a6,1
413,19c91ef95d509ea33eda93495c4d3481,1
413,2b4609f8948be18874494203496bc318,2
413,30ac6df06dc59ad72cf2f158fc2d904c,2
413,362b773250263786dd58670d2df42c3b,1
413,363218ba55c610b750224f90bdd34be1,1
413,368c6c730842d78016ad823897a372db,4
413,36f60d45225e60c7da4558b070ce4b60,1
413,389d119b48cf3043d311335e499d9c6b,2
413,3f14d740544f37ece8a9e7bc8349797e,1
413,4298b7e67dc399c200662b569563a2b2,1
413,437c05a395e9e47f9762e677a7068ce7,6
413,4413a608a42bd21bbf9d5abbd58c249a,1
413,52c80cedd4e90108bf4fa6a206ef6b03,1
413,54d9ac713e253fa1fae9c8003b011c2a,2
413,5a848e4ab52fd5445cdc07aab1c40e48,5
413,64fb265487de2238627ce43fe8a67efc,1
413,777d2e438a1b645f3aec9bd57e92672c,1
413,781afe929e3016a667f5f439afd55fce,1
413,78efe838c04bbc568be034082200ac20,2
413,8562e2c780a345b609e1b802d7e3e4ae,1
413,880be32f4db1d9f6e2bec38fb6ac23ab,1
413,8aa6223e400af9c97b07c75993142721,1
413,8ed094bfe076c568f6bb10feada3f75d,1
413,93c902b021a9e594f658ab1b0351602a,1
413,9ecadb84c81da840dbf3564378b586e9,1
413,aca2eb7d00ea1a7b8ebd4e68314663af,4
413,bb50f2e236e5eea0100680137654686c,3
413,bee2e070c39f3dd2f6883a17a5f0da45,4
413,cd48f265a63e13b762601f5f794c5fca,1
413,d1c427060a0f73f6b889a5c7c61f2ac4,1
413,dab2413ead0edda9967edbc9bda2a64e,1
413,db5efde3ad0cc579b130d71c4b2db522,2
413,e0d64dcfaa3b6db5c54ca298ae101d05,1
413,e44f675b60b3a3a2453ec36421e06f0f,1
413,e53e557d5a159f5aa2c5e995dfdf244b,10
413,eb8c629f70275fd1c4f809116cce1efc,2
413,f40876e0ef3cd5f9132b1f16b04b1346,1
413,f4f67ccaece962d013a4e1d7dc3a61f7,1
413,fb55982be901439613a95940feefd9ee,1
413,fbc1488c1a1e72ba175f53ab29a248e8,2
414,0152f69b6cf919bcdaf117aa8c43e5a2,2
414,19c91ef95d509ea33eda93495c4d3481,2
414,24c66f106f642621e524291a895c9032,1
414,362b773250263786dd58670d2df42c3b,1
414,389d119b48cf3043d311335e499d9c6b,4
414,3dd2a17168ec895c781a9191c1e95ad7,1
414,422879e10f46682990de24d770e7f83d,3
414,4298b7e67dc399c200662b569563a2b2,2
414,54d9ac713e253fa1fae9c8003b011c2a,3
414,5a848e4ab52fd5445cdc07aab1c40e48,1
414,617186c3d97ea56c9c683a8a3974e8c1,1
414,656e0eca68dcecf6a31b8ececfabe3e8,1
414,6cdd53843498f92890544667809f1595,1
414,6f3b5b605d91b7439c5e3f5a8dffeea7,1
414,89321f94e35fc6d7903d36f74e351d40,1
414,8c591ab0ca519558779df02023177f44,1
414,99a4788cb24856965c36a24e339b6058,1
414,a02d0123079f4ae96001ba2010d1a2df,1
414,a19b6951c75da43aad691622dd2f6abe,2
414,aca2eb7d00ea1a7b8ebd4e68314663af,2
414,bb50f2e236e5eea0100680137654686c,1
414,c6336fa91fbd87c359e44f5dca5a90ed,1
414,d1c427060a0f73f6b889a5c7c61f2ac4,3
414,d3c044bd42d84a79e3b0c42662806a48,1
414,dab2413ead0edda9967edbc9bda2a64e,1
414,e03102efbc2229024c89be731f0aedcb,1
414,e0d64dcfaa3b6db5c54ca298ae101d05,1
414,e44f675b60b3a3a2453ec36421e06f0f,1
414,e53e557d5a159f5aa2c5e995dfdf244b,2
414,ee406bf28024d97771c4b1e8b7e8e219,1
415,054515fd15bc1a2029f10de97ffa9120,1
415,0d85c435fd60b277ffb9e9b0f88f927a,1
415,154e7e31ebfa092203795c972e5804a6,1
415,1613b819ab5dae53aead2dbb4ebdb378,1
415,165f86fe8b799a708a20ee4ba125c289,2
415,18b0e642cbae7251e60a64aa07dd9eb9,1
415,2028bf1b01cafb2d2b1901fca4083222,1
415,24c66f106f642621e524291a895c9032,1
415,2a5806f10d0f00e5ad032dd2e3c8806e,2
415,368c6c730842d78016ad823897a372db,3
415,36f60d45225e60c7da4558b070ce4b60,1
415,3dd2a17168ec895c781a9191c1e95ad7,1
415,3f14d740544f37ece8a9e7bc8349797e,1
415,422879e10f46682990de24d770e7f83d,1
415,4298b7e67dc399c200662b569563a2b2,1
415,437c05a395e9e47f9762e677a7068ce7,1
415,4413a608a42bd21bbf9d5abbd58c249a,1
415,78efe838c04bbc568be034082200ac20,1
415,880be32f4db1d9f6e2bec38fb6ac23ab,1
415,89321f94e35fc6d7903d36f74e351d40,1
415,a35a9f46dcee0a67c8c7ad8493eb4135,1
415,a62e25e09e05e6faf31d90c6ec1aa3d1,2
415,aca2eb7d00ea1a7b8ebd4e68314663af,3
415,bb50f2e236e5eea0100680137654686c,1
415,cec09725da5ed01471d9a505e7389d37,2
415,d017a2151d543a9885604dc62a3d9dcc,1
415,d1c427060a0f73f6b889a5c7c61f2ac4,1
415,ddceb6eef6af67e9fbbd4c148dbe5fd9,1
415,e0cf79767c5b016251fe139915c59a26,1
415,e0d64dcfaa3b6db5c54ca298ae101d05,2
415,e44f675b60b3a3a2453ec36421e06f0f,1
415,e53e557d5a159f5aa2c5e995dfdf244b,2
415,f4f67ccaece962d013a4e1d7dc3a61f7,1
416,0152f69b6cf919bcdaf117aa8c43e5a2,1
416,054515fd15bc1a2029f10de97ffa9120,1
416,06edb72f1e0c64b14c5b79353f7abea3,2
416,0d85c435fd60b277ffb9e9b0f88f927a,1
416,1613b819ab5dae53aead2dbb4ebdb378,1
416,19421075ae0b585f2dc13ff149e2119d,1
416,2a5806f10d0f00e5ad032dd2e3c8806e,1
416,30ac6df06dc59ad72cf2f158fc2d904c,5
416,368c6c730842d78016ad823897a372db,2
416,389d119b48cf3043d311335e499d9c6b,1
416,3dd2a17168ec895c781a9191c1e95ad7,2
416,4298b7e67dc399c200662b569563a2b2,5
416,4c2394abfbac7ff59ec7a420918562fa,1
416,52c80cedd4e90108bf4fa6a206ef6b03,1
416,53b36df67ebb7c41585e8d54d6772e08,2
416,54d9ac713e253fa1fae9c8003b011c2a,1
416,583f158587cdecda3e8bdea694021e39,1
416,5a848e4ab52fd5445cdc07aab1c40e48,3
416,617186c3d97ea56c9c683a8a3974e8c1,1
416,634256dbcd184b3757ffd7632c9fe52a,2
416,78efe838c04bbc568be034082200ac20,1
416,8aa6223e400af9c97b07c75993142721,1
416,97017430754804328eb9597b7f85da03,1
416,99a4788cb24856965c36a24e339b6058,2
416,aba86c093ccdbac75b09111d57e50004,2
416,aca2eb7d00ea1a7b8ebd4e68314663af,7
416,b0961721fd839e9982420e807758a2a6,1
416,b532349fe46b38fbc7bb3914c1bdae07,2
416,d1c427060a0f73f6b889a5c7c61f2ac4,2
416,d63c1011f49d98b976c352955b1c4bea,1
416,dbb67791e405873b259e4656bf971246,3
416,e0d64dcfaa3b6db5c54ca298ae101d05,1
416,e44f675b60b3a3a2453ec36421e06f0f,1
416,e53e557d5a159f5aa2c5e995dfdf244b,2
416,ee0c1cf2fbeae95205b4aa506f1469f0,1
416,fb55982be901439613a95940feefd9ee,1
416,fc1d8637c0268af3db482c14b7ef8e75,1
417,06edb72f1e0c64b14c5b79353f7abea3,2
417,0d85c435fd60b277ffb9e9b0f88f927a,2
417,165f86fe8b799a708a20ee4ba125c289,1
417,19421075ae0b585f2dc13ff149e2119d,1
417,19c91ef95d509ea33eda93495c4d3481,1
417,22c5ddc22ea8cae84fc9917def682dc6,1
417,29427de7f8a9ee983d9dbc51cec569b4,1
417,2a5806f10d0f00e5ad032dd2e3c8806e,1
417,35afc973633aaeb6b877ff57b2793310,1
417,389d119b48cf3043d311335e499d9c6b,1
417,3dd2a17168ec895c781a9191c1e95ad7,2
417,4298b7e67dc399c200662b569563a2b2,1
417,43423cdffde7fda63d0414ed38c11a73,1
417,437c05a395e9e47f9762e677a7068ce7,1
417,473795a355d29305c3ea6b156833adf5,1
417,4b96786612ebe7463132fce2c4dca136,1
417,4fe644d766c7566dbc46fb851363cb3b,1
417,52c80cedd4e90108bf4fa6a206ef6b03,2
417,54d9ac713e253fa1fae9c8003b011c2a,1
417,583f158587cdecda3e8bdea694021e39,1
417,5a848e4ab52fd5445cdc07aab1c40e48,3
417,6c3effec7c8ddba466d4f03f982c7aa3,2
417,777d2e438a1b645f3aec9bd57e92672c,3
417,7814c273ab16783d73a9863ebfa8b141,1
417,78efe838c04bbc568be034082200ac20,2
417,89321f94e35fc6d7903d36f74e351d40,2
417,99a4788cb24856965c36a24e339b6058,1
417,a50acd33ba7a8da8e9db65094fa990a4,1
417,aca2eb7d00ea1a7b8ebd4e68314663af,3
417,b114bf337c0626166abe574eee9e3f32,1
417,b5e13c9a353102f79c6206ff5cb61a50,1
417,bb50f2e236e5eea0100680137654686c,1
417,c1f5307decb89342351bec53668cffd9,1
417,c4baedd846ed09b85f78a781b522f126,2
417,d1c427060a0f73f6b889a5c7c61f2ac4,4
417,db5efde3ad0cc579b130d71c4b2db522,2
417,dbb67791e405873b259e4656bf971246,2
417,ddceb6eef6af67e9fbbd4c148dbe5fd9,3
417,e0d64dcfaa3b6db5c54ca298ae101d05,3
417,e44f675b60b3a3a2453ec36421e06f0f,2
417,e53e557d5a159f5aa2c5e995dfdf244b,2
417,eb8c629f70275fd1c4f809116cce1efc,4
417,ee0c1cf2fbeae95205b4aa506f1469f0,1
417,ee406bf28024d97771c4b1e8b7e8e219,1
417,f1fe595ee7ef768b41bd9b246d13432d,1
418,06edb72f1e0c64b14c5b79353f7abea3,1
418,0aabfb375647d9738ad0f7b4ea3653b1,2
418,154e7e31ebfa092203795c972e5804a6,1
418,165f86fe8b799a708a20ee4ba125c289,1
418,2136c70bbe723d338fab53da3c03e6dc,1
418,24c66f106f642621e524291a895c9032,1
418,25f86162fee18735fffdb762dcb10d7c,2
418,30ac6df06dc59ad72cf2f158fc2d904c,1
418,35afc973633aaeb6b877ff57b2793310,1
418,368c6c730842d78016ad823897a372db,2
418,3dd2a17168ec895c781a9191c1e95ad7,2
418,3f14d740544f37ece8a9e7bc8349797e,1
418,422879e10f46682990de24d770e7f83d,2
418,437c05a395e9e47f9762e677a7068ce7,3
418,461f43be3bdf8844e65b62d9ac2c7a5a,1
418,53b36df67ebb7c41585e8d54d6772e08,1
418,54d9ac713e253fa1fae9c8003b011c2a,2
418,5a848e4ab52fd5445cdc07aab1c40e48,3
418,5d66715cc928aadd0074f61332698593,1
418,629e019a6f298a83aeecc7877964f935,1
418,64fb265487de2238627ce43fe8a67efc,1
418,656e0eca68dcecf6a31b8ececfabe3e8,1
418,6c3effec7c8ddba466d4f03f982c7aa3,1
418,6cdd53843498f92890544667809f1595,1
418,6f3b5b605d91b7439c5e3f5a8dffeea7,1
418,72172e982e8b92155069e4201c92c0bb,1
418,7a10781637204d8d10485c71a6108a2e,2
418,8562e2c780a345b609e1b802d7e3e4ae,1
418,89321f94e35fc6d7903d36f74e351d40,1
418,8c5876b1c7768217964f353bc7e64393,1
418,8ed094bfe076c568f6bb10feada3f75d,1
418,97017430754804328eb9597b7f85da03,1
418,aca2eb7d00ea1a7b8ebd4e68314663af,1
418,b532349fe46b38fbc7bb3914c1bdae07,2
418,bb50f2e236e5eea0100680137654686c,1
418,cd48f265a63e13b762601f5f794c5fca,5
418,d285360f29ac7fd97640bf0baef03de0,1
418,d63c1011f49d98b976c352955b1c4bea,1
418,dab2413ead0edda9967edbc9bda2a64e,1
418,e0cf79767c5b016251fe139915c59a26,1
418,e0d64dcfaa3b6db5c54ca298ae101d05,1
418,e44f675b60b3a3a2453ec36421e06f0f,1
418,ea44caac707f7f1325182a538007f838,1
418,ec2d43cc59763ec91694573b31f1c29a,1
418,f35927953ed82e19d06ad3aac2f06353,1
418,f40876e0ef3cd5f9132b1f16b04b1346,3
418,f71f42e2381752836563b70beb542f80,1
418,fbc1488c1a1e72ba175f53ab29a248e8,1
419,054515fd15bc1a2029f10de97ffa9120,1
419,1613b819ab5dae53aead2dbb4ebdb378,1
419,165f86fe8b799a708a20ee4ba125c289,1
419,19421075ae0b585f2dc13ff149e2119d,1
419,2b4609f8948be18874494203496bc318,2
419,368c6c730842d78016ad823897a372db,2
419,389d119b48cf3043d311335e499d9c6b,3
419,3dd2a17168ec895c781a9191c1e95ad7,3
419,3fbc0ef745950c7932d5f2a446189725,1
419,422879e10f46682990de24d770e7f83d,3
419,437c05a395e9e47f9762e677a7068ce7,1
419,44a34214a57dc373dcd80f54c919d006,1
419,4fcb3d9a5f4871e8362dfedbdb02b064,1
419,53759a2ecddad2bb87a079a1f1519f73,3
419,5a848e4ab52fd5445cdc07aab1c40e48,1
419,629e019a6f298a83aeecc7877964f935,2
419,6cdd53843498f92890544667809f1595,1
419,6f3b5b605d91b7439c5e3f5a8dffeea7,2
419,7c1bd920dbdf22470b68bde975dd3ccf,1
419,7ce94ab189134e2d3c05f496d635419c,1
419,a19b6951c75da43aad691622dd2f6abe,2
419,a62e25e09e05e6faf31d90c6ec1aa3d1,1
419,a92930c327948861c015c919a0bcb4a8,1
419,aca2eb7d00ea1a7b8ebd4e68314663af,3
419,bb50f2e236e5eea0100680137654686c,1
419,bee2e070c39f3dd2f6883a17a5f0da45,1
419,c1f5307decb89342351bec53668cffd9,3
419,dab2413ead0edda9967edbc9bda2a64e,1
419,e0cf79767c5b016251fe139915c59a26,1
419,e0d64dcfaa3b6db5c54ca298ae101d05,1
419,ea44caac707f7f1325182a538007f838,1
419,ec2d43cc59763ec91694573b31f1c29a,2
419,ee406bf28024d97771c4b1e8b7e8e219,1
420,0aabfb375647d9738ad0f7b4ea3653b1,1
420,154e7e31ebfa092203795c972e5804a6,1
420,2b4609f8948be18874494203496bc318,1
420,368c6c730842d78016ad823897a372db,1
420,389d119b48cf3043d311335e499d9c6b,2
420,3dd2a17168ec895c781a9191c1e95ad7,4
420,437c05a395e9e47f9762e677a7068ce7,1
420,44a34214a57dc373dcd80f54c919d006,1
420,53759a2ecddad2bb87a079a1f1519f73,1
420,53b36df67ebb7c41585e8d54d6772e08,1
420,54d9ac713e253fa1fae9c8003b011c2a,2
420,5a848e4ab52fd5445cdc07aab1c40e48,1
420,7a10781637204d8d10485c71a6108a2e,1
420,7c1bd920dbdf22470b68bde975dd3ccf,1
420,93c902b021a9e594f658ab1b0351602a,1
420,99a4788cb24856965c36a24e339b6058,3
420,9ecadb84c81da840dbf3564378b586e9,2
420,aca2eb7d00ea1a7b8ebd4e68314663af,3
420,b114bf337c0626166abe574eee9e3f32,2
420,bb50f2e236e5eea0100680137654686c,1
420,bee2e070c39f3dd2f6883a17a5f0da45,1
420,d017a2151d543a9885604dc62a3d9dcc,1
420,d285360f29ac7fd97640bf0baef03de0,1
420,e0cf79767c5b016251fe139915c59a26,1
420,e0d64dcfaa3b6db5c54ca298ae101d05,1
420,eb8c629f70275fd1c4f809116cce1efc,2
420,fc1d8637c0268af3db482c14b7ef8e75,1
421,165f86fe8b799a708a20ee4ba125c289,1
421,18b0e642cbae7251e60a64aa07dd9eb9,1
421,19421075ae0b585f2dc13ff149e2119d,1
421,2028bf1b01cafb2d2b1901fca4083222,1
421,24c66f106f642621e524291a895c9032,1
421,2a5806f10d0f00e5ad032dd2e3c8806e,1
421,2ffdf10e724b958c0f7ea69e97d32f64,1
421,363218ba55c610b750224f90bdd34be1,1
421,3dd2a17168ec895c781a9191c1e95ad7,1
421,3f14d740544f37ece8a9e7bc8349797e,1
421,43423cdffde7fda63d0414ed38c11a73,2
421,437c05a395e9e47f9762e677a7068ce7,1
421,4413a608a42bd21bbf9d5abbd58c249a,1
421,4c2394abfbac7ff59ec7a420918562fa,1
421,4fcb3d9a5f4871e8362dfedbdb02b064,1
421,53759a2ecddad2bb87a079a1f1519f73,5
421,53b36df67ebb7c41585e8d54d6772e08,1
421,54d9ac713e253fa1fae9c8003b011c2a,1
421,583f158587cdecda3e8bdea694021e39,1
421,595fac2a385ac33a80bd5114aec74eb8,1
421,5d66715cc928aadd0074f61332698593,1
421,6cdd53843498f92890544667809f1595,2
421,7a10781637204d8d10485c71a6108a2e,1
421,aca2eb7d00ea1a7b8ebd4e68314663af,2
421,bb50f2e236e5eea0100680137654686c,1
421,c3ba4e8d3cb30049213b682e751e9d00,2
421,c6336fa91fbd87c359e44f5dca5a90ed,1
421,c6dd917a0be2a704582055949915ab32,1
421,dab2413ead0edda9967edbc9bda2a64e,1
421,ddceb6eef6af67e9fbbd4c148dbe5fd9,1
421,e0d64dcfaa3b6db5c54ca298ae101d05,3
421,ee0c1cf2fbeae95205b4aa506f1469f0,1
421,ee406bf28024d97771c4b1e8b7e8e219,3
421,f4f67ccaece962d013a4e1d7dc3a61f7,2
422,0152f69b6cf919bcdaf117aa8c43e5a2,1
422,19421075ae0b585f2dc13ff149e2119d,1
422,2028bf1b01cafb2d2b1901fca4083222,1
422,30ac6df06dc59ad72cf2f158fc2d904c,2
422,35afc973633aaeb6b877ff57b2793310,2
422,363218ba55c610b750224f90bdd34be1,1
422,389d119b48cf3043d311335e499d9c6b,3
422,3dd2a17168ec895c781a9191c1e95ad7,6
422,437c05a395e9e47f9762e677a7068ce7,1
422,44a34214a57dc373dcd80f54c919d006,2
422,53759a2ecddad2bb87a079a1f1519f73,1
422,54d9ac713e253fa1fae9c8003b011c2a,1
422,5a848e4ab52fd5445cdc07aab1c40e48,2
422,6c3effec7c8ddba466d4f03f982c7aa3,1
422,89321f94e35fc6d7903d36f74e351d40,1
422,8c591ab0ca519558779df02023177f44,1
422,99a4788cb24856965c36a24e339b6058,1
422,a62e25e09e05e6faf31d90c6ec1aa3d1,1
422,aa280035c50ba62c746480a59045eec4,1
422,aca2eb7d00ea1a7b8ebd4e68314663af,1
422,af51d485dc5255ba2e18b21b550156e6,1
422,bb50f2e236e5eea0100680137654686c,2
422,cec09725da5ed01471d9a505e7389d37,1
422,dab2413ead0edda9967edbc9bda2a64e,1
422,db5efde3ad0cc579b130d71c4b2db522,1
422,e03102efbc2229024c89be731f0aedcb,2
422,e0d64dcfaa3b6db5c54ca298ae101d05,1
422,e53e557d5a159f5aa2c5e995dfdf244b,1
423,11fd9d7ba552e1d28872e008acf1e050,1
423,154e7e31ebfa092203795c972e5804a6,1
423,1613b819ab5dae53aead2dbb4ebdb378,1
423,2ffdf10e724b958c0f7ea69e97d32f64,1
423,35afc973633aaeb6b877ff57b2793310,1
423,368c6c730842d78016ad823897a372db,3
423,3dd2a17168ec895c781a9191c1e95ad7,1
423,52c80cedd4e90108bf4fa6a206ef6b03,1
423,53759a2ecddad2bb87a079a1f1519f73,2
423,53b36df67ebb7c41585e8d54d6772e08,1
423,566a4f2c4385f36d15c00dfcaae132d1,1
423,601a360bd2a916ecef0e88de72a6531a,1
423,617186c3d97ea56c9c683a8a3974e8c1,1
423,629e019a6f298a83aeecc7877964f935,1
423,6a8631b72a2f8729b91514db87e771c0,1
423,6cdd53843498f92890544667809f1595,1
423,7ce94ab189134e2d3c05f496d635419c,3
423,84f456958365164420cfc80fbe4c7fab,1
423,93c902b021a9e594f658ab1b0351602a,2
423,97017430754804328eb9597b7f85da03,1
423,aa280035c50ba62c746480a59045eec4,1
423,ab1f9387c0627dd24000bfbc54fdeee0,1
423,aca2eb7d00ea1a7b8ebd4e68314663af,1
423,bb50f2e236e5eea0100680137654686c,3
423,bee2e070c39f3dd2f6883a17a5f0da45,3
423,dab2413ead0edda9967edbc9bda2a64e,2
423,dbb67791e405873b259e4656bf971246,1
423,e0cf79767c5b016251fe139915c59a26,1
423,e0d64dcfaa3b6db5c54ca298ae101d05,1
423,e53e557d5a159f5aa2c5e995dfdf244b,2
423,eb8c629f70275fd1c4f809116cce1efc,1
423,ee406bf28024d97771c4b1e8b7e8e219,1
423,f40876e0ef3cd5f9132b1f16b04b1346,1
423,fc1d8637c0268af3db482c14b7ef8e75,1
424,06edb72f1e0c64b14c5b79353f7abea3,1
424,08574b074924071f4e201e151b152b4e,1
424,0a57f7d2c983bcf8188589a5fea4a8da,1
424,0aabfb375647d9738ad0f7b4ea3653b1,1
424,29427de7f8a9ee983d9dbc51cec569b4,1
424,2ffdf10e724b958c0f7ea69e97d32f64,2
424,362b773250263786dd58670d2df42c3b,3
424,368c6c730842d78016ad823897a372db,3
424,3dd2a17168ec895c781a9191c1e95ad7,2
424,3f14d740544f37ece8a9e7bc8349797e,1
424,422879e10f46682990de24d770e7f83d,2
424,43423cdffde7fda63d0414ed38c11a73,1
424,437c05a395e9e47f9762e677a7068ce7,1
424,473795a355d29305c3ea6b156833adf5,4
424,4aa6014eceb682077f9dc4bffebc05b0,1
424,4c2394abfbac7ff59ec7a420918562fa,1
424,52c80cedd4e90108bf4fa6a206ef6b03,1
424,53b36df67ebb7c41585e8d54d6772e08,1
424,583f158587cdecda3e8bdea694021e39,1
424,5a848e4ab52fd5445cdc07aab1c40e48,1
424,64fb265487de2238627ce43fe8a67efc,3
424,7a10781637204d8d10485c71a6108a2e,2
424,880be32f4db1d9f6e2bec38fb6ac23ab,2
424,8c591ab0ca519558779df02023177f44,2
424,962a6951154f98f2c8e9a5b8b2bcf4a9,1
424,97017430754804328eb9597b7f85da03,1
424,a9516a079e37a9c9c36b9b78b10169e8,1
424,ab1f9387c0627dd24000bfbc54fdeee0,1
424,bb50f2e236e5eea0100680137654686c,3
424,bee2e070c39f3dd2f6883a17a5f0da45,1
424,c4baedd846ed09b85f78a781b522f126,1
424,cd48f265a63e13b762601f5f794c5fca,1
424,ddceb6eef6af67e9fbbd4c148dbe5fd9,1
424,e0d64dcfaa3b6db5c54ca298ae101d05,1
424,e53e557d5a159f5aa2c5e995dfdf244b,3
424,ee406bf28024d97771c4b1e8b7e8e219,2
424,f35927953ed82e19d06ad3aac2f06353,2
424,fbc1488c1a1e72ba175f53ab29a248e8,1
425,0a57f7d2c983bcf8188589a5fea4a8da,1
425,2948658cb6abc82847412be7201bfc4c,1
425,362b773250263786dd58670d2df42c3b,1
425,368c6c730842d78016ad823897a372db,1
425,389d119b48cf3043d311335e499d9c6b,1
425,43423cdffde7fda63d0414ed38c11a73,2
425,53759a2ecddad2bb87a079a1f1519f73,4
425,53b36df67ebb7c41585e8d54d6772e08,1
425,566a4f2c4385f36d15c00dfcaae132d1,2
425,5a848e4ab52fd5445cdc07aab1c40e48,2
425,6c3effec7c8ddba466d4f03f982c7aa3,1
425,7ce94ab189134e2d3c05f496d635419c,1
425,8562e2c780a345b609e1b802d7e3e4ae,2
425,880be32f4db1d9f6e2bec38fb6ac23ab,1
425,89321f94e35fc6d7903d36f74e351d40,1
425,8c591ab0ca519558779df02023177f44,1
425,93c902b021a9e594f658ab1b0351602a,1
425,a62e25e09e05e6faf31d90c6ec1aa3d1,1
425,aa280035c50ba62c746480a59045eec4,1
425,af51d485dc5255ba2e18b21b550156e6,2
425,bb42f37fc3d9130e4a4339d24a47dd7c,1
425,bb50f2e236e5eea0100680137654686c,1
425,bee2e070c39f3dd2f6883a17a5f0da45,1
425,c6336fa91fbd87c359e44f5dca5a90ed,4
425,d1c427060a0f73f6b889a5c7c61f2ac4,4
425,db5efde3ad0cc579b130d71c4b2db522,2
425,dbb67791e405873b259e4656bf971246,1
425,ed2067a9c1f79553088a3c67b99a9f97,1
425,f264c1d9b20b5e4a340254d0405e613b,1
426,06edb72f1e0c64b14c5b79353f7abea3,2
426,18b0e642cbae7251e60a64aa07dd9eb9,1
426,2028bf1b01cafb2d2b1901fca4083222,1
426,2948658cb6abc82847412be7201bfc4c,2
426,2b4609f8948be18874494203496bc318,2
426,2ffdf10e724b958c0f7ea69e97d32f64,1
426,35afc973633aaeb6b877ff57b2793310,1
426,389d119b48cf3043d311335e499d9c6b,1
426,3dd2a17168ec895c781a9191c1e95ad7,2
426,3eef0cb94ba82de806bb30ab743c7655,4
426,3fbc0ef745950c7932d5f2a446189725,1
426,53759a2ecddad2bb87a079a1f1519f73,1
426,5a848e4ab52fd5445cdc07aab1c40e48,2
426,5f504b3a1c75b73d6151be81eb05bdc9,1
426,617186c3d97ea56c9c683a8a3974e8c1,1
426,629e019a6f298a83aeecc7877964f935,1
426,64fb265487de2238627ce43fe8a67efc,1
426,6a8631b72a2f8729b91514db87e771c0,1
426,6cdd53843498f92890544667809f1595,1
426,6f3b5b605d91b7439c5e3f5a8dffeea7,1
426,781afe929e3016a667f5f439afd55fce,2
426,7c1bd920dbdf22470b68bde975dd3ccf,2
426,8ed094bfe076c568f6bb10feada3f75d,4
426,99a4788cb24856965c36a24e339b6058,1
426,9ecadb84c81da840dbf3564378b586e9,2
426,a62e25e09e05e6faf31d90c6ec1aa3d1,3
426,a9516a079e37a9c9c36b9b78b10169e8,1
426,aca2eb7d00ea1a7b8ebd4e68314663af,2
426,b532349fe46b38fbc7bb3914c1bdae07,3
426,bb50f2e236e5eea0100680137654686c,1
426,bee2e070c39f3dd2f6883a17a5f0da45,1
426,cd48f265a63e13b762601f5f794c5fca,1
426,d04857e7b4b708ee8b8b9921163edba3,1
426,d285360f29ac7fd97640bf0baef03de0,3
426,dab2413ead0edda9967edbc9bda2a64e,3
426,e03102efbc2229024c89be731f0aedcb,1
426,e0d64dcfaa3b6db5c54ca298ae101d05,1
426,ea44caac707f7f1325182a538007f838,1
426,ed2067a9c1f79553088a3c67b99a9f97,2
426,ee406bf28024d97771c4b1e8b7e8e219,1
426,f40876e0ef3cd5f9132b1f16b04b1346,1
426,fc1d8637c0268af3db482c14b7ef8e75,1
427,06edb72f1e0c64b14c5b79353f7abea3,1
427,0d85c435fd60b277ffb9e9b0f88f927a,2
427,19421075ae0b585f2dc13ff149e2119d,1
427,2028bf1b01cafb2d2b1901fca4083222,1
427,29427de7f8a9ee983d9dbc51cec569b4,1
427,2a5806f10d0f00e5ad032dd2e3c8806e,1
427,2b4609f8948be18874494203496bc318,2
427,2ffdf10e724b958c0f7ea69e97d32f64,1
427,30ac6df06dc59ad72cf2f158fc2d904c,1
427,3eef0cb94ba82de806bb30ab743c7655,1
427,3fbc0ef745950c7932d5f2a446189725,1
427,422879e10f46682990de24d770e7f83d,1
427,43423cdffde7fda63d0414ed38c11a73,1
427,437c05a395e9e47f9762e677a7068ce7,1
427,4fcb3d9a5f4871e8362dfedbdb02b064,1
427,54d9ac713e253fa1fae9c8003b011c2a,1
427,566a4f2c4385f36d15c00dfcaae132d1,1
427,5a848e4ab52fd5445cdc07aab1c40e48,1
427,617186c3d97ea56c9c683a8a3974e8c1,2
427,6a8631b72a2f8729b91514db87e771c0,1
427,6cdd53843498f92890544667809f1595,2
427,6f3b5b605d91b7439c5e3f5a8dffeea7,2
427,75d6b6963340c6063f7f4cfcccfe6a30,1
427,8562e2c780a345b609e1b802d7e3e4ae,1
427,8ed094bfe076c568f6bb10feada3f75d,1
427,962a6951154f98f2c8e9a5b8b2bcf4a9,12
427,a02d0123079f4ae96001ba2010d1a2df,1
427,a62e25e09e05e6faf31d90c6ec1aa3d1,8
427,aa280035c50ba62c746480a59045eec4,2
427,bee2e070c39f3dd2f6883a17a5f0da45,2
427,c4baedd846ed09b85f78a781b522f126,1
427,d017a2151d543a9885604dc62a3d9dcc,1
427,d1c427060a0f73f6b889a5c7c61f2ac4,2
427,ddceb6eef6af67e9fbbd4c148dbe5fd9,1
427,e0cf79767c5b016251fe139915c59a26,1
427,e53e557d5a159f5aa2c5e995dfdf244b,1
427,ea44caac707f7f1325182a538007f838,2
427,ed2067a9c1f79553088a3c67b99a9f97,1
427,f35927953ed82e19d06ad3aac2f06353,2
427,f40876e0ef3cd5f9132b1f16b04b1346,1
428,0aabfb375647d9738ad0f7b4ea3653b1,1
428,0bcc3eeca39e1064258aa1e932269894,1
428,0d85c435fd60b277ffb9e9b0f88f927a,1
428,2028bf1b01cafb2d2b1901fca4083222,1
428,35afc973633aaeb6b877ff57b2793310,1
428,362b773250263786dd58670d2df42c3b,1
428,389d119b48cf3043d311335e499d9c6b,2
428,3dd2a17168ec895c781a9191c1e95ad7,1
428,43423cdffde7fda63d0414ed38c11a73,1
428,437c05a395e9e47f9762e677a7068ce7,3
428,4413a608a42bd21bbf9d5abbd58c249a,1
428,53b36df67ebb7c41585e8d54d6772e08,1
428,54d9ac713e253fa1fae9c8003b011c2a,1
428,5a848e4ab52fd5445cdc07aab1c40e48,1
428,6f3b5b605d91b7439c5e3f5a8dffeea7,2
428,781afe929e3016a667f5f439afd55fce,1
428,7a10781637204d8d10485c71a6108a2e,2
428,7c1bd920dbdf22470b68bde975dd3ccf,1
428,7ce94ab189134e2d3c05f496d635419c,1
428,8ed094bfe076c568f6bb10feada3f75d,3
428,99a4788cb24856965c36a24e339b6058,1
428,a02d0123079f4ae96001ba2010d1a2df,1
428,aca2eb7d00ea1a7b8ebd4e68314663af,2
428,bee2e070c39f3dd2f6883a17a5f0da45,3
428,c6336fa91fbd87c359e44f5dca5a90ed,1
428,d63c1011f49d98b976c352955b1c4bea,1
428,dbb67791e405873b259e4656bf971246,1
428,ed2067a9c1f79553088a3c67b99a9f97,1
428,ee0c1cf2fbeae95205b4aa506f1469f0,1
428,ee406bf28024d97771c4b1e8b7e8e219,2
429,154e7e31ebfa092203795c972e5804a6,1
429,165f86fe8b799a708a20ee4ba125c289,2
429,2028bf1b01cafb2d2b1901fca4083222,3
429,2a5806f10d0f00e5ad032dd2e3c8806e,1
429,2ffdf10e724b958c0f7ea69e97d32f64,2
429,30ac6df06dc59ad72cf2f158fc2d904c,1
429,363218ba55c610b750224f90bdd34be1,2
429,36f60d45225e60c7da4558b070ce4b60,1
429,389d119b48cf3043d311335e499d9c6b,2
429,3dd2a17168ec895c781a9191c1e95ad7,1
429,3eef0cb94ba82de806bb30ab743c7655,1
429,3f14d740544f37ece8a9e7bc8349797e,1
429,422879e10f46682990de24d770e7f83d,3
429,4413a608a42bd21bbf9d5abbd58c249a,1
429,461f43be3bdf8844e65b62d9ac2c7a5a,1
429,4b96786612ebe7463132fce2c4dca136,1
429,53b36df67ebb7c41585e8d54d6772e08,1
429,629e019a6f298a83aeecc7877964f935,1
429,656e0eca68dcecf6a31b8ececfabe3e8,1
429,6cdd53843498f92890544667809f1595,1
429,6f3b5b605d91b7439c5e3f5a8dffeea7,1
429,7814c273ab16783d73a9863ebfa8b141,1
429,78efe838c04bbc568be034082200ac20,1
429,8562e2c780a345b609e1b802d7e3e4ae,1
429,880be32f4db1d9f6e2bec38fb6ac23ab,1
429,89321f94e35fc6d7903d36f74e351d40,2
429,8c292ca193d326152e335d77176746f0,1
429,99a4788cb24856965c36a24e339b6058,1
429,aa280035c50ba62c746480a59045eec4,1
429,aba86c093ccdbac75b09111d57e50004,1
429,aca2eb7d00ea1a7b8ebd4e68314663af,5
429,bee2e070c39f3dd2f6883a17a5f0da45,1
429,d017a2151d543a9885604dc62a3d9dcc,2
429,d1c427060a0f73f6b889a5c7c61f2ac4,2
429,dbb67791e405873b259e4656bf971246,1
429,e0d64dcfaa3b6db5c54ca298ae101d05,4
430,0152f69b6cf919bcdaf117aa8c43e5a2,1
430,06edb72f1e0c64b14c5b79353f7abea3,1
430,0bcc3eeca39e1064258aa1e932269894,1
430,0d85c435fd60b277ffb9e9b0f88f927a,3
430,29427de7f8a9ee983d9dbc51cec569b4,1
430,2b4609f8948be18874494203496bc318,1
430,36f60d45225e60c7da4558b070ce4b60,2
430,3f14d740544f37ece8a9e7bc8349797e,2
430,422879e10f46682990de24d770e7f83d,2
430,437c05a395e9e47f9762e677a7068ce7,2
430,461f43be3bdf8844e65b62d9ac2c7a5a,2
430,52c80cedd4e90108bf4fa6a206ef6b03,1
430,53759a2ecddad2bb87a079a1f1519f73,2
430,53b36df67ebb7c41585e8d54d6772e08,5
430,54d9ac713e253fa1fae9c8003b011c2a,2
430,569ffd16f8032478cbeb9800f2e94ba0,2
430,5a848e4ab52fd5445cdc07aab1c40e48,2
430,617186c3d97ea56c9c683a8a3974e8c1,1
430,64fb265487de2238627ce43fe8a67efc,1
430,656e0eca68dcecf6a31b8ececfabe3e8,4
430,6f3b5b605d91b7439c5e3f5a8dffeea7,2
430,7814c273ab16783d73a9863ebfa8b141,2
430,7a10781637204d8d10485c71a6108a2e,1
430,7c1bd920dbdf22470b68bde975dd3ccf,1
430,7ce94ab189134e2d3c05f496d635419c,1
430,84f456958365164420cfc80fbe4c7fab,1
430,89321f94e35fc6d7903d36f74e351d40,2
430,99a4788cb24856965c36a24e339b6058,2
430,a02d0123079f4ae96001ba2010d1a2df,1
430,a50acd33ba7a8da8e9db65094fa990a4,1
430,aca2eb7d00ea1a7b8ebd4e68314663af,1
430,bb50f2e236e5eea0100680137654686c,1
430,c1f5307decb89342351bec53668cffd9,2
430,cd48f265a63e13b762601f5f794c5fca,1
430,d04857e7b4b708ee8b8b9921163edba3,3
430,d1c427060a0f73f6b889a5c7c61f2ac4,5
430,d63c1011f49d98b976c352955b1c4bea,1
430,dbb67791e405873b259e4656bf971246,2
430,e03102efbc2229024c89be731f0aedcb,1
430,ed2067a9c1f79553088a3c67b99a9f97,1
430,ee406bf28024d97771c4b1e8b7e8e219,2
430,f264c1d9b20b5e4a340254d0405e613b,1
430,f35927953ed82e19d06ad3aac2f06353,1
430,fbc1488c1a1e72ba175f53ab29a248e8,1
431,0bcc3eeca39e1064258aa1e932269894,1
431,0d85c435fd60b277ffb9e9b0f88f927a,2
431,154e7e31ebfa092203795c972e5804a6,1
431,25f86162fee18735fffdb762dcb10d7c,2
431,2b4609f8948be18874494203496bc318,1
431,30ac6df06dc59ad72cf2f158fc2d904c,1
431,368c6c730842d78016ad823897a372db,1
431,389d119b48cf3043d311335e499d9c6b,1
431,3dd2a17168ec895c781a9191c1e95ad7,1
431,3eef0cb94ba82de806bb30ab743c7655,4
431,3f14d740544f37ece8a9e7bc8349797e,3
431,437c05a395e9e47f9762e677a7068ce7,11
431,52c80cedd4e90108bf4fa6a206ef6b03,2
431,53759a2ecddad2bb87a079a1f1519f73,1
431,53b36df67ebb7c41585e8d54d6772e08,1
431,54d9ac713e253fa1fae9c8003b011c2a,1
431,5a848e4ab52fd5445cdc07aab1c40e48,5
431,617186c3d97ea56c9c683a8a3974e8c1,1
431,634256dbcd184b3757ffd7632c9fe52a,1
431,6cdd53843498f92890544667809f1595,2
431,78efe838c04bbc568be034082200ac20,1
431,84f456958365164420cfc80fbe4c7fab,1
431,88dd63919fc9ab693803578a04a20209,1
431,89321f94e35fc6d7903d36f74e351d40,1
431,8c292ca193d326152e335d77176746f0,1
431,97017430754804328eb9597b7f85da03,2
431,9ecadb84c81da840dbf3564378b586e9,2
431,a19b6951c75da43aad691622dd2f6abe,3
431,a62e25e09e05e6faf31d90c6ec1aa3d1,1
431,aa280035c50ba62c746480a59045eec4,1
431,ab1f9387c0627dd24000bfbc54fdeee0,2
431,aca2eb7d00ea1a7b8ebd4e68314663af,1
431,b532349fe46b38fbc7bb3914c1bdae07,3
431,c1f5307decb89342351bec53668cffd9,1
431,c4baedd846ed09b85f78a781b522f126,2
431,c6dd917a0be2a704582055949915ab32,1
431,cd48f265a63e13b762601f5f794c5fca,1
431,d1c427060a0f73f6b889a5c7c61f2ac4,3
431,d63c1011f49d98b976c352955b1c4bea,1
431,db5efde3ad0cc579b130d71c4b2db522,1
431,dbb67791e405873b259e4656bf971246,4
431,e03102efbc2229024c89be731f0aedcb,1
431,e0cf79767c5b016251fe139915c59a26,2
431,e0d64dcfaa3b6db5c54ca298ae101d05,1
431,eb8c629f70275fd1c4f809116cce1efc,1
431,f1fe595ee7ef768b41bd9b246d13432d,1
431,f40876e0ef3cd5f9132b1f16b04b1346,1
431,fb55982be901439613a95940feefd9ee,1
432,0152f69b6cf919bcdaf117aa8c43e5a2,1
432,0d85c435fd60b277ffb9e9b0f88f927a,1
432,154e7e31ebfa092203795c972e5804a6,1
432,165f86fe8b799a708a20ee4ba125c289,1
432,19c91ef95d509ea33eda93495c4d3481,1
432,2028bf1b01cafb2d2b1901fca4083222,1
432,368c6c730842d78016ad823897a372db,1
432,3dd2a17168ec895c781a9191c1e95ad7,2
432,3f14d740544f37ece8a9e7bc8349797e,1
432,422879e10f46682990de24d770e7f83d,1
432,43423cdffde7fda63d0414ed38c11a73,2
432,437c05a395e9e47f9762e677a7068ce7,10
432,4fcb3d9a5f4871e8362dfedbdb02b064,1
432,53b36df67ebb7c41585e8d54d6772e08,1
432,54d9ac713e253fa1fae9c8003b011c2a,1
432,566a4f2c4385f36d15c00dfcaae132d1,1
432,583f158587cdecda3e8bdea694021e39,1
432,595fac2a385ac33a80bd5114aec74eb8,1
432,5a848e4ab52fd5445cdc07aab1c40e48,3
432,617186c3d97ea56c9c683a8a3974e8c1,1
432,629e019a6f298a83aeecc7877964f935,1
432,64fb265487de2238627ce43fe8a67efc,1
432,6f3b5b605d91b7439c5e3f5a8dffeea7,1
432,777d2e438a1b645f3aec9bd57e92672c,1
432,7c1bd920dbdf22470b68bde975dd3ccf,1
432,7ce94ab189134e2d3c05f496d635419c,2
432,8317b177579dd27ff068b83205e2169b,1
432,88dd63919fc9ab693803578a04a20209,1
432,8ed094bfe076c568f6bb10feada3f75d,1
432,99a4788cb24856965c36a24e339b6058,1
432,a62e25e09e05e6faf31d90c6ec1aa3d1,1
432,aa280035c50ba62c746480a59045eec4,1
432,aca2eb7d00ea1a7b8ebd4e68314663af,3
432,b532349fe46b38fbc7bb3914c1bdae07,2
432,bb50f2e236e5eea0100680137654686c,2
432,d017a2151d543a9885604dc62a3d9dcc,1
432,d1c427060a0f73f6b889a5c7c61f2ac4,2
432,d63c1011f49d98b976c352955b1c4bea,1
432,ddceb6eef6af67e9fbbd4c148dbe5fd9,1
432,e0d64dcfaa3b6db5c54ca298ae101d05,2
432,ee406bf28024d97771c4b1e8b7e8e219,1
433,0152f69b6cf919bcdaf117aa8c43e5a2,1
433,0d85c435fd60b277ffb9e9b0f88f927a,2
433,165f86fe8b799a708a20ee4ba125c289,1
433,2028bf1b01cafb2d2b1901fca4083222,1
433,25f86162fee18735fffdb762dcb10d7c,1
433,362b773250263786dd58670d2df42c3b,1
433,368c6c730842d78016ad823897a372db,1
433,389d119b48cf3043d311335e499d9c6b,1
433,3dd2a17168ec895c781a9191c1e95ad7,5
433,422879e10f46682990de24d770e7f83d,1
433,43423cdffde7fda63d0414ed38c11a73,2
433,437c05a395e9e47f9762e677a7068ce7,7
433,54d9ac713e253fa1fae9c8003b011c2a,2
433,5a848e4ab52fd5445cdc07aab1c40e48,3
433,629e019a6f298a83aeecc7877964f935,1
433,64fb265487de2238627ce43fe8a67efc,2
433,656e0eca68dcecf6a31b8ececfabe3e8,1
433,6cdd53843498f92890544667809f1595,1
433,6f3b5b605d91b7439c5e3f5a8dffeea7,1
433,7a10781637204d8d10485c71a6108a2e,1
433,7fab1a1472fdd934397068931f63f3ca,1
433,880be32f4db1d9f6e2bec38fb6ac23ab,1
433,97017430754804328eb9597b7f85da03,1
433,a02d0123079f4ae96001ba2010d1a2df,2
433,a62e25e09e05e6faf31d90c6ec1aa3d1,1
433,a9516a079e37a9c9c36b9b78b10169e8,2
433,aca2eb7d00ea1a7b8ebd4e68314663af,2
433,b0961721fd839e9982420e807758a2a6,1
433,b114bf337c0626166abe574eee9e3f32,2
433,b532349fe46b38fbc7bb3914c1bdae07,3
433,bee2e070c39f3dd2f6883a17a5f0da45,3
433,c1f5307decb89342351bec53668cffd9,1
433,c9c6fde711572c1ad99ca12728c6af00,1
433,cec09725da5ed01471d9a505e7389d37,1
433,dbb67791e405873b259e4656bf971246,2
433,e0d64dcfaa3b6db5c54ca298ae101d05,1
433,ec2d43cc59763ec91694573b31f1c29a,1
433,ed2067a9c1f79553088a3c67b99a9f97,1
433,ee0c1cf2fbeae95205b4aa506f1469f0,1
433,ee406bf28024d97771c4b1e8b7e8e219,1
434,0d85c435fd60b277ffb9e9b0f88f927a,5
434,1bfb290d7273a442c874dbe74b4abae6,2
434,2028bf1b01cafb2d2b1901fca4083222,1
434,3354a4e684f5e7199f9407db70ccd92b,1
434,389d119b48cf3043d311335e499d9c6b,1
434,3f14d740544f37ece8a9e7bc8349797e,2
434,3fbc0ef745950c7932d5f2a446189725,2
434,42a2c92a0979a949ca4ea89ec5c7b934,1
434,437c05a395e9e47f9762e677a7068ce7,1
434,53b36df67ebb7c41585e8d54d6772e08,1
434,569ffd16f8032478cbeb9800f2e94ba0,1
434,583f158587cdecda3e8bdea694021e39,1
434,5a848e4ab52fd5445cdc07aab1c40e48,1
434,656e0eca68dcecf6a31b8ececfabe3e8,1
434,6cdd53843498f92890544667809f1595,1
434,75d6b6963340c6063f7f4cfcccfe6a30,2
434,7ce94ab189134e2d3c05f496d635419c,1
434,89321f94e35fc6d7903d36f74e351d40,1
434,8c5876b1c7768217964f353bc7e64393,1
434,962a6951154f98f2c8e9a5b8b2bcf4a9,2
434,97017430754804328eb9597b7f85da03,1
434,a50acd33ba7a8da8e9db65094fa990a4,1
434,a9516a079e37a9c9c36b9b78b10169e8,1
434,aca2eb7d00ea1a7b8ebd4e68314663af,2
434,bee2e070c39f3dd2f6883a17a5f0da45,1
434,c9c6fde711572c1ad99ca12728c6af00,1
434,cac9e5692471a0700418aa3400b9b2b1,2
434,d1c427060a0f73f6b889a5c7c61f2ac4,3
434,dbb67791e405873b259e4656bf971246,5
434,ddceb6eef6af67e9fbbd4c148dbe5fd9,1
434,e0d64dcfaa3b6db5c54ca298ae101d05,1
434,ee0c1cf2fbeae95205b4aa506f1469f0,1
434,f1fe595ee7ef768b41bd9b246d13432d,1
434,f4f67ccaece962d013a4e1d7dc3a61f7,1
435,06edb72f1e0c64b14c5b79353f7abea3,1
435,19421075ae0b585f2dc13ff149e2119d,1
435,2ffdf10e724b958c0f7ea69e97d32f64,2
435,363218ba55c610b750224f90bdd34be1,2
435,422879e10f46682990de24d770e7f83d,1
435,461f43be3bdf8844e65b62d9ac2c7a5a,1
435,52c80cedd4e90108bf4fa6a206ef6b03,1
435,53759a2ecddad2bb87a079a1f1519f73,1
435,53b36df67ebb7c41585e8d54d6772e08,3
435,656e0eca68dcecf6a31b8ececfabe3e8,2
435,7a10781637204d8d10485c71a6108a2e,2
435,8562e2c780a345b609e1b802d7e3e4ae,1
435,88dd63919fc9ab693803578a04a20209,1
435,99a4788cb24856965c36a24e339b6058,1
435,aca2eb7d00ea1a7b8ebd4e68314663af,4
435,afeeea6271148ee1bb15173b8187c431,1
435,d1c427060a0f73f6b889a5c7c61f2ac4,2
435,d63c1011f49d98b976c352955b1c4bea,1
435,dbb67791e405873b259e4656bf971246,2
435,e0cf79767c5b016251fe139915c59a26,1
435,e0d64dcfaa3b6db5c54ca298ae101d05,1
435,eb8c629f70275fd1c4f809116cce1efc,2
435,ec2d43cc59763ec91694573b31f1c29a,1
436,0d85c435fd60b277ffb9e9b0f88f927a,1
436,389d119b48cf3043d311335e499d9c6b,3
436,3f14d740544f37ece8a9e7bc8349797e,2
436,422879e10f46682990de24d770e7f83d,2
436,43423cdffde7fda63d0414ed38c11a73,2
436,437c05a395e9e47f9762e677a7068ce7,1
436,4fe644d766c7566dbc46fb851363cb3b,1
436,54d9ac713e253fa1fae9c8003b011c2a,1
436,583f158587cdecda3e8bdea694021e39,1
436,595fac2a385ac33a80bd5114aec74eb8,1
436,5a848e4ab52fd5445cdc07aab1c40e48,1
436,5d66715cc928aadd0074f61332698593,1
436,634256dbcd184b3757ffd7632c9fe52a,1
436,6cdd53843498f92890544667809f1595,1
436,78efe838c04bbc568be034082200ac20,2
436,7ce94ab189134e2d3c05f496d635419c,1
436,880be32f4db1d9f6e2bec38fb6ac23ab,1
436,962a6951154f98f2c8e9a5b8b2bcf4a9,2
436,ab1f9387c0627dd24000bfbc54fdeee0,1
436,aca2eb7d00ea1a7b8ebd4e68314663af,2
436,bee2e070c39f3dd2f6883a17a5f0da45,1
436,c3ba4e8d3cb30049213b682e751e9d00,1
436,cac9e5692471a0700418aa3400b9b2b1,2
436,e03102efbc2229024c89be731f0aedcb,1
436,ec2d43cc59763ec91694573b31f1c29a,1
436,f40876e0ef3cd5f9132b1f16b04b1346,1
437,06edb72f1e0c64b14c5b79353f7abea3,1
437,0d85c435fd60b277ffb9e9b0f88f927a,1
437,19c91ef95d509ea33eda93495c4d3481,1
437,2b4609f8948be18874494203496bc318,1
437,389d119b48cf3043d311335e499d9c6b,2
437,3dd2a17168ec895c781a9191c1e95ad7,4
437,3f14d740544f37ece8a9e7bc8349797e,2
437,3fbc0ef745950c7932d5f2a446189725,2
437,422879e10f46682990de24d770e7f83d,2
437,43423cdffde7fda63d0414ed38c11a73,1
437,437c05a395e9e47f9762e677a7068ce7,1
437,4b96786612ebe7463132fce2c4dca136,2
437,53759a2ecddad2bb87a079a1f1519f73,3
437,53b36df67ebb7c41585e8d54d6772e08,1
437,54d9ac713e253fa1fae9c8003b011c2a,2
437,566a4f2c4385f36d15c00dfcaae132d1,1
437,569ffd16f8032478cbeb9800f2e94ba0,2
437,64fb265487de2238627ce43fe8a67efc,2
437,6c3effec7c8ddba466d4f03f982c7aa3,1
437,7c1bd920dbdf22470b68bde975dd3ccf,2
437,7ce94ab189134e2d3c05f496d635419c,1
437,880be32f4db1d9f6e2bec38fb6ac23ab,1
437,89321f94e35fc6d7903d36f74e351d40,1
437,93c902b021a9e594f658ab1b0351602a,3
437,97017430754804328eb9597b7f85da03,1
437,aca2eb7d00ea1a7b8ebd4e68314663af,5
437,bee2e070c39f3dd2f6883a17a5f0da45,1
437,c6336fa91fbd87c359e44f5dca5a90ed,1
437,cac9e5692471a0700418aa3400b9b2b1,3
437,cd48f265a63e13b762601f5f794c5fca,1
437,d04857e7b4b708ee8b8b9921163edba3,1
437,d1c427060a0f73f6b889a5c7c61f2ac4,2
437,dbb67791e405873b259e4656bf971246,3
437,e03102efbc2229024c89be731f0aedcb,2
437,e0cf79767c5b016251fe139915c59a26,1
437,e0d64dcfaa3b6db5c54ca298ae101d05,3
437,e53e557d5a159f5aa2c5e995dfdf244b,1
437,ee406bf28024d97771c4b1e8b7e8e219,1
437,f7a17d2c51d9df89a4f1711c4ac17f33,1
437,fbc1488c1a1e72ba175f53ab29a248e8,1
438,06edb72f1e0c64b14c5b79353f7abea3,3
438,0d85c435fd60b277ffb9e9b0f88f927a,3
438,19421075ae0b585f2dc13ff149e2119d,1
438,19c91ef95d509ea33eda93495c4d3481,1
438,2028bf1b01cafb2d2b1901fca4083222,1
438,2a5806f10d0f00e5ad032dd2e3c8806e,1
438,30ac6df06dc59ad72cf2f158fc2d904c,1
438,3354a4e684f5e7199f9407db70ccd92b,1
438,363218ba55c610b750224f90bdd34be1,2
438,3dd2a17168ec895c781a9191c1e95ad7,1
438,3f14d740544f37ece8a9e7bc8349797e,2
438,3fbc0ef745950c7932d5f2a446189725,2
438,4413a608a42bd21bbf9d5abbd58c249a,1
438,4c2394abfbac7ff59ec7a420918562fa,1
438,52c80cedd4e90108bf4fa6a206ef6b03,2
438,53759a2ecddad2bb87a079a1f1519f73,1
438,53b36df67ebb7c41585e8d54d6772e08,1
438,5a848e4ab52fd5445cdc07aab1c40e48,1
438,629e019a6f298a83aeecc7877964f935,1
438,6cdd53843498f92890544667809f1595,1
438,8c292ca193d326152e335d77176746f0,1
438,93c902b021a9e594f658ab1b0351602a,1
438,9ecadb84c81da840dbf3564378b586e9,2
438,a02d0123079f4ae96001ba2010d1a2df,1
438,a50acd33ba7a8da8e9db65094fa990a4,1
438,a9516a079e37a9c9c36b9b78b10169e8,1
438,aca2eb7d00ea1a7b8ebd4e68314663af,2
438,afeeea6271148ee1bb15173b8187c431,1
438,b532349fe46b38fbc7bb3914c1bdae07,2
438,bb42f37fc3d9130e4a4339d24a47dd7c,2
438,cac9e5692471a0700418aa3400b9b2b1,2
438,cd48f265a63e13b762601f5f794c5fca,1
438,d1c427060a0f73f6b889a5c7c61f2ac4,4
438,d63c1011f49d98b976c352955b1c4bea,1
438,dab2413ead0edda9967edbc9bda2a64e,1
438,dbb67791e405873b259e4656bf971246,5
438,e03102efbc2229024c89be731f0aedcb,1
438,e0d64dcfaa3b6db5c54ca298ae101d05,1
438,eb8c629f70275fd1c4f809116cce1efc,2
438,ec2d43cc59763ec91694573b31f1c29a,1
438,ed2067a9c1f79553088a3c67b99a9f97,1
438,f1fe595ee7ef768b41bd9b246d13432d,1
439,06edb72f1e0c64b14c5b79353f7abea3,2
439,0d85c435fd60b277ffb9e9b0f88f927a,1
439,165f86fe8b799a708a20ee4ba125c289,1
439,19c91ef95d509ea33eda93495c4d3481,1
439,2028bf1b01cafb2d2b1901fca4083222,1
439,2948658cb6abc82847412be7201bfc4c,1
439,2a5806f10d0f00e5ad032dd2e3c8806e,2
439,3354a4e684f5e7199f9407db70ccd92b,1
439,389d119b48cf3043d311335e499d9c6b,1
439,3dd2a17168ec895c781a9191c1e95ad7,2
439,3f14d740544f37ece8a9e7bc8349797e,2
439,3fbc0ef745950c7932d5f2a446189725,2
439,422879e10f46682990de24d770e7f83d,5
439,461f43be3bdf8844e65b62d9ac2c7a5a,2
439,52c80cedd4e90108bf4fa6a206ef6b03,1
439,53b36df67ebb7c41585e8d54d6772e08,2
439,54d9ac713e253fa1fae9c8003b011c2a,1
439,583f158587cdecda3e8bdea694021e39,2
439,595fac2a385ac33a80bd5114aec74eb8,1
439,5a848e4ab52fd5445cdc07aab1c40e48,2
439,629e019a6f298a83aeecc7877964f935,1
439,7814c273ab16783d73a9863ebfa8b141,1
439,7a10781637204d8d10485c71a6108a2e,1
439,89321f94e35fc6d7903d36f74e351d40,1
439,8c292ca193d326152e335d77176746f0,1
439,99a4788cb24856965c36a24e339b6058,1
439,9ecadb84c81da840dbf3564378b586e9,3
439,a50acd33ba7a8da8e9db65094fa990a4,1
439,b114bf337c0626166abe574eee9e3f32,1
439,bb50f2e236e5eea0100680137654686c,2
439,bee2e070c39f3dd2f6883a17a5f0da45,1
439,c6336fa91fbd87c359e44f5dca5a90ed,1
439,cac9e5692471a0700418aa3400b9b2b1,1
439,cd48f265a63e13b762601f5f794c5fca,2
439,d04857e7b4b708ee8b8b9921163edba3,1
439,dbb67791e405873b259e4656bf971246,1
439,ed2067a9c1f79553088a3c67b99a9f97,1
439,fb55982be901439613a95940feefd9ee,1
440,11fd9d7ba552e1d28872e008acf1e050,1
440,19c91ef95d509ea33eda93495c4d3481,1
440,2b4609f8948be18874494203496bc318,2
440,35afc973633aaeb6b877ff57b2793310,2
440,363218ba55c610b750224f90bdd34be1,2
440,368c6c730842d78016ad823897a372db,1
440,389d119b48cf3043d311335e499d9c6b,2
440,3dd2a17168ec895c781a9191c1e95ad7,2
440,3f14d740544f37ece8a9e7bc8349797e,1
440,3fbc0ef745950c7932d5f2a446189725,1
440,422879e10f46682990de24d770e7f83d,1
440,4298b7e67dc399c200662b569563a2b2,1
440,43423cdffde7fda63d0414ed38c11a73,1
440,437c05a395e9e47f9762e677a7068ce7,1
440,4fcb3d9a5f4871e8362dfedbdb02b064,1
440,53b36df67ebb7c41585e8d54d6772e08,3
440,5a848e4ab52fd5445cdc07aab1c40e48,1
440,5d66715cc928aadd0074f61332698593,1
440,634256dbcd184b3757ffd7632c9fe52a,3
440,8c292ca193d326152e335d77176746f0,1
440,99a4788cb24856965c36a24e339b6058,1
440,9ecadb84c81da840dbf3564378b586e9,2
440,a19b6951c75da43aad691622dd2f6abe,3
440,c1f5307decb89342351bec53668cffd9,1
440,cac9e5692471a0700418aa3400b9b2b1,1
440,d1c427060a0f73f6b889a5c7c61f2ac4,1
440,d285360f29ac7fd97640bf0baef03de0,1
440,d63c1011f49d98b976c352955b1c4bea,1
440,db5efde3ad0cc579b130d71c4b2db522,1
440,e0cf79767c5b016251fe139915c59a26,1
440,e44f675b60b3a3a2453ec36421e06f0f,1
440,f1fe595ee7ef768b41bd9b246d13432d,1
441,0d85c435fd60b277ffb9e9b0f88f927a,1
441,2136c70bbe723d338fab53da3c03e6dc,1
441,2a5806f10d0f00e5ad032dd2e3c8806e,1
441,2b4609f8948be18874494203496bc318,1
441,3dd2a17168ec895c781a9191c1e95ad7,1
441,3fbc0ef745950c7932d5f2a446189725,1
441,4298b7e67dc399c200662b569563a2b2,1
441,461f43be3bdf8844e65b62d9ac2c7a5a,1
441,53b36df67ebb7c41585e8d54d6772e08,1
441,5a848e4ab52fd5445cdc07aab1c40e48,1
441,634256dbcd184b3757ffd7632c9fe52a,1
441,6f3b5b605d91b7439c5e3f5a8dffeea7,1
441,880be32f4db1d9f6e2bec38fb6ac23ab,1
441,8aa6223e400af9c97b07c75993142721,1
441,8c292ca193d326152e335d77176746f0,1
441,8c5876b1c7768217964f353bc7e64393,1
441,aba86c093ccdbac75b09111d57e50004,1
441,aca2eb7d00ea1a7b8ebd4e68314663af,2
441,dab2413ead0edda9967edbc9bda2a64e,1
441,ec2d43cc59763ec91694573b31f1c29a,1
441,ee0c1cf2fbeae95205b4aa506f1469f0,1
442,0d85c435fd60b277ffb9e9b0f88f927a,2
442,29427de7f8a9ee983d9dbc51cec569b4,1
442,30ac6df06dc59ad72cf2f158fc2d904c,2
442,3354a4e684f5e7199f9407db70ccd92b,1
442,368c6c730842d78016ad823897a372db,1
442,389d119b48cf3043d311335e499d9c6b,1
442,3dd2a17168ec895c781a9191c1e95ad7,1
442,3f14d740544f37ece8a9e7bc8349797e,1
442,4298b7e67dc399c200662b569563a2b2,1
442,461f43be3bdf8844e65b62d9ac2c7a5a,1
442,583f158587cdecda3e8bdea694021e39,1
442,5a848e4ab52fd5445cdc07aab1c40e48,1
442,5f504b3a1c75b73d6151be81eb05bdc9,1
442,629e019a6f298a83aeecc7877964f935,1
442,64fb265487de2238627ce43fe8a67efc,2
442,6f3b5b605d91b7439c5e3f5a8dffeea7,1
442,78efe838c04bbc568be034082200ac20,1
442,7c1bd920dbdf22470b68bde975dd3ccf,1
442,7fab1a1472fdd934397068931f63f3ca,1
442,93c902b021a9e594f658ab1b0351602a,1
442,97017430754804328eb9597b7f85da03,2
442,a62e25e09e05e6faf31d90c6ec1aa3d1,1
442,aba86c093ccdbac75b09111d57e50004,1
442,aca2eb7d00ea1a7b8ebd4e68314663af,1
442,bb50f2e236e5eea0100680137654686c,1
442,bee2e070c39f3dd2f6883a17a5f0da45,3
442,cac9e5692471a0700418aa3400b9b2b1,1
442,cd48f265a63e13b762601f5f794c5fca,1
442,ee406bf28024d97771c4b1e8b7e8e219,2
442,fc1d8637c0268af3db482c14b7ef8e75,1
443,0bcc3eeca39e1064258aa1e932269894,1
443,2b4609f8948be18874494203496bc318,1
443,36f60d45225e60c7da4558b070ce4b60,1
443,3f14d740544f37ece8a9e7bc8349797e,2
443,4298b7e67dc399c200662b569563a2b2,1
443,461f43be3bdf8844e65b62d9ac2c7a5a,1
443,4fcb3d9a5f4871e8362dfedbdb02b064,1
443,52c80cedd4e90108bf4fa6a206ef6b03,1
443,53759a2ecddad2bb87a079a1f1519f73,5
443,5a848e4ab52fd5445cdc07aab1c40e48,1
443,629e019a6f298a83aeecc7877964f935,1
443,6f3b5b605d91b7439c5e3f5a8dffeea7,1
443,7fab1a1472fdd934397068931f63f3ca,1
443,89321f94e35fc6d7903d36f74e351d40,1
443,8c591ab0ca519558779df02023177f44,1
443,9545d45c37449ccbc376de3a04c66e71,2
443,aca2eb7d00ea1a7b8ebd4e68314663af,3
443,bb50f2e236e5eea0100680137654686c,1
443,cd48f265a63e13b762601f5f794c5fca,1
443,d1c427060a0f73f6b889a5c7c61f2ac4,2
443,d63c1011f49d98b976c352955b1c4bea,1
443,dab2413ead0edda9967edbc9bda2a64e,1
443,db5efde3ad0cc579b130d71c4b2db522,1
443,e0cf79767c5b016251fe139915c59a26,3
443,ee406bf28024d97771c4b1e8b7e8e219,1
444,06edb72f1e0c64b14c5b79353f7abea3,1
444,0d85c435fd60b277ffb9e9b0f88f927a,1
444,25f86162fee18735fffdb762dcb10d7c,2
444,2948658cb6abc82847412be7201bfc4c,1
444,2b4609f8948be18874494203496bc318,3
444,35afc973633aaeb6b877ff57b2793310,2
444,363218ba55c610b750224f90bdd34be1,1
444,368c6c730842d78016ad823897a372db,2
444,36f60d45225e60c7da4558b070ce4b60,2
444,389d119b48cf3043d311335e499d9c6b,1
444,3dd2a17168ec895c781a9191c1e95ad7,3
444,3eef0cb94ba82de806bb30ab743c7655,3
444,3f14d740544f37ece8a9e7bc8349797e,1
444,4298b7e67dc399c200662b569563a2b2,1
444,43423cdffde7fda63d0414ed38c11a73,1
444,4413a608a42bd21bbf9d5abbd58c249a,1
444,53b36df67ebb7c41585e8d54d6772e08,1
444,595fac2a385ac33a80bd5114aec74eb8,1
444,5a848e4ab52fd5445cdc07aab1c40e48,3
444,617186c3d97ea56c9c683a8a3974e8c1,1
444,634256dbcd184b3757ffd7632c9fe52a,2
444,656e0eca68dcecf6a31b8ececfabe3e8,5
444,6f3b5b605d91b7439c5e3f5a8dffeea7,3
444,7814c273ab16783d73a9863ebfa8b141,1
444,781afe929e3016a667f5f439afd55fce,3
444,7c1bd920dbdf22470b68bde975dd3ccf,1
444,7ce94ab189134e2d3c05f496d635419c,2
444,8aa6223e400af9c97b07c75993142721,1
444,8c5876b1c7768217964f353bc7e64393,2
444,8c591ab0ca519558779df02023177f44,1
444,8ed094bfe076c568f6bb10feada3f75d,3
444,9ecadb84c81da840dbf3564378b586e9,1
444,a50acd33ba7a8da8e9db65094fa990a4,2
444,a9516a079e37a9c9c36b9b78b10169e8,5
444,aca2eb7d00ea1a7b8ebd4e68314663af,5
444,b532349fe46b38fbc7bb3914c1bdae07,4
444,bb42f37fc3d9130e4a4339d24a47dd7c,1
444,bb50f2e236e5eea0100680137654686c,1
444,bee2e070c39f3dd2f6883a17a5f0da45,2
444,d1c427060a0f73f6b889a5c7c61f2ac4,1
444,dbb67791e405873b259e4656bf971246,1
444,ddceb6eef6af67e9fbbd4c148dbe5fd9,2
444,e0d64dcfaa3b6db5c54ca298ae101d05,2
444,e53e557d5a159f5aa2c5e995dfdf244b,2
444,fc1d8637c0268af3db482c14b7ef8e75,1
445,0d85c435fd60b277ffb9e9b0f88f927a,1
445,19421075ae0b585f2dc13ff149e2119d,1
445,2b4609f8948be18874494203496bc318,1
445,30ac6df06dc59ad72cf2f158fc2d904c,1
445,3354a4e684f5e7199f9407db70ccd92b,1
445,389d119b48cf3043d311335e499d9c6b,1
445,3dd2a17168ec895c781a9191c1e95ad7,6
445,3eef0cb94ba82de806bb30ab743c7655,1
445,3f14d740544f37ece8a9e7bc8349797e,1
445,43423cdffde7fda63d0414ed38c11a73,1
445,473795a355d29305c3ea6b156833adf5,1
445,4fe644d766c7566dbc46fb851363cb3b,1
445,53759a2ecddad2bb87a079a1f1519f73,2
445,583f158587cdecda3e8bdea694021e39,2
445,595fac2a385ac33a80bd5114aec74eb8,1
445,5a848e4ab52fd5445cdc07aab1c40e48,2
445,5d66715cc928aadd0074f61332698593,1
445,629e019a6f298a83aeecc7877964f935,1
445,634256dbcd184b3757ffd7632c9fe52a,1
445,6c3effec7c8ddba466d4f03f982c7aa3,1
445,6f3b5b605d91b7439c5e3f5a8dffeea7,3
445,72172e982e8b92155069e4201c92c0bb,1
445,7c1bd920dbdf22470b68bde975dd3ccf,1
445,7ce94ab189134e2d3c05f496d635419c,2
445,7fab1a1472fdd934397068931f63f3ca,2
445,89321f94e35fc6d7903d36f74e351d40,2
445,8aa6223e400af9c97b07c75993142721,1
445,8ed094bfe076c568f6bb10feada3f75d,1
445,93c902b021a9e594f658ab1b0351602a,1
445,962a6951154f98f2c8e9a5b8b2bcf4a9,2
445,a9516a079e37a9c9c36b9b78b10169e8,4
445,aca2eb7d00ea1a7b8ebd4e68314663af,3
445,bb50f2e236e5eea0100680137654686c,2
445,c4baedd846ed09b85f78a781b522f126,1
445,c6dd917a0be2a704582055949915ab32,1
445,cac9e5692471a0700418aa3400b9b2b1,1
445,d017a2151d543a9885604dc62a3d9dcc,1
445,d1c427060a0f73f6b889a5c7c61f2ac4,1
445,db5efde3ad0cc579b130d71c4b2db522,1
445,dbb67791e405873b259e4656bf971246,1
445,e03102efbc2229024c89be731f0aedcb,1
445,e0cf79767c5b016251fe139915c59a26,1
445,fc1d8637c0268af3db482c14b7ef8e75,1
446,06edb72f1e0c64b14c5b79353f7abea3,3
446,0aabfb375647d9738ad0f7b4ea3653b1,1
446,3354a4e684f5e7199f9407db70ccd92b,1
446,368c6c730842d78016ad823897a372db,1
446,36f60d45225e60c7da4558b070ce4b60,1
446,3dd2a17168ec895c781a9191c1e95ad7,2
446,3f14d740544f37ece8a9e7bc8349797e,4
446,422879e10f46682990de24d770e7f83d,3
446,53759a2ecddad2bb87a079a1f1519f73,2
446,53b36df67ebb7c41585e8d54d6772e08,1
446,583f158587cdecda3e8bdea694021e39,2
446,5a848e4ab52fd5445cdc07aab1c40e48,1
446,5d66715cc928aadd0074f61332698593,1
446,617186c3d97ea56c9c683a8a3974e8c1,1
446,64fb265487de2238627ce43fe8a67efc,1
446,6cdd53843498f92890544667809f1595,3
446,6f3b5b605d91b7439c5e3f5a8dffeea7,1
446,7ce94ab189134e2d3c05f496d635419c,1
446,84f456958365164420cfc80fbe4c7fab,1
446,8c292ca193d326152e335d77176746f0,1
446,962a6951154f98f2c8e9a5b8b2bcf4a9,1
446,a62e25e09e05e6faf31d90c6ec1aa3d1,1
446,aca2eb7d00ea1a7b8ebd4e68314663af,1
446,bb42f37fc3d9130e4a4339d24a47dd7c,1
446,bb50f2e236e5eea0100680137654686c,1
446,c6dd917a0be2a704582055949915ab32,1
446,cd48f265a63e13b762601f5f794c5fca,1
446,d1c427060a0f73f6b889a5c7c61f2ac4,1
446,d63c1011f49d98b976c352955b1c4bea,3
446,dbb67791e405873b259e4656bf971246,2
446,e0d64dcfaa3b6db5c54ca298ae101d05,1
446,ee406bf28024d97771c4b1e8b7e8e219,1
446,fc1d8637c0268af3db482c14b7ef8e75,1
447,06edb72f1e0c64b14c5b79353f7abea3,1
447,1613b819ab5dae53aead2dbb4ebdb378,1
447,165f86fe8b799a708a20ee4ba125c289,1
447,2948658cb6abc82847412be7201bfc4c,2
447,3dd2a17168ec895c781a9191c1e95ad7,1
447,42a2c92a0979a949ca4ea89ec5c7b934,1
447,43423cdffde7fda63d0414ed38c11a73,4
447,473795a355d29305c3ea6b156833adf5,1
447,4fcb3d9a5f4871e8362dfedbdb02b064,1
447,4fe644d766c7566dbc46fb851363cb3b,1
447,52c80cedd4e90108bf4fa6a206ef6b03,1
447,617186c3d97ea56c9c683a8a3974e8c1,1
447,629e019a6f298a83aeecc7877964f935,2
447,62d8daeee0db3a60c234c2d1bfd10651,1
447,6c3effec7c8ddba466d4f03f982c7aa3,1
447,6f3b5b605d91b7439c5e3f5a8dffeea7,1
447,7c1bd920dbdf22470b68bde975dd3ccf,1
447,8aa6223e400af9c97b07c75993142721,1
447,8c292ca193d326152e335d77176746f0,1
447,962a6951154f98f2c8e9a5b8b2bcf4a9,1
447,a62e25e09e05e6faf31d90c6ec1aa3d1,1
447,aca2eb7d00ea1a7b8ebd4e68314663af,6
447,cc971e0365873137b8bef2ebad633e6f,1
447,d1c427060a0f73f6b889a5c7c61f2ac4,1
447,d285360f29ac7fd97640bf0baef03de0,1
447,dab2413ead0edda9967edbc9bda2a64e,1
447,ddceb6eef6af67e9fbbd4c148dbe5fd9,2
447,e0d64dcfaa3b6db5c54ca298ae101d05,2
447,e44f675b60b3a3a2453ec36421e06f0f,1
447,ec2d43cc59763ec91694573b31f1c29a,2
448,0152f69b6cf919bcdaf117aa8c43e5a2,1
448,0aabfb375647d9738ad0f7b4ea3653b1,1
448,165f86fe8b799a708a20ee4ba125c289,1
448,2948658cb6abc82847412be7201bfc4c,2
448,30ac6df06dc59ad72cf2f158fc2d904c,2
448,35afc973633aaeb6b877ff57b2793310,1
448,363218ba55c610b750224f90bdd34be1,1
448,3f14d740544f37ece8a9e7bc8349797e,1
448,42a2c92a0979a949ca4ea89ec5c7b934,1
448,52c80cedd4e90108bf4fa6a206ef6b03,1
448,53759a2ecddad2bb87a079a1f1519f73,1
448,595fac2a385ac33a80bd5114aec74eb8,1
448,5a848e4ab52fd5445cdc07aab1c40e48,3
448,617186c3d97ea56c9c683a8a3974e8c1,1
448,629e019a6f298a83aeecc7877964f935,1
448,62d8daeee0db3a60c234c2d1bfd10651,1
448,78efe838c04bbc568be034082200ac20,1
448,7a10781637204d8d10485c71a6108a2e,1
448,7ce94ab189134e2d3c05f496d635419c,1
448,7fab1a1472fdd934397068931f63f3ca,1
448,a19b6951c75da43aad691622dd2f6abe,2
448,a62e25e09e05e6faf31d90c6ec1aa3d1,2
448,aca2eb7d00ea1a7b8ebd4e68314663af,1
448,bb42f37fc3d9130e4a4339d24a47dd7c,1
448,bb50f2e236e5eea0100680137654686c,1
448,c1f5307decb89342351bec53668cffd9,1
448,c4baedd846ed09b85f78a781b522f126,2
448,d63c1011f49d98b976c352955b1c4bea,1
448,dab2413ead0edda9967edbc9bda2a64e,2
448,e03102efbc2229024c89be731f0aedcb,3
449,165f86fe8b799a708a20ee4ba125c289,1
449,2b4609f8948be18874494203496bc318,1
449,3354a4e684f5e7199f9407db70ccd92b,1
449,363218ba55c610b750224f90bdd34be1,1
449,368c6c730842d78016ad823897a372db,1
449,461f43be3bdf8844e65b62d9ac2c7a5a,1
449,583f158587cdecda3e8bdea694021e39,1
449,634256dbcd184b3757ffd7632c9fe52a,1
449,7c1bd920dbdf22470b68bde975dd3ccf,1
449,7ce94ab189134e2d3c05f496d635419c,1
449,8562e2c780a345b609e1b802d7e3e4ae,1
449,89321f94e35fc6d7903d36f74e351d40,1
449,97017430754804328eb9597b7f85da03,1
449,aca2eb7d00ea1a7b8ebd4e68314663af,3
449,bb50f2e236e5eea0100680137654686c,2
449,bee2e070c39f3dd2f6883a17a5f0da45,1
449,cc971e0365873137b8bef2ebad633e6f,1
449,d1c427060a0f73f6b889a5c7c61f2ac4,1
449,d63c1011f49d98b976c352955b1c4bea,1
449,dbb67791e405873b259e4656bf971246,2
449,ddceb6eef6af67e9fbbd4c148dbe5fd9,1
449,e0cf79767c5b016251fe139915c59a26,3
449,ec2d43cc59763ec91694573b31f1c29a,2
449,f1fe595ee7ef768b41bd9b246d13432d,1
449,fc1d8637c0268af3db482c14b7ef8e75,1
450,08574b074924071f4e201e151b152b4e,1
450,1613b819ab5dae53aead2dbb4ebdb378,1
450,2028bf1b01cafb2d2b1901fca4083222,1
450,2a2d22ae30e026f1893083c8405ca522,1
450,363218ba55c610b750224f90bdd34be1,2
450,368c6c730842d78016ad823897a372db,1
450,3f14d740544f37ece8a9e7bc8349797e,1
450,43423cdffde7fda63d0414ed38c11a73,1
450,4b96786612ebe7463132fce2c4dca136,1
450,583f158587cdecda3e8bdea694021e39,1
450,7814c273ab16783d73a9863ebfa8b141,1
450,781afe929e3016a667f5f439afd55fce,1
450,84f456958365164420cfc80fbe4c7fab,1
450,8c591ab0ca519558779df02023177f44,1
450,9545d45c37449ccbc376de3a04c66e71,1
450,97017430754804328eb9597b7f85da03,1
450,a62e25e09e05e6faf31d90c6ec1aa3d1,1
450,aca2eb7d00ea1a7b8ebd4e68314663af,2
450,b532349fe46b38fbc7bb3914c1bdae07,3
450,d017a2151d543a9885604dc62a3d9dcc,1
450,d1c427060a0f73f6b889a5c7c61f2ac4,2
450,d2f5484cbffe4ca766301b21ab9246dd,1
450,d63c1011f49d98b976c352955b1c4bea,1
450,dab2413ead0edda9967edbc9bda2a64e,1
450,e0cf79767c5b016251fe139915c59a26,1
450,e59dd207c69d86e890febadc796d1078,1
450,ed2067a9c1f79553088a3c67b99a9f97,1
450,ee0c1cf2fbeae95205b4aa506f1469f0,1
450,f1fe595ee7ef768b41bd9b246d13432d,1
451,06edb72f1e0c64b14c5b79353f7abea3,1
451,0aabfb375647d9738ad0f7b4ea3653b1,1
451,1613b819ab5dae53aead2dbb4ebdb378,1
451,18b0e642cbae7251e60a64aa07dd9eb9,1
451,19421075ae0b585f2dc13ff149e2119d,1
451,2948658cb6abc82847412be7201bfc4c,1
451,3354a4e684f5e7199f9407db70ccd92b,1
451,368c6c730842d78016ad823897a372db,2
451,3f14d740544f37ece8a9e7bc8349797e,1
451,422879e10f46682990de24d770e7f83d,1
451,4aa6014eceb682077f9dc4bffebc05b0,1
451,4b96786612ebe7463132fce2c4dca136,1
451,4fe644d766c7566dbc46fb851363cb3b,1
451,583f158587cdecda3e8bdea694021e39,2
451,5b226d7c52f86ac72457617f78cff95d,1
451,617186c3d97ea56c9c683a8a3974e8c1,1
451,6cdd53843498f92890544667809f1595,1
451,6f3b5b605d91b7439c5e3f5a8dffeea7,2
451,75d6b6963340c6063f7f4cfcccfe6a30,1
451,781afe929e3016a667f5f439afd55fce,1
451,78efe838c04bbc568be034082200ac20,1
451,8317b177579dd27ff068b83205e2169b,1
451,84f456958365164420cfc80fbe4c7fab,1
451,8562e2c780a345b609e1b802d7e3e4ae,1
451,9545d45c37449ccbc376de3a04c66e71,1
451,a62e25e09e05e6faf31d90c6ec1aa3d1,1
451,ab1f9387c0627dd24000bfbc54fdeee0,1
451,aca2eb7d00ea1a7b8ebd4e68314663af,3
451,bb50f2e236e5eea0100680137654686c,3
451,c4baedd846ed09b85f78a781b522f126,1
451,c6336fa91fbd87c359e44f5dca5a90ed,1
451,d04857e7b4b708ee8b8b9921163edba3,1
451,d1c427060a0f73f6b889a5c7c61f2ac4,1
451,db5efde3ad0cc579b130d71c4b2db522,1
451,eb8c629f70275fd1c4f809116cce1efc,2
451,ee406bf28024d97771c4b1e8b7e8e219,1
452,19421075ae0b585f2dc13ff149e2119d,1
452,2948658cb6abc82847412be7201bfc4c,1
452,2b4609f8948be18874494203496bc318,1
452,3354a4e684f5e7199f9407db70ccd92b,1
452,3dd2a17168ec895c781a9191c1e95ad7,1
452,43423cdffde7fda63d0414ed38c11a73,1
452,566a4f2c4385f36d15c00dfcaae132d1,1
452,583f158587cdecda3e8bdea694021e39,1
452,6c3effec7c8ddba466d4f03f982c7aa3,1
452,6cdd53843498f92890544667809f1595,1
452,78efe838c04bbc568be034082200ac20,1
452,7c1bd920dbdf22470b68bde975dd3ccf,1
452,8c292ca193d326152e335d77176746f0,1
452,8c591ab0ca519558779df02023177f44,1
452,a62e25e09e05e6faf31d90c6ec1aa3d1,4
452,a92930c327948861c015c919a0bcb4a8,1
452,aca2eb7d00ea1a7b8ebd4e68314663af,1
452,bb42f37fc3d9130e4a4339d24a47dd7c,1
452,cd48f265a63e13b762601f5f794c5fca,4
452,ddceb6eef6af67e9fbbd4c148dbe5fd9,2
453,06edb72f1e0c64b14c5b79353f7abea3,1
453,0bcc3eeca39e1064258aa1e932269894,1
453,11fd9d7ba552e1d28872e008acf1e050,1
453,1613b819ab5dae53aead2dbb4ebdb378,3
453,18b0e642cbae7251e60a64aa07dd9eb9,1
453,19421075ae0b585f2dc13ff149e2119d,1
453,2948658cb6abc82847412be7201bfc4c,1
453,2b4609f8948be18874494203496bc318,1
453,35afc973633aaeb6b877ff57b2793310,1
453,368c6c730842d78016ad823897a372db,1
453,36f60d45225e60c7da4558b070ce4b60,1
453,389d119b48cf3043d311335e499d9c6b,1
453,3f14d740544f37ece8a9e7bc8349797e,1
453,422879e10f46682990de24d770e7f83d,1
453,437c05a395e9e47f9762e677a7068ce7,1
453,4aa6014eceb682077f9dc4bffebc05b0,1
453,53759a2ecddad2bb87a079a1f1519f73,1
453,583f158587cdecda3e8bdea694021e39,3
453,5a848e4ab52fd5445cdc07aab1c40e48,3
453,5b226d7c52f86ac72457617f78cff95d,1
453,5d66715cc928aadd0074f61332698593,1
453,78efe838c04bbc568be034082200ac20,1
453,7c1bd920dbdf22470b68bde975dd3ccf,1
453,7ce94ab189134e2d3c05f496d635419c,1
453,88dd63919fc9ab693803578a04a20209,1
453,89321f94e35fc6d7903d36f74e351d40,1
453,99a4788cb24856965c36a24e339b6058,1
453,a92930c327948861c015c919a0bcb4a8,1
453,afeeea6271148ee1bb15173b8187c431,1
453,b532349fe46b38fbc7bb3914c1bdae07,1
453,bb50f2e236e5eea0100680137654686c,1
453,bee2e070c39f3dd2f6883a17a5f0da45,1
453,d1c427060a0f73f6b889a5c7c61f2ac4,1
453,dab2413ead0edda9967edbc9bda2a64e,2
453,e44f675b60b3a3a2453ec36421e06f0f,4
453,f40876e0ef3cd5f9132b1f16b04b1346,1
454,165f86fe8b799a708a20ee4ba125c289,1
454,2948658cb6abc82847412be7201bfc4c,3
454,368c6c730842d78016ad823897a372db,1
454,36f60d45225e60c7da4558b070ce4b60,2
454,3f14d740544f37ece8a9e7bc8349797e,2
454,4298b7e67dc399c200662b569563a2b2,1
454,52c80cedd4e90108bf4fa6a206ef6b03,1
454,595fac2a385ac33a80bd5114aec74eb8,2
454,5d66715cc928aadd0074f61332698593,1
454,601a360bd2a916ecef0e88de72a6531a,1
454,629e019a6f298a83aeecc7877964f935,2
454,7a10781637204d8d10485c71a6108a2e,1
454,84f456958365164420cfc80fbe4c7fab,2
454,8562e2c780a345b609e1b802d7e3e4ae,2
454,962a6951154f98f2c8e9a5b8b2bcf4a9,1
454,a02d0123079f4ae96001ba2010d1a2df,1
454,a50acd33ba7a8da8e9db65094fa990a4,2
454,a92930c327948861c015c919a0bcb4a8,1
454,aca2eb7d00ea1a7b8ebd4e68314663af,1
454,bb42f37fc3d9130e4a4339d24a47dd7c,1
454,bb50f2e236e5eea0100680137654686c,2
454,c1f5307decb89342351bec53668cffd9,1
454,d1c427060a0f73f6b889a5c7c61f2ac4,2
454,e0cf79767c5b016251fe139915c59a26,2
454,e0d64dcfaa3b6db5c54ca298ae101d05,1
454,e53e557d5a159f5aa2c5e995dfdf244b,1
454,ee0c1cf2fbeae95205b4aa506f1469f0,1
454,f264c1d9b20b5e4a340254d0405e613b,1
454,fc1d8637c0268af3db482c14b7ef8e75,2
455,06edb72f1e0c64b14c5b79353f7abea3,1
455,1bfb290d7273a442c874dbe74b4abae6,1
455,2948658cb6abc82847412be7201bfc4c,2
455,2ffdf10e724b958c0f7ea69e97d32f64,1
455,30ac6df06dc59ad72cf2f158fc2d904c,1
455,3354a4e684f5e7199f9407db70ccd92b,1
455,363218ba55c610b750224f90bdd34be1,1
455,368c6c730842d78016ad823897a372db,1
455,36f60d45225e60c7da4558b070ce4b60,2
455,3dd2a17168ec895c781a9191c1e95ad7,1
455,422879e10f46682990de24d770e7f83d,2
455,43423cdffde7fda63d0414ed38c11a73,1
455,437c05a395e9e47f9762e677a7068ce7,1
455,4b96786612ebe7463132fce2c4dca136,2
455,62d8daeee0db3a60c234c2d1bfd10651,2
455,75d6b6963340c6063f7f4cfcccfe6a30,1
455,7fab1a1472fdd934397068931f63f3ca,3
455,89321f94e35fc6d7903d36f74e351d40,1
455,8c292ca193d326152e335d77176746f0,1
455,8ed094bfe076c568f6bb10feada3f75d,1
455,97017430754804328eb9597b7f85da03,1
455,ab1f9387c0627dd24000bfbc54fdeee0,2
455,aba86c093ccdbac75b09111d57e50004,1
455,aca2eb7d00ea1a7b8ebd4e68314663af,1
455,bee2e070c39f3dd2f6883a17a5f0da45,2
455,c9c6fde711572c1ad99ca12728c6af00,1
455,cac9e5692471a0700418aa3400b9b2b1,2
455,d1c427060a0f73f6b889a5c7c61f2ac4,1
455,d63c1011f49d98b976c352955b1c4bea,1
455,dbb67791e405873b259e4656bf971246,2
455,ddceb6eef6af67e9fbbd4c148dbe5fd9,1
455,e0cf79767c5b016251fe139915c59a26,1
455,e53e557d5a159f5aa2c5e995dfdf244b,1
455,e59dd207c69d86e890febadc796d1078,1
455,f7a17d2c51d9df89a4f1711c4ac17f33,1
455,fb55982be901439613a95940feefd9ee,1
456,0a57f7d2c983bcf8188589a5fea4a8da,1
456,2948658cb6abc82847412be7201bfc4c,3
456,2a5806f10d0f00e5ad032dd2e3c8806e,1
456,35afc973633aaeb6b877ff57b2793310,1
456,422879e10f46682990de24d770e7f83d,2
456,53b36df67ebb7c41585e8d54d6772e08,1
456,617186c3d97ea56c9c683a8a3974e8c1,1
456,6c3effec7c8ddba466d4f03f982c7aa3,1
456,9545d45c37449ccbc376de3a04c66e71,1
456,9ecadb84c81da840dbf3564378b586e9,1
456,a02d0123079f4ae96001ba2010d1a2df,1
456,aca2eb7d00ea1a7b8ebd4e68314663af,1
456,cc971e0365873137b8bef2ebad633e6f,1
456,d04857e7b4b708ee8b8b9921163edba3,1
456,d1c427060a0f73f6b889a5c7c61f2ac4,2
456,ddceb6eef6af67e9fbbd4c148dbe5fd9,1
456,e53e557d5a159f5aa2c5e995dfdf244b,1
456,ec2d43cc59763ec91694573b31f1c29a,1
456,ee406bf28024d97771c4b1e8b7e8e219,1
456,fc1d8637c0268af3db482c14b7ef8e75,1
457,0a57f7d2c983bcf8188589a5fea4a8da,1
457,0bcc3eeca39e1064258aa1e932269894,1
457,19c91ef95d509ea33eda93495c4d3481,1
457,29427de7f8a9ee983d9dbc51cec569b4,1
457,2948658cb6abc82847412be7201bfc4c,1
457,3354a4e684f5e7199f9407db70ccd92b,1
457,35afc973633aaeb6b877ff57b2793310,1
457,368c6c730842d78016ad823897a372db,1
457,386486367c1f9d4f587a8864ccb6902b,1
457,3dd2a17168ec895c781a9191c1e95ad7,1
457,3eef0cb94ba82de806bb30ab743c7655,2
457,422879e10f46682990de24d770e7f83d,1
457,437c05a395e9e47f9762e677a7068ce7,3
457,53b36df67ebb7c41585e8d54d6772e08,2
457,5411e9269501a870cabf632f05655131,1
457,5d66715cc928aadd0074f61332698593,1
457,629e019a6f298a83aeecc7877964f935,2
457,6a8631b72a2f8729b91514db87e771c0,1
457,6c3effec7c8ddba466d4f03f982c7aa3,1
457,89321f94e35fc6d7903d36f74e351d40,1
457,8c292ca193d326152e335d77176746f0,3
457,8ed094bfe076c568f6bb10feada3f75d,3
457,a35a9f46dcee0a67c8c7ad8493eb4135,1
457,aca2eb7d00ea1a7b8ebd4e68314663af,1
457,c9c6fde711572c1ad99ca12728c6af00,1
457,cac9e5692471a0700418aa3400b9b2b1,1
457,dab2413ead0edda9967edbc9bda2a64e,1
457,e03102efbc2229024c89be731f0aedcb,1
457,e0cf79767c5b016251fe139915c59a26,2
458,11fd9d7ba552e1d28872e008acf1e050,1
458,2948658cb6abc82847412be7201bfc4c,5
458,3354a4e684f5e7199f9407db70ccd92b,1
458,389d119b48cf3043d311335e499d9c6b,1
458,3dd2a17168ec895c781a9191c1e95ad7,3
458,422879e10f46682990de24d770e7f83d,1
458,4298b7e67dc399c200662b569563a2b2,1
458,43423cdffde7fda63d0414ed38c11a73,2
458,437c05a395e9e47f9762e677a7068ce7,1
458,4fcb3d9a5f4871e8362dfedbdb02b064,1
458,53b36df67ebb7c41585e8d54d6772e08,5
458,566a4f2c4385f36d15c00dfcaae132d1,1
458,5d66715cc928aadd0074f61332698593,1
458,617186c3d97ea56c9c683a8a3974e8c1,1
458,6a8631b72a2f8729b91514db87e771c0,1
458,6c3effec7c8ddba466d4f03f982c7aa3,1
458,703d742887bb9267f89b675608ba7aa0,1
458,78efe838c04bbc568be034082200ac20,1
458,8562e2c780a345b609e1b802d7e3e4ae,1
458,89b121bee266dcd25688a1ba72eefb61,3
458,8aa6223e400af9c97b07c75993142721,2
458,8c292ca193d326152e335d77176746f0,1
458,97017430754804328eb9597b7f85da03,2
458,a62e25e09e05e6faf31d90c6ec1aa3d1,2
458,a92930c327948861c015c919a0bcb4a8,1
458,aca2eb7d00ea1a7b8ebd4e68314663af,6
458,b532349fe46b38fbc7bb3914c1bdae07,1
458,bd6e6fce9ada76ea2db0f1912e8e478f,1
458,c1f5307decb89342351bec53668cffd9,1
458,cac9e5692471a0700418aa3400b9b2b1,1
458,d1c427060a0f73f6b889a5c7c61f2ac4,4
458,d63c1011f49d98b976c352955b1c4bea,1
458,dab2413ead0edda9967edbc9bda2a64e,1
458,e0d64dcfaa3b6db5c54ca298ae101d05,1
458,e53e557d5a159f5aa2c5e995dfdf244b,2
458,ed2067a9c1f79553088a3c67b99a9f97,1
458,f7a17d2c51d9df89a4f1711c4ac17f33,1
459,0a57f7d2c983bcf8188589a5fea4a8da,1
459,0aabfb375647d9738ad0f7b4ea3653b1,1
459,0bcc3eeca39e1064258aa1e932269894,1
459,19421075ae0b585f2dc13ff149e2119d,1
459,29427de7f8a9ee983d9dbc51cec569b4,1
459,363218ba55c610b750224f90bdd34be1,3
459,368c6c730842d78016ad823897a372db,8
459,3dd2a17168ec895c781a9191c1e95ad7,1
459,3fbc0ef745950c7932d5f2a446189725,1
459,422879e10f46682990de24d770e7f83d,6
459,43423cdffde7fda63d0414ed38c11a73,2
459,437c05a395e9e47f9762e677a7068ce7,1
459,461f43be3bdf8844e65b62d9ac2c7a5a,1
459,4aa6014eceb682077f9dc4bffebc05b0,2
459,4fcb3d9a5f4871e8362dfedbdb02b064,2
459,52c80cedd4e90108bf4fa6a206ef6b03,1
459,53b36df67ebb7c41585e8d54d6772e08,5
459,5d66715cc928aadd0074f61332698593,1
459,629e019a6f298a83aeecc7877964f935,1
459,7814c273ab16783d73a9863ebfa8b141,1
459,89321f94e35fc6d7903d36f74e351d40,3
459,89b121bee266dcd25688a1ba72eefb61,2
459,8ed094bfe076c568f6bb10feada3f75d,1
459,99a4788cb24856965c36a24e339b6058,1
459,aca2eb7d00ea1a7b8ebd4e68314663af,8
459,bb50f2e236e5eea0100680137654686c,1
459,c1f5307decb89342351bec53668cffd9,1
459,cac9e5692471a0700418aa3400b9b2b1,2
459,d017a2151d543a9885604dc62a3d9dcc,1
459,d1c427060a0f73f6b889a5c7c61f2ac4,4
459,d2f5484cbffe4ca766301b21ab9246dd,1
459,d63c1011f49d98b976c352955b1c4bea,1
459,dbb67791e405873b259e4656bf971246,1
459,ddceb6eef6af67e9fbbd4c148dbe5fd9,1
459,e03102efbc2229024c89be731f0aedcb,1
459,e44f675b60b3a3a2453ec36421e06f0f,1
459,e53e557d5a159f5aa2c5e995dfdf244b,1
459,ee0c1cf2fbeae95205b4aa506f1469f0,2
460,06edb72f1e0c64b14c5b79353f7abea3,2
460,0a57f7d2c983bcf8188589a5fea4a8da,1
460,1613b819ab5dae53aead2dbb4ebdb378,1
460,2948658cb6abc82847412be7201bfc4c,2
460,3354a4e684f5e7199f9407db70ccd92b,1
460,3dd2a17168ec895c781a9191c1e95ad7,3
460,3eef0cb94ba82de806bb30ab743c7655,3
460,3fbc0ef745950c7932d5f2a446189725,1
460,422879e10f46682990de24d770e7f83d,3
460,461f43be3bdf8844e65b62d9ac2c7a5a,1
460,4fcb3d9a5f4871e8362dfedbdb02b064,1
460,4fe644d766c7566dbc46fb851363cb3b,2
460,52c80cedd4e90108bf4fa6a206ef6b03,1
460,53759a2ecddad2bb87a079a1f1519f73,1
460,53b36df67ebb7c41585e8d54d6772e08,2
460,7a10781637204d8d10485c71a6108a2e,3
460,89b121bee266dcd25688a1ba72eefb61,6
460,93c902b021a9e594f658ab1b0351602a,1
460,a35a9f46dcee0a67c8c7ad8493eb4135,1
460,a50acd33ba7a8da8e9db65094fa990a4,2
460,a92930c327948861c015c919a0bcb4a8,1
460,aca2eb7d00ea1a7b8ebd4e68314663af,4
460,bb50f2e236e5eea0100680137654686c,1
460,bee2e070c39f3dd2f6883a17a5f0da45,2
460,c6dd917a0be2a704582055949915ab32,1
460,c9c6fde711572c1ad99ca12728c6af00,1
460,cac9e5692471a0700418aa3400b9b2b1,1
460,d1c427060a0f73f6b889a5c7c61f2ac4,6
460,d2f5484cbffe4ca766301b21ab9246dd,1
460,e0cf79767c5b016251fe139915c59a26,1
460,e0d64dcfaa3b6db5c54ca298ae101d05,1
460,e44f675b60b3a3a2453ec36421e06f0f,2
460,e53e557d5a159f5aa2c5e995dfdf244b,2
460,eb8c629f70275fd1c4f809116cce1efc,2
460,ec2d43cc59763ec91694573b31f1c29a,1
460,ed2067a9c1f79553088a3c67b99a9f97,1
460,fc1d8637c0268af3db482c14b7ef8e75,1
461,1613b819ab5dae53aead2dbb4ebdb378,2
461,2028bf1b01cafb2d2b1901fca4083222,1
461,2136c70bbe723d338fab53da3c03e6dc,1
461,29427de7f8a9ee983d9dbc51cec569b4,1
461,2948658cb6abc82847412be7201bfc4c,2
461,30ac6df06dc59ad72cf2f158fc2d904c,1
461,3354a4e684f5e7199f9407db70ccd92b,1
461,35afc973633aaeb6b877ff57b2793310,1
461,363218ba55c610b750224f90bdd34be1,2
461,3dd2a17168ec895c781a9191c1e95ad7,1
461,3f14d740544f37ece8a9e7bc8349797e,2
461,3fbc0ef745950c7932d5f2a446189725,2
461,41c24b8ce92d1a2cac62db5edfd088b2,1
461,422879e10f46682990de24d770e7f83d,9
461,473795a355d29305c3ea6b156833adf5,1
461,4b96786612ebe7463132fce2c4dca136,1
461,4fe644d766c7566dbc46fb851363cb3b,1
461,53b36df67ebb7c41585e8d54d6772e08,4
461,64fb265487de2238627ce43fe8a67efc,1
461,7814c273ab16783d73a9863ebfa8b141,1
461,781afe929e3016a667f5f439afd55fce,2
461,84f456958365164420cfc80fbe4c7fab,1
461,89b121bee266dcd25688a1ba72eefb61,7
461,8c591ab0ca519558779df02023177f44,1
461,9545d45c37449ccbc376de3a04c66e71,1
461,99a4788cb24856965c36a24e339b6058,1
461,a92930c327948861c015c919a0bcb4a8,2
461,ab1f9387c0627dd24000bfbc54fdeee0,1
461,aca2eb7d00ea1a7b8ebd4e68314663af,6
461,bb42f37fc3d9130e4a4339d24a47dd7c,1
461,bb50f2e236e5eea0100680137654686c,1
461,bd6e6fce9ada76ea2db0f1912e8e478f,2
461,bee2e070c39f3dd2f6883a17a5f0da45,1
461,c3ba4e8d3cb30049213b682e751e9d00,1
461,c4baedd846ed09b85f78a781b522f126,1
461,c9c6fde711572c1ad99ca12728c6af00,3
461,cd48f265a63e13b762601f5f794c5fca,1
461,d017a2151d543a9885604dc62a3d9dcc,1
461,d1c427060a0f73f6b889a5c7c61f2ac4,5
461,ddceb6eef6af67e9fbbd4c148dbe5fd9,1
461,e03102efbc2229024c89be731f0aedcb,2
461,e0cf79767c5b016251fe139915c59a26,2
461,ed2067a9c1f79553088a3c67b99a9f97,1
461,fb55982be901439613a95940feefd9ee,1
461,fc1d8637c0268af3db482c14b7ef8e75,1
462,165f86fe8b799a708a20ee4ba125c289,1
462,18b0e642cbae7251e60a64aa07dd9eb9,1
462,19c91ef95d509ea33eda93495c4d3481,2
462,29427de7f8a9ee983d9dbc51cec569b4,1
462,2948658cb6abc82847412be7201bfc4c,4
462,3354a4e684f5e7199f9407db70ccd92b,1
462,389d119b48cf3043d311335e499d9c6b,1
462,437c05a395e9e47f9762e677a7068ce7,1
462,53b36df67ebb7c41585e8d54d6772e08,8
462,595fac2a385ac33a80bd5114aec74eb8,1
462,629e019a6f298a83aeecc7877964f935,1
462,6f3b5b605d91b7439c5e3f5a8dffeea7,1
462,78efe838c04bbc568be034082200ac20,1
462,7fb04722aba7a2b632bac8f9819796f3,1
462,8317b177579dd27ff068b83205e2169b,1
462,89321f94e35fc6d7903d36f74e351d40,1
462,8ed094bfe076c568f6bb10feada3f75d,1
462,9545d45c37449ccbc376de3a04c66e71,1
462,a62e25e09e05e6faf31d90c6ec1aa3d1,1
462,ab1f9387c0627dd24000bfbc54fdeee0,1
462,aca2eb7d00ea1a7b8ebd4e68314663af,2
462,b532349fe46b38fbc7bb3914c1bdae07,1
462,bb42f37fc3d9130e4a4339d24a47dd7c,1
462,bb50f2e236e5eea0100680137654686c,1
462,bd6e6fce9ada76ea2db0f1912e8e478f,1
462,c9c6fde711572c1ad99ca12728c6af00,3
462,e0cf79767c5b016251fe139915c59a26,1
463,1613b819ab5dae53aead2dbb4ebdb378,1
463,165f86fe8b799a708a20ee4ba125c289,1
463,1bfb290d7273a442c874dbe74b4abae6,1
463,2b4609f8948be18874494203496bc318,1
463,3354a4e684f5e7199f9407db70ccd92b,1
463,363218ba55c610b750224f90bdd34be1,1
463,41c24b8ce92d1a2cac62db5edfd088b2,1
463,53b36df67ebb7c41585e8d54d6772e08,2
463,6f3b5b605d91b7439c5e3f5a8dffeea7,1
463,7c1bd920dbdf22470b68bde975dd3ccf,1
463,9ecadb84c81da840dbf3564378b586e9,2
463,aca2eb7d00ea1a7b8ebd4e68314663af,2
463,b114bf337c0626166abe574eee9e3f32,1
463,b532349fe46b38fbc7bb3914c1bdae07,3
463,c9c6fde711572c1ad99ca12728c6af00,1
463,cac9e5692471a0700418aa3400b9b2b1,1
463,d2f5484cbffe4ca766301b21ab9246dd,1
463,ddceb6eef6af67e9fbbd4c148dbe5fd9,1
463,e0cf79767c5b016251fe139915c59a26,1
463,e44f675b60b3a3a2453ec36421e06f0f,1
463,e9a69340883a438c3f91739d14d3a56d,1
464,19421075ae0b585f2dc13ff149e2119d,1
464,2948658cb6abc82847412be7201bfc4c,1
464,363218ba55c610b750224f90bdd34be1,1
464,368c6c730842d78016ad823897a372db,2
464,389d119b48cf3043d311335e499d9c6b,1
464,41c24b8ce92d1a2cac62db5edfd088b2,2
464,422879e10f46682990de24d770e7f83d,2
464,437c05a395e9e47f9762e677a7068ce7,2
464,4413a608a42bd21bbf9d5abbd58c249a,1
464,53b36df67ebb7c41585e8d54d6772e08,5
464,5a848e4ab52fd5445cdc07aab1c40e48,1
464,6f3b5b605d91b7439c5e3f5a8dffeea7,2
464,78efe838c04bbc568be034082200ac20,2
464,8562e2c780a345b609e1b802d7e3e4ae,1
464,a19b6951c75da43aad691622dd2f6abe,2
464,a92930c327948861c015c919a0bcb4a8,1
464,aa280035c50ba62c746480a59045eec4,2
464,aca2eb7d00ea1a7b8ebd4e68314663af,3
464,bb42f37fc3d9130e4a4339d24a47dd7c,2
464,c3ba4e8d3cb30049213b682e751e9d00,1
464,d1c427060a0f73f6b889a5c7c61f2ac4,1
464,e03102efbc2229024c89be731f0aedcb,2
464,ee0c1cf2fbeae95205b4aa506f1469f0,1
464,f35927953ed82e19d06ad3aac2f06353,2
465,19c91ef95d509ea33eda93495c4d3481,2
465,2136c70bbe723d338fab53da3c03e6dc,1
465,2948658cb6abc82847412be7201bfc4c,1
465,2b4609f8948be18874494203496bc318,2
465,2ffdf10e724b958c0f7ea69e97d32f64,1
465,363218ba55c610b750224f90bdd34be1,1
465,3dd2a17168ec895c781a9191c1e95ad7,4
465,3eef0cb94ba82de806bb30ab743c7655,4
465,3fbc0ef745950c7932d5f2a446189725,2
465,422879e10f46682990de24d770e7f83d,2
465,4298b7e67dc399c200662b569563a2b2,1
465,437c05a395e9e47f9762e677a7068ce7,2
465,461f43be3bdf8844e65b62d9ac2c7a5a,1
465,4aa6014eceb682077f9dc4bffebc05b0,1
465,4fe644d766c7566dbc46fb851363cb3b,2
465,52c80cedd4e90108bf4fa6a206ef6b03,1
465,53759a2ecddad2bb87a079a1f1519f73,1
465,53b36df67ebb7c41585e8d54d6772e08,3
465,617186c3d97ea56c9c683a8a3974e8c1,1
465,629e019a6f298a83aeecc7877964f935,1
465,64fb265487de2238627ce43fe8a67efc,1
465,6f3b5b605d91b7439c5e3f5a8dffeea7,3
465,75d6b6963340c6063f7f4cfcccfe6a30,1
465,7c1bd920dbdf22470b68bde975dd3ccf,2
465,7fb04722aba7a2b632bac8f9819796f3,1
465,89321f94e35fc6d7903d36f74e351d40,2
465,8c292ca193d326152e335d77176746f0,1
465,8c591ab0ca519558779df02023177f44,2
465,97017430754804328eb9597b7f85da03,1
465,a02d0123079f4ae96001ba2010d1a2df,3
465,a92930c327948861c015c919a0bcb4a8,3
465,ab1f9387c0627dd24000bfbc54fdeee0,1
465,aca2eb7d00ea1a7b8ebd4e68314663af,5
465,c9c6fde711572c1ad99ca12728c6af00,1
465,d1c427060a0f73f6b889a5c7c61f2ac4,2
465,d2f5484cbffe4ca766301b21ab9246dd,3
465,dab2413ead0edda9967edbc9bda2a64e,1
465,e03102efbc2229024c89be731f0aedcb,2
465,e59dd207c69d86e890febadc796d1078,2
465,f35927953ed82e19d06ad3aac2f06353,1
465,f7a17d2c51d9df89a4f1711c4ac17f33,1
466,0a57f7d2c983bcf8188589a5fea4a8da,1
466,0bcc3eeca39e1064258aa1e932269894,1
466,18b0e642cbae7251e60a64aa07dd9eb9,1
466,19c91ef95d509ea33eda93495c4d3481,2
466,2948658cb6abc82847412be7201bfc4c,2
466,2ffdf10e724b958c0f7ea69e97d32f64,1
466,3dd2a17168ec895c781a9191c1e95ad7,1
466,3eef0cb94ba82de806bb30ab743c7655,2
466,3fbc0ef745950c7932d5f2a446189725,2
466,422879e10f46682990de24d770e7f83d,1
466,42a2c92a0979a949ca4ea89ec5c7b934,1
466,4aa6014eceb682077f9dc4bffebc05b0,2
466,52c80cedd4e90108bf4fa6a206ef6b03,1
466,53759a2ecddad2bb87a079a1f1519f73,1
466,53b36df67ebb7c41585e8d54d6772e08,13
466,6a8631b72a2f8729b91514db87e771c0,2
466,6cdd53843498f92890544667809f1595,1
466,777d2e438a1b645f3aec9bd57e92672c,1
466,78efe838c04bbc568be034082200ac20,1
466,7a10781637204d8d10485c71a6108a2e,1
466,7fab1a1472fdd934397068931f63f3ca,1
466,7fb04722aba7a2b632bac8f9819796f3,1
466,8317b177579dd27ff068b83205e2169b,1
466,8562e2c780a345b609e1b802d7e3e4ae,1
466,89321f94e35fc6d7903d36f74e351d40,1
466,8aa6223e400af9c97b07c75993142721,1
466,8ed094bfe076c568f6bb10feada3f75d,1
466,962a6951154f98f2c8e9a5b8b2bcf4a9,1
466,a62e25e09e05e6faf31d90c6ec1aa3d1,1
466,a92930c327948861c015c919a0bcb4a8,3
466,ab1f9387c0627dd24000bfbc54fdeee0,2
466,aca2eb7d00ea1a7b8ebd4e68314663af,2
466,b0961721fd839e9982420e807758a2a6,2
466,b532349fe46b38fbc7bb3914c1bdae07,3
466,bb50f2e236e5eea0100680137654686c,1
466,c3ba4e8d3cb30049213b682e751e9d00,1
466,cac9e5692471a0700418aa3400b9b2b1,1
466,d017a2151d543a9885604dc62a3d9dcc,2
466,d1c427060a0f73f6b889a5c7c61f2ac4,4
466,e44f675b60b3a3a2453ec36421e06f0f,2
466,e59dd207c69d86e890febadc796d1078,1
466,ed2067a9c1f79553088a3c67b99a9f97,1
466,ee0c1cf2fbeae95205b4aa506f1469f0,1
466,fb55982be901439613a95940feefd9ee,1
467,0bcc3eeca39e1064258aa1e932269894,2
467,19c91ef95d509ea33eda93495c4d3481,1
467,2948658cb6abc82847412be7201bfc4c,4
467,30ac6df06dc59ad72cf2f158fc2d904c,1
467,3dd2a17168ec895c781a9191c1e95ad7,3
467,3eef0cb94ba82de806bb30ab743c7655,2
467,3f14d740544f37ece8a9e7bc8349797e,1
467,3fbc0ef745950c7932d5f2a446189725,1
467,422879e10f46682990de24d770e7f83d,4
467,461f43be3bdf8844e65b62d9ac2c7a5a,1
467,4fe644d766c7566dbc46fb851363cb3b,1
467,53b36df67ebb7c41585e8d54d6772e08,6
467,54d9ac713e253fa1fae9c8003b011c2a,1
467,5a848e4ab52fd5445cdc07aab1c40e48,1
467,6cdd53843498f92890544667809f1595,1
467,6f3b5b605d91b7439c5e3f5a8dffeea7,1
467,781afe929e3016a667f5f439afd55fce,1
467,7a10781637204d8d10485c71a6108a2e,1
467,7fab1a1472fdd934397068931f63f3ca,1
467,8aa6223e400af9c97b07c75993142721,1
467,97017430754804328eb9597b7f85da03,1
467,a62e25e09e05e6faf31d90c6ec1aa3d1,3
467,aa280035c50ba62c746480a59045eec4,1
467,ab1f9387c0627dd24000bfbc54fdeee0,1
467,aca2eb7d00ea1a7b8ebd4e68314663af,1
467,bb50f2e236e5eea0100680137654686c,1
467,c9c6fde711572c1ad99ca12728c6af00,1
467,cd48f265a63e13b762601f5f794c5fca,1
467,d1c427060a0f73f6b889a5c7c61f2ac4,2
467,d285360f29ac7fd97640bf0baef03de0,2
467,e0cf79767c5b016251fe139915c59a26,1
467,e44f675b60b3a3a2453ec36421e06f0f,3
467,e9a69340883a438c3f91739d14d3a56d,1
467,ea44caac707f7f1325182a538007f838,1
467,f40876e0ef3cd5f9132b1f16b04b1346,1
468,0aabfb375647d9738ad0f7b4ea3653b1,2
468,1613b819ab5dae53aead2dbb4ebdb378,1
468,19c91ef95d509ea33eda93495c4d3481,1
468,2948658cb6abc82847412be7201bfc4c,5
468,2b4609f8948be18874494203496bc318,1
468,2ffdf10e724b958c0f7ea69e97d32f64,1
468,30ac6df06dc59ad72cf2f158fc2d904c,2
468,3354a4e684f5e7199f9407db70ccd92b,1
468,368c6c730842d78016ad823897a372db,1
468,36f60d45225e60c7da4558b070ce4b60,1
468,3f14d740544f37ece8a9e7bc8349797e,1
468,422879e10f46682990de24d770e7f83d,1
468,4aa6014eceb682077f9dc4bffebc05b0,1
468,52c80cedd4e90108bf4fa6a206ef6b03,1
468,53759a2ecddad2bb87a079a1f1519f73,1
468,53b36df67ebb7c41585e8d54d6772e08,12
468,64fb265487de2238627ce43fe8a67efc,2
468,6a8631b72a2f8729b91514db87e771c0,1
468,6f3b5b605d91b7439c5e3f5a8dffeea7,3
468,7a10781637204d8d10485c71a6108a2e,1
468,7c1bd920dbdf22470b68bde975dd3ccf,1
468,7fb04722aba7a2b632bac8f9819796f3,1
468,84f456958365164420cfc80fbe4c7fab,2
468,89321f94e35fc6d7903d36f74e351d40,1
468,8aa6223e400af9c97b07c75993142721,1
468,a62e25e09e05e6faf31d90c6ec1aa3d1,2
468,a92930c327948861c015c919a0bcb4a8,1
468,aca2eb7d00ea1a7b8ebd4e68314663af,3
468,b532349fe46b38fbc7bb3914c1bdae07,1
468,c3ba4e8d3cb30049213b682e751e9d00,3
468,d04857e7b4b708ee8b8b9921163edba3,1
468,d1c427060a0f73f6b889a5c7c61f2ac4,1
468,d285360f29ac7fd97640bf0baef03de0,1
468,dab2413ead0edda9967edbc9bda2a64e,1
468,ddceb6eef6af67e9fbbd4c148dbe5fd9,2
468,e0cf79767c5b016251fe139915c59a26,1
468,e44f675b60b3a3a2453ec36421e06f0f,1
468,e59dd207c69d86e890febadc796d1078,3
468,e9a69340883a438c3f91739d14d3a56d,1
468,ea44caac707f7f1325182a538007f838,1
468,eb8c629f70275fd1c4f809116cce1efc,2
468,f40876e0ef3cd5f9132b1f16b04b1346,2
468,fbc1488c1a1e72ba175f53ab29a248e8,1
469,06edb72f1e0c64b14c5b79353f7abea3,2
469,0bcc3eeca39e1064258aa1e932269894,1
469,18b0e642cbae7251e60a64aa07dd9eb9,1
469,2136c70bbe723d338fab53da3c03e6dc,2
469,25f86162fee18735fffdb762dcb10d7c,1
469,2948658cb6abc82847412be7201bfc4c,5
469,2a2d22ae30e026f1893083c8405ca522,1
469,2b4609f8948be18874494203496bc318,1
469,363218ba55c610b750224f90bdd34be1,2
469,368c6c730842d78016ad823897a372db,1
469,389d119b48cf3043d311335e499d9c6b,3
469,3dd2a17168ec895c781a9191c1e95ad7,2
469,3fbc0ef745950c7932d5f2a446189725,2
469,41c24b8ce92d1a2cac62db5edfd088b2,2
469,4298b7e67dc399c200662b569563a2b2,1
469,437c05a395e9e47f9762e677a7068ce7,1
469,461f43be3bdf8844e65b62d9ac2c7a5a,1
469,4b96786612ebe7463132fce2c4dca136,1
469,4fe644d766c7566dbc46fb851363cb3b,1
469,53759a2ecddad2bb87a079a1f1519f73,1
469,53b36df67ebb7c41585e8d54d6772e08,10
469,54d9ac713e253fa1fae9c8003b011c2a,1
469,595fac2a385ac33a80bd5114aec74eb8,1
469,64fb265487de2238627ce43fe8a67efc,1
469,7c1bd920dbdf22470b68bde975dd3ccf,1
469,7ce94ab189134e2d3c05f496d635419c,2
469,89321f94e35fc6d7903d36f74e351d40,2
469,8ed094bfe076c568f6bb10feada3f75d,6
469,928e52a9ad53a294fdcc91bcf59d1751,6
469,a62e25e09e05e6faf31d90c6ec1aa3d1,2
469,aca2eb7d00ea1a7b8ebd4e68314663af,5
469,c3ba4e8d3cb30049213b682e751e9d00,1
469,c9c6fde711572c1ad99ca12728c6af00,2
469,cac9e5692471a0700418aa3400b9b2b1,2
469,cd48f265a63e13b762601f5f794c5fca,1
469,d1c427060a0f73f6b889a5c7c61f2ac4,2
469,e53e557d5a159f5aa2c5e995dfdf244b,1
469,e59dd207c69d86e890febadc796d1078,1
469,ed2067a9c1f79553088a3c67b99a9f97,1
469,f7a17d2c51d9df89a4f1711c4ac17f33,1
470,0aabfb375647d9738ad0f7b4ea3653b1,1
470,2136c70bbe723d338fab53da3c03e6dc,1
470,2948658cb6abc82847412be7201bfc4c,1
470,2b4609f8948be18874494203496bc318,1
470,35afc973633aaeb6b877ff57b2793310,1
470,3fbc0ef745950c7932d5f2a446189725,1
470,41c24b8ce92d1a2cac62db5edfd088b2,2
470,422879e10f46682990de24d770e7f83d,2
470,43423cdffde7fda63d0414ed38c11a73,1
470,437c05a395e9e47f9762e677a7068ce7,1
470,461f43be3bdf8844e65b62d9ac2c7a5a,1
470,4aa6014eceb682077f9dc4bffebc05b0,1
470,4fe644d766c7566dbc46fb851363cb3b,3
470,52c80cedd4e90108bf4fa6a206ef6b03,1
470,53b36df67ebb7c41585e8d54d6772e08,1
470,54d9ac713e253fa1fae9c8003b011c2a,1
470,566a4f2c4385f36d15c00dfcaae132d1,1
470,6f3b5b605d91b7439c5e3f5a8dffeea7,3
470,78efe838c04bbc568be034082200ac20,1
470,7a10781637204d8d10485c71a6108a2e,3
470,7ce94ab189134e2d3c05f496d635419c,1
470,84f456958365164420cfc80fbe4c7fab,1
470,93c902b021a9e594f658ab1b0351602a,1
470,97017430754804328eb9597b7f85da03,2
470,a19b6951c75da43aad691622dd2f6abe,2
470,aa280035c50ba62c746480a59045eec4,1
470,aca2eb7d00ea1a7b8ebd4e68314663af,1
470,c3ba4e8d3cb30049213b682e751e9d00,1
470,c9c6fde711572c1ad99ca12728c6af00,1
470,d1c427060a0f73f6b889a5c7c61f2ac4,3
470,e0cf79767c5b016251fe139915c59a26,1
470,e0d64dcfaa3b6db5c54ca298ae101d05,1
470,e53e557d5a159f5aa2c5e995dfdf244b,1
470,e59dd207c69d86e890febadc796d1078,4
470,eb8c629f70275fd1c4f809116cce1efc,1
470,ed2067a9c1f79553088a3c67b99a9f97,1
470,ee406bf28024d97771c4b1e8b7e8e219,1
471,19c91ef95d509ea33eda93495c4d3481,3
471,368c6c730842d78016ad823897a372db,1
471,3fbc0ef745950c7932d5f2a446189725,1
471,41c24b8ce92d1a2cac62db5edfd088b2,3
471,422879e10f46682990de24d770e7f83d,2
471,4298b7e67dc399c200662b569563a2b2,1
471,43423cdffde7fda63d0414ed38c11a73,1
471,437c05a395e9e47f9762e677a7068ce7,3
471,461f43be3bdf8844e65b62d9ac2c7a5a,1
471,4aa6014eceb682077f9dc4bffebc05b0,2
471,4fe644d766c7566dbc46fb851363cb3b,1
471,6f3b5b605d91b7439c5e3f5a8dffeea7,1
471,78efe838c04bbc568be034082200ac20,1
471,7a10781637204d8d10485c71a6108a2e,2
471,7fb04722aba7a2b632bac8f9819796f3,1
471,8562e2c780a345b609e1b802d7e3e4ae,1
471,93c902b021a9e594f658ab1b0351602a,1
471,97017430754804328eb9597b7f85da03,1
471,99a4788cb24856965c36a24e339b6058,1
471,a92930c327948861c015c919a0bcb4a8,1
471,aca2eb7d00ea1a7b8ebd4e68314663af,2
471,d1c427060a0f73f6b889a5c7c61f2ac4,1
471,e0cf79767c5b016251fe139915c59a26,1
471,e59dd207c69d86e890febadc796d1078,1
471,fc1d8637c0268af3db482c14b7ef8e75,1
472,06edb72f1e0c64b14c5b79353f7abea3,1
472,1613b819ab5dae53aead2dbb4ebdb378,1
472,18b0e642cbae7251e60a64aa07dd9eb9,1
472,19421075ae0b585f2dc13ff149e2119d,5
472,19c91ef95d509ea33eda93495c4d3481,1
472,2948658cb6abc82847412be7201bfc4c,2
472,30ac6df06dc59ad72cf2f158fc2d904c,1
472,368c6c730842d78016ad823897a372db,4
472,389d119b48cf3043d311335e499d9c6b,4
472,3dd2a17168ec895c781a9191c1e95ad7,2
472,3fbc0ef745950c7932d5f2a446189725,2
472,41c24b8ce92d1a2cac62db5edfd088b2,3
472,422879e10f46682990de24d770e7f83d,3
472,437c05a395e9e47f9762e677a7068ce7,1
472,461f43be3bdf8844e65b62d9ac2c7a5a,1
472,4fe644d766c7566dbc46fb851363cb3b,1
472,52c80cedd4e90108bf4fa6a206ef6b03,1
472,53759a2ecddad2bb87a079a1f1519f73,4
472,53b36df67ebb7c41585e8d54d6772e08,4
472,54d9ac713e253fa1fae9c8003b011c2a,1
472,595fac2a385ac33a80bd5114aec74eb8,1
472,634256dbcd184b3757ffd7632c9fe52a,1
472,78efe838c04bbc568be034082200ac20,2
472,7fab1a1472fdd934397068931f63f3ca,1
472,89321f94e35fc6d7903d36f74e351d40,1
472,97017430754804328eb9597b7f85da03,1
472,99a4788cb24856965c36a24e339b6058,2
472,ab1f9387c0627dd24000bfbc54fdeee0,1
472,aca2eb7d00ea1a7b8ebd4e68314663af,1
472,bb50f2e236e5eea0100680137654686c,1
472,cac9e5692471a0700418aa3400b9b2b1,1
472,d1c427060a0f73f6b889a5c7c61f2ac4,5
472,d285360f29ac7fd97640bf0baef03de0,2
472,dab2413ead0edda9967edbc9bda2a64e,1
472,ddceb6eef6af67e9fbbd4c148dbe5fd9,2
472,e53e557d5a159f5aa2c5e995dfdf244b,1
472,ec2d43cc59763ec91694573b31f1c29a,1
472,ed2067a9c1f79553088a3c67b99a9f97,1
473,06edb72f1e0c64b14c5b79353f7abea3,1
473,0a57f7d2c983bcf8188589a5fea4a8da,2
473,19c91ef95d509ea33eda93495c4d3481,2
473,2948658cb6abc82847412be7201bfc4c,4
473,2ffdf10e724b958c0f7ea69e97d32f64,1
473,30ac6df06dc59ad72cf2f158fc2d904c,2
473,3354a4e684f5e7199f9407db70ccd92b,1
473,363218ba55c610b750224f90bdd34be1,1
473,368c6c730842d78016ad823897a372db,1
473,3dd2a17168ec895c781a9191c1e95ad7,3
473,3fbc0ef745950c7932d5f2a446189725,4
473,41c24b8ce92d1a2cac62db5edfd088b2,2
473,422879e10f46682990de24d770e7f83d,5
473,437c05a395e9e47f9762e677a7068ce7,4
473,4fe644d766c7566dbc46fb851363cb3b,2
473,53759a2ecddad2bb87a079a1f1519f73,1
473,53b36df67ebb7c41585e8d54d6772e08,9
473,54d9ac713e253fa1fae9c8003b011c2a,2
473,629e019a6f298a83aeecc7877964f935,1
473,634256dbcd184b3757ffd7632c9fe52a,1
473,6f3b5b605d91b7439c5e3f5a8dffeea7,4
473,777d2e438a1b645f3aec9bd57e92672c,1
473,7a10781637204d8d10485c71a6108a2e,2
473,8317b177579dd27ff068b83205e2169b,2
473,84f456958365164420cfc80fbe4c7fab,1
473,8562e2c780a345b609e1b802d7e3e4ae,2
473,8aa6223e400af9c97b07c75993142721,1
473,962a6951154f98f2c8e9a5b8b2bcf4a9,1
473,99a4788cb24856965c36a24e339b6058,1
473,ab1f9387c0627dd24000bfbc54fdeee0,1
473,aca2eb7d00ea1a7b8ebd4e68314663af,5
473,b5e13c9a353102f79c6206ff5cb61a50,1
473,bdc3291ab242ec1effc8eb0987850268,1
473,d2f5484cbffe4ca766301b21ab9246dd,1
473,e0cf79767c5b016251fe139915c59a26,1
473,e53e557d5a159f5aa2c5e995dfdf244b,2
473,eb8c629f70275fd1c4f809116cce1efc,3
473,fc1d8637c0268af3db482c14b7ef8e75,1
474,0bcc3eeca39e1064258aa1e932269894,1
474,130482add9fd75ccb6c57ba007694a2d,1
474,1613b819ab5dae53aead2dbb4ebdb378,2
474,19c91ef95d509ea33eda93495c4d3481,2
474,1bfb290d7273a442c874dbe74b4abae6,1
474,2948658cb6abc82847412be7201bfc4c,6
474,2a5806f10d0f00e5ad032dd2e3c8806e,1
474,2ffdf10e724b958c0f7ea69e97d32f64,1
474,368c6c730842d78016ad823897a372db,2
474,389d119b48cf3043d311335e499d9c6b,3
474,3dd2a17168ec895c781a9191c1e95ad7,2
474,3fbc0ef745950c7932d5f2a446189725,3
474,41c24b8ce92d1a2cac62db5edfd088b2,1
474,422879e10f46682990de24d770e7f83d,8
474,43423cdffde7fda63d0414ed38c11a73,1
474,437c05a395e9e47f9762e677a7068ce7,6
474,461f43be3bdf8844e65b62d9ac2c7a5a,2
474,4b96786612ebe7463132fce2c4dca136,1
474,53759a2ecddad2bb87a079a1f1519f73,3
474,53b36df67ebb7c41585e8d54d6772e08,6
474,54d9ac713e253fa1fae9c8003b011c2a,2
474,595fac2a385ac33a80bd5114aec74eb8,2
474,64fb265487de2238627ce43fe8a67efc,1
474,6f3b5b605d91b7439c5e3f5a8dffeea7,3
474,703d742887bb9267f89b675608ba7aa0,2
474,764292b2b0f73f77a0272be03fdd45f3,1
474,781afe929e3016a667f5f439afd55fce,2
474,7a10781637204d8d10485c71a6108a2e,1
474,7c1bd920dbdf22470b68bde975dd3ccf,1
474,7fab1a1472fdd934397068931f63f3ca,1
474,8317b177579dd27ff068b83205e2169b,1
474,8562e2c780a345b609e1b802d7e3e4ae,1
474,89321f94e35fc6d7903d36f74e351d40,1
474,8ed094bfe076c568f6bb10feada3f75d,1
474,962a6951154f98f2c8e9a5b8b2bcf4a9,2
474,a02d0123079f4ae96001ba2010d1a2df,1
474,a62e25e09e05e6faf31d90c6ec1aa3d1,4
474,aca2eb7d00ea1a7b8ebd4e68314663af,3
474,bb50f2e236e5eea0100680137654686c,1
474,cac9e5692471a0700418aa3400b9b2b1,1
474,d1c427060a0f73f6b889a5c7c61f2ac4,4
474,d285360f29ac7fd97640bf0baef03de0,2
474,d63c1011f49d98b976c352955b1c4bea,2
474,e0cf79767c5b016251fe139915c59a26,3
474,e44f675b60b3a3a2453ec36421e06f0f,1
474,e53e557d5a159f5aa2c5e995dfdf244b,1
474,ee0c1cf2fbeae95205b4aa506f1469f0,1
475,19421075ae0b585f2dc13ff149e2119d,1
475,30ac6df06dc59ad72cf2f158fc2d904c,2
475,368c6c730842d78016ad823897a372db,4
475,389d119b48cf3043d311335e499d9c6b,2
475,3dd2a17168ec895c781a9191c1e95ad7,1
475,3fbc0ef745950c7932d5f2a446189725,3
475,422879e10f46682990de24d770e7f83d,4
475,4298b7e67dc399c200662b569563a2b2,1
475,437c05a395e9e47f9762e677a7068ce7,1
475,53759a2ecddad2bb87a079a1f1519f73,2
475,53b36df67ebb7c41585e8d54d6772e08,13
475,566a4f2c4385f36d15c00dfcaae132d1,1
475,6f3b5b605d91b7439c5e3f5a8dffeea7,1
475,703d742887bb9267f89b675608ba7aa0,4
475,781afe929e3016a667f5f439afd55fce,1
475,7a10781637204d8d10485c71a6108a2e,1
475,7ce94ab189134e2d3c05f496d635419c,2
475,8317b177579dd27ff068b83205e2169b,2
475,89321f94e35fc6d7903d36f74e351d40,1
475,8c292ca193d326152e335d77176746f0,4
475,93c902b021a9e594f658ab1b0351602a,1
475,9545d45c37449ccbc376de3a04c66e71,1
475,99a4788cb24856965c36a24e339b6058,2
475,a62e25e09e05e6faf31d90c6ec1aa3d1,1
475,aa280035c50ba62c746480a59045eec4,1
475,ab1f9387c0627dd24000bfbc54fdeee0,1
475,aca2eb7d00ea1a7b8ebd4e68314663af,2
475,bb50f2e236e5eea0100680137654686c,1
475,c6336fa91fbd87c359e44f5dca5a90ed,1
475,c9c6fde711572c1ad99ca12728c6af00,1
475,cac9e5692471a0700418aa3400b9b2b1,1
475,d017a2151d543a9885604dc62a3d9dcc,1
475,d1c427060a0f73f6b889a5c7c61f2ac4,1
475,dab2413ead0edda9967edbc9bda2a64e,1
475,e0cf79767c5b016251fe139915c59a26,1
475,e59dd207c69d86e890febadc796d1078,1
475,e9a69340883a438c3f91739d14d3a56d,1
475,eb8c629f70275fd1c4f809116cce1efc,4
475,f71f42e2381752836563b70beb542f80,1
476,06edb72f1e0c64b14c5b79353f7abea3,2
476,11fd9d7ba552e1d28872e008acf1e050,1
476,154e7e31ebfa092203795c972e5804a6,1
476,1613b819ab5dae53aead2dbb4ebdb378,1
476,19c91ef95d509ea33eda93495c4d3481,5
476,2ffdf10e724b958c0f7ea69e97d32f64,1
476,3354a4e684f5e7199f9407db70ccd92b,1
476,368c6c730842d78016ad823897a372db,3
476,389d119b48cf3043d311335e499d9c6b,1
476,3dd2a17168ec895c781a9191c1e95ad7,1
476,3f14d740544f37ece8a9e7bc8349797e,1
476,3fbc0ef745950c7932d5f2a446189725,3
476,41c24b8ce92d1a2cac62db5edfd088b2,5
476,422879e10f46682990de24d770e7f83d,4
476,4298b7e67dc399c200662b569563a2b2,2
476,461f43be3bdf8844e65b62d9ac2c7a5a,1
476,4fe644d766c7566dbc46fb851363cb3b,1
476,53b36df67ebb7c41585e8d54d6772e08,7
476,6f3b5b605d91b7439c5e3f5a8dffeea7,1
476,7a10781637204d8d10485c71a6108a2e,2
476,84f456958365164420cfc80fbe4c7fab,1
476,8aa6223e400af9c97b07c75993142721,1
476,928e52a9ad53a294fdcc91bcf59d1751,1
476,93c902b021a9e594f658ab1b0351602a,1
476,97017430754804328eb9597b7f85da03,1
476,99a4788cb24856965c36a24e339b6058,3
476,9ecadb84c81da840dbf3564378b586e9,2
476,a02d0123079f4ae96001ba2010d1a2df,1
476,a62e25e09e05e6faf31d90c6ec1aa3d1,3
476,aca2eb7d00ea1a7b8ebd4e68314663af,5
476,c7fd13b5e515bffdab855d0812842edb,1
476,cec09725da5ed01471d9a505e7389d37,1
476,d017a2151d543a9885604dc62a3d9dcc,1
476,d1c427060a0f73f6b889a5c7c61f2ac4,3
476,d285360f29ac7fd97640bf0baef03de0,2
476,dab2413ead0edda9967edbc9bda2a64e,2
476,e0cf79767c5b016251fe139915c59a26,2
476,ea44caac707f7f1325182a538007f838,1
476,ee406bf28024d97771c4b1e8b7e8e219,2
476,fb55982be901439613a95940feefd9ee,1
477,06edb72f1e0c64b14c5b79353f7abea3,2
477,1613b819ab5dae53aead2dbb4ebdb378,1
477,19c91ef95d509ea33eda93495c4d3481,2
477,3354a4e684f5e7199f9407db70ccd92b,1
477,368c6c730842d78016ad823897a372db,1
477,389d119b48cf3043d311335e499d9c6b,1
477,3dd2a17168ec895c781a9191c1e95ad7,1
477,3fbc0ef745950c7932d5f2a446189725,1
477,41c24b8ce92d1a2cac62db5edfd088b2,1
477,422879e10f46682990de24d770e7f83d,1
477,437c05a395e9e47f9762e677a7068ce7,2
477,461f43be3bdf8844e65b62d9ac2c7a5a,2
477,4b96786612ebe7463132fce2c4dca136,1
477,4fe644d766c7566dbc46fb851363cb3b,1
477,53b36df67ebb7c41585e8d54d6772e08,12
477,595fac2a385ac33a80bd5114aec74eb8,2
477,6f3b5b605d91b7439c5e3f5a8dffeea7,2
477,703d742887bb9267f89b675608ba7aa0,4
477,78efe838c04bbc568be034082200ac20,1
477,7a10781637204d8d10485c71a6108a2e,1
477,7fab1a1472fdd934397068931f63f3ca,1
477,8317b177579dd27ff068b83205e2169b,1
477,84f456958365164420cfc80fbe4c7fab,1
477,8c292ca193d326152e335d77176746f0,1
477,93c902b021a9e594f658ab1b0351602a,1
477,962a6951154f98f2c8e9a5b8b2bcf4a9,1
477,97017430754804328eb9597b7f85da03,1
477,a62e25e09e05e6faf31d90c6ec1aa3d1,3
477,aca2eb7d00ea1a7b8ebd4e68314663af,2
477,b5e13c9a353102f79c6206ff5cb61a50,1
477,bb50f2e236e5eea0100680137654686c,1
477,c9c6fde711572c1ad99ca12728c6af00,1
477,d1c427060a0f73f6b889a5c7c61f2ac4,1
477,ddceb6eef6af67e9fbbd4c148dbe5fd9,1
477,e0cf79767c5b016251fe139915c59a26,2
477,e59dd207c69d86e890febadc796d1078,1
478,0aabfb375647d9738ad0f7b4ea3653b1,1
478,19c91ef95d509ea33eda93495c4d3481,3
478,3354a4e684f5e7199f9407db70ccd92b,1
478,363218ba55c610b750224f90bdd34be1,2
478,3dd2a17168ec895c781a9191c1e95ad7,1
478,3fbc0ef745950c7932d5f2a446189725,1
478,422879e10f46682990de24d770e7f83d,2
478,461f43be3bdf8844e65b62d9ac2c7a5a,1
478,4fe644d766c7566dbc46fb851363cb3b,1
478,53b36df67ebb7c41585e8d54d6772e08,6
478,634256dbcd184b3757ffd7632c9fe52a,1
478,6a8631b72a2f8729b91514db87e771c0,1
478,6f3b5b605d91b7439c5e3f5a8dffeea7,2
478,777d2e438a1b645f3aec9bd57e92672c,1
478,7a10781637204d8d10485c71a6108a2e,1
478,880be32f4db1d9f6e2bec38fb6ac23ab,1
478,aca2eb7d00ea1a7b8ebd4e68314663af,5
478,c7fd13b5e515bffdab855d0812842edb,2
478,cac9e5692471a0700418aa3400b9b2b1,1
478,d1c427060a0f73f6b889a5c7c61f2ac4,1
478,d285360f29ac7fd97640bf0baef03de0,1
478,e0cf79767c5b016251fe139915c59a26,1
478,ee406bf28024d97771c4b1e8b7e8e219,1
478,f7a17d2c51d9df89a4f1711c4ac17f33,1
479,0bcc3eeca39e1064258aa1e932269894,2
479,19421075ae0b585f2dc13ff149e2119d,1
479,2136c70bbe723d338fab53da3c03e6dc,1
479,25f86162fee18735fffdb762dcb10d7c,1
479,2b4609f8948be18874494203496bc318,2
479,35afc973633aaeb6b877ff57b2793310,4
479,363218ba55c610b750224f90bdd34be1,1
479,389d119b48cf3043d311335e499d9c6b,2
479,3fbc0ef745950c7932d5f2a446189725,3
479,422879e10f46682990de24d770e7f83d,3
479,437c05a395e9e47f9762e677a7068ce7,1
479,461f43be3bdf8844e65b62d9ac2c7a5a,1
479,4b96786612ebe7463132fce2c4dca136,2
479,4fe644d766c7566dbc46fb851363cb3b,1
479,52c80cedd4e90108bf4fa6a206ef6b03,2
479,53b36df67ebb7c41585e8d54d6772e08,14
479,634256dbcd184b3757ffd7632c9fe52a,1
479,6cdd53843498f92890544667809f1595,1
479,6f3b5b605d91b7439c5e3f5a8dffeea7,2
479,7a10781637204d8d10485c71a6108a2e,3
479,7c1bd920dbdf22470b68bde975dd3ccf,1
479,7ce94ab189134e2d3c05f496d635419c,1
479,7fb04722aba7a2b632bac8f9819796f3,1
479,8562e2c780a345b609e1b802d7e3e4ae,1
479,880be32f4db1d9f6e2bec38fb6ac23ab,1
479,89321f94e35fc6d7903d36f74e351d40,1
479,8ed094bfe076c568f6bb10feada3f75d,2
479,93c902b021a9e594f658ab1b0351602a,1
479,97017430754804328eb9597b7f85da03,2
479,a62e25e09e05e6faf31d90c6ec1aa3d1,2
479,aca2eb7d00ea1a7b8ebd4e68314663af,3
479,bb50f2e236e5eea0100680137654686c,2
479,bdc3291ab242ec1effc8eb0987850268,1
479,c9c6fde711572c1ad99ca12728c6af00,1
479,cac9e5692471a0700418aa3400b9b2b1,1
479,d1c427060a0f73f6b889a5c7c61f2ac4,2
479,dab2413ead0edda9967edbc9bda2a64e,1
479,e0d64dcfaa3b6db5c54ca298ae101d05,1
479,e59dd207c69d86e890febadc796d1078,3
479,e9a69340883a438c3f91739d14d3a56d,1
479,eb8c629f70275fd1c4f809116cce1efc,3
479,f40876e0ef3cd5f9132b1f16b04b1346,2
479,f7a17d2c51d9df89a4f1711c4ac17f33,1
479,fc1d8637c0268af3db482c14b7ef8e75,1
480,054515fd15bc1a2029f10de97ffa9120,1
480,1613b819ab5dae53aead2dbb4ebdb378,1
480,19c91ef95d509ea33eda93495c4d3481,1
480,2136c70bbe723d338fab53da3c03e6dc,2
480,30ac6df06dc59ad72cf2f158fc2d904c,1
480,3354a4e684f5e7199f9407db70ccd92b,2
480,363218ba55c610b750224f90bdd34be1,2
480,368c6c730842d78016ad823897a372db,1
480,389d119b48cf3043d311335e499d9c6b,2
480,3dd2a17168ec895c781a9191c1e95ad7,1
480,3fbc0ef745950c7932d5f2a446189725,4
480,437c05a395e9e47f9762e677a7068ce7,2
480,461f43be3bdf8844e65b62d9ac2c7a5a,3
480,53b36df67ebb7c41585e8d54d6772e08,21
480,595fac2a385ac33a80bd5114aec74eb8,1
480,634256dbcd184b3757ffd7632c9fe52a,1
480,6a8631b72a2f8729b91514db87e771c0,1
480,6cdd53843498f92890544667809f1595,1
480,6f3b5b605d91b7439c5e3f5a8dffeea7,3
480,78efe838c04bbc568be034082200ac20,2
480,7a10781637204d8d10485c71a6108a2e,2
480,7fb04722aba7a2b632bac8f9819796f3,1
480,84f456958365164420cfc80fbe4c7fab,2
480,89321f94e35fc6d7903d36f74e351d40,1
480,928e52a9ad53a294fdcc91bcf59d1751,2
480,93c902b021a9e594f658ab1b0351602a,1
480,962a6951154f98f2c8e9a5b8b2bcf4a9,2
480,a62e25e09e05e6faf31d90c6ec1aa3d1,1
480,aca2eb7d00ea1a7b8ebd4e68314663af,8
480,bb50f2e236e5eea0100680137654686c,1
480,d017a2151d543a9885604dc62a3d9dcc,2
480,d285360f29ac7fd97640bf0baef03de0,2
480,e0cf79767c5b016251fe139915c59a26,1
480,e0d64dcfaa3b6db5c54ca298ae101d05,1
480,e53e557d5a159f5aa2c5e995dfdf244b,1
480,ed2067a9c1f79553088a3c67b99a9f97,1
480,ee406bf28024d97771c4b1e8b7e8e219,1
480,f40876e0ef3cd5f9132b1f16b04b1346,1
480,f7a17d2c51d9df89a4f1711c4ac17f33,1
480,fc1d8637c0268af3db482c14b7ef8e75,1
481,0152f69b6cf919bcdaf117aa8c43e5a2,1
481,054515fd15bc1a2029f10de97ffa9120,1
481,18b0e642cbae7251e60a64aa07dd9eb9,1
481,19c91ef95d509ea33eda93495c4d3481,2
481,25f86162fee18735fffdb762dcb10d7c,2
481,2b4609f8948be18874494203496bc318,1
481,30ac6df06dc59ad72cf2f158fc2d904c,2
481,3354a4e684f5e7199f9407db70ccd92b,2
481,35afc973633aaeb6b877ff57b2793310,2
481,3dd2a17168ec895c781a9191c1e95ad7,7
481,3fbc0ef745950c7932d5f2a446189725,7
481,4413a608a42bd21bbf9d5abbd58c249a,1
481,461f43be3bdf8844e65b62d9ac2c7a5a,2
481,4aa6014eceb682077f9dc4bffebc05b0,1
481,53b36df67ebb7c41585e8d54d6772e08,9
481,595fac2a385ac33a80bd5114aec74eb8,3
481,6f3b5b605d91b7439c5e3f5a8dffeea7,1
481,777d2e438a1b645f3aec9bd57e92672c,1
481,7814c273ab16783d73a9863ebfa8b141,1
481,781afe929e3016a667f5f439afd55fce,1
481,7a10781637204d8d10485c71a6108a2e,3
481,7fb04722aba7a2b632bac8f9819796f3,1
481,84f456958365164420cfc80fbe4c7fab,1
481,880be32f4db1d9f6e2bec38fb6ac23ab,1
481,89321f94e35fc6d7903d36f74e351d40,1
481,8ed094bfe076c568f6bb10feada3f75d,5
481,928e52a9ad53a294fdcc91bcf59d1751,1
481,93c902b021a9e594f658ab1b0351602a,2
481,97017430754804328eb9597b7f85da03,1
481,99a4788cb24856965c36a24e339b6058,3
481,a62e25e09e05e6faf31d90c6ec1aa3d1,3
481,a92930c327948861c015c919a0bcb4a8,1
481,aa280035c50ba62c746480a59045eec4,1
481,ab1f9387c0627dd24000bfbc54fdeee0,2
481,aca2eb7d00ea1a7b8ebd4e68314663af,8
481,b5e13c9a353102f79c6206ff5cb61a50,1
481,bb50f2e236e5eea0100680137654686c,2
481,c4baedd846ed09b85f78a781b522f126,1
481,c9c6fde711572c1ad99ca12728c6af00,1
481,cec09725da5ed01471d9a505e7389d37,1
481,d017a2151d543a9885604dc62a3d9dcc,1
481,d04857e7b4b708ee8b8b9921163edba3,1
481,d1c427060a0f73f6b889a5c7c61f2ac4,2
481,d285360f29ac7fd97640bf0baef03de0,1
481,dab2413ead0edda9967edbc9bda2a64e,3
481,e0cf79767c5b016251fe139915c59a26,3
481,e0d64dcfaa3b6db5c54ca298ae101d05,3
481,e53e557d5a159f5aa2c5e995dfdf244b,1
481,e9a69340883a438c3f91739d14d3a56d,1
481,ed2067a9c1f79553088a3c67b99a9f97,1
481,ee0c1cf2fbeae95205b4aa506f1469f0,1
481,ee406bf28024d97771c4b1e8b7e8e219,1
481,f40876e0ef3cd5f9132b1f16b04b1346,3
481,fbce4c4cb307679d89a3bf3d3bb353b9,1
482,06edb72f1e0c64b14c5b79353f7abea3,1
482,0aabfb375647d9738ad0f7b4ea3653b1,1
482,154e7e31ebfa092203795c972e5804a6,1
482,18b0e642cbae7251e60a64aa07dd9eb9,1
482,19c91ef95d509ea33eda93495c4d3481,3
482,2b4609f8948be18874494203496bc318,2
482,3354a4e684f5e7199f9407db70ccd92b,1
482,35afc973633aaeb6b877ff57b2793310,1
482,3dd2a17168ec895c781a9191c1e95ad7,4
482,3fbc0ef745950c7932d5f2a446189725,7
482,422879e10f46682990de24d770e7f83d,3
482,43423cdffde7fda63d0414ed38c11a73,1
482,437c05a395e9e47f9762e677a7068ce7,3
482,461f43be3bdf8844e65b62d9ac2c7a5a,5
482,4aa6014eceb682077f9dc4bffebc05b0,2
482,4fe644d766c7566dbc46fb851363cb3b,1
482,53b36df67ebb7c41585e8d54d6772e08,5
482,566a4f2c4385f36d15c00dfcaae132d1,1
482,6a8631b72a2f8729b91514db87e771c0,1
482,6f3b5b605d91b7439c5e3f5a8dffeea7,4
482,8562e2c780a345b609e1b802d7e3e4ae,1
482,89321f94e35fc6d7903d36f74e351d40,1
482,8aa6223e400af9c97b07c75993142721,1
482,93c902b021a9e594f658ab1b0351602a,1
482,a62e25e09e05e6faf31d90c6ec1aa3d1,1
482,aca2eb7d00ea1a7b8ebd4e68314663af,5
482,bb50f2e236e5eea0100680137654686c,1
482,c3ba4e8d3cb30049213b682e751e9d00,1
482,cac9e5692471a0700418aa3400b9b2b1,1
482,cd48f265a63e13b762601f5f794c5fca,2
482,d1c427060a0f73f6b889a5c7c61f2ac4,1
482,d285360f29ac7fd97640bf0baef03de0,1
482,d2f5484cbffe4ca766301b21ab9246dd,1
482,ddceb6eef6af67e9fbbd4c148dbe5fd9,1
482,e0cf79767c5b016251fe139915c59a26,1
482,e0d64dcfaa3b6db5c54ca298ae101d05,3
482,eb8c629f70275fd1c4f809116cce1efc,3
482,ee406bf28024d97771c4b1e8b7e8e219,1
482,f40876e0ef3cd5f9132b1f16b04b1346,1
483,054515fd15bc1a2029f10de97ffa9120,2
483,1613b819ab5dae53aead2dbb4ebdb378,3
483,19c91ef95d509ea33eda93495c4d3481,3
483,2b4609f8948be18874494203496bc318,2
483,30ac6df06dc59ad72cf2f158fc2d904c,1
483,3354a4e684f5e7199f9407db70ccd92b,2
483,363218ba55c610b750224f90bdd34be1,1
483,368c6c730842d78016ad823897a372db,1
483,3dd2a17168ec895c781a9191c1e95ad7,3
483,3fbc0ef745950c7932d5f2a446189725,2
483,4413a608a42bd21bbf9d5abbd58c249a,1
483,461f43be3bdf8844e65b62d9ac2c7a5a,1
483,52c80cedd4e90108bf4fa6a206ef6b03,1
483,53759a2ecddad2bb87a079a1f1519f73,1
483,53b36df67ebb7c41585e8d54d6772e08,4
483,595fac2a385ac33a80bd5114aec74eb8,1
483,634256dbcd184b3757ffd7632c9fe52a,2
483,6cdd53843498f92890544667809f1595,3
483,781afe929e3016a667f5f439afd55fce,1
483,78efe838c04bbc568be034082200ac20,1
483,7ce94ab189134e2d3c05f496d635419c,1
483,7fab1a1472fdd934397068931f63f3ca,1
483,7fb04722aba7a2b632bac8f9819796f3,1
483,89321f94e35fc6d7903d36f74e351d40,1
483,89b121bee266dcd25688a1ba72eefb61,1
483,8c292ca193d326152e335d77176746f0,1
483,8c591ab0ca519558779df02023177f44,2
483,8ed094bfe076c568f6bb10feada3f75d,2
483,928e52a9ad53a294fdcc91bcf59d1751,3
483,9545d45c37449ccbc376de3a04c66e71,1
483,962a6951154f98f2c8e9a5b8b2bcf4a9,3
483,99a4788cb24856965c36a24e339b6058,1
483,b532349fe46b38fbc7bb3914c1bdae07,3
483,bb50f2e236e5eea0100680137654686c,1
483,bdc3291ab242ec1effc8eb0987850268,3
483,c3ba4e8d3cb30049213b682e751e9d00,1
483,c9c6fde711572c1ad99ca12728c6af00,1
483,cac9e5692471a0700418aa3400b9b2b1,1
483,d285360f29ac7fd97640bf0baef03de0,1
483,e0d64dcfaa3b6db5c54ca298ae101d05,1
483,e59dd207c69d86e890febadc796d1078,1
483,fb55982be901439613a95940feefd9ee,1
483,fbc1488c1a1e72ba175f53ab29a248e8,1
484,0a57f7d2c983bcf8188589a5fea4a8da,1
484,1613b819ab5dae53aead2dbb4ebdb378,1
484,3354a4e684f5e7199f9407db70ccd92b,1
484,368c6c730842d78016ad823897a372db,1
484,389d119b48cf3043d311335e499d9c6b,3
484,41c24b8ce92d1a2cac62db5edfd088b2,1
484,4fe644d766c7566dbc46fb851363cb3b,1
484,629e019a6f298a83aeecc7877964f935,3
484,6f3b5b605d91b7439c5e3f5a8dffeea7,1
484,7814c273ab16783d73a9863ebfa8b141,1
484,7a10781637204d8d10485c71a6108a2e,1
484,7ce94ab189134e2d3c05f496d635419c,1
484,7fb04722aba7a2b632bac8f9819796f3,1
484,89321f94e35fc6d7903d36f74e351d40,1
484,89b121bee266dcd25688a1ba72eefb61,3
484,8ed094bfe076c568f6bb10feada3f75d,1
484,962a6951154f98f2c8e9a5b8b2bcf4a9,1
484,9ecadb84c81da840dbf3564378b586e9,2
484,aca2eb7d00ea1a7b8ebd4e68314663af,2
484,bdc3291ab242ec1effc8eb0987850268,2
484,c1f5307decb89342351bec53668cffd9,1
484,c7fd13b5e515bffdab855d0812842edb,1
484,cac9e5692471a0700418aa3400b9b2b1,2
484,d017a2151d543a9885604dc62a3d9dcc,1
484,d1c427060a0f73f6b889a5c7c61f2ac4,2
484,d285360f29ac7fd97640bf0baef03de0,1
484,dab2413ead0edda9967edbc9bda2a64e,1
484,e0d64dcfaa3b6db5c54ca298ae101d05,1
484,e53e557d5a159f5aa2c5e995dfdf244b,2
484,e9a69340883a438c3f91739d14d3a56d,1
484,f71f42e2381752836563b70beb542f80,1
484,fbce4c4cb307679d89a3bf3d3bb353b9,1
485,054515fd15bc1a2029f10de97ffa9120,1
485,06edb72f1e0c64b14c5b79353f7abea3,2
485,0a57f7d2c983bcf8188589a5fea4a8da,1
485,0bcc3eeca39e1064258aa1e932269894,1
485,3354a4e684f5e7199f9407db70ccd92b,1
485,363218ba55c610b750224f90bdd34be1,1
485,41c24b8ce92d1a2cac62db5edfd088b2,2
485,4298b7e67dc399c200662b569563a2b2,1
485,4413a608a42bd21bbf9d5abbd58c249a,1
485,461f43be3bdf8844e65b62d9ac2c7a5a,1
485,4aa6014eceb682077f9dc4bffebc05b0,1
485,4fe644d766c7566dbc46fb851363cb3b,1
485,595fac2a385ac33a80bd5114aec74eb8,1
485,6a8631b72a2f8729b91514db87e771c0,1
485,6f3b5b605d91b7439c5e3f5a8dffeea7,3
485,781afe929e3016a667f5f439afd55fce,2
485,7c1bd920dbdf22470b68bde975dd3ccf,1
485,84f456958365164420cfc80fbe4c7fab,1
485,89321f94e35fc6d7903d36f74e351d40,1
485,89b121bee266dcd25688a1ba72eefb61,1
485,928e52a9ad53a294fdcc91bcf59d1751,1
485,93c902b021a9e594f658ab1b0351602a,1
485,97017430754804328eb9597b7f85da03,1
485,99a4788cb24856965c36a24e339b6058,1
485,a35a9f46dcee0a67c8c7ad8493eb4135,2
485,bdc3291ab242ec1effc8eb0987850268,1
485,dab2413ead0edda9967edbc9bda2a64e,1
485,e0cf79767c5b016251fe139915c59a26,1
485,e0d64dcfaa3b6db5c54ca298ae101d05,5
485,e44f675b60b3a3a2453ec36421e06f0f,1
485,fbc1488c1a1e72ba175f53ab29a248e8,2
485,fc1d8637c0268af3db482c14b7ef8e75,1
486,0a57f7d2c983bcf8188589a5fea4a8da,6
486,0aabfb375647d9738ad0f7b4ea3653b1,1
486,154e7e31ebfa092203795c972e5804a6,5
486,2b4609f8948be18874494203496bc318,2
486,3354a4e684f5e7199f9407db70ccd92b,1
486,389d119b48cf3043d311335e499d9c6b,2
486,3dd2a17168ec895c781a9191c1e95ad7,4
486,437c05a395e9e47f9762e677a7068ce7,3
486,461f43be3bdf8844e65b62d9ac2c7a5a,2
486,4fe644d766c7566dbc46fb851363cb3b,4
486,53b36df67ebb7c41585e8d54d6772e08,1
486,595fac2a385ac33a80bd5114aec74eb8,1
486,6f3b5b605d91b7439c5e3f5a8dffeea7,2
486,703d742887bb9267f89b675608ba7aa0,1
486,7814c273ab16783d73a9863ebfa8b141,1
486,7fab1a1472fdd934397068931f63f3ca,1
486,89321f94e35fc6d7903d36f74e351d40,5
486,89b121bee266dcd25688a1ba72eefb61,3
486,8c591ab0ca519558779df02023177f44,1
486,928e52a9ad53a294fdcc91bcf59d1751,1
486,97017430754804328eb9597b7f85da03,1
486,a02d0123079f4ae96001ba2010d1a2df,1
486,a62e25e09e05e6faf31d90c6ec1aa3d1,1
486,ab1f9387c0627dd24000bfbc54fdeee0,2
486,bb50f2e236e5eea0100680137654686c,1
486,bdc3291ab242ec1effc8eb0987850268,2
486,c3ba4e8d3cb30049213b682e751e9d00,1
486,c4baedd846ed09b85f78a781b522f126,1
486,d1c427060a0f73f6b889a5c7c61f2ac4,4
486,d285360f29ac7fd97640bf0baef03de0,3
486,ddceb6eef6af67e9fbbd4c148dbe5fd9,1
486,e0cf79767c5b016251fe139915c59a26,2
486,e53e557d5a159f5aa2c5e995dfdf244b,1
486,fbc1488c1a1e72ba175f53ab29a248e8,2
486,fc1d8637c0268af3db482c14b7ef8e75,1
487,06edb72f1e0c64b14c5b79353f7abea3,1
487,0a57f7d2c983bcf8188589a5fea4a8da,1
487,0bcc3eeca39e1064258aa1e932269894,1
487,1bfb290d7273a442c874dbe74b4abae6,1
487,2a5806f10d0f00e5ad032dd2e3c8806e,1
487,2b4609f8948be18874494203496bc318,2
487,3354a4e684f5e7199f9407db70ccd92b,1
487,35afc973633aaeb6b877ff57b2793310,2
487,363218ba55c610b750224f90bdd34be1,4
487,389d119b48cf3043d311335e499d9c6b,1
487,3dd2a17168ec895c781a9191c1e95ad7,5
487,422879e10f46682990de24d770e7f83d,1
487,437c05a395e9e47f9762e677a7068ce7,3
487,4b96786612ebe7463132fce2c4dca136,1
487,53b36df67ebb7c41585e8d54d6772e08,4
487,634256dbcd184b3757ffd7632c9fe52a,2
487,6a8631b72a2f8729b91514db87e771c0,1
487,6f3b5b605d91b7439c5e3f5a8dffeea7,1
487,703d742887bb9267f89b675608ba7aa0,1
487,777d2e438a1b645f3aec9bd57e92672c,2
487,7814c273ab16783d73a9863ebfa8b141,2
487,7ce94ab189134e2d3c05f496d635419c,1
487,8317b177579dd27ff068b83205e2169b,2
487,8562e2c780a345b609e1b802d7e3e4ae,1
487,89321f94e35fc6d7903d36f74e351d40,1
487,89b121bee266dcd25688a1ba72eefb61,8
487,8c591ab0ca519558779df02023177f44,2
487,93c902b021a9e594f658ab1b0351602a,1
487,962a6951154f98f2c8e9a5b8b2bcf4a9,1
487,97017430754804328eb9597b7f85da03,1
487,99a4788cb24856965c36a24e339b6058,2
487,ab1f9387c0627dd24000bfbc54fdeee0,1
487,b114bf337c0626166abe574eee9e3f32,5
487,b532349fe46b38fbc7bb3914c1bdae07,5
487,cd48f265a63e13b762601f5f794c5fca,1
487,d017a2151d543a9885604dc62a3d9dcc,1
487,d1c427060a0f73f6b889a5c7c61f2ac4,1
487,e53e557d5a159f5aa2c5e995dfdf244b,1
487,e9a69340883a438c3f91739d14d3a56d,1
487,ee406bf28024d97771c4b1e8b7e8e219,1
487,f7a17d2c51d9df89a4f1711c4ac17f33,2
487,fbc1488c1a1e72ba175f53ab29a248e8,1
488,054515fd15bc1a2029f10de97ffa9120,1
488,06edb72f1e0c64b14c5b79353f7abea3,1
488,2a5806f10d0f00e5ad032dd2e3c8806e,1
488,2b4609f8948be18874494203496bc318,2
488,3354a4e684f5e7199f9407db70ccd92b,3
488,363218ba55c610b750224f90bdd34be1,1
488,3dd2a17168ec895c781a9191c1e95ad7,3
488,422879e10f46682990de24d770e7f83d,2
488,437c05a395e9e47f9762e677a7068ce7,1
488,4fe644d766c7566dbc46fb851363cb3b,2
488,53b36df67ebb7c41585e8d54d6772e08,2
488,5b226d7c52f86ac72457617f78cff95d,1
488,629e019a6f298a83aeecc7877964f935,1
488,6cdd53843498f92890544667809f1595,1
488,703d742887bb9267f89b675608ba7aa0,2
488,777d2e438a1b645f3aec9bd57e92672c,1
488,78efe838c04bbc568be034082200ac20,3
488,84f456958365164420cfc80fbe4c7fab,1
488,8562e2c780a345b609e1b802d7e3e4ae,2
488,89321f94e35fc6d7903d36f74e351d40,2
488,89b121bee266dcd25688a1ba72eefb61,8
488,8c292ca193d326152e335d77176746f0,2
488,928e52a9ad53a294fdcc91bcf59d1751,6
488,93c902b021a9e594f658ab1b0351602a,1
488,99a4788cb24856965c36a24e339b6058,2
488,a62e25e09e05e6faf31d90c6ec1aa3d1,2
488,aca2eb7d00ea1a7b8ebd4e68314663af,5
488,b532349fe46b38fbc7bb3914c1bdae07,1
488,bb50f2e236e5eea0100680137654686c,1
488,c7fd13b5e515bffdab855d0812842edb,1
488,c9c6fde711572c1ad99ca12728c6af00,1
488,cac9e5692471a0700418aa3400b9b2b1,2
488,cec09725da5ed01471d9a505e7389d37,1
488,d017a2151d543a9885604dc62a3d9dcc,1
488,d285360f29ac7fd97640bf0baef03de0,2
488,ddceb6eef6af67e9fbbd4c148dbe5fd9,1
488,e03102efbc2229024c89be731f0aedcb,1
488,e0cf79767c5b016251fe139915c59a26,1
488,e0d64dcfaa3b6db5c54ca298ae101d05,2
488,e53e557d5a159f5aa2c5e995dfdf244b,2
488,e59dd207c69d86e890febadc796d1078,1
488,e9a69340883a438c3f91739d14d3a56d,2
488,ea44caac707f7f1325182a538007f838,1
488,ee406bf28024d97771c4b1e8b7e8e219,1
489,054515fd15bc1a2029f10de97ffa9120,1
489,06edb72f1e0c64b14c5b79353f7abea3,1
489,0a57f7d2c983bcf8188589a5fea4a8da,1
489,2b4609f8948be18874494203496bc318,1
489,3354a4e684f5e7199f9407db70ccd92b,2
489,363218ba55c610b750224f90bdd34be1,2
489,389d119b48cf3043d311335e499d9c6b,3
489,3dd2a17168ec895c781a9191c1e95ad7,2
489,422879e10f46682990de24d770e7f83d,1
489,53759a2ecddad2bb87a079a1f1519f73,2
489,595fac2a385ac33a80bd5114aec74eb8,2
489,6cdd53843498f92890544667809f1595,3
489,84f456958365164420cfc80fbe4c7fab,1
489,89321f94e35fc6d7903d36f74e351d40,1
489,89b121bee266dcd25688a1ba72eefb61,3
489,93c902b021a9e594f658ab1b0351602a,1
489,99a4788cb24856965c36a24e339b6058,1
489,aca2eb7d00ea1a7b8ebd4e68314663af,7
489,bb50f2e236e5eea0100680137654686c,2
489,c9c6fde711572c1ad99ca12728c6af00,1
489,cac9e5692471a0700418aa3400b9b2b1,1
489,d04857e7b4b708ee8b8b9921163edba3,1
489,dab2413ead0edda9967edbc9bda2a64e,2
489,e0d64dcfaa3b6db5c54ca298ae101d05,3
489,e44f675b60b3a3a2453ec36421e06f0f,1
489,ee406bf28024d97771c4b1e8b7e8e219,1
490,054515fd15bc1a2029f10de97ffa9120,1
490,06edb72f1e0c64b14c5b79353f7abea3,1
490,2a5806f10d0f00e5ad032dd2e3c8806e,1
490,3354a4e684f5e7199f9407db70ccd92b,1
490,363218ba55c610b750224f90bdd34be1,1
490,368c6c730842d78016ad823897a372db,2
490,389d119b48cf3043d311335e499d9c6b,4
490,3dd2a17168ec895c781a9191c1e95ad7,3
490,422879e10f46682990de24d770e7f83d,2
490,4aa6014eceb682077f9dc4bffebc05b0,1
490,4fe644d766c7566dbc46fb851363cb3b,2
490,629e019a6f298a83aeecc7877964f935,1
490,7814c273ab16783d73a9863ebfa8b141,1
490,78efe838c04bbc568be034082200ac20,1
490,89b121bee266dcd25688a1ba72eefb61,6
490,8aa6223e400af9c97b07c75993142721,1
490,a02d0123079f4ae96001ba2010d1a2df,1
490,a35a9f46dcee0a67c8c7ad8493eb4135,1
490,aca2eb7d00ea1a7b8ebd4e68314663af,2
490,bb50f2e236e5eea0100680137654686c,1
490,cac9e5692471a0700418aa3400b9b2b1,1
490,d285360f29ac7fd97640bf0baef03de0,1
490,dab2413ead0edda9967edbc9bda2a64e,1
490,e0d64dcfaa3b6db5c54ca298ae101d05,3
490,ec2d43cc59763ec91694573b31f1c29a,1
491,06edb72f1e0c64b14c5b79353f7abea3,2
491,0a57f7d2c983bcf8188589a5fea4a8da,4
491,0bcc3eeca39e1064258aa1e932269894,2
491,3354a4e684f5e7199f9407db70ccd92b,1
491,389d119b48cf3043d311335e499d9c6b,2
491,422879e10f46682990de24d770e7f83d,10
491,53b36df67ebb7c41585e8d54d6772e08,1
491,764292b2b0f73f77a0272be03fdd45f3,1
491,78efe838c04bbc568be034082200ac20,1
491,7fb04722aba7a2b632bac8f9819796f3,1
491,89321f94e35fc6d7903d36f74e351d40,1
491,89b121bee266dcd25688a1ba72eefb61,1
491,8ed094bfe076c568f6bb10feada3f75d,1
491,962a6951154f98f2c8e9a5b8b2bcf4a9,1
491,99a4788cb24856965c36a24e339b6058,1
491,aca2eb7d00ea1a7b8ebd4e68314663af,2
491,bb50f2e236e5eea0100680137654686c,1
491,c9c6fde711572c1ad99ca12728c6af00,1
491,d1c427060a0f73f6b889a5c7c61f2ac4,1
491,e0cf79767c5b016251fe139915c59a26,1
491,e0d64dcfaa3b6db5c54ca298ae101d05,1
492,054515fd15bc1a2029f10de97ffa9120,1
492,06edb72f1e0c64b14c5b79353f7abea3,2
492,0a57f7d2c983bcf8188589a5fea4a8da,1
492,11fd9d7ba552e1d28872e008acf1e050,1
492,2b4609f8948be18874494203496bc318,1
492,3354a4e684f5e7199f9407db70ccd92b,1
492,363218ba55c610b750224f90bdd34be1,1
492,368c6c730842d78016ad823897a372db,1
492,437c05a395e9e47f9762e677a7068ce7,3
492,4fe644d766c7566dbc46fb851363cb3b,1
492,703d742887bb9267f89b675608ba7aa0,3
492,781afe929e3016a667f5f439afd55fce,1
492,78efe838c04bbc568be034082200ac20,1
492,7ce94ab189134e2d3c05f496d635419c,1
492,84f456958365164420cfc80fbe4c7fab,1
492,89b121bee266dcd25688a1ba72eefb61,3
492,8aa6223e400af9c97b07c75993142721,1
492,8c591ab0ca519558779df02023177f44,1
492,8ed094bfe076c568f6bb10feada3f75d,2
492,a02d0123079f4ae96001ba2010d1a2df,1
492,a19b6951c75da43aad691622dd2f6abe,3
492,a35a9f46dcee0a67c8c7ad8493eb4135,1
492,a62e25e09e05e6faf31d90c6ec1aa3d1,1
492,ab1f9387c0627dd24000bfbc54fdeee0,1
492,aca2eb7d00ea1a7b8ebd4e68314663af,3
492,bdc3291ab242ec1effc8eb0987850268,3
492,d285360f29ac7fd97640bf0baef03de0,1
492,d2f5484cbffe4ca766301b21ab9246dd,1
492,e44f675b60b3a3a2453ec36421e06f0f,3
492,e9a69340883a438c3f91739d14d3a56d,1
492,fc1d8637c0268af3db482c14b7ef8e75,2
493,06edb72f1e0c64b14c5b79353f7abea3,2
493,35afc973633aaeb6b877ff57b2793310,1
493,368c6c730842d78016ad823897a372db,1
493,386486367c1f9d4f587a8864ccb6902b,1
493,389d119b48cf3043d311335e499d9c6b,2
493,3dd2a17168ec895c781a9191c1e95ad7,2
493,437c05a395e9e47f9762e677a7068ce7,1
493,4fe644d766c7566dbc46fb851363cb3b,1
493,595fac2a385ac33a80bd5114aec74eb8,3
493,703d742887bb9267f89b675608ba7aa0,1
493,781afe929e3016a667f5f439afd55fce,2
493,7fb04722aba7a2b632bac8f9819796f3,1
493,89321f94e35fc6d7903d36f74e351d40,2
493,89b121bee266dcd25688a1ba72eefb61,5
493,8c292ca193d326152e335d77176746f0,1
493,8ed094bfe076c568f6bb10feada3f75d,1
493,99a4788cb24856965c36a24e339b6058,1
493,a62e25e09e05e6faf31d90c6ec1aa3d1,6
493,aca2eb7d00ea1a7b8ebd4e68314663af,6
493,bdc3291ab242ec1effc8eb0987850268,3
493,c3ba4e8d3cb30049213b682e751e9d00,1
493,cec09725da5ed01471d9a505e7389d37,1
493,d1c427060a0f73f6b889a5c7c61f2ac4,1
493,d285360f29ac7fd97640bf0baef03de0,1
493,d2f5484cbffe4ca766301b21ab9246dd,1
493,d63c1011f49d98b976c352955b1c4bea,1
493,e03102efbc2229024c89be731f0aedcb,1
493,e0d64dcfaa3b6db5c54ca298ae101d05,2
494,0a57f7d2c983bcf8188589a5fea4a8da,1
494,3354a4e684f5e7199f9407db70ccd92b,1
494,35afc973633aaeb6b877ff57b2793310,1
494,363218ba55c610b750224f90bdd34be1,2
494,3dd2a17168ec895c781a9191c1e95ad7,1
494,422879e10f46682990de24d770e7f83d,1
494,53759a2ecddad2bb87a079a1f1519f73,1
494,595fac2a385ac33a80bd5114aec74eb8,1
494,781afe929e3016a667f5f439afd55fce,2
494,78efe838c04bbc568be034082200ac20,1
494,7fb04722aba7a2b632bac8f9819796f3,1
494,89321f94e35fc6d7903d36f74e351d40,1
494,89b121bee266dcd25688a1ba72eefb61,8
494,8aa6223e400af9c97b07c75993142721,1
494,8ed094bfe076c568f6bb10feada3f75d,1
494,a62e25e09e05e6faf31d90c6ec1aa3d1,7
494,aca2eb7d00ea1a7b8ebd4e68314663af,2
494,b114bf337c0626166abe574eee9e3f32,1
494,c9c6fde711572c1ad99ca12728c6af00,2
494,cd48f265a63e13b762601f5f794c5fca,1
494,d017a2151d543a9885604dc62a3d9dcc,2
494,fc1d8637c0268af3db482c14b7ef8e75,3
495,2a5806f10d0f00e5ad032dd2e3c8806e,1
495,3dd2a17168ec895c781a9191c1e95ad7,3
495,437c05a395e9e47f9762e677a7068ce7,3
495,777d2e438a1b645f3aec9bd57e92672c,1
495,781afe929e3016a667f5f439afd55fce,1
495,8c591ab0ca519558779df02023177f44,1
495,a62e25e09e05e6faf31d90c6ec1aa3d1,1
495,aca2eb7d00ea1a7b8ebd4e68314663af,7
495,b114bf337c0626166abe574eee9e3f32,1
495,cac9e5692471a0700418aa3400b9b2b1,1
495,cd48f265a63e13b762601f5f794c5fca,1
495,d2f5484cbffe4ca766301b21ab9246dd,1
496,1613b819ab5dae53aead2dbb4ebdb378,1
496,3354a4e684f5e7199f9407db70ccd92b,1
496,35afc973633aaeb6b877ff57b2793310,1
496,368c6c730842d78016ad823897a372db,2
496,422879e10f46682990de24d770e7f83d,7
496,78efe838c04bbc568be034082200ac20,1
496,84f456958365164420cfc80fbe4c7fab,1
496,99a4788cb24856965c36a24e339b6058,2
496,aca2eb7d00ea1a7b8ebd4e68314663af,1
496,bb50f2e236e5eea0100680137654686c,1
496,d285360f29ac7fd97640bf0baef03de0,1
496,dab2413ead0edda9967edbc9bda2a64e,1
497,1613b819ab5dae53aead2dbb4ebdb378,1
497,368c6c730842d78016ad823897a372db,1
497,422879e10f46682990de24d770e7f83d,1
497,53759a2ecddad2bb87a079a1f1519f73,1
497,84f456958365164420cfc80fbe4c7fab,1
497,928e52a9ad53a294fdcc91bcf59d1751,1
497,93c902b021a9e594f658ab1b0351602a,1
497,99a4788cb24856965c36a24e339b6058,1
497,a02d0123079f4ae96001ba2010d1a2df,1
497,ab1f9387c0627dd24000bfbc54fdeee0,1
497,aca2eb7d00ea1a7b8ebd4e68314663af,5
497,b114bf337c0626166abe574eee9e3f32,6
497,c9c6fde711572c1ad99ca12728c6af00,2
497,e0cf79767c5b016251fe139915c59a26,1
497,e9a69340883a438c3f91739d14d3a56d,1
497,eb8c629f70275fd1c4f809116cce1efc,2
498,2b4609f8948be18874494203496bc318,1
498,35afc973633aaeb6b877ff57b2793310,1
498,368c6c730842d78016ad823897a372db,2
498,3dd2a17168ec895c781a9191c1e95ad7,1
498,43423cdffde7fda63d0414ed38c11a73,2
498,53759a2ecddad2bb87a079a1f1519f73,4
498,634256dbcd184b3757ffd7632c9fe52a,1
498,64fb265487de2238627ce43fe8a67efc,1
498,6cdd53843498f92890544667809f1595,1
498,8c292ca193d326152e335d77176746f0,3
498,928e52a9ad53a294fdcc91bcf59d1751,1
498,99a4788cb24856965c36a24e339b6058,2
498,a92930c327948861c015c919a0bcb4a8,1
498,aca2eb7d00ea1a7b8ebd4e68314663af,3
498,bb50f2e236e5eea0100680137654686c,1
498,fc1d8637c0268af3db482c14b7ef8e75,1
499,06edb72f1e0c64b14c5b79353f7abea3,1
499,11fd9d7ba552e1d28872e008acf1e050,1
499,2a5806f10d0f00e5ad032dd2e3c8806e,1
499,3354a4e684f5e7199f9407db70ccd92b,1
499,368c6c730842d78016ad823897a372db,2
499,389d119b48cf3043d311335e499d9c6b,1
499,3dd2a17168ec895c781a9191c1e95ad7,1
499,461f43be3bdf8844e65b62d9ac2c7a5a,1
499,4b96786612ebe7463132fce2c4dca136,1
499,53759a2ecddad2bb87a079a1f1519f73,1
499,566a4f2c4385f36d15c00dfcaae132d1,1
499,78efe838c04bbc568be034082200ac20,1
499,8317b177579dd27ff068b83205e2169b,1
499,84f456958365164420cfc80fbe4c7fab,1
499,8c591ab0ca519558779df02023177f44,1
499,99a4788cb24856965c36a24e339b6058,1
499,a02d0123079f4ae96001ba2010d1a2df,1
499,a35a9f46dcee0a67c8c7ad8493eb4135,1
499,a62e25e09e05e6faf31d90c6ec1aa3d1,1
499,b0961721fd839e9982420e807758a2a6,1
499,b5e13c9a353102f79c6206ff5cb61a50,1
499,b623b7cb05ee3248fbe4a6ecbeed79a4,1
499,bb50f2e236e5eea0100680137654686c,1
499,eb8c629f70275fd1c4f809116cce1efc,4
500,054515fd15bc1a2029f10de97ffa9120,3
500,0bcc3eeca39e1064258aa1e932269894,2
500,18b0e642cbae7251e60a64aa07dd9eb9,1
500,84f456958365164420cfc80fbe4c7fab,1
500,8aa6223e400af9c97b07c75993142721,1
500,8c292ca193d326152e335d77176746f0,1
500,962a6951154f98f2c8e9a5b8b2bcf4a9,2
500,b532349fe46b38fbc7bb3914c1bdae07,2
500,b623b7cb05ee3248fbe4a6ecbeed79a4,2
500,d04857e7b4b708ee8b8b9921163edba3,2
500,e0cf79767c5b016251fe139915c59a26,1
500,e0d64dcfaa3b6db5c54ca298ae101d05,2
500,ec2d43cc59763ec91694573b31f1c29a,1
500,fc1d8637c0268af3db482c14b7ef8e75,1
501,054515fd15bc1a2029f10de97ffa9120,1
501,3354a4e684f5e7199f9407db70ccd92b,1
501,3dd2a17168ec895c781a9191c1e95ad7,1
501,422879e10f46682990de24d770e7f83d,1
501,53759a2ecddad2bb87a079a1f1519f73,1
501,64fb265487de2238627ce43fe8a67efc,1
501,7fb04722aba7a2b632bac8f9819796f3,1
501,a92930c327948861c015c919a0bcb4a8,1
501,aca2eb7d00ea1a7b8ebd4e68314663af,1
501,bb42f37fc3d9130e4a4339d24a47dd7c,1
501,c1f5307decb89342351bec53668cffd9,1
501,cac9e5692471a0700418aa3400b9b2b1,2
501,d04857e7b4b708ee8b8b9921163edba3,1
501,d2f5484cbffe4ca766301b21ab9246dd,1
501,dab2413ead0edda9967edbc9bda2a64e,1
501,ddceb6eef6af67e9fbbd4c148dbe5fd9,1
501,e0d64dcfaa3b6db5c54ca298ae101d05,3
501,f7a17d2c51d9df89a4f1711c4ac17f33,1
502,3dd2a17168ec895c781a9191c1e95ad7,2
502,41c24b8ce92d1a2cac62db5edfd088b2,1
502,43423cdffde7fda63d0414ed38c11a73,1
502,4fe644d766c7566dbc46fb851363cb3b,1
502,8317b177579dd27ff068b83205e2169b,1
502,928e52a9ad53a294fdcc91bcf59d1751,6
502,d1c427060a0f73f6b889a5c7c61f2ac4,1
502,d285360f29ac7fd97640bf0baef03de0,1
502,d63c1011f49d98b976c352955b1c4bea,1
502,dab2413ead0edda9967edbc9bda2a64e,1
502,fbce4c4cb307679d89a3bf3d3bb353b9,1
502,fc1d8637c0268af3db482c14b7ef8e75,1
503,054515fd15bc1a2029f10de97ffa9120,1
503,18b0e642cbae7251e60a64aa07dd9eb9,2
503,4fe644d766c7566dbc46fb851363cb3b,1
503,5b226d7c52f86ac72457617f78cff95d,1
503,7c1bd920dbdf22470b68bde975dd3ccf,1
503,8aa6223e400af9c97b07c75993142721,1
503,8ed094bfe076c568f6bb10feada3f75d,1
503,99a4788cb24856965c36a24e339b6058,2
503,a19b6951c75da43aad691622dd2f6abe,1
503,a92930c327948861c015c919a0bcb4a8,2
503,b0961721fd839e9982420e807758a2a6,3
503,c3ba4e8d3cb30049213b682e751e9d00,1
503,d017a2151d543a9885604dc62a3d9dcc,1
503,d04857e7b4b708ee8b8b9921163edba3,1
503,d285360f29ac7fd97640bf0baef03de0,2
503,e0d64dcfaa3b6db5c54ca298ae101d05,1
504,054515fd15bc1a2029f10de97ffa9120,1
504,2b4609f8948be18874494203496bc318,1
504,3354a4e684f5e7199f9407db70ccd92b,1
504,3dd2a17168ec895c781a9191c1e95ad7,1
504,5b226d7c52f86ac72457617f78cff95d,1
504,928e52a9ad53a294fdcc91bcf59d1751,3
504,a62e25e09e05e6faf31d90c6ec1aa3d1,1
504,a92930c327948861c015c919a0bcb4a8,5
504,bb50f2e236e5eea0100680137654686c,1
504,c1f5307decb89342351bec53668cffd9,1
504,c3ba4e8d3cb30049213b682e751e9d00,1
504,c7fd13b5e515bffdab855d0812842edb,2
504,cac9e5692471a0700418aa3400b9b2b1,2
504,dab2413ead0edda9967edbc9bda2a64e,1
504,e0d64dcfaa3b6db5c54ca298ae101d05,2
504,e9a69340883a438c3f91739d14d3a56d,1
504,f40876e0ef3cd5f9132b1f16b04b1346,1
504,fb55982be901439613a95940feefd9ee,1
504,fbc1488c1a1e72ba175f53ab29a248e8,1
504,fbce4c4cb307679d89a3bf3d3bb353b9,2
504,fc1d8637c0268af3db482c14b7ef8e75,1
505,1613b819ab5dae53aead2dbb4ebdb378,1
505,24c66f106f642621e524291a895c9032,3
505,2a2d22ae30e026f1893083c8405ca522,1
505,3354a4e684f5e7199f9407db70ccd92b,1
505,3dd2a17168ec895c781a9191c1e95ad7,1
505,3fbc0ef745950c7932d5f2a446189725,1
505,41c24b8ce92d1a2cac62db5edfd088b2,2
505,422879e10f46682990de24d770e7f83d,1
505,4b96786612ebe7463132fce2c4dca136,2
505,4fe644d766c7566dbc46fb851363cb3b,2
505,634256dbcd184b3757ffd7632c9fe52a,1
505,84f456958365164420cfc80fbe4c7fab,1
505,928e52a9ad53a294fdcc91bcf59d1751,1
505,b0961721fd839e9982420e807758a2a6,1
505,b532349fe46b38fbc7bb3914c1bdae07,2
505,d285360f29ac7fd97640bf0baef03de0,2
505,e0d64dcfaa3b6db5c54ca298ae101d05,3
505,ee0c1cf2fbeae95205b4aa506f1469f0,1
505,fbce4c4cb307679d89a3bf3d3bb353b9,1
506,0a57f7d2c983bcf8188589a5fea4a8da,1
506,1613b819ab5dae53aead2dbb4ebdb378,1
506,19c91ef95d509ea33eda93495c4d3481,1
506,25f86162fee18735fffdb762dcb10d7c,1
506,2b4609f8948be18874494203496bc318,1
506,368c6c730842d78016ad823897a372db,1
506,3dd2a17168ec895c781a9191c1e95ad7,1
506,3fbc0ef745950c7932d5f2a446189725,4
506,41c24b8ce92d1a2cac62db5edfd088b2,2
506,595fac2a385ac33a80bd5114aec74eb8,1
506,64fb265487de2238627ce43fe8a67efc,1
506,703d742887bb9267f89b675608ba7aa0,1
506,781afe929e3016a667f5f439afd55fce,2
506,78efe838c04bbc568be034082200ac20,1
506,8317b177579dd27ff068b83205e2169b,2
506,84f456958365164420cfc80fbe4c7fab,2
506,89321f94e35fc6d7903d36f74e351d40,1
506,a02d0123079f4ae96001ba2010d1a2df,1
506,a92930c327948861c015c919a0bcb4a8,1
506,ab1f9387c0627dd24000bfbc54fdeee0,1
506,b623b7cb05ee3248fbe4a6ecbeed79a4,1
506,bb50f2e236e5eea0100680137654686c,3
506,c3ba4e8d3cb30049213b682e751e9d00,1
506,d285360f29ac7fd97640bf0baef03de0,1
506,ddceb6eef6af67e9fbbd4c148dbe5fd9,1
507,130482add9fd75ccb6c57ba007694a2d,1
507,1613b819ab5dae53aead2dbb4ebdb378,1
507,19421075ae0b585f2dc13ff149e2119d,1
507,19c91ef95d509ea33eda93495c4d3481,4
507,24c66f106f642621e524291a895c9032,1
507,25f86162fee18735fffdb762dcb10d7c,1
507,3354a4e684f5e7199f9407db70ccd92b,1
507,368c6c730842d78016ad823897a372db,2
507,3dd2a17168ec895c781a9191c1e95ad7,2
507,3fbc0ef745950c7932d5f2a446189725,4
507,53759a2ecddad2bb87a079a1f1519f73,1
507,595fac2a385ac33a80bd5114aec74eb8,1
507,6cdd53843498f92890544667809f1595,1
507,7814c273ab16783d73a9863ebfa8b141,1
507,84f456958365164420cfc80fbe4c7fab,1
507,8ed094bfe076c568f6bb10feada3f75d,1
507,93c902b021a9e594f658ab1b0351602a,1
507,b0961721fd839e9982420e807758a2a6,2
507,bd6e6fce9ada76ea2db0f1912e8e478f,1
507,d1c427060a0f73f6b889a5c7c61f2ac4,3
507,d2f5484cbffe4ca766301b21ab9246dd,1
507,e0cf79767c5b016251fe139915c59a26,2
507,e0d64dcfaa3b6db5c54ca298ae101d05,1
507,ee0c1cf2fbeae95205b4aa506f1469f0,1
507,fbc1488c1a1e72ba175f53ab29a248e8,2
508,0152f69b6cf919bcdaf117aa8c43e5a2,1
508,06edb72f1e0c64b14c5b79353f7abea3,1
508,19c91ef95d509ea33eda93495c4d3481,4
508,24c66f106f642621e524291a895c9032,1
508,35afc973633aaeb6b877ff57b2793310,1
508,368c6c730842d78016ad823897a372db,2
508,389d119b48cf3043d311335e499d9c6b,1
508,3dd2a17168ec895c781a9191c1e95ad7,3
508,422879e10f46682990de24d770e7f83d,2
508,53759a2ecddad2bb87a079a1f1519f73,4
508,634256dbcd184b3757ffd7632c9fe52a,1
508,78efe838c04bbc568be034082200ac20,1
508,8562e2c780a345b609e1b802d7e3e4ae,1
508,89321f94e35fc6d7903d36f74e351d40,1
508,99a4788cb24856965c36a24e339b6058,1
508,a02d0123079f4ae96001ba2010d1a2df,1
508,bb42f37fc3d9130e4a4339d24a47dd7c,1
508,bb50f2e236e5eea0100680137654686c,1
508,bd6e6fce9ada76ea2db0f1912e8e478f,1
508,c3ba4e8d3cb30049213b682e751e9d00,1
508,cac9e5692471a0700418aa3400b9b2b1,1
508,d017a2151d543a9885604dc62a3d9dcc,1
508,d04857e7b4b708ee8b8b9921163edba3,2
508,fbce4c4cb307679d89a3bf3d3bb353b9,3
509,054515fd15bc1a2029f10de97ffa9120,1
509,0bcc3eeca39e1064258aa1e932269894,2
509,1613b819ab5dae53aead2dbb4ebdb378,1
509,19c91ef95d509ea33eda93495c4d3481,1
509,24c66f106f642621e524291a895c9032,1
509,3dd2a17168ec895c781a9191c1e95ad7,1
509,3fbc0ef745950c7932d5f2a446189725,1
509,41c24b8ce92d1a2cac62db5edfd088b2,1
509,461f43be3bdf8844e65b62d9ac2c7a5a,1
509,53759a2ecddad2bb87a079a1f1519f73,2
509,583f158587cdecda3e8bdea694021e39,1
509,595fac2a385ac33a80bd5114aec74eb8,1
509,6cdd53843498f92890544667809f1595,1
509,93c902b021a9e594f658ab1b0351602a,1
509,a62e25e09e05e6faf31d90c6ec1aa3d1,4
509,a92930c327948861c015c919a0bcb4a8,2
509,b532349fe46b38fbc7bb3914c1bdae07,2
509,bb42f37fc3d9130e4a4339d24a47dd7c,1
509,c1f5307decb89342351bec53668cffd9,1
509,c3ba4e8d3cb30049213b682e751e9d00,2
509,c4baedd846ed09b85f78a781b522f126,1
509,d04857e7b4b708ee8b8b9921163edba3,1
509,d1c427060a0f73f6b889a5c7c61f2ac4,1
509,dab2413ead0edda9967edbc9bda2a64e,1
509,fbce4c4cb307679d89a3bf3d3bb353b9,1
510,0bcc3eeca39e1064258aa1e932269894,1
510,19c91ef95d509ea33eda93495c4d3481,2
510,22c5ddc22ea8cae84fc9917def682dc6,1
510,2a5806f10d0f00e5ad032dd2e3c8806e,3
510,2b4609f8948be18874494203496bc318,1
510,3dd2a17168ec895c781a9191c1e95ad7,1
510,3f14d740544f37ece8a9e7bc8349797e,1
510,3fbc0ef745950c7932d5f2a446189725,1
510,41c24b8ce92d1a2cac62db5edfd088b2,1
510,4aa6014eceb682077f9dc4bffebc05b0,1
510,62d8daeee0db3a60c234c2d1bfd10651,1
510,634256dbcd184b3757ffd7632c9fe52a,2
510,64fb265487de2238627ce43fe8a67efc,2
510,6cdd53843498f92890544667809f1595,1
510,777d2e438a1b645f3aec9bd57e92672c,1
510,84f456958365164420cfc80fbe4c7fab,1
510,928e52a9ad53a294fdcc91bcf59d1751,2
510,a62e25e09e05e6faf31d90c6ec1aa3d1,2
510,a92930c327948861c015c919a0bcb4a8,1
510,bb50f2e236e5eea0100680137654686c,1
510,bdc3291ab242ec1effc8eb0987850268,1
510,d017a2151d543a9885604dc62a3d9dcc,1
510,d1c427060a0f73f6b889a5c7c61f2ac4,3
510,d2f5484cbffe4ca766301b21ab9246dd,1
510,d63c1011f49d98b976c352955b1c4bea,1
510,e0cf79767c5b016251fe139915c59a26,1
510,e53e557d5a159f5aa2c5e995dfdf244b,1
510,f40876e0ef3cd5f9132b1f16b04b1346,1
510,fbce4c4cb307679d89a3bf3d3bb353b9,3
511,1613b819ab5dae53aead2dbb4ebdb378,1
511,18b0e642cbae7251e60a64aa07dd9eb9,1
511,24c66f106f642621e524291a895c9032,1
511,3dd2a17168ec895c781a9191c1e95ad7,1
511,4298b7e67dc399c200662b569563a2b2,1
511,4fe644d766c7566dbc46fb851363cb3b,2
511,595fac2a385ac33a80bd5114aec74eb8,1
511,634256dbcd184b3757ffd7632c9fe52a,1
511,6cdd53843498f92890544667809f1595,1
511,78efe838c04bbc568be034082200ac20,1
511,84f456958365164420cfc80fbe4c7fab,1
511,928e52a9ad53a294fdcc91bcf59d1751,1
511,99a4788cb24856965c36a24e339b6058,1
511,a62e25e09e05e6faf31d90c6ec1aa3d1,1
511,b532349fe46b38fbc7bb3914c1bdae07,2
511,c4baedd846ed09b85f78a781b522f126,1
511,c9c6fde711572c1ad99ca12728c6af00,1
511,d017a2151d543a9885604dc62a3d9dcc,1
511,d04857e7b4b708ee8b8b9921163edba3,1
511,d1c427060a0f73f6b889a5c7c61f2ac4,1
511,d63c1011f49d98b976c352955b1c4bea,2
511,ddceb6eef6af67e9fbbd4c148dbe5fd9,1
511,e0cf79767c5b016251fe139915c59a26,1
511,ed2067a9c1f79553088a3c67b99a9f97,1
512,19c91ef95d509ea33eda93495c4d3481,2
512,24c66f106f642621e524291a895c9032,1
512,2b4609f8948be18874494203496bc318,1
512,389d119b48cf3043d311335e499d9c6b,1
512,3dd2a17168ec895c781a9191c1e95ad7,1
512,437c05a395e9e47f9762e677a7068ce7,1
512,54d9ac713e253fa1fae9c8003b011c2a,1
512,566a4f2c4385f36d15c00dfcaae132d1,1
512,595fac2a385ac33a80bd5114aec74eb8,1
512,64fb265487de2238627ce43fe8a67efc,1
512,781afe929e3016a667f5f439afd55fce,1
512,8317b177579dd27ff068b83205e2169b,2
512,8c292ca193d326152e335d77176746f0,1
512,928e52a9ad53a294fdcc91bcf59d1751,1
512,99a4788cb24856965c36a24e339b6058,2
512,9ecadb84c81da840dbf3564378b586e9,2
512,a02d0123079f4ae96001ba2010d1a2df,1
512,bb50f2e236e5eea0100680137654686c,2
512,c1f5307decb89342351bec53668cffd9,1
512,d04857e7b4b708ee8b8b9921163edba3,1
512,d1c427060a0f73f6b889a5c7c61f2ac4,2
512,ddceb6eef6af67e9fbbd4c148dbe5fd9,1
512,e0d64dcfaa3b6db5c54ca298ae101d05,2
512,ed2067a9c1f79553088a3c67b99a9f97,1
512,f40876e0ef3cd5f9132b1f16b04b1346,1
512,fbce4c4cb307679d89a3bf3d3bb353b9,3
512,fc1d8637c0268af3db482c14b7ef8e75,1
513,19c91ef95d509ea33eda93495c4d3481,1
513,2948658cb6abc82847412be7201bfc4c,3
513,3354a4e684f5e7199f9407db70ccd92b,1
513,35afc973633aaeb6b877ff57b2793310,1
513,3dd2a17168ec895c781a9191c1e95ad7,2
513,41c24b8ce92d1a2cac62db5edfd088b2,1
513,52c80cedd4e90108bf4fa6a206ef6b03,1
513,5d66715cc928aadd0074f61332698593,1
513,6cdd53843498f92890544667809f1595,1
513,703d742887bb9267f89b675608ba7aa0,1
513,99a4788cb24856965c36a24e339b6058,3
513,d63c1011f49d98b976c352955b1c4bea,1
513,ddceb6eef6af67e9fbbd4c148dbe5fd9,1
513,fbce4c4cb307679d89a3bf3d3bb353b9,1
514,1613b819ab5dae53aead2dbb4ebdb378,2
514,19c91ef95d509ea33eda93495c4d3481,1
514,2948658cb6abc82847412be7201bfc4c,2
514,368c6c730842d78016ad823897a372db,2
514,389d119b48cf3043d311335e499d9c6b,1
514,3dd2a17168ec895c781a9191c1e95ad7,1
514,3fbc0ef745950c7932d5f2a446189725,3
514,41c24b8ce92d1a2cac62db5edfd088b2,1
514,437c05a395e9e47f9762e677a7068ce7,1
514,4b96786612ebe7463132fce2c4dca136,1
514,4c2394abfbac7ff59ec7a420918562fa,2
514,4fe644d766c7566dbc46fb851363cb3b,1
514,595fac2a385ac33a80bd5114aec74eb8,3
514,5d66715cc928aadd0074f61332698593,3
514,64fb265487de2238627ce43fe8a67efc,1
514,777d2e438a1b645f3aec9bd57e92672c,1
514,7814c273ab16783d73a9863ebfa8b141,2
514,8562e2c780a345b609e1b802d7e3e4ae,2
514,89321f94e35fc6d7903d36f74e351d40,3
514,93c902b021a9e594f658ab1b0351602a,1
514,97017430754804328eb9597b7f85da03,1
514,99a4788cb24856965c36a24e339b6058,3
514,a62e25e09e05e6faf31d90c6ec1aa3d1,4
514,c3ba4e8d3cb30049213b682e751e9d00,1
514,cec09725da5ed01471d9a505e7389d37,1
514,d017a2151d543a9885604dc62a3d9dcc,1
514,d04857e7b4b708ee8b8b9921163edba3,2
514,d1c427060a0f73f6b889a5c7c61f2ac4,1
514,d2f5484cbffe4ca766301b21ab9246dd,1
514,d63c1011f49d98b976c352955b1c4bea,1
514,ddceb6eef6af67e9fbbd4c148dbe5fd9,1
514,e0d64dcfaa3b6db5c54ca298ae101d05,1
515,06edb72f1e0c64b14c5b79353f7abea3,1
515,19421075ae0b585f2dc13ff149e2119d,1
515,24c66f106f642621e524291a895c9032,2
515,2ffdf10e724b958c0f7ea69e97d32f64,1
515,389d119b48cf3043d311335e499d9c6b,1
515,3dd2a17168ec895c781a9191c1e95ad7,2
515,4fe644d766c7566dbc46fb851363cb3b,2
515,52c80cedd4e90108bf4fa6a206ef6b03,3
515,595fac2a385ac33a80bd5114aec74eb8,1
515,5d66715cc928aadd0074f61332698593,1
515,634256dbcd184b3757ffd7632c9fe52a,1
515,84f456958365164420cfc80fbe4c7fab,1
515,8c591ab0ca519558779df02023177f44,1
515,93c902b021a9e594f658ab1b0351602a,1
515,97017430754804328eb9597b7f85da03,1
515,a92930c327948861c015c919a0bcb4a8,2
515,ab1f9387c0627dd24000bfbc54fdeee0,1
515,b532349fe46b38fbc7bb3914c1bdae07,3
515,c3ba4e8d3cb30049213b682e751e9d00,1
515,c4baedd846ed09b85f78a781b522f126,1
515,c6336fa91fbd87c359e44f5dca5a90ed,1
515,d1c427060a0f73f6b889a5c7c61f2ac4,5
515,dab2413ead0edda9967edbc9bda2a64e,1
515,ddceb6eef6af67e9fbbd4c148dbe5fd9,1
515,e0d64dcfaa3b6db5c54ca298ae101d05,2
515,fbce4c4cb307679d89a3bf3d3bb353b9,2
516,1613b819ab5dae53aead2dbb4ebdb378,1
516,24c66f106f642621e524291a895c9032,4
516,2b4609f8948be18874494203496bc318,4
516,3354a4e684f5e7199f9407db70ccd92b,1
516,363218ba55c610b750224f90bdd34be1,1
516,437c05a395e9e47f9762e677a7068ce7,1
516,4b96786612ebe7463132fce2c4dca136,1
516,4fe644d766c7566dbc46fb851363cb3b,2
516,634256dbcd184b3757ffd7632c9fe52a,1
516,64fb265487de2238627ce43fe8a67efc,1
516,6cdd53843498f92890544667809f1595,4
516,7c1bd920dbdf22470b68bde975dd3ccf,1
516,84f456958365164420cfc80fbe4c7fab,1
516,89321f94e35fc6d7903d36f74e351d40,1
516,8c591ab0ca519558779df02023177f44,1
516,99a4788cb24856965c36a24e339b6058,1
516,a92930c327948861c015c919a0bcb4a8,4
516,bb50f2e236e5eea0100680137654686c,1
516,c4baedd846ed09b85f78a781b522f126,1
516,c6336fa91fbd87c359e44f5dca5a90ed,1
516,d04857e7b4b708ee8b8b9921163edba3,1
516,d63c1011f49d98b976c352955b1c4bea,1
516,e0d64dcfaa3b6db5c54ca298ae101d05,1
516,eb8c629f70275fd1c4f809116cce1efc,2
516,fbce4c4cb307679d89a3bf3d3bb353b9,1
516,fe01b643060a6446e59f58e3021e66b3,2
517,1613b819ab5dae53aead2dbb4ebdb378,1
517,19c91ef95d509ea33eda93495c4d3481,2
517,2fea0f2cec6b6324a277d4a61c2ed2c6,1
517,52c80cedd4e90108bf4fa6a206ef6b03,1
517,781afe929e3016a667f5f439afd55fce,1
517,84f456958365164420cfc80fbe4c7fab,1
517,8562e2c780a345b609e1b802d7e3e4ae,1
517,93c902b021a9e594f658ab1b0351602a,1
517,99a4788cb24856965c36a24e339b6058,2
517,a62e25e09e05e6faf31d90c6ec1aa3d1,2
517,a92930c327948861c015c919a0bcb4a8,1
517,bb42f37fc3d9130e4a4339d24a47dd7c,1
517,bb50f2e236e5eea0100680137654686c,1
517,bd6e6fce9ada76ea2db0f1912e8e478f,1
517,cac9e5692471a0700418aa3400b9b2b1,1
517,d04857e7b4b708ee8b8b9921163edba3,1
517,d285360f29ac7fd97640bf0baef03de0,1
517,e0cf79767c5b016251fe139915c59a26,1
517,e53e557d5a159f5aa2c5e995dfdf244b,2
517,fbc1488c1a1e72ba175f53ab29a248e8,2
517,fc1d8637c0268af3db482c14b7ef8e75,1
518,06edb72f1e0c64b14c5b79353f7abea3,2
518,0a57f7d2c983bcf8188589a5fea4a8da,2
518,18b0e642cbae7251e60a64aa07dd9eb9,1
518,24c66f106f642621e524291a895c9032,1
518,2b4609f8948be18874494203496bc318,1
518,2fea0f2cec6b6324a277d4a61c2ed2c6,1
518,2ffdf10e724b958c0f7ea69e97d32f64,1
518,3dd2a17168ec895c781a9191c1e95ad7,1
518,41c24b8ce92d1a2cac62db5edfd088b2,1
518,437c05a395e9e47f9762e677a7068ce7,1
518,4fe644d766c7566dbc46fb851363cb3b,2
518,634256dbcd184b3757ffd7632c9fe52a,2
518,781afe929e3016a667f5f439afd55fce,1
518,78efe838c04bbc568be034082200ac20,1
518,8ed094bfe076c568f6bb10feada3f75d,1
518,928e52a9ad53a294fdcc91bcf59d1751,1
518,93c902b021a9e594f658ab1b0351602a,1
518,99a4788cb24856965c36a24e339b6058,1
518,a92930c327948861c015c919a0bcb4a8,1
518,bb50f2e236e5eea0100680137654686c,1
518,c3ba4e8d3cb30049213b682e751e9d00,1
518,ddceb6eef6af67e9fbbd4c148dbe5fd9,1
518,e44f675b60b3a3a2453ec36421e06f0f,1
518,fb55982be901439613a95940feefd9ee,1
518,fbc1488c1a1e72ba175f53ab29a248e8,1
519,0a57f7d2c983bcf8188589a5fea4a8da,1
519,18b0e642cbae7251e60a64aa07dd9eb9,1
519,2ffdf10e724b958c0f7ea69e97d32f64,1
519,3dd2a17168ec895c781a9191c1e95ad7,1
519,3f14d740544f37ece8a9e7bc8349797e,1
519,3fbc0ef745950c7932d5f2a446189725,2
519,422879e10f46682990de24d770e7f83d,1
519,4b96786612ebe7463132fce2c4dca136,1
519,62d8daeee0db3a60c234c2d1bfd10651,1
519,703d742887bb9267f89b675608ba7aa0,1
519,7814c273ab16783d73a9863ebfa8b141,1
519,781afe929e3016a667f5f439afd55fce,1
519,c4baedd846ed09b85f78a781b522f126,1
519,cd48f265a63e13b762601f5f794c5fca,1
519,d017a2151d543a9885604dc62a3d9dcc,1
519,d1c427060a0f73f6b889a5c7c61f2ac4,2
519,ddceb6eef6af67e9fbbd4c148dbe5fd9,1
519,ee0c1cf2fbeae95205b4aa506f1469f0,1
519,f35927953ed82e19d06ad3aac2f06353,1
519,fbce4c4cb307679d89a3bf3d3bb353b9,1
520,06edb72f1e0c64b14c5b79353f7abea3,1
520,0a57f7d2c983bcf8188589a5fea4a8da,2
520,19c91ef95d509ea33eda93495c4d3481,1
520,2b4609f8948be18874494203496bc318,1
520,2fea0f2cec6b6324a277d4a61c2ed2c6,2
520,368c6c730842d78016ad823897a372db,1
520,3fbc0ef745950c7932d5f2a446189725,1
520,41c24b8ce92d1a2cac62db5edfd088b2,1
520,4fe644d766c7566dbc46fb851363cb3b,1
520,64fb265487de2238627ce43fe8a67efc,1
520,781afe929e3016a667f5f439afd55fce,1
520,8c591ab0ca519558779df02023177f44,1
520,a62e25e09e05e6faf31d90c6ec1aa3d1,1
520,a92930c327948861c015c919a0bcb4a8,3
520,ab1f9387c0627dd24000bfbc54fdeee0,4
520,d04857e7b4b708ee8b8b9921163edba3,1
520,ddceb6eef6af67e9fbbd4c148dbe5fd9,1
520,e03102efbc2229024c89be731f0aedcb,3
520,fbc1488c1a1e72ba175f53ab29a248e8,2
521,0152f69b6cf919bcdaf117aa8c43e5a2,2
521,0a57f7d2c983bcf8188589a5fea4a8da,3
521,18b0e642cbae7251e60a64aa07dd9eb9,2
521,19c91ef95d509ea33eda93495c4d3481,3
521,2b4609f8948be18874494203496bc318,1
521,2fea0f2cec6b6324a277d4a61c2ed2c6,3
521,2ffdf10e724b958c0f7ea69e97d32f64,1
521,3dd2a17168ec895c781a9191c1e95ad7,1
521,41c24b8ce92d1a2cac62db5edfd088b2,1
521,4fe644d766c7566dbc46fb851363cb3b,1
521,53b36df67ebb7c41585e8d54d6772e08,2
521,566a4f2c4385f36d15c00dfcaae132d1,1
521,62d8daeee0db3a60c234c2d1bfd10651,1
521,7814c273ab16783d73a9863ebfa8b141,1
521,781afe929e3016a667f5f439afd55fce,2
521,78efe838c04bbc568be034082200ac20,1
521,7c1bd920dbdf22470b68bde975dd3ccf,1
521,962a6951154f98f2c8e9a5b8b2bcf4a9,1
521,99a4788cb24856965c36a24e339b6058,1
521,a19b6951c75da43aad691622dd2f6abe,2
521,a62e25e09e05e6faf31d90c6ec1aa3d1,5
521,a92930c327948861c015c919a0bcb4a8,2
521,b114bf337c0626166abe574eee9e3f32,1
521,cac9e5692471a0700418aa3400b9b2b1,1
521,d2f5484cbffe4ca766301b21ab9246dd,1
521,e0d64dcfaa3b6db5c54ca298ae101d05,1
521,fc1d8637c0268af3db482c14b7ef8e75,2
522,0aabfb375647d9738ad0f7b4ea3653b1,1
522,0d85c435fd60b277ffb9e9b0f88f927a,2
522,18b0e642cbae7251e60a64aa07dd9eb9,3
522,19c91ef95d509ea33eda93495c4d3481,2
522,2fea0f2cec6b6324a277d4a61c2ed2c6,4
522,35afc973633aaeb6b877ff57b2793310,1
522,595fac2a385ac33a80bd5114aec74eb8,1
522,629e019a6f298a83aeecc7877964f935,1
522,6cdd53843498f92890544667809f1595,1
522,703d742887bb9267f89b675608ba7aa0,2
522,781afe929e3016a667f5f439afd55fce,1
522,84f456958365164420cfc80fbe4c7fab,1
522,89321f94e35fc6d7903d36f74e351d40,1
522,928e52a9ad53a294fdcc91bcf59d1751,2
522,93c902b021a9e594f658ab1b0351602a,1
522,99a4788cb24856965c36a24e339b6058,1
522,a62e25e09e05e6faf31d90c6ec1aa3d1,3
522,a92930c327948861c015c919a0bcb4a8,4
522,aca2eb7d00ea1a7b8ebd4e68314663af,2
522,cac9e5692471a0700418aa3400b9b2b1,1
522,d017a2151d543a9885604dc62a3d9dcc,1
522,d04857e7b4b708ee8b8b9921163edba3,1
522,d1c427060a0f73f6b889a5c7c61f2ac4,1
522,fc1d8637c0268af3db482c14b7ef8e75,1
523,054515fd15bc1a2029f10de97ffa9120,1
523,154e7e31ebfa092203795c972e5804a6,1
523,18b0e642cbae7251e60a64aa07dd9eb9,1
523,19c91ef95d509ea33eda93495c4d3481,3
523,2fea0f2cec6b6324a277d4a61c2ed2c6,4
523,368c6c730842d78016ad823897a372db,4
523,36f60d45225e60c7da4558b070ce4b60,2
523,3dd2a17168ec895c781a9191c1e95ad7,1
523,3fbc0ef745950c7932d5f2a446189725,2
523,41c24b8ce92d1a2cac62db5edfd088b2,1
523,4298b7e67dc399c200662b569563a2b2,2
523,437c05a395e9e47f9762e677a7068ce7,1
523,595fac2a385ac33a80bd5114aec74eb8,2
523,703d742887bb9267f89b675608ba7aa0,1
523,78efe838c04bbc568be034082200ac20,1
523,84f456958365164420cfc80fbe4c7fab,1
523,8c591ab0ca519558779df02023177f44,2
523,93c902b021a9e594f658ab1b0351602a,1
523,a62e25e09e05e6faf31d90c6ec1aa3d1,1
523,a92930c327948861c015c919a0bcb4a8,2
523,b114bf337c0626166abe574eee9e3f32,1
523,c9c6fde711572c1ad99ca12728c6af00,1
523,d1c427060a0f73f6b889a5c7c61f2ac4,2
523,d2f5484cbffe4ca766301b21ab9246dd,1
523,e0cf79767c5b016251fe139915c59a26,1
523,e53e557d5a159f5aa2c5e995dfdf244b,2
523,f35927953ed82e19d06ad3aac2f06353,1
523,fbce4c4cb307679d89a3bf3d3bb353b9,3
524,0152f69b6cf919bcdaf117aa8c43e5a2,1
524,0d85c435fd60b277ffb9e9b0f88f927a,2
524,154e7e31ebfa092203795c972e5804a6,2
524,1613b819ab5dae53aead2dbb4ebdb378,1
524,19c91ef95d509ea33eda93495c4d3481,3
524,1bfb290d7273a442c874dbe74b4abae6,2
524,2fea0f2cec6b6324a277d4a61c2ed2c6,4
524,3dd2a17168ec895c781a9191c1e95ad7,1
524,3fbc0ef745950c7932d5f2a446189725,2
524,41c24b8ce92d1a2cac62db5edfd088b2,2
524,4298b7e67dc399c200662b569563a2b2,4
524,4520766ec412348b8d4caa5e8a18c464,1
524,4aa6014eceb682077f9dc4bffebc05b0,1
524,54d9ac713e253fa1fae9c8003b011c2a,1
524,781afe929e3016a667f5f439afd55fce,1
524,78efe838c04bbc568be034082200ac20,1
524,7c1bd920dbdf22470b68bde975dd3ccf,2
524,7fb04722aba7a2b632bac8f9819796f3,1
524,8c591ab0ca519558779df02023177f44,1
524,99a4788cb24856965c36a24e339b6058,1
524,a62e25e09e05e6faf31d90c6ec1aa3d1,1
524,a92930c327948861c015c919a0bcb4a8,4
524,bd6e6fce9ada76ea2db0f1912e8e478f,1
524,c3ba4e8d3cb30049213b682e751e9d00,1
524,c9c6fde711572c1ad99ca12728c6af00,1
524,d017a2151d543a9885604dc62a3d9dcc,1
524,d04857e7b4b708ee8b8b9921163edba3,1
524,d1c427060a0f73f6b889a5c7c61f2ac4,2
524,dab2413ead0edda9967edbc9bda2a64e,1
524,ddceb6eef6af67e9fbbd4c148dbe5fd9,1
524,e53e557d5a159f5aa2c5e995dfdf244b,2
525,1613b819ab5dae53aead2dbb4ebdb378,2
525,2b4609f8948be18874494203496bc318,1
525,2fea0f2cec6b6324a277d4a61c2ed2c6,1
525,41c24b8ce92d1a2cac62db5edfd088b2,1
525,4520766ec412348b8d4caa5e8a18c464,1
525,777d2e438a1b645f3aec9bd57e92672c,1
525,781afe929e3016a667f5f439afd55fce,1
525,84f456958365164420cfc80fbe4c7fab,1
525,8c591ab0ca519558779df02023177f44,1
525,99a4788cb24856965c36a24e339b6058,3
525,a62e25e09e05e6faf31d90c6ec1aa3d1,1
525,b0961721fd839e9982420e807758a2a6,1
525,bb50f2e236e5eea0100680137654686c,1
525,d017a2151d543a9885604dc62a3d9dcc,1
525,d04857e7b4b708ee8b8b9921163edba3,2
525,d63c1011f49d98b976c352955b1c4bea,1
525,eb8c629f70275fd1c4f809116cce1efc,2
525,ee0c1cf2fbeae95205b4aa506f1469f0,1
526,054515fd15bc1a2029f10de97ffa9120,2
526,0bcc3eeca39e1064258aa1e932269894,1
526,18b0e642cbae7251e60a64aa07dd9eb9,1
526,19c91ef95d509ea33eda93495c4d3481,2
526,2fea0f2cec6b6324a277d4a61c2ed2c6,3
526,3354a4e684f5e7199f9407db70ccd92b,1
526,41c24b8ce92d1a2cac62db5edfd088b2,1
526,53b36df67ebb7c41585e8d54d6772e08,1
526,6cdd53843498f92890544667809f1595,1
526,6f3b5b605d91b7439c5e3f5a8dffeea7,1
526,781afe929e3016a667f5f439afd55fce,1
526,b0961721fd839e9982420e807758a2a6,1
526,b114bf337c0626166abe574eee9e3f32,1
526,bb50f2e236e5eea0100680137654686c,1
526,d04857e7b4b708ee8b8b9921163edba3,1
526,d2f5484cbffe4ca766301b21ab9246dd,1
526,ddceb6eef6af67e9fbbd4c148dbe5fd9,1
526,e53e557d5a159f5aa2c5e995dfdf244b,1
526,ec2d43cc59763ec91694573b31f1c29a,1
527,0152f69b6cf919bcdaf117aa8c43e5a2,1
527,054515fd15bc1a2029f10de97ffa9120,1
527,19c91ef95d509ea33eda93495c4d3481,2
527,1bfb290d7273a442c874dbe74b4abae6,2
527,2fea0f2cec6b6324a277d4a61c2ed2c6,5
527,4298b7e67dc399c200662b569563a2b2,1
527,4fe644d766c7566dbc46fb851363cb3b,1
527,52c80cedd4e90108bf4fa6a206ef6b03,1
527,53b36df67ebb7c41585e8d54d6772e08,1
527,634256dbcd184b3757ffd7632c9fe52a,4
527,6a8631b72a2f8729b91514db87e771c0,1
527,6f3b5b605d91b7439c5e3f5a8dffeea7,1
527,764292b2b0f73f77a0272be03fdd45f3,1
527,89321f94e35fc6d7903d36f74e351d40,1
527,8c591ab0ca519558779df02023177f44,1
527,928e52a9ad53a294fdcc91bcf59d1751,1
527,93c902b021a9e594f658ab1b0351602a,2
527,a92930c327948861c015c919a0bcb4a8,2
527,c9c6fde711572c1ad99ca12728c6af00,1
527,d1c427060a0f73f6b889a5c7c61f2ac4,1
527,ec2d43cc59763ec91694573b31f1c29a,2
527,fbce4c4cb307679d89a3bf3d3bb353b9,2
527,fc1d8637c0268af3db482c14b7ef8e75,1
528,1613b819ab5dae53aead2dbb4ebdb378,1
528,18b0e642cbae7251e60a64aa07dd9eb9,1
528,19c91ef95d509ea33eda93495c4d3481,1
528,2a5806f10d0f00e5ad032dd2e3c8806e,1
528,2fea0f2cec6b6324a277d4a61c2ed2c6,2
528,3dd2a17168ec895c781a9191c1e95ad7,1
528,3fbc0ef745950c7932d5f2a446189725,2
528,41c24b8ce92d1a2cac62db5edfd088b2,4
528,4298b7e67dc399c200662b569563a2b2,2
528,437c05a395e9e47f9762e677a7068ce7,4
528,52c80cedd4e90108bf4fa6a206ef6b03,1
528,53b36df67ebb7c41585e8d54d6772e08,2
528,595fac2a385ac33a80bd5114aec74eb8,2
528,656e0eca68dcecf6a31b8ececfabe3e8,1
528,764292b2b0f73f77a0272be03fdd45f3,1
528,84f456958365164420cfc80fbe4c7fab,1
528,89321f94e35fc6d7903d36f74e351d40,1
528,8ed094bfe076c568f6bb10feada3f75d,1
528,a92930c327948861c015c919a0bcb4a8,1
528,ab1f9387c0627dd24000bfbc54fdeee0,3
528,bb50f2e236e5eea0100680137654686c,1
528,d04857e7b4b708ee8b8b9921163edba3,3
528,d1c427060a0f73f6b889a5c7c61f2ac4,1
528,f40876e0ef3cd5f9132b1f16b04b1346,1
528,fbce4c4cb307679d89a3bf3d3bb353b9,1
529,19c91ef95d509ea33eda93495c4d3481,3
529,1bfb290d7273a442c874dbe74b4abae6,3
529,363218ba55c610b750224f90bdd34be1,2
529,368c6c730842d78016ad823897a372db,2
529,389d119b48cf3043d311335e499d9c6b,1
529,3dd2a17168ec895c781a9191c1e95ad7,1
529,41c24b8ce92d1a2cac62db5edfd088b2,1
529,4298b7e67dc399c200662b569563a2b2,3
529,4fe644d766c7566dbc46fb851363cb3b,2
529,52c80cedd4e90108bf4fa6a206ef6b03,1
529,53b36df67ebb7c41585e8d54d6772e08,1
529,7814c273ab16783d73a9863ebfa8b141,1
529,78efe838c04bbc568be034082200ac20,1
529,8317b177579dd27ff068b83205e2169b,1
529,89321f94e35fc6d7903d36f74e351d40,1
529,8c591ab0ca519558779df02023177f44,1
529,962a6951154f98f2c8e9a5b8b2bcf4a9,1
529,99a4788cb24856965c36a24e339b6058,2
529,a35a9f46dcee0a67c8c7ad8493eb4135,1
529,a92930c327948861c015c919a0bcb4a8,2
529,afeeea6271148ee1bb15173b8187c431,1
529,b114bf337c0626166abe574eee9e3f32,1
529,bd6e6fce9ada76ea2db0f1912e8e478f,1
529,c3ba4e8d3cb30049213b682e751e9d00,1
529,c9c6fde711572c1ad99ca12728c6af00,1
529,d017a2151d543a9885604dc62a3d9dcc,2
529,ec2d43cc59763ec91694573b31f1c29a,1
529,fbc1488c1a1e72ba175f53ab29a248e8,1
529,fbce4c4cb307679d89a3bf3d3bb353b9,2
529,fc1d8637c0268af3db482c14b7ef8e75,1
530,0bcc3eeca39e1064258aa1e932269894,1
530,1613b819ab5dae53aead2dbb4ebdb378,1
530,18b0e642cbae7251e60a64aa07dd9eb9,1
530,19c91ef95d509ea33eda93495c4d3481,3
530,2b4609f8948be18874494203496bc318,1
530,3354a4e684f5e7199f9407db70ccd92b,1
530,389d119b48cf3043d311335e499d9c6b,1
530,3dd2a17168ec895c781a9191c1e95ad7,1
530,3fbc0ef745950c7932d5f2a446189725,2
530,422879e10f46682990de24d770e7f83d,6
530,4298b7e67dc399c200662b569563a2b2,2
530,4520766ec412348b8d4caa5e8a18c464,1
530,53b36df67ebb7c41585e8d54d6772e08,1
530,64fb265487de2238627ce43fe8a67efc,1
530,656e0eca68dcecf6a31b8ececfabe3e8,2
530,764292b2b0f73f77a0272be03fdd45f3,1
530,7814c273ab16783d73a9863ebfa8b141,1
530,78efe838c04bbc568be034082200ac20,1
530,7c1bd920dbdf22470b68bde975dd3ccf,1
530,7fb04722aba7a2b632bac8f9819796f3,4
530,89321f94e35fc6d7903d36f74e351d40,1
530,8c591ab0ca519558779df02023177f44,1
530,9545d45c37449ccbc376de3a04c66e71,1
530,99a4788cb24856965c36a24e339b6058,1
530,a02d0123079f4ae96001ba2010d1a2df,1
530,a92930c327948861c015c919a0bcb4a8,1
530,bb50f2e236e5eea0100680137654686c,1
530,d1c427060a0f73f6b889a5c7c61f2ac4,1
530,e0d64dcfaa3b6db5c54ca298ae101d05,1
530,f35927953ed82e19d06ad3aac2f06353,1
530,fbc1488c1a1e72ba175f53ab29a248e8,2
530,fbce4c4cb307679d89a3bf3d3bb353b9,1
531,0152f69b6cf919bcdaf117aa8c43e5a2,1
531,1613b819ab5dae53aead2dbb4ebdb378,1
531,19c91ef95d509ea33eda93495c4d3481,2
531,2fea0f2cec6b6324a277d4a61c2ed2c6,3
531,368c6c730842d78016ad823897a372db,1
531,36f60d45225e60c7da4558b070ce4b60,1
531,3dd2a17168ec895c781a9191c1e95ad7,2
531,3fbc0ef745950c7932d5f2a446189725,1
531,41c24b8ce92d1a2cac62db5edfd088b2,1
531,422879e10f46682990de24d770e7f83d,2
531,4298b7e67dc399c200662b569563a2b2,1
531,4fe644d766c7566dbc46fb851363cb3b,1
531,53b36df67ebb7c41585e8d54d6772e08,1
531,928e52a9ad53a294fdcc91bcf59d1751,3
531,a19b6951c75da43aad691622dd2f6abe,3
531,a62e25e09e05e6faf31d90c6ec1aa3d1,1
531,b532349fe46b38fbc7bb3914c1bdae07,2
531,bb42f37fc3d9130e4a4339d24a47dd7c,1
531,bb50f2e236e5eea0100680137654686c,1
531,c1f5307decb89342351bec53668cffd9,1
531,d017a2151d543a9885604dc62a3d9dcc,2
531,d04857e7b4b708ee8b8b9921163edba3,1
531,d2f5484cbffe4ca766301b21ab9246dd,2
531,d63c1011f49d98b976c352955b1c4bea,1
531,fbce4c4cb307679d89a3bf3d3bb353b9,2
532,054515fd15bc1a2029f10de97ffa9120,1
532,1613b819ab5dae53aead2dbb4ebdb378,1
532,2fea0f2cec6b6324a277d4a61c2ed2c6,2
532,3354a4e684f5e7199f9407db70ccd92b,1
532,4298b7e67dc399c200662b569563a2b2,2
532,4520766ec412348b8d4caa5e8a18c464,1
532,52c80cedd4e90108bf4fa6a206ef6b03,1
532,53759a2ecddad2bb87a079a1f1519f73,1
532,656e0eca68dcecf6a31b8ececfabe3e8,1
532,6a8631b72a2f8729b91514db87e771c0,1
532,6f3b5b605d91b7439c5e3f5a8dffeea7,1
532,777d2e438a1b645f3aec9bd57e92672c,1
532,7c1bd920dbdf22470b68bde975dd3ccf,1
532,84f456958365164420cfc80fbe4c7fab,1
532,89321f94e35fc6d7903d36f74e351d40,1
532,a62e25e09e05e6faf31d90c6ec1aa3d1,1
532,a92930c327948861c015c919a0bcb4a8,1
532,c1f5307decb89342351bec53668cffd9,1
532,c9c6fde711572c1ad99ca12728c6af00,1
532,cec09725da5ed01471d9a505e7389d37,2
532,d1c427060a0f73f6b889a5c7c61f2ac4,1
532,d63c1011f49d98b976c352955b1c4bea,1
532,e0d64dcfaa3b6db5c54ca298ae101d05,1
532,e53e557d5a159f5aa2c5e995dfdf244b,2
532,eb8c629f70275fd1c4f809116cce1efc,3
533,0aabfb375647d9738ad0f7b4ea3653b1,1
533,0d85c435fd60b277ffb9e9b0f88f927a,1
533,2fea0f2cec6b6324a277d4a61c2ed2c6,1
533,3354a4e684f5e7199f9407db70ccd92b,1
533,35afc973633aaeb6b877ff57b2793310,1
533,4298b7e67dc399c200662b569563a2b2,1
533,4aa6014eceb682077f9dc4bffebc05b0,1
533,4fe644d766c7566dbc46fb851363cb3b,1
533,52c80cedd4e90108bf4fa6a206ef6b03,1
533,781afe929e3016a667f5f439afd55fce,1
533,78efe838c04bbc568be034082200ac20,1
533,b114bf337c0626166abe574eee9e3f32,1
533,b532349fe46b38fbc7bb3914c1bdae07,2
533,c4baedd846ed09b85f78a781b522f126,1
533,e0cf79767c5b016251fe139915c59a26,1
533,fbc1488c1a1e72ba175f53ab29a248e8,1
534,19c91ef95d509ea33eda93495c4d3481,1
534,3354a4e684f5e7199f9407db70ccd92b,1
534,389d119b48cf3043d311335e499d9c6b,1
534,64fb265487de2238627ce43fe8a67efc,1
534,6a8631b72a2f8729b91514db87e771c0,1
534,78efe838c04bbc568be034082200ac20,1
534,84f456958365164420cfc80fbe4c7fab,1
534,928e52a9ad53a294fdcc91bcf59d1751,5
534,b0961721fd839e9982420e807758a2a6,2
534,bd6e6fce9ada76ea2db0f1912e8e478f,1
534,d2f5484cbffe4ca766301b21ab9246dd,1
534,e0cf79767c5b016251fe139915c59a26,1
535,18b0e642cbae7251e60a64aa07dd9eb9,1
535,19c91ef95d509ea33eda93495c4d3481,2
535,2fea0f2cec6b6324a277d4a61c2ed2c6,1
535,389d119b48cf3043d311335e499d9c6b,2
535,3fbc0ef745950c7932d5f2a446189725,3
535,4298b7e67dc399c200662b569563a2b2,1
535,4fe644d766c7566dbc46fb851363cb3b,1
535,52c80cedd4e90108bf4fa6a206ef6b03,3
535,53b36df67ebb7c41585e8d54d6772e08,4
535,703d742887bb9267f89b675608ba7aa0,1
535,78efe838c04bbc568be034082200ac20,1
535,7c1bd920dbdf22470b68bde975dd3ccf,1
535,7fb04722aba7a2b632bac8f9819796f3,1
535,89321f94e35fc6d7903d36f74e351d40,1
535,928e52a9ad53a294fdcc91bcf59d1751,1
535,9545d45c37449ccbc376de3a04c66e71,1
535,99a4788cb24856965c36a24e339b6058,2
535,a62e25e09e05e6faf31d90c6ec1aa3d1,1
535,ab1f9387c0627dd24000bfbc54fdeee0,1
535,bd6e6fce9ada76ea2db0f1912e8e478f,1
535,c1f5307decb89342351bec53668cffd9,1
535,cec09725da5ed01471d9a505e7389d37,1
535,d04857e7b4b708ee8b8b9921163edba3,3
535,fbce4c4cb307679d89a3bf3d3bb353b9,1
536,1613b819ab5dae53aead2dbb4ebdb378,1
536,19c91ef95d509ea33eda93495c4d3481,2
536,24c66f106f642621e524291a895c9032,1
536,2fea0f2cec6b6324a277d4a61c2ed2c6,1
536,3fbc0ef745950c7932d5f2a446189725,3
536,4fe644d766c7566dbc46fb851363cb3b,1
536,53b36df67ebb7c41585e8d54d6772e08,3
536,6cdd53843498f92890544667809f1595,2
536,6f3b5b605d91b7439c5e3f5a8dffeea7,1
536,7814c273ab16783d73a9863ebfa8b141,1
536,8317b177579dd27ff068b83205e2169b,1
536,8562e2c780a345b609e1b802d7e3e4ae,1
536,89321f94e35fc6d7903d36f74e351d40,1
536,928e52a9ad53a294fdcc91bcf59d1751,1
536,93c902b021a9e594f658ab1b0351602a,1
536,97017430754804328eb9597b7f85da03,1
536,99a4788cb24856965c36a24e339b6058,1
536,a35a9f46dcee0a67c8c7ad8493eb4135,1
536,a92930c327948861c015c919a0bcb4a8,1
536,bd6e6fce9ada76ea2db0f1912e8e478f,1
536,c3ba4e8d3cb30049213b682e751e9d00,1
536,d017a2151d543a9885604dc62a3d9dcc,1
536,dab2413ead0edda9967edbc9bda2a64e,1
536,e0cf79767c5b016251fe139915c59a26,1
536,e59dd207c69d86e890febadc796d1078,1
536,e9a69340883a438c3f91739d14d3a56d,1
537,0152f69b6cf919bcdaf117aa8c43e5a2,1
537,1613b819ab5dae53aead2dbb4ebdb378,1
537,18b0e642cbae7251e60a64aa07dd9eb9,1
537,19c91ef95d509ea33eda93495c4d3481,1
537,3354a4e684f5e7199f9407db70ccd92b,1
537,3dd2a17168ec895c781a9191c1e95ad7,1
537,41c24b8ce92d1a2cac62db5edfd088b2,1
537,461f43be3bdf8844e65b62d9ac2c7a5a,1
537,703d742887bb9267f89b675608ba7aa0,3
537,7fb04722aba7a2b632bac8f9819796f3,1
537,89321f94e35fc6d7903d36f74e351d40,1
537,962a6951154f98f2c8e9a5b8b2bcf4a9,2
537,97017430754804328eb9597b7f85da03,1
537,99a4788cb24856965c36a24e339b6058,3
537,a92930c327948861c015c919a0bcb4a8,2
537,bb42f37fc3d9130e4a4339d24a47dd7c,2
537,bb50f2e236e5eea0100680137654686c,1
537,c4baedd846ed09b85f78a781b522f126,1
537,c7fd13b5e515bffdab855d0812842edb,2
537,cec09725da5ed01471d9a505e7389d37,1
537,d1c427060a0f73f6b889a5c7c61f2ac4,1
537,d285360f29ac7fd97640bf0baef03de0,1
537,e0cf79767c5b016251fe139915c59a26,1
537,fbce4c4cb307679d89a3bf3d3bb353b9,1
538,0bcc3eeca39e1064258aa1e932269894,1
538,19c91ef95d509ea33eda93495c4d3481,2
538,2b4609f8948be18874494203496bc318,1
538,2fea0f2cec6b6324a277d4a61c2ed2c6,2
538,3354a4e684f5e7199f9407db70ccd92b,1
538,389d119b48cf3043d311335e499d9c6b,2
538,3dd2a17168ec895c781a9191c1e95ad7,1
538,3fbc0ef745950c7932d5f2a446189725,1
538,4298b7e67dc399c200662b569563a2b2,1
538,53759a2ecddad2bb87a079a1f1519f73,2
538,53b36df67ebb7c41585e8d54d6772e08,1
538,629e019a6f298a83aeecc7877964f935,1
538,634256dbcd184b3757ffd7632c9fe52a,2
538,6f3b5b605d91b7439c5e3f5a8dffeea7,4
538,777d2e438a1b645f3aec9bd57e92672c,1
538,89321f94e35fc6d7903d36f74e351d40,1
538,97017430754804328eb9597b7f85da03,2
538,99a4788cb24856965c36a24e339b6058,1
538,a19b6951c75da43aad691622dd2f6abe,3
538,a92930c327948861c015c919a0bcb4a8,1
538,afeeea6271148ee1bb15173b8187c431,1
538,b0961721fd839e9982420e807758a2a6,1
538,b532349fe46b38fbc7bb3914c1bdae07,1
538,cec09725da5ed01471d9a505e7389d37,1
538,d285360f29ac7fd97640bf0baef03de0,1
538,e53e557d5a159f5aa2c5e995dfdf244b,1
538,e9a69340883a438c3f91739d14d3a56d,1
538,fbce4c4cb307679d89a3bf3d3bb353b9,1
538,fc1d8637c0268af3db482c14b7ef8e75,1
539,11fd9d7ba552e1d28872e008acf1e050,1
539,1613b819ab5dae53aead2dbb4ebdb378,1
539,19c91ef95d509ea33eda93495c4d3481,2
539,24c66f106f642621e524291a895c9032,1
539,36f60d45225e60c7da4558b070ce4b60,1
539,4298b7e67dc399c200662b569563a2b2,2
539,4520766ec412348b8d4caa5e8a18c464,1
539,634256dbcd184b3757ffd7632c9fe52a,1
539,64fb265487de2238627ce43fe8a67efc,1
539,78efe838c04bbc568be034082200ac20,1
539,8317b177579dd27ff068b83205e2169b,1
539,962a6951154f98f2c8e9a5b8b2bcf4a9,1
539,a92930c327948861c015c919a0bcb4a8,3
539,bb50f2e236e5eea0100680137654686c,1
539,bd6e6fce9ada76ea2db0f1912e8e478f,1
539,c3ba4e8d3cb30049213b682e751e9d00,1
539,cec09725da5ed01471d9a505e7389d37,1
539,e9a69340883a438c3f91739d14d3a56d,1
540,0152f69b6cf919bcdaf117aa8c43e5a2,1
540,0bcc3eeca39e1064258aa1e932269894,1
540,18b0e642cbae7251e60a64aa07dd9eb9,1
540,19c91ef95d509ea33eda93495c4d3481,1
540,25f86162fee18735fffdb762dcb10d7c,1
540,2a5806f10d0f00e5ad032dd2e3c8806e,1
540,35afc973633aaeb6b877ff57b2793310,1
540,389d119b48cf3043d311335e499d9c6b,1
540,4520766ec412348b8d4caa5e8a18c464,1
540,634256dbcd184b3757ffd7632c9fe52a,2
540,777d2e438a1b645f3aec9bd57e92672c,1
540,781afe929e3016a667f5f439afd55fce,1
540,a92930c327948861c015c919a0bcb4a8,1
540,e9a69340883a438c3f91739d14d3a56d,1
541,19c91ef95d509ea33eda93495c4d3481,4
541,2b4609f8948be18874494203496bc318,1
541,2fea0f2cec6b6324a277d4a61c2ed2c6,2
541,36f60d45225e60c7da4558b070ce4b60,1
541,3dd2a17168ec895c781a9191c1e95ad7,1
541,3fbc0ef745950c7932d5f2a446189725,2
541,4fe644d766c7566dbc46fb851363cb3b,2
541,78efe838c04bbc568be034082200ac20,1
541,89321f94e35fc6d7903d36f74e351d40,3
541,8ed094bfe076c568f6bb10feada3f75d,1
541,a92930c327948861c015c919a0bcb4a8,3
541,ab1f9387c0627dd24000bfbc54fdeee0,1
541,d04857e7b4b708ee8b8b9921163edba3,1
541,e0cf79767c5b016251fe139915c59a26,2
542,19c91ef95d509ea33eda93495c4d3481,2
542,2fea0f2cec6b6324a277d4a61c2ed2c6,3
542,368c6c730842d78016ad823897a372db,1
542,36f60d45225e60c7da4558b070ce4b60,1
542,3dd2a17168ec895c781a9191c1e95ad7,1
542,4298b7e67dc399c200662b569563a2b2,1
542,431d674f9a4fbd0957ecf6ba3fcb6899,1
542,437c05a395e9e47f9762e677a7068ce7,1
542,595fac2a385ac33a80bd5114aec74eb8,1
542,7c1bd920dbdf22470b68bde975dd3ccf,1
542,89321f94e35fc6d7903d36f74e351d40,1
542,8c292ca193d326152e335d77176746f0,1
542,ab1f9387c0627dd24000bfbc54fdeee0,1
542,d285360f29ac7fd97640bf0baef03de0,3
542,e53e557d5a159f5aa2c5e995dfdf244b,1
542,e59dd207c69d86e890febadc796d1078,1
542,e9a69340883a438c3f91739d14d3a56d,1
542,ee0c1cf2fbeae95205b4aa506f1469f0,1
543,0152f69b6cf919bcdaf117aa8c43e5a2,1
543,18b0e642cbae7251e60a64aa07dd9eb9,1
543,19c91ef95d509ea33eda93495c4d3481,1
543,2fea0f2cec6b6324a277d4a61c2ed2c6,2
543,389d119b48cf3043d311335e499d9c6b,1
543,3fbc0ef745950c7932d5f2a446189725,1
543,43423cdffde7fda63d0414ed38c11a73,1
543,461f43be3bdf8844e65b62d9ac2c7a5a,1
543,4fe644d766c7566dbc46fb851363cb3b,1
543,53b36df67ebb7c41585e8d54d6772e08,1
543,634256dbcd184b3757ffd7632c9fe52a,1
543,84f456958365164420cfc80fbe4c7fab,1
543,afeeea6271148ee1bb15173b8187c431,1
543,bb50f2e236e5eea0100680137654686c,1
543,bdc3291ab242ec1effc8eb0987850268,1
543,d04857e7b4b708ee8b8b9921163edba3,1
543,d285360f29ac7fd97640bf0baef03de0,2
543,dab2413ead0edda9967edbc9bda2a64e,2
543,e53e557d5a159f5aa2c5e995dfdf244b,2
544,1613b819ab5dae53aead2dbb4ebdb378,1
544,19c91ef95d509ea33eda93495c4d3481,1
544,2a5806f10d0f00e5ad032dd2e3c8806e,1
544,2fea0f2cec6b6324a277d4a61c2ed2c6,1
544,3fbc0ef745950c7932d5f2a446189725,2
544,4fe644d766c7566dbc46fb851363cb3b,1
544,634256dbcd184b3757ffd7632c9fe52a,1
544,89321f94e35fc6d7903d36f74e351d40,1
544,a92930c327948861c015c919a0bcb4a8,1
544,aca2eb7d00ea1a7b8ebd4e68314663af,1
544,bd6e6fce9ada76ea2db0f1912e8e478f,1
544,c3ba4e8d3cb30049213b682e751e9d00,1
544,c6336fa91fbd87c359e44f5dca5a90ed,2
544,d285360f29ac7fd97640bf0baef03de0,3
544,ddceb6eef6af67e9fbbd4c148dbe5fd9,1
544,e59dd207c69d86e890febadc796d1078,1
544,ee0c1cf2fbeae95205b4aa506f1469f0,4
545,054515fd15bc1a2029f10de97ffa9120,1
545,06edb72f1e0c64b14c5b79353f7abea3,1
545,0bcc3eeca39e1064258aa1e932269894,2
545,0d85c435fd60b277ffb9e9b0f88f927a,1
545,19421075ae0b585f2dc13ff149e2119d,1
545,19c91ef95d509ea33eda93495c4d3481,3
545,3fbc0ef745950c7932d5f2a446189725,2
545,437c05a395e9e47f9762e677a7068ce7,1
545,4fe644d766c7566dbc46fb851363cb3b,4
545,634256dbcd184b3757ffd7632c9fe52a,1
545,703d742887bb9267f89b675608ba7aa0,1
545,928e52a9ad53a294fdcc91bcf59d1751,2
545,a19b6951c75da43aad691622dd2f6abe,3
545,a62e25e09e05e6faf31d90c6ec1aa3d1,1
545,bb50f2e236e5eea0100680137654686c,1
545,d285360f29ac7fd97640bf0baef03de0,3
545,e59dd207c69d86e890febadc796d1078,1
545,fbce4c4cb307679d89a3bf3d3bb353b9,1
546,154e7e31ebfa092203795c972e5804a6,1
546,2b4609f8948be18874494203496bc318,1
546,2fea0f2cec6b6324a277d4a61c2ed2c6,1
546,3354a4e684f5e7199f9407db70ccd92b,1
546,3dd2a17168ec895c781a9191c1e95ad7,3
546,3fbc0ef745950c7932d5f2a446189725,2
546,422879e10f46682990de24d770e7f83d,2
546,4fe644d766c7566dbc46fb851363cb3b,1
546,656e0eca68dcecf6a31b8ececfabe3e8,2
546,6a8631b72a2f8729b91514db87e771c0,1
546,6cdd53843498f92890544667809f1595,2
546,777d2e438a1b645f3aec9bd57e92672c,1
546,7fb04722aba7a2b632bac8f9819796f3,1
546,c4baedd846ed09b85f78a781b522f126,1
546,cd48f265a63e13b762601f5f794c5fca,1
546,d017a2151d543a9885604dc62a3d9dcc,1
546,d1c427060a0f73f6b889a5c7c61f2ac4,1
546,d285360f29ac7fd97640bf0baef03de0,9
546,d2f5484cbffe4ca766301b21ab9246dd,1
546,e9a69340883a438c3f91739d14d3a56d,1
546,fbc1488c1a1e72ba175f53ab29a248e8,1
547,11fd9d7ba552e1d28872e008acf1e050,1
547,19c91ef95d509ea33eda93495c4d3481,2
547,2b4609f8948be18874494203496bc318,1
547,3fbc0ef745950c7932d5f2a446189725,6
547,4298b7e67dc399c200662b569563a2b2,1
547,431d674f9a4fbd0957ecf6ba3fcb6899,1
547,6a8631b72a2f8729b91514db87e771c0,1
547,7814c273ab16783d73a9863ebfa8b141,1
547,89321f94e35fc6d7903d36f74e351d40,1
547,8c591ab0ca519558779df02023177f44,1
547,a02d0123079f4ae96001ba2010d1a2df,1
547,a35a9f46dcee0a67c8c7ad8493eb4135,1
547,bd6e6fce9ada76ea2db0f1912e8e478f,1
547,c1f5307decb89342351bec53668cffd9,1
547,d285360f29ac7fd97640bf0baef03de0,7
547,fbc1488c1a1e72ba175f53ab29a248e8,1
547,fbce4c4cb307679d89a3bf3d3bb353b9,1
548,054515fd15bc1a2029f10de97ffa9120,1
548,06edb72f1e0c64b14c5b79353f7abea3,2
548,0d85c435fd60b277ffb9e9b0f88f927a,1
548,19c91ef95d509ea33eda93495c4d3481,1
548,2b4609f8948be18874494203496bc318,1
548,2fea0f2cec6b6324a277d4a61c2ed2c6,2
548,4298b7e67dc399c200662b569563a2b2,1
548,4fe644d766c7566dbc46fb851363cb3b,1
548,52c80cedd4e90108bf4fa6a206ef6b03,1
548,634256dbcd184b3757ffd7632c9fe52a,1
548,6a8631b72a2f8729b91514db87e771c0,1
548,84f456958365164420cfc80fbe4c7fab,1
548,89321f94e35fc6d7903d36f74e351d40,2
548,b114bf337c0626166abe574eee9e3f32,1
548,bd6e6fce9ada76ea2db0f1912e8e478f,2
548,d04857e7b4b708ee8b8b9921163edba3,1
548,d285360f29ac7fd97640bf0baef03de0,13
549,0152f69b6cf919bcdaf117aa8c43e5a2,1
549,0aabfb375647d9738ad0f7b4ea3653b1,1
549,19421075ae0b585f2dc13ff149e2119d,1
549,19c91ef95d509ea33eda93495c4d3481,2
549,1bfb290d7273a442c874dbe74b4abae6,3
549,3354a4e684f5e7199f9407db70ccd92b,1
549,389d119b48cf3043d311335e499d9c6b,1
549,3dd2a17168ec895c781a9191c1e95ad7,4
549,3fbc0ef745950c7932d5f2a446189725,2
549,4298b7e67dc399c200662b569563a2b2,1
549,4fe644d766c7566dbc46fb851363cb3b,3
549,52c80cedd4e90108bf4fa6a206ef6b03,1
549,5b226d7c52f86ac72457617f78cff95d,1
549,629e019a6f298a83aeecc7877964f935,1
549,6cdd53843498f92890544667809f1595,1
549,703d742887bb9267f89b675608ba7aa0,1
549,84f456958365164420cfc80fbe4c7fab,1
549,a62e25e09e05e6faf31d90c6ec1aa3d1,1
549,a92930c327948861c015c919a0bcb4a8,1
549,afeeea6271148ee1bb15173b8187c431,1
549,bd6e6fce9ada76ea2db0f1912e8e478f,1
549,d04857e7b4b708ee8b8b9921163edba3,2
549,d1c427060a0f73f6b889a5c7c61f2ac4,1
549,d285360f29ac7fd97640bf0baef03de0,2
549,dab2413ead0edda9967edbc9bda2a64e,1
549,e0cf79767c5b016251fe139915c59a26,1
549,e53e557d5a159f5aa2c5e995dfdf244b,1
549,ee0c1cf2fbeae95205b4aa506f1469f0,1
550,0152f69b6cf919bcdaf117aa8c43e5a2,1
550,06edb72f1e0c64b14c5b79353f7abea3,1
550,154e7e31ebfa092203795c972e5804a6,1
550,19c91ef95d509ea33eda93495c4d3481,4
550,2fea0f2cec6b6324a277d4a61c2ed2c6,1
550,389d119b48cf3043d311335e499d9c6b,1
550,3fbc0ef745950c7932d5f2a446189725,2
550,4298b7e67dc399c200662b569563a2b2,2
550,437c05a395e9e47f9762e677a7068ce7,1
550,4520766ec412348b8d4caa5e8a18c464,1
550,53b36df67ebb7c41585e8d54d6772e08,1
550,6cdd53843498f92890544667809f1595,1
550,6f3b5b605d91b7439c5e3f5a8dffeea7,2
550,7fb04722aba7a2b632bac8f9819796f3,1
550,84f456958365164420cfc80fbe4c7fab,1
550,8c591ab0ca519558779df02023177f44,1
550,a02d0123079f4ae96001ba2010d1a2df,1
550,a92930c327948861c015c919a0bcb4a8,2
550,afeeea6271148ee1bb15173b8187c431,1
550,cac9e5692471a0700418aa3400b9b2b1,1
550,cd48f265a63e13b762601f5f794c5fca,1
550,d1c427060a0f73f6b889a5c7c61f2ac4,2
550,ed2067a9c1f79553088a3c67b99a9f97,1
550,fc1d8637c0268af3db482c14b7ef8e75,1
551,0152f69b6cf919bcdaf117aa8c43e5a2,2
551,054515fd15bc1a2029f10de97ffa9120,1
551,18b0e642cbae7251e60a64aa07dd9eb9,1
551,19c91ef95d509ea33eda93495c4d3481,2
551,1bfb290d7273a442c874dbe74b4abae6,1
551,2136c70bbe723d338fab53da3c03e6dc,1
551,2a5806f10d0f00e5ad032dd2e3c8806e,1
551,2fea0f2cec6b6324a277d4a61c2ed2c6,1
551,3354a4e684f5e7199f9407db70ccd92b,1
551,35afc973633aaeb6b877ff57b2793310,1
551,3dd2a17168ec895c781a9191c1e95ad7,1
551,3fbc0ef745950c7932d5f2a446189725,1
551,422879e10f46682990de24d770e7f83d,1
551,43423cdffde7fda63d0414ed38c11a73,1
551,53759a2ecddad2bb87a079a1f1519f73,1
551,703d742887bb9267f89b675608ba7aa0,1
551,7fb04722aba7a2b632bac8f9819796f3,1
551,84f456958365164420cfc80fbe4c7fab,1
551,93c902b021a9e594f658ab1b0351602a,1
551,a02d0123079f4ae96001ba2010d1a2df,2
551,a92930c327948861c015c919a0bcb4a8,1
551,c3ba4e8d3cb30049213b682e751e9d00,1
551,c7fd13b5e515bffdab855d0812842edb,1
551,d04857e7b4b708ee8b8b9921163edba3,1
551,e0cf79767c5b016251fe139915c59a26,3
551,e53e557d5a159f5aa2c5e995dfdf244b,2
551,fbce4c4cb307679d89a3bf3d3bb353b9,1
552,0152f69b6cf919bcdaf117aa8c43e5a2,1
552,054515fd15bc1a2029f10de97ffa9120,2
552,1613b819ab5dae53aead2dbb4ebdb378,1
552,2a5806f10d0f00e5ad032dd2e3c8806e,1
552,35afc973633aaeb6b877ff57b2793310,2
552,4298b7e67dc399c200662b569563a2b2,1
552,4520766ec412348b8d4caa5e8a18c464,1
552,53759a2ecddad2bb87a079a1f1519f73,1
552,64fb265487de2238627ce43fe8a67efc,3
552,6cdd53843498f92890544667809f1595,2
552,6f3b5b605d91b7439c5e3f5a8dffeea7,1
552,703d742887bb9267f89b675608ba7aa0,1
552,7814c273ab16783d73a9863ebfa8b141,1
552,781afe929e3016a667f5f439afd55fce,1
552,78efe838c04bbc568be034082200ac20,1
552,8562e2c780a345b609e1b802d7e3e4ae,1
552,89321f94e35fc6d7903d36f74e351d40,1
552,8c292ca193d326152e335d77176746f0,1
552,a62e25e09e05e6faf31d90c6ec1aa3d1,1
552,ab1f9387c0627dd24000bfbc54fdeee0,1
552,b532349fe46b38fbc7bb3914c1bdae07,2
552,d285360f29ac7fd97640bf0baef03de0,1
553,054515fd15bc1a2029f10de97ffa9120,2
553,18b0e642cbae7251e60a64aa07dd9eb9,2
553,2028bf1b01cafb2d2b1901fca4083222,2
553,2b4609f8948be18874494203496bc318,2
553,53759a2ecddad2bb87a079a1f1519f73,1
553,634256dbcd184b3757ffd7632c9fe52a,1
553,703d742887bb9267f89b675608ba7aa0,1
553,7814c273ab16783d73a9863ebfa8b141,1
553,7fb04722aba7a2b632bac8f9819796f3,1
553,a35a9f46dcee0a67c8c7ad8493eb4135,1
553,a92930c327948861c015c919a0bcb4a8,7
553,ab1f9387c0627dd24000bfbc54fdeee0,1
553,b532349fe46b38fbc7bb3914c1bdae07,3
553,cec09725da5ed01471d9a505e7389d37,1
553,d017a2151d543a9885604dc62a3d9dcc,1
553,d04857e7b4b708ee8b8b9921163edba3,2
553,ee0c1cf2fbeae95205b4aa506f1469f0,1
554,1613b819ab5dae53aead2dbb4ebdb378,1
554,2028bf1b01cafb2d2b1901fca4083222,2
554,2136c70bbe723d338fab53da3c03e6dc,1
554,368c6c730842d78016ad823897a372db,1
554,4298b7e67dc399c200662b569563a2b2,1
554,595fac2a385ac33a80bd5114aec74eb8,1
554,6f3b5b605d91b7439c5e3f5a8dffeea7,2
554,7814c273ab16783d73a9863ebfa8b141,1
554,7fb04722aba7a2b632bac8f9819796f3,1
554,8c591ab0ca519558779df02023177f44,1
554,a92930c327948861c015c919a0bcb4a8,2
554,b532349fe46b38fbc7bb3914c1bdae07,2
554,c3ba4e8d3cb30049213b682e751e9d00,1
554,c4baedd846ed09b85f78a781b522f126,1
554,d04857e7b4b708ee8b8b9921163edba3,2
554,ee0c1cf2fbeae95205b4aa506f1469f0,1
554,fbc1488c1a1e72ba175f53ab29a248e8,1
555,054515fd15bc1a2029f10de97ffa9120,1
555,0bcc3eeca39e1064258aa1e932269894,1
555,18b0e642cbae7251e60a64aa07dd9eb9,1
555,2a5806f10d0f00e5ad032dd2e3c8806e,1
555,35afc973633aaeb6b877ff57b2793310,1
555,595fac2a385ac33a80bd5114aec74eb8,1
555,64fb265487de2238627ce43fe8a67efc,1
555,6a8631b72a2f8729b91514db87e771c0,1
555,777d2e438a1b645f3aec9bd57e92672c,1
555,8562e2c780a345b609e1b802d7e3e4ae,1
555,a02d0123079f4ae96001ba2010d1a2df,1
555,a92930c327948861c015c919a0bcb4a8,1
555,ab1f9387c0627dd24000bfbc54fdeee0,1
555,aca2eb7d00ea1a7b8ebd4e68314663af,1
555,c4baedd846ed09b85f78a781b522f126,1
555,ddceb6eef6af67e9fbbd4c148dbe5fd9,1
555,e7cc48a9daff5436f63d3aad9426f28b,2
555,fbc1488c1a1e72ba175f53ab29a248e8,1
555,fbce4c4cb307679d89a3bf3d3bb353b9,1
556,054515fd15bc1a2029f10de97ffa9120,1
556,06edb72f1e0c64b14c5b79353f7abea3,1
556,18b0e642cbae7251e60a64aa07dd9eb9,2
556,2028bf1b01cafb2d2b1901fca4083222,1
556,24c66f106f642621e524291a895c9032,1
556,389d119b48cf3043d311335e499d9c6b,1
556,656e0eca68dcecf6a31b8ececfabe3e8,4
556,781afe929e3016a667f5f439afd55fce,1
556,78efe838c04bbc568be034082200ac20,1
556,928e52a9ad53a294fdcc91bcf59d1751,1
556,a02d0123079f4ae96001ba2010d1a2df,1
556,a92930c327948861c015c919a0bcb4a8,4
556,ab1f9387c0627dd24000bfbc54fdeee0,2
556,bb50f2e236e5eea0100680137654686c,1
556,bd6e6fce9ada76ea2db0f1912e8e478f,1
556,c3ba4e8d3cb30049213b682e751e9d00,1
556,cec09725da5ed01471d9a505e7389d37,1
556,d04857e7b4b708ee8b8b9921163edba3,1
556,d2f5484cbffe4ca766301b21ab9246dd,2
556,e0cf79767c5b016251fe139915c59a26,1
557,054515fd15bc1a2029f10de97ffa9120,1
557,1613b819ab5dae53aead2dbb4ebdb378,2
557,18b0e642cbae7251e60a64aa07dd9eb9,2
557,2b4609f8948be18874494203496bc318,1
557,3354a4e684f5e7199f9407db70ccd92b,1
557,422879e10f46682990de24d770e7f83d,1
557,53759a2ecddad2bb87a079a1f1519f73,2
557,595fac2a385ac33a80bd5114aec74eb8,1
557,64fb265487de2238627ce43fe8a67efc,2
557,6cdd53843498f92890544667809f1595,3
557,78efe838c04bbc568be034082200ac20,4
557,84f456958365164420cfc80fbe4c7fab,1
557,89321f94e35fc6d7903d36f74e351d40,1
557,99a4788cb24856965c36a24e339b6058,1
557,a19b6951c75da43aad691622dd2f6abe,3
557,a62e25e09e05e6faf31d90c6ec1aa3d1,1
557,a92930c327948861c015c919a0bcb4a8,1
557,bd6e6fce9ada76ea2db0f1912e8e478f,2
557,c1f5307decb89342351bec53668cffd9,1
557,d04857e7b4b708ee8b8b9921163edba3,2
557,ddceb6eef6af67e9fbbd4c148dbe5fd9,1
557,e0cf79767c5b016251fe139915c59a26,3
557,e7cc48a9daff5436f63d3aad9426f28b,2
557,eb8c629f70275fd1c4f809116cce1efc,1
557,fb55982be901439613a95940feefd9ee,1
557,fbc1488c1a1e72ba175f53ab29a248e8,1
557,fbce4c4cb307679d89a3bf3d3bb353b9,2
558,054515fd15bc1a2029f10de97ffa9120,2
558,0bcc3eeca39e1064258aa1e932269894,1
558,24c66f106f642621e524291a895c9032,1
558,2b4609f8948be18874494203496bc318,1
558,389d119b48cf3043d311335e499d9c6b,1
558,53759a2ecddad2bb87a079a1f1519f73,1
558,595fac2a385ac33a80bd5114aec74eb8,1
558,634256dbcd184b3757ffd7632c9fe52a,4
558,656e0eca68dcecf6a31b8ececfabe3e8,1
558,6f3b5b605d91b7439c5e3f5a8dffeea7,1
558,703d742887bb9267f89b675608ba7aa0,1
558,78efe838c04bbc568be034082200ac20,1
558,7fb04722aba7a2b632bac8f9819796f3,1
558,8c591ab0ca519558779df02023177f44,1
558,a62e25e09e05e6faf31d90c6ec1aa3d1,1
558,a92930c327948861c015c919a0bcb4a8,2
558,b114bf337c0626166abe574eee9e3f32,1
558,d017a2151d543a9885604dc62a3d9dcc,2
558,d04857e7b4b708ee8b8b9921163edba3,1
558,d2f5484cbffe4ca766301b21ab9246dd,2
558,e0cf79767c5b016251fe139915c59a26,3
558,e7cc48a9daff5436f63d3aad9426f28b,2
558,fb55982be901439613a95940feefd9ee,1
558,fbc1488c1a1e72ba175f53ab29a248e8,1
558,fbce4c4cb307679d89a3bf3d3bb353b9,1
559,054515fd15bc1a2029f10de97ffa9120,1
559,35afc973633aaeb6b877ff57b2793310,3
559,368c6c730842d78016ad823897a372db,1
559,437c05a395e9e47f9762e677a7068ce7,1
559,52c80cedd4e90108bf4fa6a206ef6b03,1
559,5b226d7c52f86ac72457617f78cff95d,1
559,89321f94e35fc6d7903d36f74e351d40,4
559,928e52a9ad53a294fdcc91bcf59d1751,1
559,99a4788cb24856965c36a24e339b6058,1
559,a92930c327948861c015c919a0bcb4a8,5
559,bb42f37fc3d9130e4a4339d24a47dd7c,1
559,bb50f2e236e5eea0100680137654686c,1
559,c1f5307decb89342351bec53668cffd9,1
559,c3ba4e8d3cb30049213b682e751e9d00,2
559,c4baedd846ed09b85f78a781b522f126,1
559,c6336fa91fbd87c359e44f5dca5a90ed,1
559,d017a2151d543a9885604dc62a3d9dcc,1
559,d1c427060a0f73f6b889a5c7c61f2ac4,3
559,fbce4c4cb307679d89a3bf3d3bb353b9,2
560,054515fd15bc1a2029f10de97ffa9120,2
560,0d85c435fd60b277ffb9e9b0f88f927a,1
560,1613b819ab5dae53aead2dbb4ebdb378,1
560,2028bf1b01cafb2d2b1901fca4083222,1
560,3dd2a17168ec895c781a9191c1e95ad7,1
560,422879e10f46682990de24d770e7f83d,1
560,4298b7e67dc399c200662b569563a2b2,1
560,4520766ec412348b8d4caa5e8a18c464,1
560,53759a2ecddad2bb87a079a1f1519f73,1
560,634256dbcd184b3757ffd7632c9fe52a,1
560,656e0eca68dcecf6a31b8ececfabe3e8,3
560,703d742887bb9267f89b675608ba7aa0,3
560,84f456958365164420cfc80fbe4c7fab,1
560,89321f94e35fc6d7903d36f74e351d40,1
560,a62e25e09e05e6faf31d90c6ec1aa3d1,1
560,afeeea6271148ee1bb15173b8187c431,1
560,bd6e6fce9ada76ea2db0f1912e8e478f,1
560,c3ba4e8d3cb30049213b682e751e9d00,1
560,c6336fa91fbd87c359e44f5dca5a90ed,1
560,d04857e7b4b708ee8b8b9921163edba3,1
560,e7cc48a9daff5436f63d3aad9426f28b,2
560,fbc1488c1a1e72ba175f53ab29a248e8,1
561,154e7e31ebfa092203795c972e5804a6,1
561,1613b819ab5dae53aead2dbb4ebdb378,1
561,18b0e642cbae7251e60a64aa07dd9eb9,1
561,35afc973633aaeb6b877ff57b2793310,1
561,389d119b48cf3043d311335e499d9c6b,3
561,461f43be3bdf8844e65b62d9ac2c7a5a,1
561,4fe644d766c7566dbc46fb851363cb3b,2
561,53b36df67ebb7c41585e8d54d6772e08,1
561,6f3b5b605d91b7439c5e3f5a8dffeea7,2
561,703d742887bb9267f89b675608ba7aa0,1
561,8317b177579dd27ff068b83205e2169b,1
561,89321f94e35fc6d7903d36f74e351d40,2
561,9545d45c37449ccbc376de3a04c66e71,1
561,97017430754804328eb9597b7f85da03,1
561,a02d0123079f4ae96001ba2010d1a2df,1
561,bb42f37fc3d9130e4a4339d24a47dd7c,1
561,bb50f2e236e5eea0100680137654686c,6
561,cac9e5692471a0700418aa3400b9b2b1,2
561,cec09725da5ed01471d9a505e7389d37,1
561,d1c427060a0f73f6b889a5c7c61f2ac4,1
561,e0d64dcfaa3b6db5c54ca298ae101d05,1
561,e7cc48a9daff5436f63d3aad9426f28b,5
561,eb8c629f70275fd1c4f809116cce1efc,6
561,ec2d43cc59763ec91694573b31f1c29a,2
561,fbce4c4cb307679d89a3bf3d3bb353b9,1
562,18b0e642cbae7251e60a64aa07dd9eb9,1
562,2028bf1b01cafb2d2b1901fca4083222,1
562,2b4609f8948be18874494203496bc318,1
562,4298b7e67dc399c200662b569563a2b2,2
562,43423cdffde7fda63d0414ed38c11a73,1
562,4520766ec412348b8d4caa5e8a18c464,1
562,6f3b5b605d91b7439c5e3f5a8dffeea7,1
562,703d742887bb9267f89b675608ba7aa0,1
562,89321f94e35fc6d7903d36f74e351d40,1
562,bb50f2e236e5eea0100680137654686c,1
562,bd6e6fce9ada76ea2db0f1912e8e478f,1
562,e0d64dcfaa3b6db5c54ca298ae101d05,1
562,e7cc48a9daff5436f63d3aad9426f28b,1
562,fbce4c4cb307679d89a3bf3d3bb353b9,1
563,054515fd15bc1a2029f10de97ffa9120,3
563,0d85c435fd60b277ffb9e9b0f88f927a,1
563,1613b819ab5dae53aead2dbb4ebdb378,1
563,2136c70bbe723d338fab53da3c03e6dc,2
563,3354a4e684f5e7199f9407db70ccd92b,1
563,35afc973633aaeb6b877ff57b2793310,1
563,41c24b8ce92d1a2cac62db5edfd088b2,1
563,4298b7e67dc399c200662b569563a2b2,1
563,437c05a395e9e47f9762e677a7068ce7,1
563,461f43be3bdf8844e65b62d9ac2c7a5a,1
563,5b226d7c52f86ac72457617f78cff95d,1
563,656e0eca68dcecf6a31b8ececfabe3e8,3
563,703d742887bb9267f89b675608ba7aa0,1
563,78efe838c04bbc568be034082200ac20,1
563,89321f94e35fc6d7903d36f74e351d40,1
563,928e52a9ad53a294fdcc91bcf59d1751,1
563,a02d0123079f4ae96001ba2010d1a2df,1
563,a62e25e09e05e6faf31d90c6ec1aa3d1,1
563,a92930c327948861c015c919a0bcb4a8,1
563,b114bf337c0626166abe574eee9e3f32,1
563,bb42f37fc3d9130e4a4339d24a47dd7c,1
563,cac9e5692471a0700418aa3400b9b2b1,1
563,d017a2151d543a9885604dc62a3d9dcc,1
563,d04857e7b4b708ee8b8b9921163edba3,1
563,ddceb6eef6af67e9fbbd4c148dbe5fd9,2
563,e0cf79767c5b016251fe139915c59a26,1
563,e7cc48a9daff5436f63d3aad9426f28b,5
563,f35927953ed82e19d06ad3aac2f06353,1
563,fbc1488c1a1e72ba175f53ab29a248e8,1
564,06edb72f1e0c64b14c5b79353f7abea3,3
564,1613b819ab5dae53aead2dbb4ebdb378,1
564,18b0e642cbae7251e60a64aa07dd9eb9,2
564,2028bf1b01cafb2d2b1901fca4083222,1
564,3354a4e684f5e7199f9407db70ccd92b,1
564,35afc973633aaeb6b877ff57b2793310,1
564,422879e10f46682990de24d770e7f83d,1
564,43423cdffde7fda63d0414ed38c11a73,1
564,4520766ec412348b8d4caa5e8a18c464,1
564,461f43be3bdf8844e65b62d9ac2c7a5a,1
564,4fe644d766c7566dbc46fb851363cb3b,1
564,52c80cedd4e90108bf4fa6a206ef6b03,2
564,569ffd16f8032478cbeb9800f2e94ba0,1
564,656e0eca68dcecf6a31b8ececfabe3e8,5
564,703d742887bb9267f89b675608ba7aa0,1
564,7814c273ab16783d73a9863ebfa8b141,1
564,781afe929e3016a667f5f439afd55fce,1
564,78efe838c04bbc568be034082200ac20,2
564,84f456958365164420cfc80fbe4c7fab,1
564,89321f94e35fc6d7903d36f74e351d40,1
564,8c591ab0ca519558779df02023177f44,1
564,9545d45c37449ccbc376de3a04c66e71,1
564,99a4788cb24856965c36a24e339b6058,1
564,a92930c327948861c015c919a0bcb4a8,1
564,afeeea6271148ee1bb15173b8187c431,2
564,b532349fe46b38fbc7bb3914c1bdae07,2
564,c4baedd846ed09b85f78a781b522f126,2
564,e03102efbc2229024c89be731f0aedcb,1
564,e0cf79767c5b016251fe139915c59a26,1
564,e59dd207c69d86e890febadc796d1078,1
564,e7cc48a9daff5436f63d3aad9426f28b,6
564,ee0c1cf2fbeae95205b4aa506f1469f0,1
564,fbce4c4cb307679d89a3bf3d3bb353b9,1
565,054515fd15bc1a2029f10de97ffa9120,1
565,0d85c435fd60b277ffb9e9b0f88f927a,2
565,154e7e31ebfa092203795c972e5804a6,1
565,18b0e642cbae7251e60a64aa07dd9eb9,1
565,368c6c730842d78016ad823897a372db,1
565,3dd2a17168ec895c781a9191c1e95ad7,1
565,41c24b8ce92d1a2cac62db5edfd088b2,1
565,461f43be3bdf8844e65b62d9ac2c7a5a,1
565,4b96786612ebe7463132fce2c4dca136,1
565,4fe644d766c7566dbc46fb851363cb3b,1
565,52c80cedd4e90108bf4fa6a206ef6b03,1
565,53b36df67ebb7c41585e8d54d6772e08,1
565,634256dbcd184b3757ffd7632c9fe52a,1
565,6a8631b72a2f8729b91514db87e771c0,1
565,6f3b5b605d91b7439c5e3f5a8dffeea7,3
565,78efe838c04bbc568be034082200ac20,2
565,8c292ca193d326152e335d77176746f0,1
565,962a6951154f98f2c8e9a5b8b2bcf4a9,1
565,97017430754804328eb9597b7f85da03,1
565,a92930c327948861c015c919a0bcb4a8,1
565,b114bf337c0626166abe574eee9e3f32,1
565,bd6e6fce9ada76ea2db0f1912e8e478f,1
565,c7fd13b5e515bffdab855d0812842edb,1
565,c9c6fde711572c1ad99ca12728c6af00,2
565,d04857e7b4b708ee8b8b9921163edba3,1
565,dbb67791e405873b259e4656bf971246,1
565,e0cf79767c5b016251fe139915c59a26,2
565,e53e557d5a159f5aa2c5e995dfdf244b,1
565,e59dd207c69d86e890febadc796d1078,2
565,e7cc48a9daff5436f63d3aad9426f28b,6
565,fbce4c4cb307679d89a3bf3d3bb353b9,1
566,2028bf1b01cafb2d2b1901fca4083222,1
566,24c66f106f642621e524291a895c9032,2
566,389d119b48cf3043d311335e499d9c6b,2
566,4fe644d766c7566dbc46fb851363cb3b,1
566,54d9ac713e253fa1fae9c8003b011c2a,1
566,595fac2a385ac33a80bd5114aec74eb8,3
566,634256dbcd184b3757ffd7632c9fe52a,1
566,64fb265487de2238627ce43fe8a67efc,1
566,6f3b5b605d91b7439c5e3f5a8dffeea7,1
566,7814c273ab16783d73a9863ebfa8b141,1
566,89321f94e35fc6d7903d36f74e351d40,1
566,97017430754804328eb9597b7f85da03,1
566,a35a9f46dcee0a67c8c7ad8493eb4135,1
566,a62e25e09e05e6faf31d90c6ec1aa3d1,1
566,bb42f37fc3d9130e4a4339d24a47dd7c,2
566,bb50f2e236e5eea0100680137654686c,1
566,bd6e6fce9ada76ea2db0f1912e8e478f,2
566,bdc3291ab242ec1effc8eb0987850268,2
566,c3ba4e8d3cb30049213b682e751e9d00,1
566,cac9e5692471a0700418aa3400b9b2b1,1
566,d017a2151d543a9885604dc62a3d9dcc,3
566,d04857e7b4b708ee8b8b9921163edba3,2
566,dbb67791e405873b259e4656bf971246,2
566,e7cc48a9daff5436f63d3aad9426f28b,2
566,fbc1488c1a1e72ba175f53ab29a248e8,1
567,054515fd15bc1a2029f10de97ffa9120,1
567,18b0e642cbae7251e60a64aa07dd9eb9,1
567,2136c70bbe723d338fab53da3c03e6dc,2
567,24c66f106f642621e524291a895c9032,1
567,35afc973633aaeb6b877ff57b2793310,1
567,3dd2a17168ec895c781a9191c1e95ad7,1
567,41c24b8ce92d1a2cac62db5edfd088b2,2
567,437c05a395e9e47f9762e677a7068ce7,1
567,461f43be3bdf8844e65b62d9ac2c7a5a,1
567,4fe644d766c7566dbc46fb851363cb3b,2
567,629e019a6f298a83aeecc7877964f935,1
567,634256dbcd184b3757ffd7632c9fe52a,1
567,89321f94e35fc6d7903d36f74e351d40,1
567,928e52a9ad53a294fdcc91bcf59d1751,1
567,a02d0123079f4ae96001ba2010d1a2df,1
567,a62e25e09e05e6faf31d90c6ec1aa3d1,1
567,a92930c327948861c015c919a0bcb4a8,1
567,b532349fe46b38fbc7bb3914c1bdae07,2
567,bd6e6fce9ada76ea2db0f1912e8e478f,3
567,c4baedd846ed09b85f78a781b522f126,1
567,d017a2151d543a9885604dc62a3d9dcc,2
567,d1c427060a0f73f6b889a5c7c61f2ac4,1
567,e7cc48a9daff5436f63d3aad9426f28b,4
567,fbc1488c1a1e72ba175f53ab29a248e8,1
568,06edb72f1e0c64b14c5b79353f7abea3,1
568,1613b819ab5dae53aead2dbb4ebdb378,1
568,18b0e642cbae7251e60a64aa07dd9eb9,2
568,19c91ef95d509ea33eda93495c4d3481,1
568,3354a4e684f5e7199f9407db70ccd92b,1
568,35afc973633aaeb6b877ff57b2793310,1
568,422879e10f46682990de24d770e7f83d,1
568,4298b7e67dc399c200662b569563a2b2,1
568,4fe644d766c7566dbc46fb851363cb3b,1
568,595fac2a385ac33a80bd5114aec74eb8,3
568,64fb265487de2238627ce43fe8a67efc,1
568,6cdd53843498f92890544667809f1595,1
568,6f3b5b605d91b7439c5e3f5a8dffeea7,1
568,73326828aa5efe1ba096223de496f596,1
568,84f456958365164420cfc80fbe4c7fab,1
568,a62e25e09e05e6faf31d90c6ec1aa3d1,1
568,a92930c327948861c015c919a0bcb4a8,3
568,b532349fe46b38fbc7bb3914c1bdae07,1
568,bd6e6fce9ada76ea2db0f1912e8e478f,1
568,cac9e5692471a0700418aa3400b9b2b1,1
568,d017a2151d543a9885604dc62a3d9dcc,4
568,dbb67791e405873b259e4656bf971246,1
568,e59dd207c69d86e890febadc796d1078,1
568,e7cc48a9daff5436f63d3aad9426f28b,3
568,fbce4c4cb307679d89a3bf3d3bb353b9,3
569,0bcc3eeca39e1064258aa1e932269894,1
569,1613b819ab5dae53aead2dbb4ebdb378,1
569,18b0e642cbae7251e60a64aa07dd9eb9,1
569,19c91ef95d509ea33eda93495c4d3481,1
569,2136c70bbe723d338fab53da3c03e6dc,1
569,2b4609f8948be18874494203496bc318,1
569,3dd2a17168ec895c781a9191c1e95ad7,1
569,3fbc0ef745950c7932d5f2a446189725,1
569,422879e10f46682990de24d770e7f83d,1
569,43423cdffde7fda63d0414ed38c11a73,2
569,437c05a395e9e47f9762e677a7068ce7,1
569,461f43be3bdf8844e65b62d9ac2c7a5a,1
569,4b96786612ebe7463132fce2c4dca136,1
569,4fe644d766c7566dbc46fb851363cb3b,2
569,629e019a6f298a83aeecc7877964f935,1
569,6cdd53843498f92890544667809f1595,1
569,73326828aa5efe1ba096223de496f596,2
569,7814c273ab16783d73a9863ebfa8b141,1
569,7c1bd920dbdf22470b68bde975dd3ccf,1
569,928e52a9ad53a294fdcc91bcf59d1751,1
569,99a4788cb24856965c36a24e339b6058,1
569,a92930c327948861c015c919a0bcb4a8,4
569,afeeea6271148ee1bb15173b8187c431,1
569,bb42f37fc3d9130e4a4339d24a47dd7c,1
569,d04857e7b4b708ee8b8b9921163edba3,1
569,d1c427060a0f73f6b889a5c7c61f2ac4,1
569,d2f5484cbffe4ca766301b21ab9246dd,1
569,dbb67791e405873b259e4656bf971246,1
569,e0cf79767c5b016251fe139915c59a26,2
569,e0d64dcfaa3b6db5c54ca298ae101d05,1
569,e59dd207c69d86e890febadc796d1078,2
569,ed2067a9c1f79553088a3c67b99a9f97,1
569,fbce4c4cb307679d89a3bf3d3bb353b9,1
569,fc1d8637c0268af3db482c14b7ef8e75,1
570,0bcc3eeca39e1064258aa1e932269894,1
570,0d85c435fd60b277ffb9e9b0f88f927a,1
570,1bfb290d7273a442c874dbe74b4abae6,3
570,24c66f106f642621e524291a895c9032,1
570,2fea0f2cec6b6324a277d4a61c2ed2c6,1
570,2ffdf10e724b958c0f7ea69e97d32f64,1
570,363218ba55c610b750224f90bdd34be1,1
570,389d119b48cf3043d311335e499d9c6b,2
570,3fbc0ef745950c7932d5f2a446189725,2
570,422879e10f46682990de24d770e7f83d,2
570,437c05a395e9e47f9762e677a7068ce7,1
570,4520766ec412348b8d4caa5e8a18c464,1
570,4fe644d766c7566dbc46fb851363cb3b,2
570,53759a2ecddad2bb87a079a1f1519f73,2
570,595fac2a385ac33a80bd5114aec74eb8,1
570,634256dbcd184b3757ffd7632c9fe52a,1
570,656e0eca68dcecf6a31b8ececfabe3e8,1
570,73326828aa5efe1ba096223de496f596,2
570,7814c273ab16783d73a9863ebfa8b141,2
570,781afe929e3016a667f5f439afd55fce,2
570,78efe838c04bbc568be034082200ac20,1
570,89321f94e35fc6d7903d36f74e351d40,1
570,99a4788cb24856965c36a24e339b6058,1
570,a02d0123079f4ae96001ba2010d1a2df,2
570,a62e25e09e05e6faf31d90c6ec1aa3d1,1
570,a92930c327948861c015c919a0bcb4a8,3
570,aca2eb7d00ea1a7b8ebd4e68314663af,1
570,afeeea6271148ee1bb15173b8187c431,1
570,b532349fe46b38fbc7bb3914c1bdae07,3
570,bb42f37fc3d9130e4a4339d24a47dd7c,1
570,bb50f2e236e5eea0100680137654686c,3
570,cec09725da5ed01471d9a505e7389d37,3
570,d017a2151d543a9885604dc62a3d9dcc,2
570,dbb67791e405873b259e4656bf971246,3
570,e53e557d5a159f5aa2c5e995dfdf244b,1
570,e59dd207c69d86e890febadc796d1078,3
570,e7cc48a9daff5436f63d3aad9426f28b,7
570,fbce4c4cb307679d89a3bf3d3bb353b9,1
571,0bcc3eeca39e1064258aa1e932269894,1
571,1613b819ab5dae53aead2dbb4ebdb378,1
571,19c91ef95d509ea33eda93495c4d3481,4
571,1bfb290d7273a442c874dbe74b4abae6,2
571,2ffdf10e724b958c0f7ea69e97d32f64,1
571,368c6c730842d78016ad823897a372db,1
571,437c05a395e9e47f9762e677a7068ce7,2
571,5a848e4ab52fd5445cdc07aab1c40e48,1
571,73326828aa5efe1ba096223de496f596,1
571,78efe838c04bbc568be034082200ac20,1
571,89321f94e35fc6d7903d36f74e351d40,2
571,9ecadb84c81da840dbf3564378b586e9,1
571,a62e25e09e05e6faf31d90c6ec1aa3d1,2
571,afeeea6271148ee1bb15173b8187c431,1
571,bb50f2e236e5eea0100680137654686c,7
571,bd6e6fce9ada76ea2db0f1912e8e478f,1
571,d1c427060a0f73f6b889a5c7c61f2ac4,3
571,dbb67791e405873b259e4656bf971246,3
571,e0cf79767c5b016251fe139915c59a26,1
571,e7cc48a9daff5436f63d3aad9426f28b,16
571,eb8c629f70275fd1c4f809116cce1efc,3
571,fbce4c4cb307679d89a3bf3d3bb353b9,2
571,fc1d8637c0268af3db482c14b7ef8e75,2
572,054515fd15bc1a2029f10de97ffa9120,4
572,0bcc3eeca39e1064258aa1e932269894,2
572,19c91ef95d509ea33eda93495c4d3481,1
572,2fea0f2cec6b6324a277d4a61c2ed2c6,1
572,3dd2a17168ec895c781a9191c1e95ad7,1
572,6f3b5b605d91b7439c5e3f5a8dffeea7,1
572,73326828aa5efe1ba096223de496f596,2
572,78efe838c04bbc568be034082200ac20,1
572,89321f94e35fc6d7903d36f74e351d40,1
572,962a6951154f98f2c8e9a5b8b2bcf4a9,1
572,a02d0123079f4ae96001ba2010d1a2df,1
572,afeeea6271148ee1bb15173b8187c431,1
572,b0961721fd839e9982420e807758a2a6,1
572,c4baedd846ed09b85f78a781b522f126,2
572,cec09725da5ed01471d9a505e7389d37,1
572,d04857e7b4b708ee8b8b9921163edba3,1
572,d2f5484cbffe4ca766301b21ab9246dd,1
572,e0cf79767c5b016251fe139915c59a26,1
572,e0d64dcfaa3b6db5c54ca298ae101d05,1
572,e59dd207c69d86e890febadc796d1078,1
572,e7cc48a9daff5436f63d3aad9426f28b,13
572,f35927953ed82e19d06ad3aac2f06353,1
572,fbc1488c1a1e72ba175f53ab29a248e8,1
572,fbce4c4cb307679d89a3bf3d3bb353b9,2
573,06edb72f1e0c64b14c5b79353f7abea3,1
573,1613b819ab5dae53aead2dbb4ebdb378,2
573,19c91ef95d509ea33eda93495c4d3481,2
573,3354a4e684f5e7199f9407db70ccd92b,1
573,368c6c730842d78016ad823897a372db,1
573,389d119b48cf3043d311335e499d9c6b,2
573,3dd2a17168ec895c781a9191c1e95ad7,1
573,3fbc0ef745950c7932d5f2a446189725,3
573,437c05a395e9e47f9762e677a7068ce7,2
573,4fe644d766c7566dbc46fb851363cb3b,1
573,53759a2ecddad2bb87a079a1f1519f73,1
573,595fac2a385ac33a80bd5114aec74eb8,1
573,5a848e4ab52fd5445cdc07aab1c40e48,1
573,629e019a6f298a83aeecc7877964f935,1
573,703d742887bb9267f89b675608ba7aa0,1
573,73326828aa5efe1ba096223de496f596,2
573,777d2e438a1b645f3aec9bd57e92672c,1
573,781afe929e3016a667f5f439afd55fce,1
573,78efe838c04bbc568be034082200ac20,1
573,97017430754804328eb9597b7f85da03,1
573,a92930c327948861c015c919a0bcb4a8,1
573,aca2eb7d00ea1a7b8ebd4e68314663af,1
573,bb50f2e236e5eea0100680137654686c,1
573,c3ba4e8d3cb30049213b682e751e9d00,1
573,d017a2151d543a9885604dc62a3d9dcc,1
573,d04857e7b4b708ee8b8b9921163edba3,1
573,e0cf79767c5b016251fe139915c59a26,1
573,e0d64dcfaa3b6db5c54ca298ae101d05,2
573,e59dd207c69d86e890febadc796d1078,1
573,e7cc48a9daff5436f63d3aad9426f28b,3
573,eb8c629f70275fd1c4f809116cce1efc,3
573,fbce4c4cb307679d89a3bf3d3bb353b9,2
574,19c91ef95d509ea33eda93495c4d3481,2
574,2fea0f2cec6b6324a277d4a61c2ed2c6,1
574,3354a4e684f5e7199f9407db70ccd92b,2
574,41c24b8ce92d1a2cac62db5edfd088b2,1
574,634256dbcd184b3757ffd7632c9fe52a,1
574,6f3b5b605d91b7439c5e3f5a8dffeea7,1
574,73326828aa5efe1ba096223de496f596,3
574,8562e2c780a345b609e1b802d7e3e4ae,1
574,89321f94e35fc6d7903d36f74e351d40,1
574,a02d0123079f4ae96001ba2010d1a2df,2
574,afeeea6271148ee1bb15173b8187c431,1
574,b532349fe46b38fbc7bb3914c1bdae07,3
574,bb50f2e236e5eea0100680137654686c,2
574,c6336fa91fbd87c359e44f5dca5a90ed,1
574,d04857e7b4b708ee8b8b9921163edba3,1
574,e0d64dcfaa3b6db5c54ca298ae101d05,2
574,e7cc48a9daff5436f63d3aad9426f28b,1
574,fbce4c4cb307679d89a3bf3d3bb353b9,1
575,054515fd15bc1a2029f10de97ffa9120,1
575,1613b819ab5dae53aead2dbb4ebdb378,1
575,18b0e642cbae7251e60a64aa07dd9eb9,2
575,19c91ef95d509ea33eda93495c4d3481,3
575,2136c70bbe723d338fab53da3c03e6dc,1
575,2fea0f2cec6b6324a277d4a61c2ed2c6,1
575,2ffdf10e724b958c0f7ea69e97d32f64,1
575,363218ba55c610b750224f90bdd34be1,4
575,368c6c730842d78016ad823897a372db,1
575,89321f94e35fc6d7903d36f74e351d40,1
575,93c902b021a9e594f658ab1b0351602a,1
575,afeeea6271148ee1bb15173b8187c431,2
575,b532349fe46b38fbc7bb3914c1bdae07,4
575,bd6e6fce9ada76ea2db0f1912e8e478f,1
575,bdc3291ab242ec1effc8eb0987850268,2
575,cac9e5692471a0700418aa3400b9b2b1,1
575,d017a2151d543a9885604dc62a3d9dcc,2
575,d04857e7b4b708ee8b8b9921163edba3,1
575,d2f5484cbffe4ca766301b21ab9246dd,1
575,e7cc48a9daff5436f63d3aad9426f28b,3
575,fbc1488c1a1e72ba175f53ab29a248e8,3
576,1613b819ab5dae53aead2dbb4ebdb378,1
576,18b0e642cbae7251e60a64aa07dd9eb9,2
576,19c91ef95d509ea33eda93495c4d3481,1
576,363218ba55c610b750224f90bdd34be1,1
576,41c24b8ce92d1a2cac62db5edfd088b2,1
576,52c80cedd4e90108bf4fa6a206ef6b03,2
576,53759a2ecddad2bb87a079a1f1519f73,1
576,5411e9269501a870cabf632f05655131,1
576,595fac2a385ac33a80bd5114aec74eb8,2
576,64fb265487de2238627ce43fe8a67efc,1
576,6cdd53843498f92890544667809f1595,1
576,703d742887bb9267f89b675608ba7aa0,1
576,73326828aa5efe1ba096223de496f596,1
576,bb50f2e236e5eea0100680137654686c,1
576,c4baedd846ed09b85f78a781b522f126,1
576,d1c427060a0f73f6b889a5c7c61f2ac4,1
576,d2f5484cbffe4ca766301b21ab9246dd,1
576,e59dd207c69d86e890febadc796d1078,1
576,e7cc48a9daff5436f63d3aad9426f28b,5
577,054515fd15bc1a2029f10de97ffa9120,2
577,06edb72f1e0c64b14c5b79353f7abea3,1
577,154e7e31ebfa092203795c972e5804a6,1
577,1613b819ab5dae53aead2dbb4ebdb378,1
577,19c91ef95d509ea33eda93495c4d3481,2
577,2028bf1b01cafb2d2b1901fca4083222,1
577,3354a4e684f5e7199f9407db70ccd92b,1
577,35afc973633aaeb6b877ff57b2793310,1
577,363218ba55c610b750224f90bdd34be1,3
577,389d119b48cf3043d311335e499d9c6b,2
577,3fbc0ef745950c7932d5f2a446189725,4
577,41c24b8ce92d1a2cac62db5edfd088b2,1
577,422879e10f46682990de24d770e7f83d,1
577,5a848e4ab52fd5445cdc07aab1c40e48,1
577,5b226d7c52f86ac72457617f78cff95d,1
577,6cdd53843498f92890544667809f1595,1
577,73326828aa5efe1ba096223de496f596,2
577,78efe838c04bbc568be034082200ac20,1
577,97017430754804328eb9597b7f85da03,1
577,99a4788cb24856965c36a24e339b6058,4
577,a92930c327948861c015c919a0bcb4a8,1
577,bb50f2e236e5eea0100680137654686c,1
577,c6336fa91fbd87c359e44f5dca5a90ed,1
577,d017a2151d543a9885604dc62a3d9dcc,2
577,d1c427060a0f73f6b889a5c7c61f2ac4,1
577,e0cf79767c5b016251fe139915c59a26,1
577,e7cc48a9daff5436f63d3aad9426f28b,1
577,fbc1488c1a1e72ba175f53ab29a248e8,1
578,06edb72f1e0c64b14c5b79353f7abea3,1
578,0bcc3eeca39e1064258aa1e932269894,1
578,11fd9d7ba552e1d28872e008acf1e050,1
578,19c91ef95d509ea33eda93495c4d3481,1
578,2028bf1b01cafb2d2b1901fca4083222,1
578,2b4609f8948be18874494203496bc318,1
578,3fbc0ef745950c7932d5f2a446189725,3
578,422879e10f46682990de24d770e7f83d,1
578,52c80cedd4e90108bf4fa6a206ef6b03,1
578,6cdd53843498f92890544667809f1595,1
578,73326828aa5efe1ba096223de496f596,3
578,8c591ab0ca519558779df02023177f44,1
578,a35a9f46dcee0a67c8c7ad8493eb4135,1
578,afeeea6271148ee1bb15173b8187c431,1
578,cec09725da5ed01471d9a505e7389d37,1
578,d1c427060a0f73f6b889a5c7c61f2ac4,1
578,e0cf79767c5b016251fe139915c59a26,2
578,e0d64dcfaa3b6db5c54ca298ae101d05,2
579,0152f69b6cf919bcdaf117aa8c43e5a2,1
579,054515fd15bc1a2029f10de97ffa9120,1
579,130482add9fd75ccb6c57ba007694a2d,1
579,18b0e642cbae7251e60a64aa07dd9eb9,2
579,19c91ef95d509ea33eda93495c4d3481,2
579,3354a4e684f5e7199f9407db70ccd92b,1
579,3fbc0ef745950c7932d5f2a446189725,1
579,4520766ec412348b8d4caa5e8a18c464,1
579,5f504b3a1c75b73d6151be81eb05bdc9,1
579,629e019a6f298a83aeecc7877964f935,1
579,73326828aa5efe1ba096223de496f596,2
579,89321f94e35fc6d7903d36f74e351d40,1
579,a19b6951c75da43aad691622dd2f6abe,1
579,a62e25e09e05e6faf31d90c6ec1aa3d1,1
579,a92930c327948861c015c919a0bcb4a8,4
579,b0961721fd839e9982420e807758a2a6,1
579,bb50f2e236e5eea0100680137654686c,1
579,c6336fa91fbd87c359e44f5dca5a90ed,1
579,e0d64dcfaa3b6db5c54ca298ae101d05,1
579,ee0c1cf2fbeae95205b4aa506f1469f0,1
579,fb55982be901439613a95940feefd9ee,1
579,fbc1488c1a1e72ba175f53ab29a248e8,1
580,054515fd15bc1a2029f10de97ffa9120,1
580,18b0e642cbae7251e60a64aa07dd9eb9,4
580,19c91ef95d509ea33eda93495c4d3481,3
580,2028bf1b01cafb2d2b1901fca4083222,1
580,2b4609f8948be18874494203496bc318,1
580,368c6c730842d78016ad823897a372db,1
580,389d119b48cf3043d311335e499d9c6b,2
580,3fbc0ef745950c7932d5f2a446189725,4
580,437c05a395e9e47f9762e677a7068ce7,2
580,6cdd53843498f92890544667809f1595,1
580,703d742887bb9267f89b675608ba7aa0,3
580,73326828aa5efe1ba096223de496f596,4
580,7c1bd920dbdf22470b68bde975dd3ccf,1
580,a92930c327948861c015c919a0bcb4a8,4
580,bb50f2e236e5eea0100680137654686c,1
580,bd6e6fce9ada76ea2db0f1912e8e478f,2
580,c3ba4e8d3cb30049213b682e751e9d00,1
580,c6336fa91fbd87c359e44f5dca5a90ed,2
580,cec09725da5ed01471d9a505e7389d37,1
580,d017a2151d543a9885604dc62a3d9dcc,2
580,d04857e7b4b708ee8b8b9921163edba3,4
580,e44f675b60b3a3a2453ec36421e06f0f,2
580,e59dd207c69d86e890febadc796d1078,1
580,e7cc48a9daff5436f63d3aad9426f28b,2
580,eb8c629f70275fd1c4f809116cce1efc,1
580,fbc1488c1a1e72ba175f53ab29a248e8,1
581,0152f69b6cf919bcdaf117aa8c43e5a2,1
581,06edb72f1e0c64b14c5b79353f7abea3,1
581,1613b819ab5dae53aead2dbb4ebdb378,1
581,18b0e642cbae7251e60a64aa07dd9eb9,1
581,19c91ef95d509ea33eda93495c4d3481,3
581,3fbc0ef745950c7932d5f2a446189725,3
581,437c05a395e9e47f9762e677a7068ce7,2
581,4fe644d766c7566dbc46fb851363cb3b,1
581,52c80cedd4e90108bf4fa6a206ef6b03,1
581,6cdd53843498f92890544667809f1595,1
581,73326828aa5efe1ba096223de496f596,3
581,89321f94e35fc6d7903d36f74e351d40,1
581,928e52a9ad53a294fdcc91bcf59d1751,1
581,a92930c327948861c015c919a0bcb4a8,1
581,b532349fe46b38fbc7bb3914c1bdae07,3
581,bb50f2e236e5eea0100680137654686c,2
581,c3ba4e8d3cb30049213b682e751e9d00,1
581,d017a2151d543a9885604dc62a3d9dcc,1
581,d2f5484cbffe4ca766301b21ab9246dd,2
581,e7cc48a9daff5436f63d3aad9426f28b,1
581,eb8c629f70275fd1c4f809116cce1efc,1
582,054515fd15bc1a2029f10de97ffa9120,2
582,06edb72f1e0c64b14c5b79353f7abea3,2
582,18b0e642cbae7251e60a64aa07dd9eb9,1
582,3fbc0ef745950c7932d5f2a446189725,1
582,52c80cedd4e90108bf4fa6a206ef6b03,1
582,595fac2a385ac33a80bd5114aec74eb8,2
582,6f3b5b605d91b7439c5e3f5a8dffeea7,1
582,73326828aa5efe1ba096223de496f596,2
582,7814c273ab16783d73a9863ebfa8b141,2
582,78efe838c04bbc568be034082200ac20,1
582,8c292ca193d326152e335d77176746f0,1
582,a35a9f46dcee0a67c8c7ad8493eb4135,1
582,aca2eb7d00ea1a7b8ebd4e68314663af,1
582,bb50f2e236e5eea0100680137654686c,1
582,d04857e7b4b708ee8b8b9921163edba3,2
582,e0d64dcfaa3b6db5c54ca298ae101d05,1
583,19c91ef95d509ea33eda93495c4d3481,5
583,3fbc0ef745950c7932d5f2a446189725,1
583,629e019a6f298a83aeecc7877964f935,1
583,634256dbcd184b3757ffd7632c9fe52a,1
583,703d742887bb9267f89b675608ba7aa0,1
583,73326828aa5efe1ba096223de496f596,6
583,7814c273ab16783d73a9863ebfa8b141,1
583,97017430754804328eb9597b7f85da03,3
583,99a4788cb24856965c36a24e339b6058,1
583,a35a9f46dcee0a67c8c7ad8493eb4135,2
583,b0961721fd839e9982420e807758a2a6,1
583,bb42f37fc3d9130e4a4339d24a47dd7c,2
583,d2f5484cbffe4ca766301b21ab9246dd,1
583,e44f675b60b3a3a2453ec36421e06f0f,1
583,fbc1488c1a1e72ba175f53ab29a248e8,1
584,0152f69b6cf919bcdaf117aa8c43e5a2,1
584,3354a4e684f5e7199f9407db70ccd92b,1
584,3fbc0ef745950c7932d5f2a446189725,1
584,595fac2a385ac33a80bd5114aec74eb8,1
584,5a848e4ab52fd5445cdc07aab1c40e48,1
584,629e019a6f298a83aeecc7877964f935,1
584,73326828aa5efe1ba096223de496f596,5
584,97017430754804328eb9597b7f85da03,1
584,a92930c327948861c015c919a0bcb4a8,2
584,c4baedd846ed09b85f78a781b522f126,1
584,c6336fa91fbd87c359e44f5dca5a90ed,1
584,d1c427060a0f73f6b889a5c7c61f2ac4,1
584,ee0c1cf2fbeae95205b4aa506f1469f0,1
584,fbc1488c1a1e72ba175f53ab29a248e8,1
585,0152f69b6cf919bcdaf117aa8c43e5a2,1
585,06edb72f1e0c64b14c5b79353f7abea3,1
585,0bcc3eeca39e1064258aa1e932269894,1
585,19c91ef95d509ea33eda93495c4d3481,1
585,2b4609f8948be18874494203496bc318,1
585,3fbc0ef745950c7932d5f2a446189725,2
585,52c80cedd4e90108bf4fa6a206ef6b03,1
585,569ffd16f8032478cbeb9800f2e94ba0,1
585,595fac2a385ac33a80bd5114aec74eb8,3
585,6cdd53843498f92890544667809f1595,2
585,6f3b5b605d91b7439c5e3f5a8dffeea7,1
585,73326828aa5efe1ba096223de496f596,4
585,7c1bd920dbdf22470b68bde975dd3ccf,1
585,bb50f2e236e5eea0100680137654686c,3
585,bd6e6fce9ada76ea2db0f1912e8e478f,1
585,e03102efbc2229024c89be731f0aedcb,1
585,e0d64dcfaa3b6db5c54ca298ae101d05,1
585,e7cc48a9daff5436f63d3aad9426f28b,1
586,2fea0f2cec6b6324a277d4a61c2ed2c6,1
586,3fbc0ef745950c7932d5f2a446189725,2
586,41c24b8ce92d1a2cac62db5edfd088b2,1
586,53759a2ecddad2bb87a079a1f1519f73,3
586,6f3b5b605d91b7439c5e3f5a8dffeea7,1
586,8c591ab0ca519558779df02023177f44,1
586,a92930c327948861c015c919a0bcb4a8,2
586,ab1f9387c0627dd24000bfbc54fdeee0,1
586,bb42f37fc3d9130e4a4339d24a47dd7c,1
586,bb50f2e236e5eea0100680137654686c,2
586,d04857e7b4b708ee8b8b9921163edba3,1
586,d1c427060a0f73f6b889a5c7c61f2ac4,1
586,ed2067a9c1f79553088a3c67b99a9f97,1
586,fbc1488c1a1e72ba175f53ab29a248e8,2
587,2b4609f8948be18874494203496bc318,1
587,595fac2a385ac33a80bd5114aec74eb8,1
587,629e019a6f298a83aeecc7877964f935,1
587,703d742887bb9267f89b675608ba7aa0,1
587,73326828aa5efe1ba096223de496f596,1
587,78efe838c04bbc568be034082200ac20,1
587,8c292ca193d326152e335d77176746f0,1
587,962a6951154f98f2c8e9a5b8b2bcf4a9,1
587,b623b7cb05ee3248fbe4a6ecbeed79a4,1
587,bdc3291ab242ec1effc8eb0987850268,1
588,41c24b8ce92d1a2cac62db5edfd088b2,1
588,6f3b5b605d91b7439c5e3f5a8dffeea7,1
588,73326828aa5efe1ba096223de496f596,2
588,a92930c327948861c015c919a0bcb4a8,1
588,d017a2151d543a9885604dc62a3d9dcc,1
588,d04857e7b4b708ee8b8b9921163edba3,1
588,e0cf79767c5b016251fe139915c59a26,1
589,2b4609f8948be18874494203496bc318,1
589,368c6c730842d78016ad823897a372db,1
589,703d742887bb9267f89b675608ba7aa0,1
589,73326828aa5efe1ba096223de496f596,1
589,bb50f2e236e5eea0100680137654686c,1
589,c4baedd846ed09b85f78a781b522f126,1
589,ee0c1cf2fbeae95205b4aa506f1469f0,1
589,fbc1488c1a1e72ba175f53ab29a248e8,2
590,73326828aa5efe1ba096223de496f596,2
590,93c902b021a9e594f658ab1b0351602a,1
590,962a6951154f98f2c8e9a5b8b2bcf4a9,1
590,bb50f2e236e5eea0100680137654686c,1
590,c3ba4e8d3cb30049213b682e751e9d00,2
590,e0cf79767c5b016251fe139915c59a26,1
591,2b4609f8948be18874494203496bc318,1
591,73326828aa5efe1ba096223de496f596,1
591,928e52a9ad53a294fdcc91bcf59d1751,1
591,bb42f37fc3d9130e4a4339d24a47dd7c,1
591,d2f5484cbffe4ca766301b21ab9246dd,1
592,73326828aa5efe1ba096223de496f596,2
592,e0cf79767c5b016251fe139915c59a26,1
593,d04857e7b4b708ee8b8b9921163edba3,1
