step,sku,qty
0,6cdd53843498f92890544667809f1595,1
2,6cdd53843498f92890544667809f1595,1
3,6cdd53843498f92890544667809f1595,1
5,6cdd53843498f92890544667809f1595,1
8,6cdd53843498f92890544667809f1595,2
16,6cdd53843498f92890544667809f1595,2
16,7c1bd920dbdf22470b68bde975dd3ccf,1
18,6cdd53843498f92890544667809f1595,1
19,154e7e31ebfa092203795c972e5804a6,1
19,6cdd53843498f92890544667809f1595,1
21,154e7e31ebfa092203795c972e5804a6,2
22,154e7e31ebfa092203795c972e5804a6,1
23,154e7e31ebfa092203795c972e5804a6,1
24,154e7e31ebfa092203795c972e5804a6,2
26,6cdd53843498f92890544667809f1595,1
26,7c1bd920dbdf22470b68bde975dd3ccf,1
27,154e7e31ebfa092203795c972e5804a6,1
30,52c80cedd4e90108bf4fa6a206ef6b03,1
30,c6dd917a0be2a704582055949915ab32,1
31,8c591ab0ca519558779df02023177f44,1
31,d1c427060a0f73f6b889a5c7c61f2ac4,1
33,c6dd917a0be2a704582055949915ab32,1
34,6cdd53843498f92890544667809f1595,1
34,c6dd917a0be2a704582055949915ab32,3
35,7c1bd920dbdf22470b68bde975dd3ccf,1
37,d1c427060a0f73f6b889a5c7c61f2ac4,1
39,154e7e31ebfa092203795c972e5804a6,1
39,7c1bd920dbdf22470b68bde975dd3ccf,1
39,c4baedd846ed09b85f78a781b522f126,1
39,c6dd917a0be2a704582055949915ab32,1
39,d1c427060a0f73f6b889a5c7c61f2ac4,1
40,c6dd917a0be2a704582055949915ab32,1
41,7c1bd920dbdf22470b68bde975dd3ccf,1
42,7c1bd920dbdf22470b68bde975dd3ccf,1
43,154e7e31ebfa092203795c972e5804a6,1
44,154e7e31ebfa092203795c972e5804a6,1
44,35afc973633aaeb6b877ff57b2793310,1
44,99a4788cb24856965c36a24e339b6058,2
45,7c1bd920dbdf22470b68bde975dd3ccf,1
45,99a4788cb24856965c36a24e339b6058,1
45,c6dd917a0be2a704582055949915ab32,2
46,154e7e31ebfa092203795c972e5804a6,1
46,99a4788cb24856965c36a24e339b6058,1
47,8c591ab0ca519558779df02023177f44,1
47,c4baedd846ed09b85f78a781b522f126,1
48,154e7e31ebfa092203795c972e5804a6,1
48,99a4788cb24856965c36a24e339b6058,1
48,a92930c327948861c015c919a0bcb4a8,1
49,99a4788cb24856965c36a24e339b6058,2
50,154e7e31ebfa092203795c972e5804a6,1
50,7c1bd920dbdf22470b68bde975dd3ccf,1
50,8c591ab0ca519558779df02023177f44,1
50,99a4788cb24856965c36a24e339b6058,2
50,c6dd917a0be2a704582055949915ab32,1
51,7c1bd920dbdf22470b68bde975dd3ccf,1
51,e0d64dcfaa3b6db5c54ca298ae101d05,2
52,99a4788cb24856965c36a24e339b6058,1
52,c4baedd846ed09b85f78a781b522f126,1
52,d017a2151d543a9885604dc62a3d9dcc,1
53,2b4609f8948be18874494203496bc318,1
53,35afc973633aaeb6b877ff57b2793310,1
53,99a4788cb24856965c36a24e339b6058,1
53,e0d64dcfaa3b6db5c54ca298ae101d05,1
54,154e7e31ebfa092203795c972e5804a6,2
54,7c1bd920dbdf22470b68bde975dd3ccf,2
54,d1c427060a0f73f6b889a5c7c61f2ac4,1
54,e0d64dcfaa3b6db5c54ca298ae101d05,1
55,8c591ab0ca519558779df02023177f44,1
55,99a4788cb24856965c36a24e339b6058,1
56,601a360bd2a916ecef0e88de72a6531a,1
56,c6dd917a0be2a704582055949915ab32,1
57,2b4609f8948be18874494203496bc318,1
57,601a360bd2a916ecef0e88de72a6531a,2
57,6cdd53843498f92890544667809f1595,1
57,8c591ab0ca519558779df02023177f44,2
57,99a4788cb24856965c36a24e339b6058,2
57,c6dd917a0be2a704582055949915ab32,1
58,2b4609f8948be18874494203496bc318,3
58,7c1bd920dbdf22470b68bde975dd3ccf,1
58,c6dd917a0be2a704582055949915ab32,1
59,08574b074924071f4e201e151b152b4e,2
59,c4baedd846ed09b85f78a781b522f126,1
60,35afc973633aaeb6b877ff57b2793310,1
60,7c1bd920dbdf22470b68bde975dd3ccf,2
60,99a4788cb24856965c36a24e339b6058,2
61,2b4609f8948be18874494203496bc318,1
61,601a360bd2a916ecef0e88de72a6531a,1
61,8c591ab0ca519558779df02023177f44,2
61,c6dd917a0be2a704582055949915ab32,1
62,154e7e31ebfa092203795c972e5804a6,1
62,8c591ab0ca519558779df02023177f44,1
63,601a360bd2a916ecef0e88de72a6531a,1
63,8c591ab0ca519558779df02023177f44,1
63,c4baedd846ed09b85f78a781b522f126,1
63,c6dd917a0be2a704582055949915ab32,1
63,d1c427060a0f73f6b889a5c7c61f2ac4,1
64,601a360bd2a916ecef0e88de72a6531a,2
64,99a4788cb24856965c36a24e339b6058,2
64,c4baedd846ed09b85f78a781b522f126,1
64,d017a2151d543a9885604dc62a3d9dcc,1
65,154e7e31ebfa092203795c972e5804a6,3
65,601a360bd2a916ecef0e88de72a6531a,1
65,8c591ab0ca519558779df02023177f44,1
65,c6dd917a0be2a704582055949915ab32,2
66,d017a2151d543a9885604dc62a3d9dcc,1
67,6cdd53843498f92890544667809f1595,1
67,99a4788cb24856965c36a24e339b6058,2
67,c6dd917a0be2a704582055949915ab32,1
67,d017a2151d543a9885604dc62a3d9dcc,1
68,7c1bd920dbdf22470b68bde975dd3ccf,1
69,08574b074924071f4e201e151b152b4e,1
71,08574b074924071f4e201e151b152b4e,2
71,35afc973633aaeb6b877ff57b2793310,1
71,99a4788cb24856965c36a24e339b6058,2
71,c6dd917a0be2a704582055949915ab32,1
72,c6dd917a0be2a704582055949915ab32,1
72,d1c427060a0f73f6b889a5c7c61f2ac4,1
73,35afc973633aaeb6b877ff57b2793310,1
73,e0d64dcfaa3b6db5c54ca298ae101d05,1
74,8c591ab0ca519558779df02023177f44,1
74,99a4788cb24856965c36a24e339b6058,1
74,c6dd917a0be2a704582055949915ab32,1
75,08574b074924071f4e201e151b152b4e,1
75,99a4788cb24856965c36a24e339b6058,1
76,601a360bd2a916ecef0e88de72a6531a,1
76,99a4788cb24856965c36a24e339b6058,2
77,08574b074924071f4e201e151b152b4e,1
78,7c1bd920dbdf22470b68bde975dd3ccf,1
78,99a4788cb24856965c36a24e339b6058,1
78,b0961721fd839e9982420e807758a2a6,4
78,e0d64dcfaa3b6db5c54ca298ae101d05,1
79,99a4788cb24856965c36a24e339b6058,2
80,c6dd917a0be2a704582055949915ab32,2
81,601a360bd2a916ecef0e88de72a6531a,1
81,99a4788cb24856965c36a24e339b6058,2
81,c6dd917a0be2a704582055949915ab32,1
82,52c80cedd4e90108bf4fa6a206ef6b03,2
82,53759a2ecddad2bb87a079a1f1519f73,1
82,99a4788cb24856965c36a24e339b6058,2
83,53759a2ecddad2bb87a079a1f1519f73,1
84,52c80cedd4e90108bf4fa6a206ef6b03,1
84,c6dd917a0be2a704582055949915ab32,1
84,e0d64dcfaa3b6db5c54ca298ae101d05,2
85,08574b074924071f4e201e151b152b4e,1
85,c6dd917a0be2a704582055949915ab32,1
85,d017a2151d543a9885604dc62a3d9dcc,1
86,8c591ab0ca519558779df02023177f44,2
86,99a4788cb24856965c36a24e339b6058,1
86,c6dd917a0be2a704582055949915ab32,1
87,601a360bd2a916ecef0e88de72a6531a,1
87,7c1bd920dbdf22470b68bde975dd3ccf,1
87,99a4788cb24856965c36a24e339b6058,1
87,b0961721fd839e9982420e807758a2a6,1
87,c6dd917a0be2a704582055949915ab32,1
88,601a360bd2a916ecef0e88de72a6531a,1
88,6cdd53843498f92890544667809f1595,1
88,c6dd917a0be2a704582055949915ab32,1
89,601a360bd2a916ecef0e88de72a6531a,1
89,8c591ab0ca519558779df02023177f44,2
89,c6dd917a0be2a704582055949915ab32,1
90,99a4788cb24856965c36a24e339b6058,2
90,c6dd917a0be2a704582055949915ab32,1
91,08574b074924071f4e201e151b152b4e,1
91,154e7e31ebfa092203795c972e5804a6,1
91,99a4788cb24856965c36a24e339b6058,1
91,c6dd917a0be2a704582055949915ab32,1
92,35afc973633aaeb6b877ff57b2793310,1
92,53759a2ecddad2bb87a079a1f1519f73,1
92,7c1bd920dbdf22470b68bde975dd3ccf,1
92,99a4788cb24856965c36a24e339b6058,1
92,c6dd917a0be2a704582055949915ab32,1
93,35afc973633aaeb6b877ff57b2793310,1
93,7c1bd920dbdf22470b68bde975dd3ccf,1
93,99a4788cb24856965c36a24e339b6058,3
94,0bcc3eeca39e1064258aa1e932269894,1
94,154e7e31ebfa092203795c972e5804a6,1
94,35afc973633aaeb6b877ff57b2793310,2
94,7c1bd920dbdf22470b68bde975dd3ccf,2
94,99a4788cb24856965c36a24e339b6058,1
94,d1c427060a0f73f6b889a5c7c61f2ac4,1
95,154e7e31ebfa092203795c972e5804a6,2
95,99a4788cb24856965c36a24e339b6058,3
96,154e7e31ebfa092203795c972e5804a6,1
96,601a360bd2a916ecef0e88de72a6531a,1
96,99a4788cb24856965c36a24e339b6058,1
97,154e7e31ebfa092203795c972e5804a6,3
97,99a4788cb24856965c36a24e339b6058,3
98,601a360bd2a916ecef0e88de72a6531a,2
98,99a4788cb24856965c36a24e339b6058,1
98,d1c427060a0f73f6b889a5c7c61f2ac4,1
99,7c1bd920dbdf22470b68bde975dd3ccf,2
99,99a4788cb24856965c36a24e339b6058,3
99,c6dd917a0be2a704582055949915ab32,2
99,d1c427060a0f73f6b889a5c7c61f2ac4,1
100,154e7e31ebfa092203795c972e5804a6,2
100,601a360bd2a916ecef0e88de72a6531a,1
100,7c1bd920dbdf22470b68bde975dd3ccf,1
100,99a4788cb24856965c36a24e339b6058,1
100,c6dd917a0be2a704582055949915ab32,1
100,d1c427060a0f73f6b889a5c7c61f2ac4,1
101,154e7e31ebfa092203795c972e5804a6,1
101,601a360bd2a916ecef0e88de72a6531a,1
101,8c591ab0ca519558779df02023177f44,3
101,c6dd917a0be2a704582055949915ab32,1
102,601a360bd2a916ecef0e88de72a6531a,2
102,99a4788cb24856965c36a24e339b6058,1
102,c6dd917a0be2a704582055949915ab32,1
103,99a4788cb24856965c36a24e339b6058,1
103,d1c427060a0f73f6b889a5c7c61f2ac4,1
104,154e7e31ebfa092203795c972e5804a6,2
104,601a360bd2a916ecef0e88de72a6531a,1
104,8c591ab0ca519558779df02023177f44,1
105,601a360bd2a916ecef0e88de72a6531a,1
105,99a4788cb24856965c36a24e339b6058,1
106,154e7e31ebfa092203795c972e5804a6,1
106,42a2c92a0979a949ca4ea89ec5c7b934,1
106,7c1bd920dbdf22470b68bde975dd3ccf,1
106,99a4788cb24856965c36a24e339b6058,3
107,08574b074924071f4e201e151b152b4e,1
107,389d119b48cf3043d311335e499d9c6b,2
107,422879e10f46682990de24d770e7f83d,1
107,53759a2ecddad2bb87a079a1f1519f73,1
107,601a360bd2a916ecef0e88de72a6531a,2
107,99a4788cb24856965c36a24e339b6058,1
108,2b4609f8948be18874494203496bc318,1
108,7c1bd920dbdf22470b68bde975dd3ccf,1
108,99a4788cb24856965c36a24e339b6058,2
108,c6dd917a0be2a704582055949915ab32,2
109,42a2c92a0979a949ca4ea89ec5c7b934,1
109,601a360bd2a916ecef0e88de72a6531a,1
109,7c1bd920dbdf22470b68bde975dd3ccf,1
109,99a4788cb24856965c36a24e339b6058,2
109,c6dd917a0be2a704582055949915ab32,3
110,08574b074924071f4e201e151b152b4e,1
110,154e7e31ebfa092203795c972e5804a6,1
110,2b4609f8948be18874494203496bc318,1
110,7c1bd920dbdf22470b68bde975dd3ccf,1
110,99a4788cb24856965c36a24e339b6058,1
112,08574b074924071f4e201e151b152b4e,2
112,154e7e31ebfa092203795c972e5804a6,1
112,53759a2ecddad2bb87a079a1f1519f73,1
112,7c1bd920dbdf22470b68bde975dd3ccf,1
112,99a4788cb24856965c36a24e339b6058,1
113,08574b074924071f4e201e151b152b4e,2
113,35afc973633aaeb6b877ff57b2793310,1
113,42a2c92a0979a949ca4ea89ec5c7b934,1
113,601a360bd2a916ecef0e88de72a6531a,1
113,99a4788cb24856965c36a24e339b6058,3
113,b0961721fd839e9982420e807758a2a6,2
113,c6dd917a0be2a704582055949915ab32,2
114,53759a2ecddad2bb87a079a1f1519f73,3
114,99a4788cb24856965c36a24e339b6058,1
114,c6dd917a0be2a704582055949915ab32,1
115,154e7e31ebfa092203795c972e5804a6,1
115,389d119b48cf3043d311335e499d9c6b,1
115,42a2c92a0979a949ca4ea89ec5c7b934,2
115,7c1bd920dbdf22470b68bde975dd3ccf,1
115,99a4788cb24856965c36a24e339b6058,1
115,c6dd917a0be2a704582055949915ab32,2
116,08574b074924071f4e201e151b152b4e,1
116,601a360bd2a916ecef0e88de72a6531a,1
116,99a4788cb24856965c36a24e339b6058,1
116,c6dd917a0be2a704582055949915ab32,1
117,2b4609f8948be18874494203496bc318,1
117,35afc973633aaeb6b877ff57b2793310,2
117,7c1bd920dbdf22470b68bde975dd3ccf,1
117,8c591ab0ca519558779df02023177f44,1
117,99a4788cb24856965c36a24e339b6058,5
118,08574b074924071f4e201e151b152b4e,1
118,422879e10f46682990de24d770e7f83d,1
118,99a4788cb24856965c36a24e339b6058,4
118,c6dd917a0be2a704582055949915ab32,1
119,08574b074924071f4e201e151b152b4e,1
119,154e7e31ebfa092203795c972e5804a6,1
119,422879e10f46682990de24d770e7f83d,1
119,42a2c92a0979a949ca4ea89ec5c7b934,1
119,99a4788cb24856965c36a24e339b6058,2
119,c6dd917a0be2a704582055949915ab32,1
120,08574b074924071f4e201e151b152b4e,1
120,154e7e31ebfa092203795c972e5804a6,1
120,2b4609f8948be18874494203496bc318,1
120,35afc973633aaeb6b877ff57b2793310,1
120,6cdd53843498f92890544667809f1595,2
120,99a4788cb24856965c36a24e339b6058,2
120,c6dd917a0be2a704582055949915ab32,1
121,08574b074924071f4e201e151b152b4e,3
121,154e7e31ebfa092203795c972e5804a6,1
121,2b4609f8948be18874494203496bc318,1
121,656e0eca68dcecf6a31b8ececfabe3e8,1
121,7c1bd920dbdf22470b68bde975dd3ccf,2
121,99a4788cb24856965c36a24e339b6058,3
121,c6dd917a0be2a704582055949915ab32,1
122,08574b074924071f4e201e151b152b4e,1
122,35afc973633aaeb6b877ff57b2793310,1
122,42a2c92a0979a949ca4ea89ec5c7b934,2
122,601a360bd2a916ecef0e88de72a6531a,2
122,7c1bd920dbdf22470b68bde975dd3ccf,1
122,99a4788cb24856965c36a24e339b6058,2
123,42a2c92a0979a949ca4ea89ec5c7b934,1
123,601a360bd2a916ecef0e88de72a6531a,1
123,656e0eca68dcecf6a31b8ececfabe3e8,1
123,c4baedd846ed09b85f78a781b522f126,1
124,35afc973633aaeb6b877ff57b2793310,2
124,42a2c92a0979a949ca4ea89ec5c7b934,1
124,601a360bd2a916ecef0e88de72a6531a,1
124,8c591ab0ca519558779df02023177f44,1
124,99a4788cb24856965c36a24e339b6058,2
124,c4baedd846ed09b85f78a781b522f126,1
125,656e0eca68dcecf6a31b8ececfabe3e8,1
125,c6dd917a0be2a704582055949915ab32,3
126,35afc973633aaeb6b877ff57b2793310,1
126,42a2c92a0979a949ca4ea89ec5c7b934,1
126,601a360bd2a916ecef0e88de72a6531a,4
126,7c1bd920dbdf22470b68bde975dd3ccf,3
126,99a4788cb24856965c36a24e339b6058,3
126,f1c7f353075ce59d8a6f3cf58f419c9c,1
127,154e7e31ebfa092203795c972e5804a6,1
127,42a2c92a0979a949ca4ea89ec5c7b934,1
127,53759a2ecddad2bb87a079a1f1519f73,2
127,601a360bd2a916ecef0e88de72a6531a,1
127,99a4788cb24856965c36a24e339b6058,2
127,c6dd917a0be2a704582055949915ab32,1
128,06edb72f1e0c64b14c5b79353f7abea3,1
128,08574b074924071f4e201e151b152b4e,2
128,0bcc3eeca39e1064258aa1e932269894,1
128,2b4609f8948be18874494203496bc318,1
128,99a4788cb24856965c36a24e339b6058,2
129,08574b074924071f4e201e151b152b4e,2
129,154e7e31ebfa092203795c972e5804a6,1
129,35afc973633aaeb6b877ff57b2793310,2
129,601a360bd2a916ecef0e88de72a6531a,2
129,6cdd53843498f92890544667809f1595,1
129,99a4788cb24856965c36a24e339b6058,1
130,08574b074924071f4e201e151b152b4e,1
130,154e7e31ebfa092203795c972e5804a6,1
130,c6dd917a0be2a704582055949915ab32,1
131,08574b074924071f4e201e151b152b4e,1
131,7c1bd920dbdf22470b68bde975dd3ccf,1
132,99a4788cb24856965c36a24e339b6058,3
132,c6dd917a0be2a704582055949915ab32,1
133,154e7e31ebfa092203795c972e5804a6,1
133,99a4788cb24856965c36a24e339b6058,5
133,c4baedd846ed09b85f78a781b522f126,1
134,154e7e31ebfa092203795c972e5804a6,3
134,35afc973633aaeb6b877ff57b2793310,1
134,422879e10f46682990de24d770e7f83d,1
134,601a360bd2a916ecef0e88de72a6531a,1
134,656e0eca68dcecf6a31b8ececfabe3e8,1
134,99a4788cb24856965c36a24e339b6058,4
135,154e7e31ebfa092203795c972e5804a6,1
135,42a2c92a0979a949ca4ea89ec5c7b934,1
135,7c1bd920dbdf22470b68bde975dd3ccf,1
136,154e7e31ebfa092203795c972e5804a6,1
136,35afc973633aaeb6b877ff57b2793310,1
136,42a2c92a0979a949ca4ea89ec5c7b934,1
136,601a360bd2a916ecef0e88de72a6531a,1
136,6cdd53843498f92890544667809f1595,1
136,7c1bd920dbdf22470b68bde975dd3ccf,1
136,99a4788cb24856965c36a24e339b6058,2
136,c4baedd846ed09b85f78a781b522f126,1
136,c6dd917a0be2a704582055949915ab32,1
136,d017a2151d543a9885604dc62a3d9dcc,1
137,42a2c92a0979a949ca4ea89ec5c7b934,1
137,601a360bd2a916ecef0e88de72a6531a,2
137,656e0eca68dcecf6a31b8ececfabe3e8,1
137,7c1bd920dbdf22470b68bde975dd3ccf,1
137,99a4788cb24856965c36a24e339b6058,1
138,601a360bd2a916ecef0e88de72a6531a,2
138,656e0eca68dcecf6a31b8ececfabe3e8,2
138,7c1bd920dbdf22470b68bde975dd3ccf,3
138,99a4788cb24856965c36a24e339b6058,1
138,c6dd917a0be2a704582055949915ab32,1
139,154e7e31ebfa092203795c972e5804a6,2
139,601a360bd2a916ecef0e88de72a6531a,1
139,c6dd917a0be2a704582055949915ab32,1
139,d017a2151d543a9885604dc62a3d9dcc,1
140,7c1bd920dbdf22470b68bde975dd3ccf,1
140,c6dd917a0be2a704582055949915ab32,1
140,d017a2151d543a9885604dc62a3d9dcc,1
141,06edb72f1e0c64b14c5b79353f7abea3,1
141,154e7e31ebfa092203795c972e5804a6,1
141,53759a2ecddad2bb87a079a1f1519f73,1
141,601a360bd2a916ecef0e88de72a6531a,2
141,99a4788cb24856965c36a24e339b6058,7
142,42a2c92a0979a949ca4ea89ec5c7b934,1
142,7c1bd920dbdf22470b68bde975dd3ccf,2
142,99a4788cb24856965c36a24e339b6058,2
142,c4baedd846ed09b85f78a781b522f126,1
142,c6dd917a0be2a704582055949915ab32,1
142,d017a2151d543a9885604dc62a3d9dcc,1
143,2028bf1b01cafb2d2b1901fca4083222,1
143,35afc973633aaeb6b877ff57b2793310,1
143,6cdd53843498f92890544667809f1595,1
143,99a4788cb24856965c36a24e339b6058,3
143,c4baedd846ed09b85f78a781b522f126,1
143,d017a2151d543a9885604dc62a3d9dcc,1
143,d1c427060a0f73f6b889a5c7c61f2ac4,1
144,154e7e31ebfa092203795c972e5804a6,1
144,2b4609f8948be18874494203496bc318,1
144,389d119b48cf3043d311335e499d9c6b,1
144,42a2c92a0979a949ca4ea89ec5c7b934,1
144,6cdd53843498f92890544667809f1595,1
144,99a4788cb24856965c36a24e339b6058,1
144,c4baedd846ed09b85f78a781b522f126,1
144,d017a2151d543a9885604dc62a3d9dcc,2
144,e0d64dcfaa3b6db5c54ca298ae101d05,1
145,06edb72f1e0c64b14c5b79353f7abea3,1
145,08574b074924071f4e201e151b152b4e,1
145,656e0eca68dcecf6a31b8ececfabe3e8,1
145,7c1bd920dbdf22470b68bde975dd3ccf,2
145,99a4788cb24856965c36a24e339b6058,2
145,d017a2151d543a9885604dc62a3d9dcc,1
145,e0d64dcfaa3b6db5c54ca298ae101d05,1
146,154e7e31ebfa092203795c972e5804a6,1
146,35afc973633aaeb6b877ff57b2793310,1
147,42a2c92a0979a949ca4ea89ec5c7b934,2
147,461f43be3bdf8844e65b62d9ac2c7a5a,1
147,53b36df67ebb7c41585e8d54d6772e08,1
147,601a360bd2a916ecef0e88de72a6531a,2
147,7c1bd920dbdf22470b68bde975dd3ccf,1
147,99a4788cb24856965c36a24e339b6058,1
147,d017a2151d543a9885604dc62a3d9dcc,1
148,2028bf1b01cafb2d2b1901fca4083222,1
148,42a2c92a0979a949ca4ea89ec5c7b934,3
148,53759a2ecddad2bb87a079a1f1519f73,2
148,53b36df67ebb7c41585e8d54d6772e08,1
148,601a360bd2a916ecef0e88de72a6531a,1
148,99a4788cb24856965c36a24e339b6058,1
148,c6dd917a0be2a704582055949915ab32,1
148,e0d64dcfaa3b6db5c54ca298ae101d05,1
148,f1c7f353075ce59d8a6f3cf58f419c9c,2
149,2028bf1b01cafb2d2b1901fca4083222,1
149,2b4609f8948be18874494203496bc318,1
149,389d119b48cf3043d311335e499d9c6b,1
149,c6dd917a0be2a704582055949915ab32,2
149,d017a2151d543a9885604dc62a3d9dcc,1
150,154e7e31ebfa092203795c972e5804a6,3
150,2b4609f8948be18874494203496bc318,1
150,42a2c92a0979a949ca4ea89ec5c7b934,1
150,7c1bd920dbdf22470b68bde975dd3ccf,1
150,99a4788cb24856965c36a24e339b6058,3
150,c6dd917a0be2a704582055949915ab32,1
150,f1c7f353075ce59d8a6f3cf58f419c9c,1
151,154e7e31ebfa092203795c972e5804a6,1
151,422879e10f46682990de24d770e7f83d,1
151,7c1bd920dbdf22470b68bde975dd3ccf,1
151,99a4788cb24856965c36a24e339b6058,3
151,c4baedd846ed09b85f78a781b522f126,1
151,c6dd917a0be2a704582055949915ab32,1
152,08574b074924071f4e201e151b152b4e,1
152,154e7e31ebfa092203795c972e5804a6,1
152,2b4609f8948be18874494203496bc318,1
152,35afc973633aaeb6b877ff57b2793310,1
152,461f43be3bdf8844e65b62d9ac2c7a5a,1
152,8c591ab0ca519558779df02023177f44,1
152,f1c7f353075ce59d8a6f3cf58f419c9c,1
153,42a2c92a0979a949ca4ea89ec5c7b934,1
153,461f43be3bdf8844e65b62d9ac2c7a5a,1
153,7c1bd920dbdf22470b68bde975dd3ccf,2
153,99a4788cb24856965c36a24e339b6058,2
153,d1c427060a0f73f6b889a5c7c61f2ac4,1
154,154e7e31ebfa092203795c972e5804a6,5
154,42a2c92a0979a949ca4ea89ec5c7b934,3
154,c4baedd846ed09b85f78a781b522f126,1
155,06edb72f1e0c64b14c5b79353f7abea3,1
155,08574b074924071f4e201e151b152b4e,1
155,2028bf1b01cafb2d2b1901fca4083222,1
155,2b4609f8948be18874494203496bc318,1
155,42a2c92a0979a949ca4ea89ec5c7b934,5
155,656e0eca68dcecf6a31b8ececfabe3e8,2
155,99a4788cb24856965c36a24e339b6058,3
155,a92930c327948861c015c919a0bcb4a8,2
155,d1c427060a0f73f6b889a5c7c61f2ac4,1
155,e0d64dcfaa3b6db5c54ca298ae101d05,1
156,154e7e31ebfa092203795c972e5804a6,3
156,42a2c92a0979a949ca4ea89ec5c7b934,6
156,7c1bd920dbdf22470b68bde975dd3ccf,1
156,99a4788cb24856965c36a24e339b6058,2
157,2b4609f8948be18874494203496bc318,1
157,42a2c92a0979a949ca4ea89ec5c7b934,1
157,7c1bd920dbdf22470b68bde975dd3ccf,1
157,99a4788cb24856965c36a24e339b6058,1
158,42a2c92a0979a949ca4ea89ec5c7b934,5
158,461f43be3bdf8844e65b62d9ac2c7a5a,2
158,53b36df67ebb7c41585e8d54d6772e08,1
158,99a4788cb24856965c36a24e339b6058,2
158,c4baedd846ed09b85f78a781b522f126,1
159,08574b074924071f4e201e151b152b4e,1
159,42a2c92a0979a949ca4ea89ec5c7b934,7
159,601a360bd2a916ecef0e88de72a6531a,2
159,7c1bd920dbdf22470b68bde975dd3ccf,1
159,99a4788cb24856965c36a24e339b6058,2
159,a92930c327948861c015c919a0bcb4a8,1
159,b0961721fd839e9982420e807758a2a6,2
159,e0d64dcfaa3b6db5c54ca298ae101d05,1
160,08574b074924071f4e201e151b152b4e,1
160,154e7e31ebfa092203795c972e5804a6,1
160,35afc973633aaeb6b877ff57b2793310,2
160,42a2c92a0979a949ca4ea89ec5c7b934,6
160,601a360bd2a916ecef0e88de72a6531a,1
160,99a4788cb24856965c36a24e339b6058,4
161,154e7e31ebfa092203795c972e5804a6,1
161,2b4609f8948be18874494203496bc318,1
161,42a2c92a0979a949ca4ea89ec5c7b934,4
161,99a4788cb24856965c36a24e339b6058,1
161,c6dd917a0be2a704582055949915ab32,1
162,08574b074924071f4e201e151b152b4e,1
162,389d119b48cf3043d311335e499d9c6b,1
162,42a2c92a0979a949ca4ea89ec5c7b934,4
162,53759a2ecddad2bb87a079a1f1519f73,1
162,99a4788cb24856965c36a24e339b6058,1
163,42a2c92a0979a949ca4ea89ec5c7b934,11
163,53b36df67ebb7c41585e8d54d6772e08,1
163,7c1bd920dbdf22470b68bde975dd3ccf,2
163,f1c7f353075ce59d8a6f3cf58f419c9c,1
164,154e7e31ebfa092203795c972e5804a6,1
164,2b4609f8948be18874494203496bc318,1
164,42a2c92a0979a949ca4ea89ec5c7b934,8
164,601a360bd2a916ecef0e88de72a6531a,3
164,8c591ab0ca519558779df02023177f44,1
164,99a4788cb24856965c36a24e339b6058,2
164,f1c7f353075ce59d8a6f3cf58f419c9c,4
165,08574b074924071f4e201e151b152b4e,1
165,35afc973633aaeb6b877ff57b2793310,1
165,42a2c92a0979a949ca4ea89ec5c7b934,3
165,601a360bd2a916ecef0e88de72a6531a,1
165,7c1bd920dbdf22470b68bde975dd3ccf,1
165,99a4788cb24856965c36a24e339b6058,5
165,b0961721fd839e9982420e807758a2a6,1
165,c6dd917a0be2a704582055949915ab32,2
165,f1c7f353075ce59d8a6f3cf58f419c9c,1
166,08574b074924071f4e201e151b152b4e,1
166,2b4609f8948be18874494203496bc318,1
166,7c1bd920dbdf22470b68bde975dd3ccf,1
166,99a4788cb24856965c36a24e339b6058,1
166,b0961721fd839e9982420e807758a2a6,2
166,c6dd917a0be2a704582055949915ab32,2
167,06edb72f1e0c64b14c5b79353f7abea3,1
167,154e7e31ebfa092203795c972e5804a6,1
167,601a360bd2a916ecef0e88de72a6531a,1
167,99a4788cb24856965c36a24e339b6058,2
167,d1c427060a0f73f6b889a5c7c61f2ac4,1
167,e0d64dcfaa3b6db5c54ca298ae101d05,2
168,601a360bd2a916ecef0e88de72a6531a,3
168,7c1bd920dbdf22470b68bde975dd3ccf,1
168,99a4788cb24856965c36a24e339b6058,1
168,d1c427060a0f73f6b889a5c7c61f2ac4,1
168,f1c7f353075ce59d8a6f3cf58f419c9c,1
169,35afc973633aaeb6b877ff57b2793310,1
169,461f43be3bdf8844e65b62d9ac2c7a5a,1
169,656e0eca68dcecf6a31b8ececfabe3e8,1
169,8c591ab0ca519558779df02023177f44,1
169,99a4788cb24856965c36a24e339b6058,4
169,f1c7f353075ce59d8a6f3cf58f419c9c,1
170,08574b074924071f4e201e151b152b4e,1
170,2028bf1b01cafb2d2b1901fca4083222,1
170,656e0eca68dcecf6a31b8ececfabe3e8,2
170,f1c7f353075ce59d8a6f3cf58f419c9c,1
171,154e7e31ebfa092203795c972e5804a6,1
171,2b4609f8948be18874494203496bc318,1
171,601a360bd2a916ecef0e88de72a6531a,1
171,a92930c327948861c015c919a0bcb4a8,1
171,f1c7f353075ce59d8a6f3cf58f419c9c,2
172,08574b074924071f4e201e151b152b4e,2
172,154e7e31ebfa092203795c972e5804a6,2
172,2b4609f8948be18874494203496bc318,2
172,601a360bd2a916ecef0e88de72a6531a,1
172,7c1bd920dbdf22470b68bde975dd3ccf,2
172,99a4788cb24856965c36a24e339b6058,3
172,c6dd917a0be2a704582055949915ab32,2
172,f1c7f353075ce59d8a6f3cf58f419c9c,1
173,154e7e31ebfa092203795c972e5804a6,2
173,53759a2ecddad2bb87a079a1f1519f73,1
173,99a4788cb24856965c36a24e339b6058,5
173,c6dd917a0be2a704582055949915ab32,1
173,d1c427060a0f73f6b889a5c7c61f2ac4,1
173,f1c7f353075ce59d8a6f3cf58f419c9c,1
174,154e7e31ebfa092203795c972e5804a6,1
174,2028bf1b01cafb2d2b1901fca4083222,1
174,601a360bd2a916ecef0e88de72a6531a,1
174,99a4788cb24856965c36a24e339b6058,2
174,f1c7f353075ce59d8a6f3cf58f419c9c,2
175,35afc973633aaeb6b877ff57b2793310,3
175,601a360bd2a916ecef0e88de72a6531a,1
175,99a4788cb24856965c36a24e339b6058,3
175,c6dd917a0be2a704582055949915ab32,1
176,06edb72f1e0c64b14c5b79353f7abea3,1
176,08574b074924071f4e201e151b152b4e,2
176,0aabfb375647d9738ad0f7b4ea3653b1,1
176,154e7e31ebfa092203795c972e5804a6,1
176,2b4609f8948be18874494203496bc318,1
176,35afc973633aaeb6b877ff57b2793310,1
176,601a360bd2a916ecef0e88de72a6531a,1
176,99a4788cb24856965c36a24e339b6058,2
176,d017a2151d543a9885604dc62a3d9dcc,1
176,f1c7f353075ce59d8a6f3cf58f419c9c,1
177,601a360bd2a916ecef0e88de72a6531a,1
177,656e0eca68dcecf6a31b8ececfabe3e8,2
177,7c1bd920dbdf22470b68bde975dd3ccf,1
177,99a4788cb24856965c36a24e339b6058,2
177,f1c7f353075ce59d8a6f3cf58f419c9c,4
178,0aabfb375647d9738ad0f7b4ea3653b1,2
178,35afc973633aaeb6b877ff57b2793310,2
178,601a360bd2a916ecef0e88de72a6531a,1
178,99a4788cb24856965c36a24e339b6058,2
178,c6dd917a0be2a704582055949915ab32,2
178,f1c7f353075ce59d8a6f3cf58f419c9c,3
179,2028bf1b01cafb2d2b1901fca4083222,1
179,35afc973633aaeb6b877ff57b2793310,1
179,7c1bd920dbdf22470b68bde975dd3ccf,1
179,99a4788cb24856965c36a24e339b6058,4
179,f1c7f353075ce59d8a6f3cf58f419c9c,4
180,154e7e31ebfa092203795c972e5804a6,1
180,2b4609f8948be18874494203496bc318,3
180,35afc973633aaeb6b877ff57b2793310,3
180,461f43be3bdf8844e65b62d9ac2c7a5a,2
180,53b36df67ebb7c41585e8d54d6772e08,1
180,656e0eca68dcecf6a31b8ececfabe3e8,2
180,7c1bd920dbdf22470b68bde975dd3ccf,1
180,99a4788cb24856965c36a24e339b6058,4
180,c6dd917a0be2a704582055949915ab32,1
180,d017a2151d543a9885604dc62a3d9dcc,1
180,e0d64dcfaa3b6db5c54ca298ae101d05,2
180,f1c7f353075ce59d8a6f3cf58f419c9c,2
181,08574b074924071f4e201e151b152b4e,2
181,154e7e31ebfa092203795c972e5804a6,2
181,2028bf1b01cafb2d2b1901fca4083222,1
181,35afc973633aaeb6b877ff57b2793310,1
181,99a4788cb24856965c36a24e339b6058,2
181,e0d64dcfaa3b6db5c54ca298ae101d05,2
181,f1c7f353075ce59d8a6f3cf58f419c9c,2
182,2b4609f8948be18874494203496bc318,1
182,6f3b5b605d91b7439c5e3f5a8dffeea7,1
182,99a4788cb24856965c36a24e339b6058,3
182,f1c7f353075ce59d8a6f3cf58f419c9c,1
183,154e7e31ebfa092203795c972e5804a6,3
183,2028bf1b01cafb2d2b1901fca4083222,1
183,601a360bd2a916ecef0e88de72a6531a,2
183,7c1bd920dbdf22470b68bde975dd3ccf,2
183,8c591ab0ca519558779df02023177f44,1
183,99a4788cb24856965c36a24e339b6058,3
183,b0961721fd839e9982420e807758a2a6,1
183,c6dd917a0be2a704582055949915ab32,2
183,f1c7f353075ce59d8a6f3cf58f419c9c,6
184,0aabfb375647d9738ad0f7b4ea3653b1,1
184,35afc973633aaeb6b877ff57b2793310,1
184,368c6c730842d78016ad823897a372db,3
184,389d119b48cf3043d311335e499d9c6b,6
184,422879e10f46682990de24d770e7f83d,3
184,53759a2ecddad2bb87a079a1f1519f73,7
184,656e0eca68dcecf6a31b8ececfabe3e8,1
184,6f3b5b605d91b7439c5e3f5a8dffeea7,1
184,7c1bd920dbdf22470b68bde975dd3ccf,1
184,99a4788cb24856965c36a24e339b6058,1
184,b0961721fd839e9982420e807758a2a6,4
184,d017a2151d543a9885604dc62a3d9dcc,1
184,d1c427060a0f73f6b889a5c7c61f2ac4,1
184,e0d64dcfaa3b6db5c54ca298ae101d05,3
184,f1c7f353075ce59d8a6f3cf58f419c9c,5
185,154e7e31ebfa092203795c972e5804a6,5
185,2b4609f8948be18874494203496bc318,1
185,368c6c730842d78016ad823897a372db,5
185,389d119b48cf3043d311335e499d9c6b,3
185,422879e10f46682990de24d770e7f83d,3
185,53759a2ecddad2bb87a079a1f1519f73,4
185,601a360bd2a916ecef0e88de72a6531a,1
185,7c1bd920dbdf22470b68bde975dd3ccf,1
185,b0961721fd839e9982420e807758a2a6,3
185,f1c7f353075ce59d8a6f3cf58f419c9c,2
186,06edb72f1e0c64b14c5b79353f7abea3,1
186,0aabfb375647d9738ad0f7b4ea3653b1,1
186,154e7e31ebfa092203795c972e5804a6,2
186,2b4609f8948be18874494203496bc318,2
186,35afc973633aaeb6b877ff57b2793310,2
186,368c6c730842d78016ad823897a372db,3
186,389d119b48cf3043d311335e499d9c6b,2
186,422879e10f46682990de24d770e7f83d,2
186,42a2c92a0979a949ca4ea89ec5c7b934,1
186,7c1bd920dbdf22470b68bde975dd3ccf,1
186,99a4788cb24856965c36a24e339b6058,4
186,c4baedd846ed09b85f78a781b522f126,1
186,f1c7f353075ce59d8a6f3cf58f419c9c,5
187,0bcc3eeca39e1064258aa1e932269894,2
187,35afc973633aaeb6b877ff57b2793310,1
187,389d119b48cf3043d311335e499d9c6b,2
187,422879e10f46682990de24d770e7f83d,4
187,53759a2ecddad2bb87a079a1f1519f73,1
187,53b36df67ebb7c41585e8d54d6772e08,2
187,601a360bd2a916ecef0e88de72a6531a,1
187,99a4788cb24856965c36a24e339b6058,1
187,b0961721fd839e9982420e807758a2a6,2
187,c6dd917a0be2a704582055949915ab32,1
187,f1c7f353075ce59d8a6f3cf58f419c9c,1
188,422879e10f46682990de24d770e7f83d,1
188,6cdd53843498f92890544667809f1595,1
188,f1c7f353075ce59d8a6f3cf58f419c9c,3
189,06edb72f1e0c64b14c5b79353f7abea3,1
189,0aabfb375647d9738ad0f7b4ea3653b1,1
189,2028bf1b01cafb2d2b1901fca4083222,1
189,461f43be3bdf8844e65b62d9ac2c7a5a,1
189,7c1bd920dbdf22470b68bde975dd3ccf,1
189,99a4788cb24856965c36a24e339b6058,2
189,b0961721fd839e9982420e807758a2a6,1
189,b532349fe46b38fbc7bb3914c1bdae07,1
189,d017a2151d543a9885604dc62a3d9dcc,1
190,0aabfb375647d9738ad0f7b4ea3653b1,1
190,0bcc3eeca39e1064258aa1e932269894,2
190,154e7e31ebfa092203795c972e5804a6,1
190,2b4609f8948be18874494203496bc318,1
190,53b36df67ebb7c41585e8d54d6772e08,2
190,656e0eca68dcecf6a31b8ececfabe3e8,1
190,d017a2151d543a9885604dc62a3d9dcc,1
190,f1c7f353075ce59d8a6f3cf58f419c9c,4
191,0aabfb375647d9738ad0f7b4ea3653b1,1
191,154e7e31ebfa092203795c972e5804a6,2
191,461f43be3bdf8844e65b62d9ac2c7a5a,2
191,53759a2ecddad2bb87a079a1f1519f73,1
191,53b36df67ebb7c41585e8d54d6772e08,1
191,601a360bd2a916ecef0e88de72a6531a,1
191,7c1bd920dbdf22470b68bde975dd3ccf,1
191,99a4788cb24856965c36a24e339b6058,2
191,aca2eb7d00ea1a7b8ebd4e68314663af,1
191,d017a2151d543a9885604dc62a3d9dcc,3
191,f1c7f353075ce59d8a6f3cf58f419c9c,3
192,06edb72f1e0c64b14c5b79353f7abea3,1
192,0aabfb375647d9738ad0f7b4ea3653b1,2
192,154e7e31ebfa092203795c972e5804a6,3
192,2b4609f8948be18874494203496bc318,1
192,368c6c730842d78016ad823897a372db,2
192,389d119b48cf3043d311335e499d9c6b,1
192,d1c427060a0f73f6b889a5c7c61f2ac4,2
193,08574b074924071f4e201e151b152b4e,1
193,35afc973633aaeb6b877ff57b2793310,2
193,53759a2ecddad2bb87a079a1f1519f73,1
193,53b36df67ebb7c41585e8d54d6772e08,1
193,99a4788cb24856965c36a24e339b6058,3
193,b0961721fd839e9982420e807758a2a6,1
193,f1c7f353075ce59d8a6f3cf58f419c9c,1
194,08574b074924071f4e201e151b152b4e,2
194,2028bf1b01cafb2d2b1901fca4083222,1
194,2b4609f8948be18874494203496bc318,1
194,35afc973633aaeb6b877ff57b2793310,1
194,389d119b48cf3043d311335e499d9c6b,1
194,42a2c92a0979a949ca4ea89ec5c7b934,1
194,53759a2ecddad2bb87a079a1f1519f73,1
194,aca2eb7d00ea1a7b8ebd4e68314663af,2
194,b0961721fd839e9982420e807758a2a6,1
194,d017a2151d543a9885604dc62a3d9dcc,1
194,f1c7f353075ce59d8a6f3cf58f419c9c,1
195,06edb72f1e0c64b14c5b79353f7abea3,1
195,0aabfb375647d9738ad0f7b4ea3653b1,1
195,53b36df67ebb7c41585e8d54d6772e08,1
195,99a4788cb24856965c36a24e339b6058,3
195,aca2eb7d00ea1a7b8ebd4e68314663af,2
196,0aabfb375647d9738ad0f7b4ea3653b1,1
196,154e7e31ebfa092203795c972e5804a6,2
196,422879e10f46682990de24d770e7f83d,1
196,53759a2ecddad2bb87a079a1f1519f73,1
196,53b36df67ebb7c41585e8d54d6772e08,1
196,656e0eca68dcecf6a31b8ececfabe3e8,1
196,99a4788cb24856965c36a24e339b6058,1
196,b0961721fd839e9982420e807758a2a6,2
196,d017a2151d543a9885604dc62a3d9dcc,1
196,f1c7f353075ce59d8a6f3cf58f419c9c,1
197,0aabfb375647d9738ad0f7b4ea3653b1,1
197,2b4609f8948be18874494203496bc318,3
197,389d119b48cf3043d311335e499d9c6b,4
197,53759a2ecddad2bb87a079a1f1519f73,2
197,53b36df67ebb7c41585e8d54d6772e08,2
197,7c1bd920dbdf22470b68bde975dd3ccf,2
197,99a4788cb24856965c36a24e339b6058,1
197,c6dd917a0be2a704582055949915ab32,1
197,d017a2151d543a9885604dc62a3d9dcc,2
197,e0d64dcfaa3b6db5c54ca298ae101d05,1
197,f1c7f353075ce59d8a6f3cf58f419c9c,1
198,08574b074924071f4e201e151b152b4e,1
198,0aabfb375647d9738ad0f7b4ea3653b1,2
198,154e7e31ebfa092203795c972e5804a6,3
198,2b4609f8948be18874494203496bc318,1
198,422879e10f46682990de24d770e7f83d,1
198,53b36df67ebb7c41585e8d54d6772e08,1
198,6cdd53843498f92890544667809f1595,1
198,7c1bd920dbdf22470b68bde975dd3ccf,1
198,99a4788cb24856965c36a24e339b6058,1
198,aca2eb7d00ea1a7b8ebd4e68314663af,3
198,b0961721fd839e9982420e807758a2a6,2
198,c6dd917a0be2a704582055949915ab32,1
198,e0d64dcfaa3b6db5c54ca298ae101d05,3
198,f1c7f353075ce59d8a6f3cf58f419c9c,3
199,2b4609f8948be18874494203496bc318,1
199,35afc973633aaeb6b877ff57b2793310,1
199,53b36df67ebb7c41585e8d54d6772e08,1
199,601a360bd2a916ecef0e88de72a6531a,1
199,7c1bd920dbdf22470b68bde975dd3ccf,1
199,99a4788cb24856965c36a24e339b6058,1
199,aca2eb7d00ea1a7b8ebd4e68314663af,1
199,b0961721fd839e9982420e807758a2a6,2
199,e0d64dcfaa3b6db5c54ca298ae101d05,1
199,f1c7f353075ce59d8a6f3cf58f419c9c,2
200,0bcc3eeca39e1064258aa1e932269894,1
200,368c6c730842d78016ad823897a372db,3
200,389d119b48cf3043d311335e499d9c6b,1
200,422879e10f46682990de24d770e7f83d,1
200,461f43be3bdf8844e65b62d9ac2c7a5a,1
200,601a360bd2a916ecef0e88de72a6531a,1
200,656e0eca68dcecf6a31b8ececfabe3e8,1
200,7c1bd920dbdf22470b68bde975dd3ccf,1
200,99a4788cb24856965c36a24e339b6058,1
200,aca2eb7d00ea1a7b8ebd4e68314663af,2
200,b0961721fd839e9982420e807758a2a6,2
200,e0d64dcfaa3b6db5c54ca298ae101d05,2
200,f1c7f353075ce59d8a6f3cf58f419c9c,2
201,154e7e31ebfa092203795c972e5804a6,2
201,35afc973633aaeb6b877ff57b2793310,1
201,422879e10f46682990de24d770e7f83d,1
201,53759a2ecddad2bb87a079a1f1519f73,2
201,656e0eca68dcecf6a31b8ececfabe3e8,1
201,99a4788cb24856965c36a24e339b6058,3
201,aca2eb7d00ea1a7b8ebd4e68314663af,2
201,c6dd917a0be2a704582055949915ab32,1
201,d285360f29ac7fd97640bf0baef03de0,1
202,2028bf1b01cafb2d2b1901fca4083222,1
202,368c6c730842d78016ad823897a372db,1
202,422879e10f46682990de24d770e7f83d,2
202,461f43be3bdf8844e65b62d9ac2c7a5a,1
202,aca2eb7d00ea1a7b8ebd4e68314663af,1
202,b0961721fd839e9982420e807758a2a6,1
202,d1c427060a0f73f6b889a5c7c61f2ac4,1
203,368c6c730842d78016ad823897a372db,2
203,422879e10f46682990de24d770e7f83d,1
203,53759a2ecddad2bb87a079a1f1519f73,1
203,53b36df67ebb7c41585e8d54d6772e08,1
203,7a10781637204d8d10485c71a6108a2e,1
203,7c1bd920dbdf22470b68bde975dd3ccf,3
203,99a4788cb24856965c36a24e339b6058,1
203,aca2eb7d00ea1a7b8ebd4e68314663af,4
203,b0961721fd839e9982420e807758a2a6,1
203,d1c427060a0f73f6b889a5c7c61f2ac4,2
203,e0d64dcfaa3b6db5c54ca298ae101d05,1
203,f1c7f353075ce59d8a6f3cf58f419c9c,1
204,154e7e31ebfa092203795c972e5804a6,1
204,35afc973633aaeb6b877ff57b2793310,1
204,368c6c730842d78016ad823897a372db,1
204,389d119b48cf3043d311335e499d9c6b,2
204,422879e10f46682990de24d770e7f83d,1
204,53759a2ecddad2bb87a079a1f1519f73,2
204,53b36df67ebb7c41585e8d54d6772e08,1
204,6cdd53843498f92890544667809f1595,1
204,7c1bd920dbdf22470b68bde975dd3ccf,1
204,b0961721fd839e9982420e807758a2a6,2
204,b532349fe46b38fbc7bb3914c1bdae07,3
204,d285360f29ac7fd97640bf0baef03de0,1
204,f1c7f353075ce59d8a6f3cf58f419c9c,2
205,2b4609f8948be18874494203496bc318,1
205,368c6c730842d78016ad823897a372db,2
205,601a360bd2a916ecef0e88de72a6531a,1
205,7a10781637204d8d10485c71a6108a2e,1
205,7c1bd920dbdf22470b68bde975dd3ccf,1
205,99a4788cb24856965c36a24e339b6058,6
205,c6dd917a0be2a704582055949915ab32,1
205,f1c7f353075ce59d8a6f3cf58f419c9c,7
206,154e7e31ebfa092203795c972e5804a6,1
206,2028bf1b01cafb2d2b1901fca4083222,1
206,2b4609f8948be18874494203496bc318,1
206,389d119b48cf3043d311335e499d9c6b,2
206,461f43be3bdf8844e65b62d9ac2c7a5a,1
206,601a360bd2a916ecef0e88de72a6531a,1
206,7c1bd920dbdf22470b68bde975dd3ccf,1
206,c6dd917a0be2a704582055949915ab32,2
206,d017a2151d543a9885604dc62a3d9dcc,1
206,e0d64dcfaa3b6db5c54ca298ae101d05,2
206,f1c7f353075ce59d8a6f3cf58f419c9c,3
207,154e7e31ebfa092203795c972e5804a6,1
207,422879e10f46682990de24d770e7f83d,1
207,53759a2ecddad2bb87a079a1f1519f73,3
207,53b36df67ebb7c41585e8d54d6772e08,1
207,601a360bd2a916ecef0e88de72a6531a,1
207,7a10781637204d8d10485c71a6108a2e,1
207,7c1bd920dbdf22470b68bde975dd3ccf,1
207,99a4788cb24856965c36a24e339b6058,1
207,a92930c327948861c015c919a0bcb4a8,1
207,d017a2151d543a9885604dc62a3d9dcc,1
207,e0d64dcfaa3b6db5c54ca298ae101d05,1
207,f1c7f353075ce59d8a6f3cf58f419c9c,3
208,06edb72f1e0c64b14c5b79353f7abea3,2
208,154e7e31ebfa092203795c972e5804a6,1
208,35afc973633aaeb6b877ff57b2793310,1
208,368c6c730842d78016ad823897a372db,1
208,422879e10f46682990de24d770e7f83d,7
208,601a360bd2a916ecef0e88de72a6531a,2
208,99a4788cb24856965c36a24e339b6058,5
208,b532349fe46b38fbc7bb3914c1bdae07,2
208,d017a2151d543a9885604dc62a3d9dcc,1
208,d1c427060a0f73f6b889a5c7c61f2ac4,1
208,f1c7f353075ce59d8a6f3cf58f419c9c,1
209,2b4609f8948be18874494203496bc318,1
209,35afc973633aaeb6b877ff57b2793310,1
209,7a10781637204d8d10485c71a6108a2e,1
209,7c1bd920dbdf22470b68bde975dd3ccf,1
210,154e7e31ebfa092203795c972e5804a6,1
210,601a360bd2a916ecef0e88de72a6531a,1
210,7a10781637204d8d10485c71a6108a2e,1
210,7c1bd920dbdf22470b68bde975dd3ccf,2
210,99a4788cb24856965c36a24e339b6058,1
210,a92930c327948861c015c919a0bcb4a8,1
210,b0961721fd839e9982420e807758a2a6,1
210,d1c427060a0f73f6b889a5c7c61f2ac4,1
211,08574b074924071f4e201e151b152b4e,3
211,0aabfb375647d9738ad0f7b4ea3653b1,2
211,154e7e31ebfa092203795c972e5804a6,2
211,2b4609f8948be18874494203496bc318,2
211,35afc973633aaeb6b877ff57b2793310,1
211,422879e10f46682990de24d770e7f83d,2
211,c6dd917a0be2a704582055949915ab32,1
211,d017a2151d543a9885604dc62a3d9dcc,2
211,f1c7f353075ce59d8a6f3cf58f419c9c,1
212,0aabfb375647d9738ad0f7b4ea3653b1,1
212,154e7e31ebfa092203795c972e5804a6,2
212,368c6c730842d78016ad823897a372db,2
212,422879e10f46682990de24d770e7f83d,5
212,53759a2ecddad2bb87a079a1f1519f73,4
212,53b36df67ebb7c41585e8d54d6772e08,1
212,99a4788cb24856965c36a24e339b6058,1
212,b0961721fd839e9982420e807758a2a6,1
212,d017a2151d543a9885604dc62a3d9dcc,1
212,f1c7f353075ce59d8a6f3cf58f419c9c,6
213,0aabfb375647d9738ad0f7b4ea3653b1,1
213,0bcc3eeca39e1064258aa1e932269894,2
213,2b4609f8948be18874494203496bc318,1
213,389d119b48cf3043d311335e499d9c6b,5
213,422879e10f46682990de24d770e7f83d,3
213,4c2394abfbac7ff59ec7a420918562fa,1
213,53759a2ecddad2bb87a079a1f1519f73,2
213,601a360bd2a916ecef0e88de72a6531a,2
213,99a4788cb24856965c36a24e339b6058,2
213,b0961721fd839e9982420e807758a2a6,1
213,c6dd917a0be2a704582055949915ab32,1
213,f1c7f353075ce59d8a6f3cf58f419c9c,2
214,06edb72f1e0c64b14c5b79353f7abea3,1
214,0aabfb375647d9738ad0f7b4ea3653b1,1
214,0bcc3eeca39e1064258aa1e932269894,1
214,154e7e31ebfa092203795c972e5804a6,1
214,389d119b48cf3043d311335e499d9c6b,1
214,422879e10f46682990de24d770e7f83d,1
214,53759a2ecddad2bb87a079a1f1519f73,2
214,601a360bd2a916ecef0e88de72a6531a,1
214,7c1bd920dbdf22470b68bde975dd3ccf,1
214,c6dd917a0be2a704582055949915ab32,1
214,f1c7f353075ce59d8a6f3cf58f419c9c,4
215,06edb72f1e0c64b14c5b79353f7abea3,1
215,0bcc3eeca39e1064258aa1e932269894,1
215,154e7e31ebfa092203795c972e5804a6,2
215,2b4609f8948be18874494203496bc318,1
215,368c6c730842d78016ad823897a372db,1
215,389d119b48cf3043d311335e499d9c6b,1
215,422879e10f46682990de24d770e7f83d,2
215,601a360bd2a916ecef0e88de72a6531a,2
215,99a4788cb24856965c36a24e339b6058,2
215,b0961721fd839e9982420e807758a2a6,2
215,bb50f2e236e5eea0100680137654686c,1
216,154e7e31ebfa092203795c972e5804a6,3
216,389d119b48cf3043d311335e499d9c6b,2
216,422879e10f46682990de24d770e7f83d,1
216,53759a2ecddad2bb87a079a1f1519f73,2
216,53b36df67ebb7c41585e8d54d6772e08,1
216,99a4788cb24856965c36a24e339b6058,5
216,b0961721fd839e9982420e807758a2a6,1
216,c4baedd846ed09b85f78a781b522f126,1
216,c6dd917a0be2a704582055949915ab32,1
216,d1c427060a0f73f6b889a5c7c61f2ac4,1
217,0aabfb375647d9738ad0f7b4ea3653b1,2
217,2028bf1b01cafb2d2b1901fca4083222,1
217,368c6c730842d78016ad823897a372db,1
217,389d119b48cf3043d311335e499d9c6b,2
217,99a4788cb24856965c36a24e339b6058,1
217,bb50f2e236e5eea0100680137654686c,1
217,d017a2151d543a9885604dc62a3d9dcc,1
217,f1c7f353075ce59d8a6f3cf58f419c9c,2
218,08574b074924071f4e201e151b152b4e,1
218,0aabfb375647d9738ad0f7b4ea3653b1,2
218,154e7e31ebfa092203795c972e5804a6,1
218,2b4609f8948be18874494203496bc318,2
218,389d119b48cf3043d311335e499d9c6b,2
218,6cdd53843498f92890544667809f1595,1
218,7a10781637204d8d10485c71a6108a2e,1
218,7c1bd920dbdf22470b68bde975dd3ccf,1
218,c6dd917a0be2a704582055949915ab32,1
218,f1c7f353075ce59d8a6f3cf58f419c9c,1
219,0aabfb375647d9738ad0f7b4ea3653b1,1
219,2028bf1b01cafb2d2b1901fca4083222,1
219,2b4609f8948be18874494203496bc318,1
219,35afc973633aaeb6b877ff57b2793310,1
219,7a10781637204d8d10485c71a6108a2e,1
219,bb50f2e236e5eea0100680137654686c,1
219,c6dd917a0be2a704582055949915ab32,1
220,08574b074924071f4e201e151b152b4e,1
220,0aabfb375647d9738ad0f7b4ea3653b1,1
220,389d119b48cf3043d311335e499d9c6b,1
220,601a360bd2a916ecef0e88de72a6531a,2
220,99a4788cb24856965c36a24e339b6058,2
220,c6dd917a0be2a704582055949915ab32,1
221,0aabfb375647d9738ad0f7b4ea3653b1,5
221,2b4609f8948be18874494203496bc318,2
221,35afc973633aaeb6b877ff57b2793310,1
221,53b36df67ebb7c41585e8d54d6772e08,1
221,6cdd53843498f92890544667809f1595,1
221,7c1bd920dbdf22470b68bde975dd3ccf,1
221,99a4788cb24856965c36a24e339b6058,1
221,a92930c327948861c015c919a0bcb4a8,2
221,bb50f2e236e5eea0100680137654686c,2
222,4c2394abfbac7ff59ec7a420918562fa,1
222,53759a2ecddad2bb87a079a1f1519f73,1
222,601a360bd2a916ecef0e88de72a6531a,1
222,6cdd53843498f92890544667809f1595,1
222,7c1bd920dbdf22470b68bde975dd3ccf,1
222,99a4788cb24856965c36a24e339b6058,1
222,f1c7f353075ce59d8a6f3cf58f419c9c,4
223,0aabfb375647d9738ad0f7b4ea3653b1,1
223,368c6c730842d78016ad823897a372db,2
223,389d119b48cf3043d311335e499d9c6b,1
223,461f43be3bdf8844e65b62d9ac2c7a5a,1
223,7a10781637204d8d10485c71a6108a2e,1
223,7c1bd920dbdf22470b68bde975dd3ccf,1
223,99a4788cb24856965c36a24e339b6058,1
223,f1c7f353075ce59d8a6f3cf58f419c9c,2
224,0aabfb375647d9738ad0f7b4ea3653b1,1
224,154e7e31ebfa092203795c972e5804a6,2
224,2b4609f8948be18874494203496bc318,1
224,368c6c730842d78016ad823897a372db,2
224,389d119b48cf3043d311335e499d9c6b,1
224,53759a2ecddad2bb87a079a1f1519f73,1
224,7c1bd920dbdf22470b68bde975dd3ccf,2
224,b0961721fd839e9982420e807758a2a6,1
224,d1c427060a0f73f6b889a5c7c61f2ac4,1
225,08574b074924071f4e201e151b152b4e,1
225,0aabfb375647d9738ad0f7b4ea3653b1,1
225,0bcc3eeca39e1064258aa1e932269894,1
225,154e7e31ebfa092203795c972e5804a6,1
225,2028bf1b01cafb2d2b1901fca4083222,1
225,368c6c730842d78016ad823897a372db,2
225,422879e10f46682990de24d770e7f83d,6
225,4c2394abfbac7ff59ec7a420918562fa,1
225,53b36df67ebb7c41585e8d54d6772e08,2
225,99a4788cb24856965c36a24e339b6058,1
225,b0961721fd839e9982420e807758a2a6,1
225,b532349fe46b38fbc7bb3914c1bdae07,3
225,c6dd917a0be2a704582055949915ab32,1
225,f1c7f353075ce59d8a6f3cf58f419c9c,1
226,0aabfb375647d9738ad0f7b4ea3653b1,1
226,154e7e31ebfa092203795c972e5804a6,1
226,389d119b48cf3043d311335e499d9c6b,1
226,422879e10f46682990de24d770e7f83d,2
226,53b36df67ebb7c41585e8d54d6772e08,1
226,7c1bd920dbdf22470b68bde975dd3ccf,1
226,b0961721fd839e9982420e807758a2a6,1
226,f1c7f353075ce59d8a6f3cf58f419c9c,3
227,0aabfb375647d9738ad0f7b4ea3653b1,1
227,154e7e31ebfa092203795c972e5804a6,2
227,2028bf1b01cafb2d2b1901fca4083222,2
227,2b4609f8948be18874494203496bc318,2
227,35afc973633aaeb6b877ff57b2793310,2
227,368c6c730842d78016ad823897a372db,2
227,389d119b48cf3043d311335e499d9c6b,3
227,422879e10f46682990de24d770e7f83d,2
227,461f43be3bdf8844e65b62d9ac2c7a5a,1
227,53759a2ecddad2bb87a079a1f1519f73,1
227,53b36df67ebb7c41585e8d54d6772e08,2
227,6cdd53843498f92890544667809f1595,1
227,a92930c327948861c015c919a0bcb4a8,1
227,c4baedd846ed09b85f78a781b522f126,1
227,c6dd917a0be2a704582055949915ab32,1
227,e0d64dcfaa3b6db5c54ca298ae101d05,1
227,f1c7f353075ce59d8a6f3cf58f419c9c,1
228,0aabfb375647d9738ad0f7b4ea3653b1,1
228,154e7e31ebfa092203795c972e5804a6,1
228,2b4609f8948be18874494203496bc318,1
228,35afc973633aaeb6b877ff57b2793310,1
228,368c6c730842d78016ad823897a372db,1
228,389d119b48cf3043d311335e499d9c6b,2
228,6cdd53843498f92890544667809f1595,1
228,7c1bd920dbdf22470b68bde975dd3ccf,1
228,bb50f2e236e5eea0100680137654686c,1
228,e0d64dcfaa3b6db5c54ca298ae101d05,4
228,f1c7f353075ce59d8a6f3cf58f419c9c,1
229,08574b074924071f4e201e151b152b4e,2
229,0aabfb375647d9738ad0f7b4ea3653b1,1
229,422879e10f46682990de24d770e7f83d,3
229,53759a2ecddad2bb87a079a1f1519f73,1
229,7a10781637204d8d10485c71a6108a2e,1
229,7c1bd920dbdf22470b68bde975dd3ccf,1
229,99a4788cb24856965c36a24e339b6058,1
229,b0961721fd839e9982420e807758a2a6,4
230,0bcc3eeca39e1064258aa1e932269894,1
230,154e7e31ebfa092203795c972e5804a6,1
230,2b4609f8948be18874494203496bc318,1
230,35afc973633aaeb6b877ff57b2793310,1
230,389d119b48cf3043d311335e499d9c6b,2
230,422879e10f46682990de24d770e7f83d,3
230,99a4788cb24856965c36a24e339b6058,2
231,08574b074924071f4e201e151b152b4e,2
231,0aabfb375647d9738ad0f7b4ea3653b1,1
231,35afc973633aaeb6b877ff57b2793310,1
231,368c6c730842d78016ad823897a372db,1
231,53b36df67ebb7c41585e8d54d6772e08,7
231,7a10781637204d8d10485c71a6108a2e,1
231,f1c7f353075ce59d8a6f3cf58f419c9c,3
232,0bcc3eeca39e1064258aa1e932269894,1
232,154e7e31ebfa092203795c972e5804a6,1
232,2028bf1b01cafb2d2b1901fca4083222,1
232,2b4609f8948be18874494203496bc318,1
232,368c6c730842d78016ad823897a372db,1
232,422879e10f46682990de24d770e7f83d,2
232,53759a2ecddad2bb87a079a1f1519f73,2
232,7c1bd920dbdf22470b68bde975dd3ccf,1
232,bb50f2e236e5eea0100680137654686c,2
232,e0d64dcfaa3b6db5c54ca298ae101d05,6
232,f1c7f353075ce59d8a6f3cf58f419c9c,1
233,0aabfb375647d9738ad0f7b4ea3653b1,1
233,154e7e31ebfa092203795c972e5804a6,2
233,2028bf1b01cafb2d2b1901fca4083222,1
233,389d119b48cf3043d311335e499d9c6b,4
233,7a10781637204d8d10485c71a6108a2e,1
233,99a4788cb24856965c36a24e339b6058,1
233,b0961721fd839e9982420e807758a2a6,1
233,d017a2151d543a9885604dc62a3d9dcc,2
233,f1c7f353075ce59d8a6f3cf58f419c9c,2
234,154e7e31ebfa092203795c972e5804a6,2
234,2b4609f8948be18874494203496bc318,2
234,368c6c730842d78016ad823897a372db,1
234,53b36df67ebb7c41585e8d54d6772e08,1
234,7c1bd920dbdf22470b68bde975dd3ccf,4
234,b0961721fd839e9982420e807758a2a6,2
234,b532349fe46b38fbc7bb3914c1bdae07,3
234,f1c7f353075ce59d8a6f3cf58f419c9c,1
235,0aabfb375647d9738ad0f7b4ea3653b1,1
235,2028bf1b01cafb2d2b1901fca4083222,1
235,389d119b48cf3043d311335e499d9c6b,2
235,422879e10f46682990de24d770e7f83d,3
235,53759a2ecddad2bb87a079a1f1519f73,2
236,08574b074924071f4e201e151b152b4e,2
236,0aabfb375647d9738ad0f7b4ea3653b1,1
236,154e7e31ebfa092203795c972e5804a6,1
236,2028bf1b01cafb2d2b1901fca4083222,1
236,2b4609f8948be18874494203496bc318,1
236,6cdd53843498f92890544667809f1595,1
236,b0961721fd839e9982420e807758a2a6,3
236,d1c427060a0f73f6b889a5c7c61f2ac4,3
237,06edb72f1e0c64b14c5b79353f7abea3,1
237,154e7e31ebfa092203795c972e5804a6,3
237,2b4609f8948be18874494203496bc318,1
237,422879e10f46682990de24d770e7f83d,1
237,7c1bd920dbdf22470b68bde975dd3ccf,1
237,b0961721fd839e9982420e807758a2a6,2
238,368c6c730842d78016ad823897a372db,1
238,4c2394abfbac7ff59ec7a420918562fa,1
238,7c1bd920dbdf22470b68bde975dd3ccf,2
238,8c591ab0ca519558779df02023177f44,1
238,c4baedd846ed09b85f78a781b522f126,2
238,f1c7f353075ce59d8a6f3cf58f419c9c,1
239,2028bf1b01cafb2d2b1901fca4083222,1
239,2b4609f8948be18874494203496bc318,1
239,368c6c730842d78016ad823897a372db,2
239,389d119b48cf3043d311335e499d9c6b,1
239,422879e10f46682990de24d770e7f83d,1
239,53759a2ecddad2bb87a079a1f1519f73,1
239,b0961721fd839e9982420e807758a2a6,1
239,d017a2151d543a9885604dc62a3d9dcc,1
239,d1c427060a0f73f6b889a5c7c61f2ac4,1
240,06edb72f1e0c64b14c5b79353f7abea3,1
240,0aabfb375647d9738ad0f7b4ea3653b1,1
240,154e7e31ebfa092203795c972e5804a6,1
240,2b4609f8948be18874494203496bc318,3
240,422879e10f46682990de24d770e7f83d,5
240,53759a2ecddad2bb87a079a1f1519f73,2
240,53b36df67ebb7c41585e8d54d6772e08,1
240,99a4788cb24856965c36a24e339b6058,2
240,b0961721fd839e9982420e807758a2a6,6
240,bb50f2e236e5eea0100680137654686c,1
240,d017a2151d543a9885604dc62a3d9dcc,1
240,d1c427060a0f73f6b889a5c7c61f2ac4,1
241,154e7e31ebfa092203795c972e5804a6,1
241,2028bf1b01cafb2d2b1901fca4083222,2
241,422879e10f46682990de24d770e7f83d,5
241,53759a2ecddad2bb87a079a1f1519f73,1
241,6cdd53843498f92890544667809f1595,1
241,7c1bd920dbdf22470b68bde975dd3ccf,3
241,99a4788cb24856965c36a24e339b6058,1
241,c4baedd846ed09b85f78a781b522f126,1
241,c6dd917a0be2a704582055949915ab32,1
242,2028bf1b01cafb2d2b1901fca4083222,2
242,35afc973633aaeb6b877ff57b2793310,1
242,368c6c730842d78016ad823897a372db,1
242,422879e10f46682990de24d770e7f83d,1
242,4c2394abfbac7ff59ec7a420918562fa,1
242,656e0eca68dcecf6a31b8ececfabe3e8,2
242,7c1bd920dbdf22470b68bde975dd3ccf,1
242,99a4788cb24856965c36a24e339b6058,1
242,b0961721fd839e9982420e807758a2a6,3
242,d017a2151d543a9885604dc62a3d9dcc,1
242,d1c427060a0f73f6b889a5c7c61f2ac4,1
242,f1c7f353075ce59d8a6f3cf58f419c9c,3
243,154e7e31ebfa092203795c972e5804a6,1
243,389d119b48cf3043d311335e499d9c6b,1
243,422879e10f46682990de24d770e7f83d,1
243,6cdd53843498f92890544667809f1595,1
243,7c1bd920dbdf22470b68bde975dd3ccf,1
243,b0961721fd839e9982420e807758a2a6,1
243,d1c427060a0f73f6b889a5c7c61f2ac4,1
243,f1c7f353075ce59d8a6f3cf58f419c9c,1
244,2028bf1b01cafb2d2b1901fca4083222,2
244,2b4609f8948be18874494203496bc318,2
244,422879e10f46682990de24d770e7f83d,1
244,99a4788cb24856965c36a24e339b6058,3
244,b0961721fd839e9982420e807758a2a6,2
244,c6dd917a0be2a704582055949915ab32,1
244,e0d64dcfaa3b6db5c54ca298ae101d05,1
244,f1c7f353075ce59d8a6f3cf58f419c9c,9
245,154e7e31ebfa092203795c972e5804a6,1
245,35afc973633aaeb6b877ff57b2793310,1
245,422879e10f46682990de24d770e7f83d,2
245,53b36df67ebb7c41585e8d54d6772e08,2
245,7a10781637204d8d10485c71a6108a2e,1
245,99a4788cb24856965c36a24e339b6058,2
245,f1c7f353075ce59d8a6f3cf58f419c9c,1
246,154e7e31ebfa092203795c972e5804a6,1
246,2028bf1b01cafb2d2b1901fca4083222,1
246,2b4609f8948be18874494203496bc318,1
246,35afc973633aaeb6b877ff57b2793310,4
246,368c6c730842d78016ad823897a372db,2
246,461f43be3bdf8844e65b62d9ac2c7a5a,1
246,53759a2ecddad2bb87a079a1f1519f73,4
246,53b36df67ebb7c41585e8d54d6772e08,1
246,54d9ac713e253fa1fae9c8003b011c2a,1
246,6cdd53843498f92890544667809f1595,1
246,7c1bd920dbdf22470b68bde975dd3ccf,1
246,99a4788cb24856965c36a24e339b6058,2
246,c4baedd846ed09b85f78a781b522f126,1
246,d285360f29ac7fd97640bf0baef03de0,1
247,154e7e31ebfa092203795c972e5804a6,2
247,2b4609f8948be18874494203496bc318,1
247,422879e10f46682990de24d770e7f83d,1
247,461f43be3bdf8844e65b62d9ac2c7a5a,1
247,656e0eca68dcecf6a31b8ececfabe3e8,2
247,7c1bd920dbdf22470b68bde975dd3ccf,1
247,99a4788cb24856965c36a24e339b6058,1
247,b0961721fd839e9982420e807758a2a6,2
247,bb50f2e236e5eea0100680137654686c,1
247,d017a2151d543a9885604dc62a3d9dcc,1
247,e0d64dcfaa3b6db5c54ca298ae101d05,2
247,f1c7f353075ce59d8a6f3cf58f419c9c,1
248,154e7e31ebfa092203795c972e5804a6,1
248,2028bf1b01cafb2d2b1901fca4083222,1
248,2b4609f8948be18874494203496bc318,1
248,461f43be3bdf8844e65b62d9ac2c7a5a,1
248,7c1bd920dbdf22470b68bde975dd3ccf,1
248,8c591ab0ca519558779df02023177f44,1
248,99a4788cb24856965c36a24e339b6058,2
248,b0961721fd839e9982420e807758a2a6,1
248,b532349fe46b38fbc7bb3914c1bdae07,3
248,f1c7f353075ce59d8a6f3cf58f419c9c,3
249,08574b074924071f4e201e151b152b4e,1
249,35afc973633aaeb6b877ff57b2793310,1
249,389d119b48cf3043d311335e499d9c6b,1
249,422879e10f46682990de24d770e7f83d,2
249,4c2394abfbac7ff59ec7a420918562fa,1
249,6cdd53843498f92890544667809f1595,1
249,7a10781637204d8d10485c71a6108a2e,2
249,bb50f2e236e5eea0100680137654686c,1
249,c4baedd846ed09b85f78a781b522f126,1
249,d1c427060a0f73f6b889a5c7c61f2ac4,1
249,f1c7f353075ce59d8a6f3cf58f419c9c,6
250,154e7e31ebfa092203795c972e5804a6,1
250,2b4609f8948be18874494203496bc318,1
250,389d119b48cf3043d311335e499d9c6b,2
250,422879e10f46682990de24d770e7f83d,1
250,52c80cedd4e90108bf4fa6a206ef6b03,2
250,53759a2ecddad2bb87a079a1f1519f73,2
250,7a10781637204d8d10485c71a6108a2e,1
250,99a4788cb24856965c36a24e339b6058,2
250,b0961721fd839e9982420e807758a2a6,1
250,bb50f2e236e5eea0100680137654686c,1
250,c6dd917a0be2a704582055949915ab32,1
250,e0d64dcfaa3b6db5c54ca298ae101d05,4
251,53b36df67ebb7c41585e8d54d6772e08,1
251,6cdd53843498f92890544667809f1595,1
251,99a4788cb24856965c36a24e339b6058,3
251,b532349fe46b38fbc7bb3914c1bdae07,3
251,e0d64dcfaa3b6db5c54ca298ae101d05,2
252,154e7e31ebfa092203795c972e5804a6,2
252,2b4609f8948be18874494203496bc318,1
252,35afc973633aaeb6b877ff57b2793310,1
252,461f43be3bdf8844e65b62d9ac2c7a5a,1
252,53b36df67ebb7c41585e8d54d6772e08,2
252,7c1bd920dbdf22470b68bde975dd3ccf,2
252,b0961721fd839e9982420e807758a2a6,1
252,c4baedd846ed09b85f78a781b522f126,1
252,e0d64dcfaa3b6db5c54ca298ae101d05,2
253,0aabfb375647d9738ad0f7b4ea3653b1,1
253,0bcc3eeca39e1064258aa1e932269894,1
253,2b4609f8948be18874494203496bc318,1
253,368c6c730842d78016ad823897a372db,1
253,389d119b48cf3043d311335e499d9c6b,1
253,461f43be3bdf8844e65b62d9ac2c7a5a,1
253,4c2394abfbac7ff59ec7a420918562fa,1
253,53b36df67ebb7c41585e8d54d6772e08,1
253,7c1bd920dbdf22470b68bde975dd3ccf,2
253,b532349fe46b38fbc7bb3914c1bdae07,3
253,bb50f2e236e5eea0100680137654686c,2
253,d1c427060a0f73f6b889a5c7c61f2ac4,1
253,e0d64dcfaa3b6db5c54ca298ae101d05,3
254,08574b074924071f4e201e151b152b4e,1
254,154e7e31ebfa092203795c972e5804a6,3
254,2028bf1b01cafb2d2b1901fca4083222,1
254,35afc973633aaeb6b877ff57b2793310,1
254,389d119b48cf3043d311335e499d9c6b,2
254,422879e10f46682990de24d770e7f83d,2
254,461f43be3bdf8844e65b62d9ac2c7a5a,1
254,53759a2ecddad2bb87a079a1f1519f73,2
254,53b36df67ebb7c41585e8d54d6772e08,1
254,7a10781637204d8d10485c71a6108a2e,2
254,7c1bd920dbdf22470b68bde975dd3ccf,3
254,8c591ab0ca519558779df02023177f44,1
254,d017a2151d543a9885604dc62a3d9dcc,1
255,2028bf1b01cafb2d2b1901fca4083222,1
255,2b4609f8948be18874494203496bc318,2
255,35afc973633aaeb6b877ff57b2793310,1
255,368c6c730842d78016ad823897a372db,3
255,461f43be3bdf8844e65b62d9ac2c7a5a,1
255,53759a2ecddad2bb87a079a1f1519f73,4
255,7a10781637204d8d10485c71a6108a2e,1
255,7c1bd920dbdf22470b68bde975dd3ccf,1
255,b0961721fd839e9982420e807758a2a6,3
256,0aabfb375647d9738ad0f7b4ea3653b1,1
256,2b4609f8948be18874494203496bc318,1
256,461f43be3bdf8844e65b62d9ac2c7a5a,2
256,53759a2ecddad2bb87a079a1f1519f73,1
256,53b36df67ebb7c41585e8d54d6772e08,1
256,6cdd53843498f92890544667809f1595,1
256,b0961721fd839e9982420e807758a2a6,1
256,bb50f2e236e5eea0100680137654686c,2
256,d1c427060a0f73f6b889a5c7c61f2ac4,1
257,08574b074924071f4e201e151b152b4e,1
257,0aabfb375647d9738ad0f7b4ea3653b1,1
257,2028bf1b01cafb2d2b1901fca4083222,2
257,389d119b48cf3043d311335e499d9c6b,1
257,422879e10f46682990de24d770e7f83d,2
257,bb50f2e236e5eea0100680137654686c,1
258,0bcc3eeca39e1064258aa1e932269894,2
258,422879e10f46682990de24d770e7f83d,1
258,461f43be3bdf8844e65b62d9ac2c7a5a,1
258,53759a2ecddad2bb87a079a1f1519f73,1
258,8c591ab0ca519558779df02023177f44,1
258,c4baedd846ed09b85f78a781b522f126,1
258,d017a2151d543a9885604dc62a3d9dcc,1
258,d1c427060a0f73f6b889a5c7c61f2ac4,1
259,2b4609f8948be18874494203496bc318,1
259,368c6c730842d78016ad823897a372db,3
259,389d119b48cf3043d311335e499d9c6b,1
259,7c1bd920dbdf22470b68bde975dd3ccf,1
259,99a4788cb24856965c36a24e339b6058,1
259,b0961721fd839e9982420e807758a2a6,2
259,c4baedd846ed09b85f78a781b522f126,1
259,c6dd917a0be2a704582055949915ab32,1
260,0aabfb375647d9738ad0f7b4ea3653b1,3
260,0bcc3eeca39e1064258aa1e932269894,3
260,154e7e31ebfa092203795c972e5804a6,1
260,389d119b48cf3043d311335e499d9c6b,3
260,422879e10f46682990de24d770e7f83d,1
260,53759a2ecddad2bb87a079a1f1519f73,1
260,6f3b5b605d91b7439c5e3f5a8dffeea7,1
260,7a10781637204d8d10485c71a6108a2e,1
260,7c1bd920dbdf22470b68bde975dd3ccf,2
260,8c591ab0ca519558779df02023177f44,1
260,c4baedd846ed09b85f78a781b522f126,1
260,ec2d43cc59763ec91694573b31f1c29a,3
261,08574b074924071f4e201e151b152b4e,3
261,368c6c730842d78016ad823897a372db,2
261,389d119b48cf3043d311335e499d9c6b,2
261,422879e10f46682990de24d770e7f83d,2
261,53b36df67ebb7c41585e8d54d6772e08,1
261,6cdd53843498f92890544667809f1595,2
261,7c1bd920dbdf22470b68bde975dd3ccf,2
261,8c591ab0ca519558779df02023177f44,1
261,99a4788cb24856965c36a24e339b6058,1
261,b0961721fd839e9982420e807758a2a6,1
261,c4baedd846ed09b85f78a781b522f126,1
261,e0d64dcfaa3b6db5c54ca298ae101d05,1
261,ec2d43cc59763ec91694573b31f1c29a,1
262,08574b074924071f4e201e151b152b4e,1
262,0aabfb375647d9738ad0f7b4ea3653b1,2
262,0bcc3eeca39e1064258aa1e932269894,2
262,154e7e31ebfa092203795c972e5804a6,1
262,368c6c730842d78016ad823897a372db,4
262,389d119b48cf3043d311335e499d9c6b,1
262,53759a2ecddad2bb87a079a1f1519f73,2
262,601a360bd2a916ecef0e88de72a6531a,1
262,84f456958365164420cfc80fbe4c7fab,1
262,b0961721fd839e9982420e807758a2a6,2
262,d1c427060a0f73f6b889a5c7c61f2ac4,1
262,ec2d43cc59763ec91694573b31f1c29a,1
263,154e7e31ebfa092203795c972e5804a6,1
263,2b4609f8948be18874494203496bc318,1
263,35afc973633aaeb6b877ff57b2793310,1
263,389d119b48cf3043d311335e499d9c6b,1
263,422879e10f46682990de24d770e7f83d,6
263,461f43be3bdf8844e65b62d9ac2c7a5a,1
263,53759a2ecddad2bb87a079a1f1519f73,1
263,601a360bd2a916ecef0e88de72a6531a,2
263,6cdd53843498f92890544667809f1595,1
263,6f3b5b605d91b7439c5e3f5a8dffeea7,1
263,7c1bd920dbdf22470b68bde975dd3ccf,1
263,84f456958365164420cfc80fbe4c7fab,1
263,d017a2151d543a9885604dc62a3d9dcc,1
264,06edb72f1e0c64b14c5b79353f7abea3,1
264,154e7e31ebfa092203795c972e5804a6,1
264,389d119b48cf3043d311335e499d9c6b,2
264,422879e10f46682990de24d770e7f83d,4
264,42a2c92a0979a949ca4ea89ec5c7b934,2
264,53759a2ecddad2bb87a079a1f1519f73,3
264,84f456958365164420cfc80fbe4c7fab,1
264,a92930c327948861c015c919a0bcb4a8,1
264,d285360f29ac7fd97640bf0baef03de0,1
264,ec2d43cc59763ec91694573b31f1c29a,1
265,08574b074924071f4e201e151b152b4e,1
265,154e7e31ebfa092203795c972e5804a6,1
265,422879e10f46682990de24d770e7f83d,4
265,7c1bd920dbdf22470b68bde975dd3ccf,1
265,aca2eb7d00ea1a7b8ebd4e68314663af,1
265,b532349fe46b38fbc7bb3914c1bdae07,1
265,e0cf79767c5b016251fe139915c59a26,1
265,ec2d43cc59763ec91694573b31f1c29a,2
266,08574b074924071f4e201e151b152b4e,2
266,0bcc3eeca39e1064258aa1e932269894,1
266,2b4609f8948be18874494203496bc318,2
266,389d119b48cf3043d311335e499d9c6b,1
266,422879e10f46682990de24d770e7f83d,1
266,42a2c92a0979a949ca4ea89ec5c7b934,2
266,601a360bd2a916ecef0e88de72a6531a,1
266,7c1bd920dbdf22470b68bde975dd3ccf,1
266,a92930c327948861c015c919a0bcb4a8,1
266,b0961721fd839e9982420e807758a2a6,3
266,d285360f29ac7fd97640bf0baef03de0,1
266,ec2d43cc59763ec91694573b31f1c29a,1
267,08574b074924071f4e201e151b152b4e,1
267,0bcc3eeca39e1064258aa1e932269894,1
267,154e7e31ebfa092203795c972e5804a6,1
267,2028bf1b01cafb2d2b1901fca4083222,3
267,2b4609f8948be18874494203496bc318,1
267,35afc973633aaeb6b877ff57b2793310,1
267,368c6c730842d78016ad823897a372db,3
267,389d119b48cf3043d311335e499d9c6b,3
267,42a2c92a0979a949ca4ea89ec5c7b934,1
267,461f43be3bdf8844e65b62d9ac2c7a5a,1
267,4c2394abfbac7ff59ec7a420918562fa,1
267,53759a2ecddad2bb87a079a1f1519f73,1
267,7c1bd920dbdf22470b68bde975dd3ccf,1
267,84f456958365164420cfc80fbe4c7fab,1
267,c4baedd846ed09b85f78a781b522f126,3
267,d1c427060a0f73f6b889a5c7c61f2ac4,2
267,ec2d43cc59763ec91694573b31f1c29a,1
268,0aabfb375647d9738ad0f7b4ea3653b1,1
268,0bcc3eeca39e1064258aa1e932269894,1
268,154e7e31ebfa092203795c972e5804a6,1
268,35afc973633aaeb6b877ff57b2793310,1
268,422879e10f46682990de24d770e7f83d,1
268,53759a2ecddad2bb87a079a1f1519f73,1
268,84f456958365164420cfc80fbe4c7fab,1
268,bb50f2e236e5eea0100680137654686c,1
268,d1c427060a0f73f6b889a5c7c61f2ac4,1
268,d285360f29ac7fd97640bf0baef03de0,4
269,08574b074924071f4e201e151b152b4e,1
269,154e7e31ebfa092203795c972e5804a6,2
269,2028bf1b01cafb2d2b1901fca4083222,1
269,2b4609f8948be18874494203496bc318,3
269,389d119b48cf3043d311335e499d9c6b,2
269,422879e10f46682990de24d770e7f83d,2
269,53759a2ecddad2bb87a079a1f1519f73,1
269,601a360bd2a916ecef0e88de72a6531a,1
269,99a4788cb24856965c36a24e339b6058,1
269,aca2eb7d00ea1a7b8ebd4e68314663af,1
269,c6dd917a0be2a704582055949915ab32,1
269,d1c427060a0f73f6b889a5c7c61f2ac4,1
270,0aabfb375647d9738ad0f7b4ea3653b1,2
270,0bcc3eeca39e1064258aa1e932269894,2
270,2028bf1b01cafb2d2b1901fca4083222,2
270,2b4609f8948be18874494203496bc318,1
270,35afc973633aaeb6b877ff57b2793310,1
270,422879e10f46682990de24d770e7f83d,1
270,7c1bd920dbdf22470b68bde975dd3ccf,1
270,b0961721fd839e9982420e807758a2a6,2
270,d1c427060a0f73f6b889a5c7c61f2ac4,1
270,ec2d43cc59763ec91694573b31f1c29a,1
271,2b4609f8948be18874494203496bc318,1
271,389d119b48cf3043d311335e499d9c6b,2
271,52c80cedd4e90108bf4fa6a206ef6b03,2
271,53759a2ecddad2bb87a079a1f1519f73,1
271,601a360bd2a916ecef0e88de72a6531a,1
271,b0961721fd839e9982420e807758a2a6,1
271,ec2d43cc59763ec91694573b31f1c29a,3
272,0aabfb375647d9738ad0f7b4ea3653b1,3
272,154e7e31ebfa092203795c972e5804a6,1
272,2028bf1b01cafb2d2b1901fca4083222,3
272,42a2c92a0979a949ca4ea89ec5c7b934,1
272,52c80cedd4e90108bf4fa6a206ef6b03,1
272,601a360bd2a916ecef0e88de72a6531a,1
272,b532349fe46b38fbc7bb3914c1bdae07,3
272,d1c427060a0f73f6b889a5c7c61f2ac4,1
272,ec2d43cc59763ec91694573b31f1c29a,1
273,0aabfb375647d9738ad0f7b4ea3653b1,1
273,2028bf1b01cafb2d2b1901fca4083222,1
273,2b4609f8948be18874494203496bc318,1
273,368c6c730842d78016ad823897a372db,3
273,461f43be3bdf8844e65b62d9ac2c7a5a,1
273,601a360bd2a916ecef0e88de72a6531a,1
273,6cdd53843498f92890544667809f1595,2
273,8c591ab0ca519558779df02023177f44,1
273,99a4788cb24856965c36a24e339b6058,2
273,bb50f2e236e5eea0100680137654686c,1
273,c4baedd846ed09b85f78a781b522f126,1
273,d1c427060a0f73f6b889a5c7c61f2ac4,1
273,d285360f29ac7fd97640bf0baef03de0,1
273,ec2d43cc59763ec91694573b31f1c29a,3
274,154e7e31ebfa092203795c972e5804a6,3
274,2028bf1b01cafb2d2b1901fca4083222,1
274,2b4609f8948be18874494203496bc318,3
274,422879e10f46682990de24d770e7f83d,6
274,42a2c92a0979a949ca4ea89ec5c7b934,2
274,461f43be3bdf8844e65b62d9ac2c7a5a,4
274,6cdd53843498f92890544667809f1595,1
274,99a4788cb24856965c36a24e339b6058,1
274,b532349fe46b38fbc7bb3914c1bdae07,4
274,e0d64dcfaa3b6db5c54ca298ae101d05,2
274,ec2d43cc59763ec91694573b31f1c29a,1
275,06edb72f1e0c64b14c5b79353f7abea3,1
275,0aabfb375647d9738ad0f7b4ea3653b1,2
275,2b4609f8948be18874494203496bc318,1
275,389d119b48cf3043d311335e499d9c6b,2
275,422879e10f46682990de24d770e7f83d,3
275,84f456958365164420cfc80fbe4c7fab,1
275,c4baedd846ed09b85f78a781b522f126,1
275,d017a2151d543a9885604dc62a3d9dcc,2
275,d1c427060a0f73f6b889a5c7c61f2ac4,1
275,e0d64dcfaa3b6db5c54ca298ae101d05,1
275,ec2d43cc59763ec91694573b31f1c29a,1
276,154e7e31ebfa092203795c972e5804a6,3
276,368c6c730842d78016ad823897a372db,1
276,422879e10f46682990de24d770e7f83d,1
276,461f43be3bdf8844e65b62d9ac2c7a5a,1
276,601a360bd2a916ecef0e88de72a6531a,2
276,6cdd53843498f92890544667809f1595,1
276,7a10781637204d8d10485c71a6108a2e,2
276,b532349fe46b38fbc7bb3914c1bdae07,3
276,d1c427060a0f73f6b889a5c7c61f2ac4,1
276,ec2d43cc59763ec91694573b31f1c29a,2
277,08574b074924071f4e201e151b152b4e,2
277,0aabfb375647d9738ad0f7b4ea3653b1,1
277,2b4609f8948be18874494203496bc318,1
277,35afc973633aaeb6b877ff57b2793310,2
277,368c6c730842d78016ad823897a372db,1
277,42a2c92a0979a949ca4ea89ec5c7b934,2
277,53759a2ecddad2bb87a079a1f1519f73,1
277,656e0eca68dcecf6a31b8ececfabe3e8,1
277,7a10781637204d8d10485c71a6108a2e,2
277,7c1bd920dbdf22470b68bde975dd3ccf,1
277,99a4788cb24856965c36a24e339b6058,2
277,c4baedd846ed09b85f78a781b522f126,2
277,d1c427060a0f73f6b889a5c7c61f2ac4,1
277,ec2d43cc59763ec91694573b31f1c29a,1
278,2028bf1b01cafb2d2b1901fca4083222,1
278,2b4609f8948be18874494203496bc318,1
278,368c6c730842d78016ad823897a372db,1
278,53759a2ecddad2bb87a079a1f1519f73,2
278,6cdd53843498f92890544667809f1595,1
278,7a10781637204d8d10485c71a6108a2e,1
278,7c1bd920dbdf22470b68bde975dd3ccf,1
278,8c591ab0ca519558779df02023177f44,1
278,d1c427060a0f73f6b889a5c7c61f2ac4,2
279,08574b074924071f4e201e151b152b4e,2
279,0aabfb375647d9738ad0f7b4ea3653b1,1
279,154e7e31ebfa092203795c972e5804a6,1
279,2b4609f8948be18874494203496bc318,1
279,368c6c730842d78016ad823897a372db,3
279,389d119b48cf3043d311335e499d9c6b,1
279,42a2c92a0979a949ca4ea89ec5c7b934,1
279,461f43be3bdf8844e65b62d9ac2c7a5a,2
279,7c1bd920dbdf22470b68bde975dd3ccf,1
279,b532349fe46b38fbc7bb3914c1bdae07,1
279,ec2d43cc59763ec91694573b31f1c29a,1
280,08574b074924071f4e201e151b152b4e,1
280,0aabfb375647d9738ad0f7b4ea3653b1,1
280,35afc973633aaeb6b877ff57b2793310,1
280,368c6c730842d78016ad823897a372db,4
280,461f43be3bdf8844e65b62d9ac2c7a5a,1
280,4c2394abfbac7ff59ec7a420918562fa,1
280,52c80cedd4e90108bf4fa6a206ef6b03,1
280,7a10781637204d8d10485c71a6108a2e,1
280,84f456958365164420cfc80fbe4c7fab,1
280,99a4788cb24856965c36a24e339b6058,1
280,a92930c327948861c015c919a0bcb4a8,1
280,d1c427060a0f73f6b889a5c7c61f2ac4,1
281,0aabfb375647d9738ad0f7b4ea3653b1,2
281,154e7e31ebfa092203795c972e5804a6,1
281,2028bf1b01cafb2d2b1901fca4083222,1
281,2b4609f8948be18874494203496bc318,2
281,389d119b48cf3043d311335e499d9c6b,1
281,461f43be3bdf8844e65b62d9ac2c7a5a,1
281,99a4788cb24856965c36a24e339b6058,1
281,b532349fe46b38fbc7bb3914c1bdae07,3
281,d1c427060a0f73f6b889a5c7c61f2ac4,1
282,0aabfb375647d9738ad0f7b4ea3653b1,2
282,154e7e31ebfa092203795c972e5804a6,1
282,2b4609f8948be18874494203496bc318,1
282,368c6c730842d78016ad823897a372db,1
282,422879e10f46682990de24d770e7f83d,2
282,53759a2ecddad2bb87a079a1f1519f73,1
282,84f456958365164420cfc80fbe4c7fab,1
282,8c591ab0ca519558779df02023177f44,2
282,99a4788cb24856965c36a24e339b6058,1
282,b532349fe46b38fbc7bb3914c1bdae07,2
282,d1c427060a0f73f6b889a5c7c61f2ac4,1
283,0aabfb375647d9738ad0f7b4ea3653b1,3
283,389d119b48cf3043d311335e499d9c6b,2
283,42a2c92a0979a949ca4ea89ec5c7b934,1
283,461f43be3bdf8844e65b62d9ac2c7a5a,1
283,53759a2ecddad2bb87a079a1f1519f73,1
283,656e0eca68dcecf6a31b8ececfabe3e8,1
283,6cdd53843498f92890544667809f1595,1
283,7c1bd920dbdf22470b68bde975dd3ccf,2
283,c4baedd846ed09b85f78a781b522f126,1
283,d017a2151d543a9885604dc62a3d9dcc,1
283,d285360f29ac7fd97640bf0baef03de0,1
284,2028bf1b01cafb2d2b1901fca4083222,1
284,2b4609f8948be18874494203496bc318,2
284,368c6c730842d78016ad823897a372db,1
284,389d119b48cf3043d311335e499d9c6b,2
284,42a2c92a0979a949ca4ea89ec5c7b934,1
284,4c2394abfbac7ff59ec7a420918562fa,1
284,52c80cedd4e90108bf4fa6a206ef6b03,1
284,53759a2ecddad2bb87a079a1f1519f73,2
284,7a10781637204d8d10485c71a6108a2e,1
284,7c1bd920dbdf22470b68bde975dd3ccf,2
284,8c591ab0ca519558779df02023177f44,2
284,b532349fe46b38fbc7bb3914c1bdae07,8
284,ec2d43cc59763ec91694573b31f1c29a,1
285,06edb72f1e0c64b14c5b79353f7abea3,1
285,154e7e31ebfa092203795c972e5804a6,1
285,422879e10f46682990de24d770e7f83d,1
285,42a2c92a0979a949ca4ea89ec5c7b934,2
285,461f43be3bdf8844e65b62d9ac2c7a5a,2
285,8c591ab0ca519558779df02023177f44,1
285,99a4788cb24856965c36a24e339b6058,1
285,b0961721fd839e9982420e807758a2a6,1
285,d1c427060a0f73f6b889a5c7c61f2ac4,1
285,d285360f29ac7fd97640bf0baef03de0,1
285,ec2d43cc59763ec91694573b31f1c29a,1
286,2028bf1b01cafb2d2b1901fca4083222,1
286,422879e10f46682990de24d770e7f83d,1
286,6cdd53843498f92890544667809f1595,1
286,c4baedd846ed09b85f78a781b522f126,2
286,ec2d43cc59763ec91694573b31f1c29a,1
287,0bcc3eeca39e1064258aa1e932269894,1
287,154e7e31ebfa092203795c972e5804a6,5
287,2028bf1b01cafb2d2b1901fca4083222,1
287,2b4609f8948be18874494203496bc318,1
287,368c6c730842d78016ad823897a372db,5
287,389d119b48cf3043d311335e499d9c6b,2
287,422879e10f46682990de24d770e7f83d,1
287,42a2c92a0979a949ca4ea89ec5c7b934,1
287,461f43be3bdf8844e65b62d9ac2c7a5a,1
287,52c80cedd4e90108bf4fa6a206ef6b03,1
287,7c1bd920dbdf22470b68bde975dd3ccf,1
287,ec2d43cc59763ec91694573b31f1c29a,1
288,0aabfb375647d9738ad0f7b4ea3653b1,2
288,2028bf1b01cafb2d2b1901fca4083222,1
288,389d119b48cf3043d311335e499d9c6b,3
288,422879e10f46682990de24d770e7f83d,2
288,656e0eca68dcecf6a31b8ececfabe3e8,1
288,99a4788cb24856965c36a24e339b6058,1
288,c4baedd846ed09b85f78a781b522f126,1
289,0aabfb375647d9738ad0f7b4ea3653b1,2
289,154e7e31ebfa092203795c972e5804a6,2
289,35afc973633aaeb6b877ff57b2793310,1
289,368c6c730842d78016ad823897a372db,4
289,36f60d45225e60c7da4558b070ce4b60,1
289,53759a2ecddad2bb87a079a1f1519f73,1
289,656e0eca68dcecf6a31b8ececfabe3e8,1
289,7c1bd920dbdf22470b68bde975dd3ccf,1
289,8c591ab0ca519558779df02023177f44,3
289,99a4788cb24856965c36a24e339b6058,1
289,aca2eb7d00ea1a7b8ebd4e68314663af,3
289,b0961721fd839e9982420e807758a2a6,1
289,c4baedd846ed09b85f78a781b522f126,3
289,d285360f29ac7fd97640bf0baef03de0,1
289,ec2d43cc59763ec91694573b31f1c29a,1
290,08574b074924071f4e201e151b152b4e,2
290,35afc973633aaeb6b877ff57b2793310,1
290,368c6c730842d78016ad823897a372db,1
290,422879e10f46682990de24d770e7f83d,1
290,53759a2ecddad2bb87a079a1f1519f73,1
290,7a10781637204d8d10485c71a6108a2e,1
290,99a4788cb24856965c36a24e339b6058,5
290,bb50f2e236e5eea0100680137654686c,1
290,d1c427060a0f73f6b889a5c7c61f2ac4,2
290,d285360f29ac7fd97640bf0baef03de0,1
290,ec2d43cc59763ec91694573b31f1c29a,2
291,0aabfb375647d9738ad0f7b4ea3653b1,1
291,2028bf1b01cafb2d2b1901fca4083222,2
291,2b4609f8948be18874494203496bc318,1
291,35afc973633aaeb6b877ff57b2793310,1
291,422879e10f46682990de24d770e7f83d,4
291,42a2c92a0979a949ca4ea89ec5c7b934,3
291,53759a2ecddad2bb87a079a1f1519f73,2
291,99a4788cb24856965c36a24e339b6058,2
291,d285360f29ac7fd97640bf0baef03de0,1
291,ec2d43cc59763ec91694573b31f1c29a,1
292,0bcc3eeca39e1064258aa1e932269894,2
292,154e7e31ebfa092203795c972e5804a6,2
292,35afc973633aaeb6b877ff57b2793310,3
292,368c6c730842d78016ad823897a372db,2
292,42a2c92a0979a949ca4ea89ec5c7b934,1
292,461f43be3bdf8844e65b62d9ac2c7a5a,1
292,84f456958365164420cfc80fbe4c7fab,1
292,99a4788cb24856965c36a24e339b6058,1
292,a92930c327948861c015c919a0bcb4a8,1
292,d017a2151d543a9885604dc62a3d9dcc,1
292,d1c427060a0f73f6b889a5c7c61f2ac4,1
292,ec2d43cc59763ec91694573b31f1c29a,2
293,2028bf1b01cafb2d2b1901fca4083222,1
293,368c6c730842d78016ad823897a372db,2
293,389d119b48cf3043d311335e499d9c6b,2
293,422879e10f46682990de24d770e7f83d,2
293,42a2c92a0979a949ca4ea89ec5c7b934,3
293,461f43be3bdf8844e65b62d9ac2c7a5a,1
293,4c2394abfbac7ff59ec7a420918562fa,1
293,53759a2ecddad2bb87a079a1f1519f73,2
293,99a4788cb24856965c36a24e339b6058,1
293,ec2d43cc59763ec91694573b31f1c29a,1
294,08574b074924071f4e201e151b152b4e,1
294,0aabfb375647d9738ad0f7b4ea3653b1,2
294,154e7e31ebfa092203795c972e5804a6,2
294,368c6c730842d78016ad823897a372db,3
294,389d119b48cf3043d311335e499d9c6b,4
294,53759a2ecddad2bb87a079a1f1519f73,2
294,c4baedd846ed09b85f78a781b522f126,1
294,e0cf79767c5b016251fe139915c59a26,1
294,ec2d43cc59763ec91694573b31f1c29a,1
295,08574b074924071f4e201e151b152b4e,1
295,368c6c730842d78016ad823897a372db,2
295,422879e10f46682990de24d770e7f83d,2
295,461f43be3bdf8844e65b62d9ac2c7a5a,3
295,52c80cedd4e90108bf4fa6a206ef6b03,1
295,7a10781637204d8d10485c71a6108a2e,1
295,b532349fe46b38fbc7bb3914c1bdae07,6
295,d1c427060a0f73f6b889a5c7c61f2ac4,1
295,ec2d43cc59763ec91694573b31f1c29a,2
296,08574b074924071f4e201e151b152b4e,4
296,0aabfb375647d9738ad0f7b4ea3653b1,1
296,154e7e31ebfa092203795c972e5804a6,1
296,2b4609f8948be18874494203496bc318,1
296,368c6c730842d78016ad823897a372db,1
296,389d119b48cf3043d311335e499d9c6b,2
296,422879e10f46682990de24d770e7f83d,1
296,461f43be3bdf8844e65b62d9ac2c7a5a,2
296,4c2394abfbac7ff59ec7a420918562fa,1
296,52c80cedd4e90108bf4fa6a206ef6b03,2
296,53759a2ecddad2bb87a079a1f1519f73,2
296,7c1bd920dbdf22470b68bde975dd3ccf,1
296,99a4788cb24856965c36a24e339b6058,2
296,bb50f2e236e5eea0100680137654686c,1
296,d017a2151d543a9885604dc62a3d9dcc,1
296,ec2d43cc59763ec91694573b31f1c29a,1
297,154e7e31ebfa092203795c972e5804a6,1
297,35afc973633aaeb6b877ff57b2793310,2
297,368c6c730842d78016ad823897a372db,2
297,389d119b48cf3043d311335e499d9c6b,1
297,42a2c92a0979a949ca4ea89ec5c7b934,1
297,7c1bd920dbdf22470b68bde975dd3ccf,1
297,b0961721fd839e9982420e807758a2a6,2
297,b532349fe46b38fbc7bb3914c1bdae07,1
297,ec2d43cc59763ec91694573b31f1c29a,4
298,154e7e31ebfa092203795c972e5804a6,1
298,368c6c730842d78016ad823897a372db,1
298,389d119b48cf3043d311335e499d9c6b,8
298,422879e10f46682990de24d770e7f83d,1
298,42a2c92a0979a949ca4ea89ec5c7b934,1
298,53759a2ecddad2bb87a079a1f1519f73,1
298,656e0eca68dcecf6a31b8ececfabe3e8,1
298,6cdd53843498f92890544667809f1595,1
298,7c1bd920dbdf22470b68bde975dd3ccf,1
298,8c591ab0ca519558779df02023177f44,3
298,99a4788cb24856965c36a24e339b6058,1
298,bb50f2e236e5eea0100680137654686c,1
298,d017a2151d543a9885604dc62a3d9dcc,2
298,d1c427060a0f73f6b889a5c7c61f2ac4,1
299,154e7e31ebfa092203795c972e5804a6,1
299,389d119b48cf3043d311335e499d9c6b,1
299,422879e10f46682990de24d770e7f83d,2
299,52c80cedd4e90108bf4fa6a206ef6b03,1
299,53759a2ecddad2bb87a079a1f1519f73,1
299,53b36df67ebb7c41585e8d54d6772e08,2
299,601a360bd2a916ecef0e88de72a6531a,1
299,656e0eca68dcecf6a31b8ececfabe3e8,1
299,aca2eb7d00ea1a7b8ebd4e68314663af,4
299,b532349fe46b38fbc7bb3914c1bdae07,1
299,c4baedd846ed09b85f78a781b522f126,2
299,d017a2151d543a9885604dc62a3d9dcc,1
300,08574b074924071f4e201e151b152b4e,1
300,2b4609f8948be18874494203496bc318,2
300,368c6c730842d78016ad823897a372db,2
300,422879e10f46682990de24d770e7f83d,1
300,42a2c92a0979a949ca4ea89ec5c7b934,4
300,53759a2ecddad2bb87a079a1f1519f73,1
300,84f456958365164420cfc80fbe4c7fab,1
300,99a4788cb24856965c36a24e339b6058,1
300,a92930c327948861c015c919a0bcb4a8,1
300,aca2eb7d00ea1a7b8ebd4e68314663af,1
300,b532349fe46b38fbc7bb3914c1bdae07,2
300,ec2d43cc59763ec91694573b31f1c29a,1
301,2b4609f8948be18874494203496bc318,1
301,389d119b48cf3043d311335e499d9c6b,1
301,42a2c92a0979a949ca4ea89ec5c7b934,2
301,461f43be3bdf8844e65b62d9ac2c7a5a,1
301,53b36df67ebb7c41585e8d54d6772e08,1
301,7c1bd920dbdf22470b68bde975dd3ccf,1
301,a62e25e09e05e6faf31d90c6ec1aa3d1,1
301,aca2eb7d00ea1a7b8ebd4e68314663af,3
301,d285360f29ac7fd97640bf0baef03de0,2
301,e0cf79767c5b016251fe139915c59a26,1
302,08574b074924071f4e201e151b152b4e,2
302,2b4609f8948be18874494203496bc318,1
302,422879e10f46682990de24d770e7f83d,2
302,42a2c92a0979a949ca4ea89ec5c7b934,4
302,461f43be3bdf8844e65b62d9ac2c7a5a,2
302,53759a2ecddad2bb87a079a1f1519f73,1
302,5a848e4ab52fd5445cdc07aab1c40e48,1
302,601a360bd2a916ecef0e88de72a6531a,1
302,c4baedd846ed09b85f78a781b522f126,1
302,ec2d43cc59763ec91694573b31f1c29a,3
303,154e7e31ebfa092203795c972e5804a6,1
303,389d119b48cf3043d311335e499d9c6b,1
303,42a2c92a0979a949ca4ea89ec5c7b934,2
303,461f43be3bdf8844e65b62d9ac2c7a5a,1
303,601a360bd2a916ecef0e88de72a6531a,1
303,8c591ab0ca519558779df02023177f44,1
303,aca2eb7d00ea1a7b8ebd4e68314663af,1
303,b532349fe46b38fbc7bb3914c1bdae07,3
303,bb50f2e236e5eea0100680137654686c,1
303,ec2d43cc59763ec91694573b31f1c29a,2
304,08574b074924071f4e201e151b152b4e,1
304,154e7e31ebfa092203795c972e5804a6,1
304,2028bf1b01cafb2d2b1901fca4083222,1
304,35afc973633aaeb6b877ff57b2793310,2
304,389d119b48cf3043d311335e499d9c6b,5
304,422879e10f46682990de24d770e7f83d,2
304,42a2c92a0979a949ca4ea89ec5c7b934,2
304,53759a2ecddad2bb87a079a1f1519f73,1
304,6cdd53843498f92890544667809f1595,1
304,7a10781637204d8d10485c71a6108a2e,1
304,7c1bd920dbdf22470b68bde975dd3ccf,1
304,84f456958365164420cfc80fbe4c7fab,1
304,8c591ab0ca519558779df02023177f44,1
304,a62e25e09e05e6faf31d90c6ec1aa3d1,1
304,c4baedd846ed09b85f78a781b522f126,2
304,d285360f29ac7fd97640bf0baef03de0,1
305,06edb72f1e0c64b14c5b79353f7abea3,1
305,0bcc3eeca39e1064258aa1e932269894,2
305,154e7e31ebfa092203795c972e5804a6,1
305,2b4609f8948be18874494203496bc318,1
305,368c6c730842d78016ad823897a372db,2
305,389d119b48cf3043d311335e499d9c6b,3
305,422879e10f46682990de24d770e7f83d,2
305,52c80cedd4e90108bf4fa6a206ef6b03,1
305,53759a2ecddad2bb87a079a1f1519f73,4
305,7c1bd920dbdf22470b68bde975dd3ccf,1
305,8c591ab0ca519558779df02023177f44,6
305,aca2eb7d00ea1a7b8ebd4e68314663af,5
305,c4baedd846ed09b85f78a781b522f126,2
305,e0d64dcfaa3b6db5c54ca298ae101d05,1
306,154e7e31ebfa092203795c972e5804a6,1
306,2b4609f8948be18874494203496bc318,1
306,389d119b48cf3043d311335e499d9c6b,1
306,422879e10f46682990de24d770e7f83d,1
306,461f43be3bdf8844e65b62d9ac2c7a5a,1
306,601a360bd2a916ecef0e88de72a6531a,1
306,656e0eca68dcecf6a31b8ececfabe3e8,1
306,7a10781637204d8d10485c71a6108a2e,2
306,84f456958365164420cfc80fbe4c7fab,2
306,8c591ab0ca519558779df02023177f44,1
306,a62e25e09e05e6faf31d90c6ec1aa3d1,1
306,aca2eb7d00ea1a7b8ebd4e68314663af,6
306,b0961721fd839e9982420e807758a2a6,1
306,d1c427060a0f73f6b889a5c7c61f2ac4,1
307,08574b074924071f4e201e151b152b4e,2
307,154e7e31ebfa092203795c972e5804a6,2
307,2b4609f8948be18874494203496bc318,1
307,368c6c730842d78016ad823897a372db,1
307,389d119b48cf3043d311335e499d9c6b,1
307,601a360bd2a916ecef0e88de72a6531a,1
307,6cdd53843498f92890544667809f1595,1
307,7c1bd920dbdf22470b68bde975dd3ccf,1
307,a62e25e09e05e6faf31d90c6ec1aa3d1,1
307,aca2eb7d00ea1a7b8ebd4e68314663af,5
307,d017a2151d543a9885604dc62a3d9dcc,2
307,d1c427060a0f73f6b889a5c7c61f2ac4,1
307,d285360f29ac7fd97640bf0baef03de0,1
307,e0cf79767c5b016251fe139915c59a26,1
308,0aabfb375647d9738ad0f7b4ea3653b1,2
308,154e7e31ebfa092203795c972e5804a6,1
308,368c6c730842d78016ad823897a372db,2
308,389d119b48cf3043d311335e499d9c6b,3
308,461f43be3bdf8844e65b62d9ac2c7a5a,1
308,4c2394abfbac7ff59ec7a420918562fa,1
308,52c80cedd4e90108bf4fa6a206ef6b03,1
308,53759a2ecddad2bb87a079a1f1519f73,2
308,5a848e4ab52fd5445cdc07aab1c40e48,1
308,99a4788cb24856965c36a24e339b6058,2
308,aca2eb7d00ea1a7b8ebd4e68314663af,4
308,b532349fe46b38fbc7bb3914c1bdae07,3
308,c4baedd846ed09b85f78a781b522f126,1
308,c6dd917a0be2a704582055949915ab32,1
309,0aabfb375647d9738ad0f7b4ea3653b1,4
309,2028bf1b01cafb2d2b1901fca4083222,1
309,422879e10f46682990de24d770e7f83d,1
309,42a2c92a0979a949ca4ea89ec5c7b934,2
309,461f43be3bdf8844e65b62d9ac2c7a5a,1
309,4c2394abfbac7ff59ec7a420918562fa,1
309,53759a2ecddad2bb87a079a1f1519f73,2
309,601a360bd2a916ecef0e88de72a6531a,2
309,7c1bd920dbdf22470b68bde975dd3ccf,1
309,8c591ab0ca519558779df02023177f44,1
309,a62e25e09e05e6faf31d90c6ec1aa3d1,1
309,aca2eb7d00ea1a7b8ebd4e68314663af,1
309,b532349fe46b38fbc7bb3914c1bdae07,3
309,bb50f2e236e5eea0100680137654686c,1
309,c4baedd846ed09b85f78a781b522f126,1
309,d1c427060a0f73f6b889a5c7c61f2ac4,1
309,d285360f29ac7fd97640bf0baef03de0,1
309,e0d64dcfaa3b6db5c54ca298ae101d05,2
309,ec2d43cc59763ec91694573b31f1c29a,1
310,0aabfb375647d9738ad0f7b4ea3653b1,2
310,154e7e31ebfa092203795c972e5804a6,1
310,35afc973633aaeb6b877ff57b2793310,1
310,389d119b48cf3043d311335e499d9c6b,2
310,422879e10f46682990de24d770e7f83d,1
310,42a2c92a0979a949ca4ea89ec5c7b934,1
310,461f43be3bdf8844e65b62d9ac2c7a5a,1
310,4c2394abfbac7ff59ec7a420918562fa,1
310,52c80cedd4e90108bf4fa6a206ef6b03,1
310,53759a2ecddad2bb87a079a1f1519f73,4
310,5a848e4ab52fd5445cdc07aab1c40e48,1
310,7c1bd920dbdf22470b68bde975dd3ccf,1
310,84f456958365164420cfc80fbe4c7fab,1
310,a62e25e09e05e6faf31d90c6ec1aa3d1,2
310,aca2eb7d00ea1a7b8ebd4e68314663af,2
310,d017a2151d543a9885604dc62a3d9dcc,1
310,e0d64dcfaa3b6db5c54ca298ae101d05,1
310,ec2d43cc59763ec91694573b31f1c29a,1
311,0aabfb375647d9738ad0f7b4ea3653b1,1
311,154e7e31ebfa092203795c972e5804a6,1
311,2b4609f8948be18874494203496bc318,1
311,368c6c730842d78016ad823897a372db,2
311,389d119b48cf3043d311335e499d9c6b,3
311,42a2c92a0979a949ca4ea89ec5c7b934,3
311,461f43be3bdf8844e65b62d9ac2c7a5a,2
311,4c2394abfbac7ff59ec7a420918562fa,2
311,53759a2ecddad2bb87a079a1f1519f73,7
311,601a360bd2a916ecef0e88de72a6531a,1
311,656e0eca68dcecf6a31b8ececfabe3e8,1
311,7c1bd920dbdf22470b68bde975dd3ccf,1
311,84f456958365164420cfc80fbe4c7fab,2
311,99a4788cb24856965c36a24e339b6058,1
311,b0961721fd839e9982420e807758a2a6,2
311,e0d64dcfaa3b6db5c54ca298ae101d05,2
312,0bcc3eeca39e1064258aa1e932269894,2
312,154e7e31ebfa092203795c972e5804a6,5
312,2b4609f8948be18874494203496bc318,1
312,35afc973633aaeb6b877ff57b2793310,1
312,368c6c730842d78016ad823897a372db,2
312,389d119b48cf3043d311335e499d9c6b,3
312,422879e10f46682990de24d770e7f83d,9
312,461f43be3bdf8844e65b62d9ac2c7a5a,1
312,4c2394abfbac7ff59ec7a420918562fa,3
312,53759a2ecddad2bb87a079a1f1519f73,3
312,5a848e4ab52fd5445cdc07aab1c40e48,2
312,6cdd53843498f92890544667809f1595,1
312,7a10781637204d8d10485c71a6108a2e,4
312,7c1bd920dbdf22470b68bde975dd3ccf,3
312,84f456958365164420cfc80fbe4c7fab,3
312,8c591ab0ca519558779df02023177f44,1
312,99a4788cb24856965c36a24e339b6058,1
312,a62e25e09e05e6faf31d90c6ec1aa3d1,1
312,b532349fe46b38fbc7bb3914c1bdae07,5
312,bb50f2e236e5eea0100680137654686c,1
312,c6dd917a0be2a704582055949915ab32,1
312,e0d64dcfaa3b6db5c54ca298ae101d05,3
312,ec2d43cc59763ec91694573b31f1c29a,1
313,08574b074924071f4e201e151b152b4e,1
313,0aabfb375647d9738ad0f7b4ea3653b1,5
313,0bcc3eeca39e1064258aa1e932269894,8
313,154e7e31ebfa092203795c972e5804a6,2
313,2028bf1b01cafb2d2b1901fca4083222,6
313,2b4609f8948be18874494203496bc318,6
313,35afc973633aaeb6b877ff57b2793310,3
313,368c6c730842d78016ad823897a372db,23
313,389d119b48cf3043d311335e499d9c6b,14
313,422879e10f46682990de24d770e7f83d,25
313,42a2c92a0979a949ca4ea89ec5c7b934,1
313,461f43be3bdf8844e65b62d9ac2c7a5a,3
313,4c2394abfbac7ff59ec7a420918562fa,6
313,52c80cedd4e90108bf4fa6a206ef6b03,1
313,53759a2ecddad2bb87a079a1f1519f73,18
313,601a360bd2a916ecef0e88de72a6531a,1
313,6cdd53843498f92890544667809f1595,6
313,7c1bd920dbdf22470b68bde975dd3ccf,2
313,84f456958365164420cfc80fbe4c7fab,2
313,8c591ab0ca519558779df02023177f44,3
313,99a4788cb24856965c36a24e339b6058,12
313,a62e25e09e05e6faf31d90c6ec1aa3d1,2
313,aca2eb7d00ea1a7b8ebd4e68314663af,2
313,b0961721fd839e9982420e807758a2a6,3
313,bb50f2e236e5eea0100680137654686c,1
313,c4baedd846ed09b85f78a781b522f126,3
313,c6dd917a0be2a704582055949915ab32,1
313,d017a2151d543a9885604dc62a3d9dcc,4
313,d1c427060a0f73f6b889a5c7c61f2ac4,4
313,e0d64dcfaa3b6db5c54ca298ae101d05,6
313,ec2d43cc59763ec91694573b31f1c29a,4
314,06edb72f1e0c64b14c5b79353f7abea3,4
314,08574b074924071f4e201e151b152b4e,1
314,0aabfb375647d9738ad0f7b4ea3653b1,2
314,0bcc3eeca39e1064258aa1e932269894,3
314,154e7e31ebfa092203795c972e5804a6,1
314,2b4609f8948be18874494203496bc318,2
314,368c6c730842d78016ad823897a372db,5
314,389d119b48cf3043d311335e499d9c6b,16
314,422879e10f46682990de24d770e7f83d,11
314,461f43be3bdf8844e65b62d9ac2c7a5a,1
314,4c2394abfbac7ff59ec7a420918562fa,1
314,52c80cedd4e90108bf4fa6a206ef6b03,1
314,53759a2ecddad2bb87a079a1f1519f73,15
314,84f456958365164420cfc80fbe4c7fab,1
314,a62e25e09e05e6faf31d90c6ec1aa3d1,1
314,aca2eb7d00ea1a7b8ebd4e68314663af,1
314,b0961721fd839e9982420e807758a2a6,1
314,b532349fe46b38fbc7bb3914c1bdae07,4
314,c4baedd846ed09b85f78a781b522f126,6
314,d1c427060a0f73f6b889a5c7c61f2ac4,2
314,e0cf79767c5b016251fe139915c59a26,1
314,ec2d43cc59763ec91694573b31f1c29a,3
315,0aabfb375647d9738ad0f7b4ea3653b1,3
315,2b4609f8948be18874494203496bc318,1
315,368c6c730842d78016ad823897a372db,5
315,389d119b48cf3043d311335e499d9c6b,7
315,422879e10f46682990de24d770e7f83d,12
315,42a2c92a0979a949ca4ea89ec5c7b934,2
315,461f43be3bdf8844e65b62d9ac2c7a5a,1
315,4c2394abfbac7ff59ec7a420918562fa,7
315,52c80cedd4e90108bf4fa6a206ef6b03,3
315,53759a2ecddad2bb87a079a1f1519f73,7
315,5a848e4ab52fd5445cdc07aab1c40e48,1
315,7c1bd920dbdf22470b68bde975dd3ccf,2
315,84f456958365164420cfc80fbe4c7fab,2
315,99a4788cb24856965c36a24e339b6058,5
315,d017a2151d543a9885604dc62a3d9dcc,2
315,d1c427060a0f73f6b889a5c7c61f2ac4,1
315,e0cf79767c5b016251fe139915c59a26,1
315,ec2d43cc59763ec91694573b31f1c29a,1
316,06edb72f1e0c64b14c5b79353f7abea3,3
316,08574b074924071f4e201e151b152b4e,1
316,0aabfb375647d9738ad0f7b4ea3653b1,1
316,0bcc3eeca39e1064258aa1e932269894,1
316,154e7e31ebfa092203795c972e5804a6,2
316,2028bf1b01cafb2d2b1901fca4083222,2
316,2b4609f8948be18874494203496bc318,1
316,35afc973633aaeb6b877ff57b2793310,3
316,368c6c730842d78016ad823897a372db,2
316,389d119b48cf3043d311335e499d9c6b,6
316,422879e10f46682990de24d770e7f83d,5
316,42a2c92a0979a949ca4ea89ec5c7b934,1
316,461f43be3bdf8844e65b62d9ac2c7a5a,2
316,4c2394abfbac7ff59ec7a420918562fa,5
316,52c80cedd4e90108bf4fa6a206ef6b03,1
316,53759a2ecddad2bb87a079a1f1519f73,4
316,7c1bd920dbdf22470b68bde975dd3ccf,1
316,84f456958365164420cfc80fbe4c7fab,4
316,99a4788cb24856965c36a24e339b6058,3
316,bb50f2e236e5eea0100680137654686c,1
316,c4baedd846ed09b85f78a781b522f126,2
316,d1c427060a0f73f6b889a5c7c61f2ac4,2
316,e0cf79767c5b016251fe139915c59a26,1
317,0aabfb375647d9738ad0f7b4ea3653b1,3
317,154e7e31ebfa092203795c972e5804a6,1
317,2b4609f8948be18874494203496bc318,2
317,35afc973633aaeb6b877ff57b2793310,3
317,368c6c730842d78016ad823897a372db,5
317,389d119b48cf3043d311335e499d9c6b,1
317,422879e10f46682990de24d770e7f83d,2
317,42a2c92a0979a949ca4ea89ec5c7b934,2
317,4c2394abfbac7ff59ec7a420918562fa,3
317,53b36df67ebb7c41585e8d54d6772e08,5
317,5a848e4ab52fd5445cdc07aab1c40e48,2
317,656e0eca68dcecf6a31b8ececfabe3e8,2
317,6cdd53843498f92890544667809f1595,1
317,7c1bd920dbdf22470b68bde975dd3ccf,3
317,84f456958365164420cfc80fbe4c7fab,1
317,8c591ab0ca519558779df02023177f44,2
317,a62e25e09e05e6faf31d90c6ec1aa3d1,1
317,aca2eb7d00ea1a7b8ebd4e68314663af,6
317,c4baedd846ed09b85f78a781b522f126,2
317,c6dd917a0be2a704582055949915ab32,1
317,d017a2151d543a9885604dc62a3d9dcc,1
317,d1c427060a0f73f6b889a5c7c61f2ac4,1
317,e0d64dcfaa3b6db5c54ca298ae101d05,1
317,ec2d43cc59763ec91694573b31f1c29a,1
318,0bcc3eeca39e1064258aa1e932269894,2
318,2028bf1b01cafb2d2b1901fca4083222,3
318,2b4609f8948be18874494203496bc318,2
318,35afc973633aaeb6b877ff57b2793310,1
318,368c6c730842d78016ad823897a372db,3
318,422879e10f46682990de24d770e7f83d,3
318,42a2c92a0979a949ca4ea89ec5c7b934,3
318,461f43be3bdf8844e65b62d9ac2c7a5a,1
318,4c2394abfbac7ff59ec7a420918562fa,2
318,53759a2ecddad2bb87a079a1f1519f73,2
318,53b36df67ebb7c41585e8d54d6772e08,7
318,5a848e4ab52fd5445cdc07aab1c40e48,2
318,7a10781637204d8d10485c71a6108a2e,3
318,7c1bd920dbdf22470b68bde975dd3ccf,2
318,84f456958365164420cfc80fbe4c7fab,1
318,8c591ab0ca519558779df02023177f44,1
318,99a4788cb24856965c36a24e339b6058,2
318,aca2eb7d00ea1a7b8ebd4e68314663af,2
318,bb50f2e236e5eea0100680137654686c,4
318,c4baedd846ed09b85f78a781b522f126,4
318,d017a2151d543a9885604dc62a3d9dcc,1
318,d285360f29ac7fd97640bf0baef03de0,1
318,e0d64dcfaa3b6db5c54ca298ae101d05,2
319,06edb72f1e0c64b14c5b79353f7abea3,3
319,0aabfb375647d9738ad0f7b4ea3653b1,1
319,2028bf1b01cafb2d2b1901fca4083222,4
319,2b4609f8948be18874494203496bc318,1
319,368c6c730842d78016ad823897a372db,1
319,389d119b48cf3043d311335e499d9c6b,2
319,422879e10f46682990de24d770e7f83d,1
319,42a2c92a0979a949ca4ea89ec5c7b934,2
319,4c2394abfbac7ff59ec7a420918562fa,2
319,5a848e4ab52fd5445cdc07aab1c40e48,3
319,7c1bd920dbdf22470b68bde975dd3ccf,1
319,8c591ab0ca519558779df02023177f44,1
319,99a4788cb24856965c36a24e339b6058,1
319,a62e25e09e05e6faf31d90c6ec1aa3d1,1
319,aca2eb7d00ea1a7b8ebd4e68314663af,1
319,c4baedd846ed09b85f78a781b522f126,1
319,d285360f29ac7fd97640bf0baef03de0,1
319,e53e557d5a159f5aa2c5e995dfdf244b,1
320,2b4609f8948be18874494203496bc318,2
320,368c6c730842d78016ad823897a372db,2
320,389d119b48cf3043d311335e499d9c6b,2
320,42a2c92a0979a949ca4ea89ec5c7b934,1
320,461f43be3bdf8844e65b62d9ac2c7a5a,1
320,4c2394abfbac7ff59ec7a420918562fa,4
320,53b36df67ebb7c41585e8d54d6772e08,1
320,5a848e4ab52fd5445cdc07aab1c40e48,2
320,656e0eca68dcecf6a31b8ececfabe3e8,1
320,7a10781637204d8d10485c71a6108a2e,2
320,84f456958365164420cfc80fbe4c7fab,2
320,8c591ab0ca519558779df02023177f44,1
320,99a4788cb24856965c36a24e339b6058,1
320,a92930c327948861c015c919a0bcb4a8,1
320,aca2eb7d00ea1a7b8ebd4e68314663af,5
320,c4baedd846ed09b85f78a781b522f126,1
320,d285360f29ac7fd97640bf0baef03de0,4
320,e53e557d5a159f5aa2c5e995dfdf244b,1
321,06edb72f1e0c64b14c5b79353f7abea3,1
321,2b4609f8948be18874494203496bc318,1
321,368c6c730842d78016ad823897a372db,2
321,389d119b48cf3043d311335e499d9c6b,1
321,422879e10f46682990de24d770e7f83d,1
321,42a2c92a0979a949ca4ea89ec5c7b934,2
321,4c2394abfbac7ff59ec7a420918562fa,3
321,52c80cedd4e90108bf4fa6a206ef6b03,1
321,53b36df67ebb7c41585e8d54d6772e08,1
321,84f456958365164420cfc80fbe4c7fab,1
321,aca2eb7d00ea1a7b8ebd4e68314663af,1
321,d1c427060a0f73f6b889a5c7c61f2ac4,1
321,e53e557d5a159f5aa2c5e995dfdf244b,2
322,154e7e31ebfa092203795c972e5804a6,1
322,2b4609f8948be18874494203496bc318,1
322,35afc973633aaeb6b877ff57b2793310,1
322,422879e10f46682990de24d770e7f83d,1
322,42a2c92a0979a949ca4ea89ec5c7b934,1
322,4c2394abfbac7ff59ec7a420918562fa,3
322,53759a2ecddad2bb87a079a1f1519f73,3
322,5a848e4ab52fd5445cdc07aab1c40e48,1
322,6cdd53843498f92890544667809f1595,1
322,7a10781637204d8d10485c71a6108a2e,3
322,8c591ab0ca519558779df02023177f44,1
322,99a4788cb24856965c36a24e339b6058,3
322,aca2eb7d00ea1a7b8ebd4e68314663af,1
322,bb50f2e236e5eea0100680137654686c,1
322,d017a2151d543a9885604dc62a3d9dcc,1
322,d285360f29ac7fd97640bf0baef03de0,1
322,e0d64dcfaa3b6db5c54ca298ae101d05,1
322,ec2d43cc59763ec91694573b31f1c29a,1
323,08574b074924071f4e201e151b152b4e,1
323,0bcc3eeca39e1064258aa1e932269894,1
323,154e7e31ebfa092203795c972e5804a6,1
323,2028bf1b01cafb2d2b1901fca4083222,1
323,368c6c730842d78016ad823897a372db,1
323,389d119b48cf3043d311335e499d9c6b,5
323,422879e10f46682990de24d770e7f83d,4
323,42a2c92a0979a949ca4ea89ec5c7b934,1
323,4c2394abfbac7ff59ec7a420918562fa,2
323,52c80cedd4e90108bf4fa6a206ef6b03,2
323,53759a2ecddad2bb87a079a1f1519f73,2
323,53b36df67ebb7c41585e8d54d6772e08,1
323,5a848e4ab52fd5445cdc07aab1c40e48,2
323,7a10781637204d8d10485c71a6108a2e,1
323,7c1bd920dbdf22470b68bde975dd3ccf,2
323,8c591ab0ca519558779df02023177f44,1
323,99a4788cb24856965c36a24e339b6058,3
323,aca2eb7d00ea1a7b8ebd4e68314663af,1
323,c4baedd846ed09b85f78a781b522f126,1
323,d1c427060a0f73f6b889a5c7c61f2ac4,1
323,d285360f29ac7fd97640bf0baef03de0,1
323,e0d64dcfaa3b6db5c54ca298ae101d05,1
323,e53e557d5a159f5aa2c5e995dfdf244b,1
324,06edb72f1e0c64b14c5b79353f7abea3,2
324,0bcc3eeca39e1064258aa1e932269894,1
324,154e7e31ebfa092203795c972e5804a6,2
324,36f60d45225e60c7da4558b070ce4b60,1
324,389d119b48cf3043d311335e499d9c6b,1
324,422879e10f46682990de24d770e7f83d,1
324,42a2c92a0979a949ca4ea89ec5c7b934,1
324,461f43be3bdf8844e65b62d9ac2c7a5a,1
324,52c80cedd4e90108bf4fa6a206ef6b03,2
324,53759a2ecddad2bb87a079a1f1519f73,1
324,5a848e4ab52fd5445cdc07aab1c40e48,2
324,601a360bd2a916ecef0e88de72a6531a,1
324,84f456958365164420cfc80fbe4c7fab,1
324,a62e25e09e05e6faf31d90c6ec1aa3d1,2
324,aca2eb7d00ea1a7b8ebd4e68314663af,2
324,c4baedd846ed09b85f78a781b522f126,1
324,d017a2151d543a9885604dc62a3d9dcc,1
324,d1c427060a0f73f6b889a5c7c61f2ac4,1
324,d285360f29ac7fd97640bf0baef03de0,1
324,e0cf79767c5b016251fe139915c59a26,1
324,e53e557d5a159f5aa2c5e995dfdf244b,1
324,ec2d43cc59763ec91694573b31f1c29a,1
325,08574b074924071f4e201e151b152b4e,4
325,154e7e31ebfa092203795c972e5804a6,1
325,2028bf1b01cafb2d2b1901fca4083222,1
325,2b4609f8948be18874494203496bc318,1
325,389d119b48cf3043d311335e499d9c6b,1
325,42a2c92a0979a949ca4ea89ec5c7b934,1
325,4c2394abfbac7ff59ec7a420918562fa,3
325,52c80cedd4e90108bf4fa6a206ef6b03,1
325,53759a2ecddad2bb87a079a1f1519f73,2
325,5a848e4ab52fd5445cdc07aab1c40e48,1
325,7c1bd920dbdf22470b68bde975dd3ccf,1
325,89321f94e35fc6d7903d36f74e351d40,1
325,8c591ab0ca519558779df02023177f44,3
325,99a4788cb24856965c36a24e339b6058,3
325,aca2eb7d00ea1a7b8ebd4e68314663af,5
325,c4baedd846ed09b85f78a781b522f126,1
325,ec2d43cc59763ec91694573b31f1c29a,1
326,2028bf1b01cafb2d2b1901fca4083222,1
326,2b4609f8948be18874494203496bc318,3
326,368c6c730842d78016ad823897a372db,3
326,389d119b48cf3043d311335e499d9c6b,1
326,422879e10f46682990de24d770e7f83d,1
326,4c2394abfbac7ff59ec7a420918562fa,2
326,52c80cedd4e90108bf4fa6a206ef6b03,1
326,53759a2ecddad2bb87a079a1f1519f73,2
326,8c591ab0ca519558779df02023177f44,3
326,a62e25e09e05e6faf31d90c6ec1aa3d1,2
326,aca2eb7d00ea1a7b8ebd4e68314663af,3
326,bb50f2e236e5eea0100680137654686c,1
326,c4baedd846ed09b85f78a781b522f126,1
326,d1c427060a0f73f6b889a5c7c61f2ac4,2
326,e0cf79767c5b016251fe139915c59a26,1
327,154e7e31ebfa092203795c972e5804a6,2
327,368c6c730842d78016ad823897a372db,1
327,422879e10f46682990de24d770e7f83d,1
327,42a2c92a0979a949ca4ea89ec5c7b934,1
327,4c2394abfbac7ff59ec7a420918562fa,1
327,52c80cedd4e90108bf4fa6a206ef6b03,1
327,53759a2ecddad2bb87a079a1f1519f73,2
327,5a848e4ab52fd5445cdc07aab1c40e48,2
327,7c1bd920dbdf22470b68bde975dd3ccf,1
327,8c591ab0ca519558779df02023177f44,2
327,a92930c327948861c015c919a0bcb4a8,2
327,aca2eb7d00ea1a7b8ebd4e68314663af,2
327,c4baedd846ed09b85f78a781b522f126,1
327,d017a2151d543a9885604dc62a3d9dcc,1
328,08574b074924071f4e201e151b152b4e,1
328,0bcc3eeca39e1064258aa1e932269894,2
328,154e7e31ebfa092203795c972e5804a6,1
328,2028bf1b01cafb2d2b1901fca4083222,1
328,368c6c730842d78016ad823897a372db,1
328,389d119b48cf3043d311335e499d9c6b,1
328,422879e10f46682990de24d770e7f83d,1
328,4c2394abfbac7ff59ec7a420918562fa,1
328,5a848e4ab52fd5445cdc07aab1c40e48,3
328,84f456958365164420cfc80fbe4c7fab,1
328,bb50f2e236e5eea0100680137654686c,1
328,d017a2151d543a9885604dc62a3d9dcc,1
328,d1c427060a0f73f6b889a5c7c61f2ac4,2
329,154e7e31ebfa092203795c972e5804a6,1
329,2028bf1b01cafb2d2b1901fca4083222,2
329,389d119b48cf3043d311335e499d9c6b,1
329,422879e10f46682990de24d770e7f83d,3
329,53759a2ecddad2bb87a079a1f1519f73,5
329,5a848e4ab52fd5445cdc07aab1c40e48,1
329,601a360bd2a916ecef0e88de72a6531a,1
329,7a10781637204d8d10485c71a6108a2e,1
329,8c591ab0ca519558779df02023177f44,3
329,aca2eb7d00ea1a7b8ebd4e68314663af,1
329,d1c427060a0f73f6b889a5c7c61f2ac4,1
329,e53e557d5a159f5aa2c5e995dfdf244b,1
330,08574b074924071f4e201e151b152b4e,1
330,0aabfb375647d9738ad0f7b4ea3653b1,1
330,0bcc3eeca39e1064258aa1e932269894,1
330,2028bf1b01cafb2d2b1901fca4083222,5
330,368c6c730842d78016ad823897a372db,1
330,422879e10f46682990de24d770e7f83d,2
330,4c2394abfbac7ff59ec7a420918562fa,2
330,5a848e4ab52fd5445cdc07aab1c40e48,2
330,6cdd53843498f92890544667809f1595,2
330,7a10781637204d8d10485c71a6108a2e,4
330,7c1bd920dbdf22470b68bde975dd3ccf,2
330,99a4788cb24856965c36a24e339b6058,1
330,a62e25e09e05e6faf31d90c6ec1aa3d1,1
330,aca2eb7d00ea1a7b8ebd4e68314663af,1
330,bb50f2e236e5eea0100680137654686c,1
330,e0d64dcfaa3b6db5c54ca298ae101d05,1
331,08574b074924071f4e201e151b152b4e,1
331,0aabfb375647d9738ad0f7b4ea3653b1,1
331,2028bf1b01cafb2d2b1901fca4083222,2
331,2b4609f8948be18874494203496bc318,1
331,368c6c730842d78016ad823897a372db,1
331,42a2c92a0979a949ca4ea89ec5c7b934,2
331,4c2394abfbac7ff59ec7a420918562fa,2
331,53759a2ecddad2bb87a079a1f1519f73,1
331,53b36df67ebb7c41585e8d54d6772e08,1
331,5a848e4ab52fd5445cdc07aab1c40e48,1
331,7a10781637204d8d10485c71a6108a2e,3
331,a62e25e09e05e6faf31d90c6ec1aa3d1,3
331,aca2eb7d00ea1a7b8ebd4e68314663af,4
331,c6dd917a0be2a704582055949915ab32,2
332,154e7e31ebfa092203795c972e5804a6,2
332,2b4609f8948be18874494203496bc318,1
332,422879e10f46682990de24d770e7f83d,16
332,42a2c92a0979a949ca4ea89ec5c7b934,1
332,4c2394abfbac7ff59ec7a420918562fa,3
332,53759a2ecddad2bb87a079a1f1519f73,5
332,6cdd53843498f92890544667809f1595,3
332,7a10781637204d8d10485c71a6108a2e,4
332,a62e25e09e05e6faf31d90c6ec1aa3d1,1
332,aca2eb7d00ea1a7b8ebd4e68314663af,1
332,bb50f2e236e5eea0100680137654686c,1
332,c4baedd846ed09b85f78a781b522f126,2
332,d1c427060a0f73f6b889a5c7c61f2ac4,2
332,e0cf79767c5b016251fe139915c59a26,1
333,0aabfb375647d9738ad0f7b4ea3653b1,1
333,2028bf1b01cafb2d2b1901fca4083222,1
333,2b4609f8948be18874494203496bc318,1
333,368c6c730842d78016ad823897a372db,5
333,389d119b48cf3043d311335e499d9c6b,3
333,4c2394abfbac7ff59ec7a420918562fa,1
333,6cdd53843498f92890544667809f1595,1
333,aca2eb7d00ea1a7b8ebd4e68314663af,1
333,c4baedd846ed09b85f78a781b522f126,1
333,c6dd917a0be2a704582055949915ab32,1
333,e0d64dcfaa3b6db5c54ca298ae101d05,1
333,ec2d43cc59763ec91694573b31f1c29a,1
334,0aabfb375647d9738ad0f7b4ea3653b1,1
334,0bcc3eeca39e1064258aa1e932269894,2
334,154e7e31ebfa092203795c972e5804a6,1
334,2028bf1b01cafb2d2b1901fca4083222,2
334,2b4609f8948be18874494203496bc318,2
334,389d119b48cf3043d311335e499d9c6b,1
334,84f456958365164420cfc80fbe4c7fab,2
334,a62e25e09e05e6faf31d90c6ec1aa3d1,1
334,aca2eb7d00ea1a7b8ebd4e68314663af,5
334,bb50f2e236e5eea0100680137654686c,1
334,c4baedd846ed09b85f78a781b522f126,1
334,d285360f29ac7fd97640bf0baef03de0,2
334,ec2d43cc59763ec91694573b31f1c29a,1
335,0aabfb375647d9738ad0f7b4ea3653b1,1
335,2b4609f8948be18874494203496bc318,1
335,389d119b48cf3043d311335e499d9c6b,1
335,4c2394abfbac7ff59ec7a420918562fa,1
335,5a848e4ab52fd5445cdc07aab1c40e48,1
335,c4baedd846ed09b85f78a781b522f126,3
335,d285360f29ac7fd97640bf0baef03de0,1
336,0aabfb375647d9738ad0f7b4ea3653b1,1
336,154e7e31ebfa092203795c972e5804a6,1
336,35afc973633aaeb6b877ff57b2793310,2
336,368c6c730842d78016ad823897a372db,2
336,461f43be3bdf8844e65b62d9ac2c7a5a,1
336,4c2394abfbac7ff59ec7a420918562fa,1
336,53759a2ecddad2bb87a079a1f1519f73,3
336,5a848e4ab52fd5445cdc07aab1c40e48,1
336,99a4788cb24856965c36a24e339b6058,1
336,c4baedd846ed09b85f78a781b522f126,1
336,d285360f29ac7fd97640bf0baef03de0,1
337,0aabfb375647d9738ad0f7b4ea3653b1,1
337,154e7e31ebfa092203795c972e5804a6,1
337,2028bf1b01cafb2d2b1901fca4083222,2
337,2b4609f8948be18874494203496bc318,1
337,422879e10f46682990de24d770e7f83d,1
337,461f43be3bdf8844e65b62d9ac2c7a5a,1
337,4c2394abfbac7ff59ec7a420918562fa,2
337,5a848e4ab52fd5445cdc07aab1c40e48,2
337,7c1bd920dbdf22470b68bde975dd3ccf,1
337,99a4788cb24856965c36a24e339b6058,1
337,c4baedd846ed09b85f78a781b522f126,3
337,ec2d43cc59763ec91694573b31f1c29a,1
338,2028bf1b01cafb2d2b1901fca4083222,1
338,2b4609f8948be18874494203496bc318,3
338,368c6c730842d78016ad823897a372db,1
338,461f43be3bdf8844e65b62d9ac2c7a5a,2
338,4c2394abfbac7ff59ec7a420918562fa,2
338,52c80cedd4e90108bf4fa6a206ef6b03,1
338,5a848e4ab52fd5445cdc07aab1c40e48,1
338,7a10781637204d8d10485c71a6108a2e,3
338,d1c427060a0f73f6b889a5c7c61f2ac4,1
338,ec2d43cc59763ec91694573b31f1c29a,1
339,0bcc3eeca39e1064258aa1e932269894,1
339,368c6c730842d78016ad823897a372db,4
339,422879e10f46682990de24d770e7f83d,5
339,4c2394abfbac7ff59ec7a420918562fa,1
339,52c80cedd4e90108bf4fa6a206ef6b03,1
339,5a848e4ab52fd5445cdc07aab1c40e48,3
339,7a10781637204d8d10485c71a6108a2e,1
339,99a4788cb24856965c36a24e339b6058,1
339,a92930c327948861c015c919a0bcb4a8,1
339,c4baedd846ed09b85f78a781b522f126,1
339,d1c427060a0f73f6b889a5c7c61f2ac4,2
339,e53e557d5a159f5aa2c5e995dfdf244b,4
340,06edb72f1e0c64b14c5b79353f7abea3,1
340,368c6c730842d78016ad823897a372db,1
340,389d119b48cf3043d311335e499d9c6b,1
340,4c2394abfbac7ff59ec7a420918562fa,2
340,aca2eb7d00ea1a7b8ebd4e68314663af,2
340,c4baedd846ed09b85f78a781b522f126,2
340,d017a2151d543a9885604dc62a3d9dcc,2
340,d1c427060a0f73f6b889a5c7c61f2ac4,1
340,ec2d43cc59763ec91694573b31f1c29a,1
341,06edb72f1e0c64b14c5b79353f7abea3,1
341,0aabfb375647d9738ad0f7b4ea3653b1,2
341,368c6c730842d78016ad823897a372db,6
341,42a2c92a0979a949ca4ea89ec5c7b934,1
341,4c2394abfbac7ff59ec7a420918562fa,1
341,aca2eb7d00ea1a7b8ebd4e68314663af,1
341,d1c427060a0f73f6b889a5c7c61f2ac4,2
341,ec2d43cc59763ec91694573b31f1c29a,1
342,154e7e31ebfa092203795c972e5804a6,3
342,35afc973633aaeb6b877ff57b2793310,1
342,389d119b48cf3043d311335e499d9c6b,2
342,422879e10f46682990de24d770e7f83d,1
342,42a2c92a0979a949ca4ea89ec5c7b934,2
342,52c80cedd4e90108bf4fa6a206ef6b03,1
342,d1c427060a0f73f6b889a5c7c61f2ac4,4
342,ec2d43cc59763ec91694573b31f1c29a,1
343,154e7e31ebfa092203795c972e5804a6,1
343,2028bf1b01cafb2d2b1901fca4083222,1
343,4c2394abfbac7ff59ec7a420918562fa,2
343,52c80cedd4e90108bf4fa6a206ef6b03,1
343,aca2eb7d00ea1a7b8ebd4e68314663af,1
344,08574b074924071f4e201e151b152b4e,1
344,0aabfb375647d9738ad0f7b4ea3653b1,1
344,35afc973633aaeb6b877ff57b2793310,1
344,368c6c730842d78016ad823897a372db,1
344,422879e10f46682990de24d770e7f83d,1
344,42a2c92a0979a949ca4ea89ec5c7b934,1
344,4c2394abfbac7ff59ec7a420918562fa,1
344,52c80cedd4e90108bf4fa6a206ef6b03,1
344,7a10781637204d8d10485c71a6108a2e,1
344,7c1bd920dbdf22470b68bde975dd3ccf,1
344,a62e25e09e05e6faf31d90c6ec1aa3d1,1
344,aca2eb7d00ea1a7b8ebd4e68314663af,3
344,c4baedd846ed09b85f78a781b522f126,2
344,e53e557d5a159f5aa2c5e995dfdf244b,1
345,06edb72f1e0c64b14c5b79353f7abea3,1
345,0bcc3eeca39e1064258aa1e932269894,1
345,154e7e31ebfa092203795c972e5804a6,1
345,2028bf1b01cafb2d2b1901fca4083222,1
345,422879e10f46682990de24d770e7f83d,1
345,4c2394abfbac7ff59ec7a420918562fa,4
345,5a848e4ab52fd5445cdc07aab1c40e48,3
345,7a10781637204d8d10485c71a6108a2e,2
345,99a4788cb24856965c36a24e339b6058,1
345,a62e25e09e05e6faf31d90c6ec1aa3d1,1
345,aca2eb7d00ea1a7b8ebd4e68314663af,3
345,c4baedd846ed09b85f78a781b522f126,2
345,d1c427060a0f73f6b889a5c7c61f2ac4,1
345,e0cf79767c5b016251fe139915c59a26,1
345,e0d64dcfaa3b6db5c54ca298ae101d05,1
345,e53e557d5a159f5aa2c5e995dfdf244b,1
345,ec2d43cc59763ec91694573b31f1c29a,2
346,08574b074924071f4e201e151b152b4e,2
346,2028bf1b01cafb2d2b1901fca4083222,1
346,368c6c730842d78016ad823897a372db,1
346,36f60d45225e60c7da4558b070ce4b60,1
346,389d119b48cf3043d311335e499d9c6b,4
346,422879e10f46682990de24d770e7f83d,4
346,4c2394abfbac7ff59ec7a420918562fa,2
346,53759a2ecddad2bb87a079a1f1519f73,7
346,5a848e4ab52fd5445cdc07aab1c40e48,1
346,7a10781637204d8d10485c71a6108a2e,1
346,99a4788cb24856965c36a24e339b6058,1
346,a92930c327948861c015c919a0bcb4a8,1
346,d017a2151d543a9885604dc62a3d9dcc,2
346,d1c427060a0f73f6b889a5c7c61f2ac4,1
347,0aabfb375647d9738ad0f7b4ea3653b1,4
347,2b4609f8948be18874494203496bc318,1
347,368c6c730842d78016ad823897a372db,3
347,389d119b48cf3043d311335e499d9c6b,3
347,422879e10f46682990de24d770e7f83d,4
347,4c2394abfbac7ff59ec7a420918562fa,1
347,52c80cedd4e90108bf4fa6a206ef6b03,1
347,53759a2ecddad2bb87a079a1f1519f73,1
347,5a848e4ab52fd5445cdc07aab1c40e48,2
347,601a360bd2a916ecef0e88de72a6531a,1
347,7c1bd920dbdf22470b68bde975dd3ccf,1
347,a62e25e09e05e6faf31d90c6ec1aa3d1,1
347,c4baedd846ed09b85f78a781b522f126,1
347,d1c427060a0f73f6b889a5c7c61f2ac4,1
347,e0cf79767c5b016251fe139915c59a26,2
348,0bcc3eeca39e1064258aa1e932269894,1
348,2028bf1b01cafb2d2b1901fca4083222,1
348,368c6c730842d78016ad823897a372db,1
348,389d119b48cf3043d311335e499d9c6b,3
348,422879e10f46682990de24d770e7f83d,2
348,4c2394abfbac7ff59ec7a420918562fa,1
348,53759a2ecddad2bb87a079a1f1519f73,4
348,7a10781637204d8d10485c71a6108a2e,1
348,99a4788cb24856965c36a24e339b6058,1
348,aca2eb7d00ea1a7b8ebd4e68314663af,2
348,c4baedd846ed09b85f78a781b522f126,2
349,0aabfb375647d9738ad0f7b4ea3653b1,2
349,368c6c730842d78016ad823897a372db,7
349,389d119b48cf3043d311335e499d9c6b,1
349,4c2394abfbac7ff59ec7a420918562fa,1
349,52c80cedd4e90108bf4fa6a206ef6b03,1
349,53759a2ecddad2bb87a079a1f1519f73,2
349,a92930c327948861c015c919a0bcb4a8,1
349,aca2eb7d00ea1a7b8ebd4e68314663af,1
349,b0961721fd839e9982420e807758a2a6,1
349,d017a2151d543a9885604dc62a3d9dcc,1
350,2028bf1b01cafb2d2b1901fca4083222,1
350,422879e10f46682990de24d770e7f83d,1
350,4c2394abfbac7ff59ec7a420918562fa,1
350,5a848e4ab52fd5445cdc07aab1c40e48,1
350,7a10781637204d8d10485c71a6108a2e,1
350,99a4788cb24856965c36a24e339b6058,1
350,aca2eb7d00ea1a7b8ebd4e68314663af,1
350,d017a2151d543a9885604dc62a3d9dcc,1
351,2b4609f8948be18874494203496bc318,1
351,368c6c730842d78016ad823897a372db,1
351,7a10781637204d8d10485c71a6108a2e,1
351,99a4788cb24856965c36a24e339b6058,1
351,c4baedd846ed09b85f78a781b522f126,1
352,06edb72f1e0c64b14c5b79353f7abea3,2
352,154e7e31ebfa092203795c972e5804a6,2
352,36f60d45225e60c7da4558b070ce4b60,1
352,42a2c92a0979a949ca4ea89ec5c7b934,1
352,5a848e4ab52fd5445cdc07aab1c40e48,4
352,6cdd53843498f92890544667809f1595,1
352,7c1bd920dbdf22470b68bde975dd3ccf,1
352,a62e25e09e05e6faf31d90c6ec1aa3d1,2
352,aca2eb7d00ea1a7b8ebd4e68314663af,2
352,c4baedd846ed09b85f78a781b522f126,1
352,e0cf79767c5b016251fe139915c59a26,1
353,36f60d45225e60c7da4558b070ce4b60,1
353,4c2394abfbac7ff59ec7a420918562fa,1
353,52c80cedd4e90108bf4fa6a206ef6b03,1
353,656e0eca68dcecf6a31b8ececfabe3e8,1
353,8c591ab0ca519558779df02023177f44,1
353,99a4788cb24856965c36a24e339b6058,1
353,a62e25e09e05e6faf31d90c6ec1aa3d1,2
353,a92930c327948861c015c919a0bcb4a8,1
353,aca2eb7d00ea1a7b8ebd4e68314663af,1
353,e53e557d5a159f5aa2c5e995dfdf244b,1
354,154e7e31ebfa092203795c972e5804a6,1
354,2028bf1b01cafb2d2b1901fca4083222,1
354,36f60d45225e60c7da4558b070ce4b60,1
354,4c2394abfbac7ff59ec7a420918562fa,1
354,6cdd53843498f92890544667809f1595,1
354,84f456958365164420cfc80fbe4c7fab,2
354,99a4788cb24856965c36a24e339b6058,2
354,aca2eb7d00ea1a7b8ebd4e68314663af,16
354,c4baedd846ed09b85f78a781b522f126,2
354,e53e557d5a159f5aa2c5e995dfdf244b,1
354,ec2d43cc59763ec91694573b31f1c29a,1
355,06edb72f1e0c64b14c5b79353f7abea3,2
355,154e7e31ebfa092203795c972e5804a6,1
355,42a2c92a0979a949ca4ea89ec5c7b934,2
355,4c2394abfbac7ff59ec7a420918562fa,2
355,53759a2ecddad2bb87a079a1f1519f73,1
355,54d9ac713e253fa1fae9c8003b011c2a,1
355,5a848e4ab52fd5445cdc07aab1c40e48,1
355,6cdd53843498f92890544667809f1595,2
355,7a10781637204d8d10485c71a6108a2e,1
355,84f456958365164420cfc80fbe4c7fab,1
355,8c591ab0ca519558779df02023177f44,1
355,aca2eb7d00ea1a7b8ebd4e68314663af,13
355,d1c427060a0f73f6b889a5c7c61f2ac4,1
356,154e7e31ebfa092203795c972e5804a6,2
356,368c6c730842d78016ad823897a372db,1
356,36f60d45225e60c7da4558b070ce4b60,1
356,4c2394abfbac7ff59ec7a420918562fa,1
356,53759a2ecddad2bb87a079a1f1519f73,1
356,54d9ac713e253fa1fae9c8003b011c2a,1
356,5a848e4ab52fd5445cdc07aab1c40e48,2
356,656e0eca68dcecf6a31b8ececfabe3e8,1
356,99a4788cb24856965c36a24e339b6058,2
356,aca2eb7d00ea1a7b8ebd4e68314663af,8
356,e53e557d5a159f5aa2c5e995dfdf244b,1
356,ec2d43cc59763ec91694573b31f1c29a,2
357,2028bf1b01cafb2d2b1901fca4083222,2
357,389d119b48cf3043d311335e499d9c6b,2
357,422879e10f46682990de24d770e7f83d,1
357,4c2394abfbac7ff59ec7a420918562fa,1
357,52c80cedd4e90108bf4fa6a206ef6b03,1
357,53759a2ecddad2bb87a079a1f1519f73,1
357,54d9ac713e253fa1fae9c8003b011c2a,1
357,6cdd53843498f92890544667809f1595,1
357,7a10781637204d8d10485c71a6108a2e,1
357,a62e25e09e05e6faf31d90c6ec1aa3d1,1
357,aca2eb7d00ea1a7b8ebd4e68314663af,2
357,e0cf79767c5b016251fe139915c59a26,2
357,ec2d43cc59763ec91694573b31f1c29a,1
358,06edb72f1e0c64b14c5b79353f7abea3,1
358,0bcc3eeca39e1064258aa1e932269894,2
358,154e7e31ebfa092203795c972e5804a6,1
358,2b4609f8948be18874494203496bc318,1
358,36f60d45225e60c7da4558b070ce4b60,1
358,4c2394abfbac7ff59ec7a420918562fa,1
358,53759a2ecddad2bb87a079a1f1519f73,1
358,54d9ac713e253fa1fae9c8003b011c2a,1
358,5a848e4ab52fd5445cdc07aab1c40e48,3
358,601a360bd2a916ecef0e88de72a6531a,1
358,656e0eca68dcecf6a31b8ececfabe3e8,1
358,7a10781637204d8d10485c71a6108a2e,2
358,7c1bd920dbdf22470b68bde975dd3ccf,1
358,99a4788cb24856965c36a24e339b6058,3
358,aca2eb7d00ea1a7b8ebd4e68314663af,7
358,c4baedd846ed09b85f78a781b522f126,1
358,d1c427060a0f73f6b889a5c7c61f2ac4,5
358,e0cf79767c5b016251fe139915c59a26,2
359,0bcc3eeca39e1064258aa1e932269894,2
359,2028bf1b01cafb2d2b1901fca4083222,1
359,2b4609f8948be18874494203496bc318,1
359,368c6c730842d78016ad823897a372db,1
359,36f60d45225e60c7da4558b070ce4b60,2
359,389d119b48cf3043d311335e499d9c6b,1
359,4c2394abfbac7ff59ec7a420918562fa,1
359,53759a2ecddad2bb87a079a1f1519f73,1
359,54d9ac713e253fa1fae9c8003b011c2a,5
359,5a848e4ab52fd5445cdc07aab1c40e48,1
359,a62e25e09e05e6faf31d90c6ec1aa3d1,1
359,aca2eb7d00ea1a7b8ebd4e68314663af,4
359,d1c427060a0f73f6b889a5c7c61f2ac4,3
359,e53e557d5a159f5aa2c5e995dfdf244b,2
359,ec2d43cc59763ec91694573b31f1c29a,1
360,06edb72f1e0c64b14c5b79353f7abea3,1
360,08574b074924071f4e201e151b152b4e,1
360,0bcc3eeca39e1064258aa1e932269894,1
360,2b4609f8948be18874494203496bc318,2
360,368c6c730842d78016ad823897a372db,1
360,36f60d45225e60c7da4558b070ce4b60,10
360,3dd2a17168ec895c781a9191c1e95ad7,1
360,4c2394abfbac7ff59ec7a420918562fa,1
360,52c80cedd4e90108bf4fa6a206ef6b03,1
360,53759a2ecddad2bb87a079a1f1519f73,2
360,54d9ac713e253fa1fae9c8003b011c2a,9
360,656e0eca68dcecf6a31b8ececfabe3e8,1
360,7c1bd920dbdf22470b68bde975dd3ccf,1
360,a62e25e09e05e6faf31d90c6ec1aa3d1,1
360,aca2eb7d00ea1a7b8ebd4e68314663af,8
360,d1c427060a0f73f6b889a5c7c61f2ac4,1
360,e0cf79767c5b016251fe139915c59a26,1
361,2b4609f8948be18874494203496bc318,3
361,368c6c730842d78016ad823897a372db,1
361,36f60d45225e60c7da4558b070ce4b60,2
361,389d119b48cf3043d311335e499d9c6b,2
361,422879e10f46682990de24d770e7f83d,1
361,42a2c92a0979a949ca4ea89ec5c7b934,1
361,52c80cedd4e90108bf4fa6a206ef6b03,1
361,54d9ac713e253fa1fae9c8003b011c2a,7
361,5a848e4ab52fd5445cdc07aab1c40e48,3
361,84f456958365164420cfc80fbe4c7fab,1
361,99a4788cb24856965c36a24e339b6058,1
361,a62e25e09e05e6faf31d90c6ec1aa3d1,12
361,aca2eb7d00ea1a7b8ebd4e68314663af,8
361,e53e557d5a159f5aa2c5e995dfdf244b,1
361,ec2d43cc59763ec91694573b31f1c29a,2
362,06edb72f1e0c64b14c5b79353f7abea3,1
362,08574b074924071f4e201e151b152b4e,1
362,154e7e31ebfa092203795c972e5804a6,2
362,2b4609f8948be18874494203496bc318,1
362,368c6c730842d78016ad823897a372db,8
362,36f60d45225e60c7da4558b070ce4b60,1
362,389d119b48cf3043d311335e499d9c6b,1
362,3dd2a17168ec895c781a9191c1e95ad7,1
362,54d9ac713e253fa1fae9c8003b011c2a,3
362,5a848e4ab52fd5445cdc07aab1c40e48,1
362,7a10781637204d8d10485c71a6108a2e,1
362,a92930c327948861c015c919a0bcb4a8,1
362,aca2eb7d00ea1a7b8ebd4e68314663af,3
362,bb50f2e236e5eea0100680137654686c,1
362,c4baedd846ed09b85f78a781b522f126,1
362,c6dd917a0be2a704582055949915ab32,1
362,e53e557d5a159f5aa2c5e995dfdf244b,1
363,06edb72f1e0c64b14c5b79353f7abea3,1
363,2028bf1b01cafb2d2b1901fca4083222,1
363,36f60d45225e60c7da4558b070ce4b60,2
363,422879e10f46682990de24d770e7f83d,1
363,52c80cedd4e90108bf4fa6a206ef6b03,1
363,54d9ac713e253fa1fae9c8003b011c2a,1
363,5a848e4ab52fd5445cdc07aab1c40e48,2
363,656e0eca68dcecf6a31b8ececfabe3e8,1
363,99a4788cb24856965c36a24e339b6058,1
363,a62e25e09e05e6faf31d90c6ec1aa3d1,1
363,aca2eb7d00ea1a7b8ebd4e68314663af,6
363,bb50f2e236e5eea0100680137654686c,1
363,d1c427060a0f73f6b889a5c7c61f2ac4,1
363,e53e557d5a159f5aa2c5e995dfdf244b,1
364,2028bf1b01cafb2d2b1901fca4083222,1
364,2b4609f8948be18874494203496bc318,1
364,368c6c730842d78016ad823897a372db,4
364,36f60d45225e60c7da4558b070ce4b60,2
364,389d119b48cf3043d311335e499d9c6b,2
364,422879e10f46682990de24d770e7f83d,1
364,54d9ac713e253fa1fae9c8003b011c2a,4
364,601a360bd2a916ecef0e88de72a6531a,1
364,84f456958365164420cfc80fbe4c7fab,2
364,a62e25e09e05e6faf31d90c6ec1aa3d1,1
364,aca2eb7d00ea1a7b8ebd4e68314663af,2
364,b0961721fd839e9982420e807758a2a6,1
364,e53e557d5a159f5aa2c5e995dfdf244b,2
364,ec2d43cc59763ec91694573b31f1c29a,3
365,06edb72f1e0c64b14c5b79353f7abea3,2
365,08574b074924071f4e201e151b152b4e,1
365,2028bf1b01cafb2d2b1901fca4083222,1
365,2b4609f8948be18874494203496bc318,2
365,368c6c730842d78016ad823897a372db,1
365,36f60d45225e60c7da4558b070ce4b60,2
365,422879e10f46682990de24d770e7f83d,1
365,4c2394abfbac7ff59ec7a420918562fa,1
365,53759a2ecddad2bb87a079a1f1519f73,2
365,54d9ac713e253fa1fae9c8003b011c2a,3
365,a92930c327948861c015c919a0bcb4a8,1
365,aca2eb7d00ea1a7b8ebd4e68314663af,7
365,bb50f2e236e5eea0100680137654686c,1
365,d1c427060a0f73f6b889a5c7c61f2ac4,1
365,e0cf79767c5b016251fe139915c59a26,1
365,e53e557d5a159f5aa2c5e995dfdf244b,1
366,06edb72f1e0c64b14c5b79353f7abea3,1
366,35afc973633aaeb6b877ff57b2793310,2
366,36f60d45225e60c7da4558b070ce4b60,3
366,389d119b48cf3043d311335e499d9c6b,3
366,3dd2a17168ec895c781a9191c1e95ad7,1
366,52c80cedd4e90108bf4fa6a206ef6b03,1
366,54d9ac713e253fa1fae9c8003b011c2a,9
366,5a848e4ab52fd5445cdc07aab1c40e48,3
366,7a10781637204d8d10485c71a6108a2e,1
366,84f456958365164420cfc80fbe4c7fab,1
366,8c591ab0ca519558779df02023177f44,1
366,99a4788cb24856965c36a24e339b6058,1
366,a62e25e09e05e6faf31d90c6ec1aa3d1,1
366,aca2eb7d00ea1a7b8ebd4e68314663af,3
366,bb50f2e236e5eea0100680137654686c,1
366,c6dd917a0be2a704582055949915ab32,2
366,d1c427060a0f73f6b889a5c7c61f2ac4,1
366,e53e557d5a159f5aa2c5e995dfdf244b,2
366,ec2d43cc59763ec91694573b31f1c29a,3
367,06edb72f1e0c64b14c5b79353f7abea3,1
367,0bcc3eeca39e1064258aa1e932269894,1
367,154e7e31ebfa092203795c972e5804a6,1
367,2b4609f8948be18874494203496bc318,1
367,368c6c730842d78016ad823897a372db,1
367,3dd2a17168ec895c781a9191c1e95ad7,1
367,53759a2ecddad2bb87a079a1f1519f73,2
367,54d9ac713e253fa1fae9c8003b011c2a,9
367,5a848e4ab52fd5445cdc07aab1c40e48,2
367,99a4788cb24856965c36a24e339b6058,1
367,aca2eb7d00ea1a7b8ebd4e68314663af,4
367,d1c427060a0f73f6b889a5c7c61f2ac4,3
367,e0cf79767c5b016251fe139915c59a26,1
368,06edb72f1e0c64b14c5b79353f7abea3,1
368,0bcc3eeca39e1064258aa1e932269894,1
368,154e7e31ebfa092203795c972e5804a6,1
368,2b4609f8948be18874494203496bc318,1
368,368c6c730842d78016ad823897a372db,2
368,36f60d45225e60c7da4558b070ce4b60,1
368,3dd2a17168ec895c781a9191c1e95ad7,3
368,52c80cedd4e90108bf4fa6a206ef6b03,1
368,54d9ac713e253fa1fae9c8003b011c2a,5
368,5a848e4ab52fd5445cdc07aab1c40e48,1
368,7c1bd920dbdf22470b68bde975dd3ccf,1
368,a62e25e09e05e6faf31d90c6ec1aa3d1,1
368,aca2eb7d00ea1a7b8ebd4e68314663af,5
368,d017a2151d543a9885604dc62a3d9dcc,1
368,d1c427060a0f73f6b889a5c7c61f2ac4,1
368,e53e557d5a159f5aa2c5e995dfdf244b,2
368,ec2d43cc59763ec91694573b31f1c29a,1
369,154e7e31ebfa092203795c972e5804a6,1
369,2b4609f8948be18874494203496bc318,1
369,3dd2a17168ec895c781a9191c1e95ad7,3
369,53759a2ecddad2bb87a079a1f1519f73,1
369,54d9ac713e253fa1fae9c8003b011c2a,1
369,8c591ab0ca519558779df02023177f44,1
369,a92930c327948861c015c919a0bcb4a8,1
369,aca2eb7d00ea1a7b8ebd4e68314663af,6
369,bb50f2e236e5eea0100680137654686c,1
369,d1c427060a0f73f6b889a5c7c61f2ac4,3
369,e53e557d5a159f5aa2c5e995dfdf244b,1
370,06edb72f1e0c64b14c5b79353f7abea3,1
370,154e7e31ebfa092203795c972e5804a6,3
370,2028bf1b01cafb2d2b1901fca4083222,1
370,2b4609f8948be18874494203496bc318,1
370,35afc973633aaeb6b877ff57b2793310,1
370,36f60d45225e60c7da4558b070ce4b60,1
370,389d119b48cf3043d311335e499d9c6b,4
370,3dd2a17168ec895c781a9191c1e95ad7,4
370,3fbc0ef745950c7932d5f2a446189725,1
370,422879e10f46682990de24d770e7f83d,1
370,42a2c92a0979a949ca4ea89ec5c7b934,1
370,52c80cedd4e90108bf4fa6a206ef6b03,3
370,53759a2ecddad2bb87a079a1f1519f73,1
370,54d9ac713e253fa1fae9c8003b011c2a,3
370,5a848e4ab52fd5445cdc07aab1c40e48,1
370,656e0eca68dcecf6a31b8ececfabe3e8,2
370,7a10781637204d8d10485c71a6108a2e,1
370,a62e25e09e05e6faf31d90c6ec1aa3d1,2
370,a92930c327948861c015c919a0bcb4a8,3
370,c4baedd846ed09b85f78a781b522f126,1
370,d1c427060a0f73f6b889a5c7c61f2ac4,1
370,e53e557d5a159f5aa2c5e995dfdf244b,1
371,2b4609f8948be18874494203496bc318,1
371,368c6c730842d78016ad823897a372db,1
371,389d119b48cf3043d311335e499d9c6b,3
371,422879e10f46682990de24d770e7f83d,1
371,54d9ac713e253fa1fae9c8003b011c2a,7
371,5a848e4ab52fd5445cdc07aab1c40e48,2
371,84f456958365164420cfc80fbe4c7fab,1
371,89321f94e35fc6d7903d36f74e351d40,1
371,8c591ab0ca519558779df02023177f44,1
371,a92930c327948861c015c919a0bcb4a8,1
371,aca2eb7d00ea1a7b8ebd4e68314663af,5
371,c4baedd846ed09b85f78a781b522f126,1
371,d1c427060a0f73f6b889a5c7c61f2ac4,4
372,35afc973633aaeb6b877ff57b2793310,1
372,368c6c730842d78016ad823897a372db,2
372,36f60d45225e60c7da4558b070ce4b60,5
372,389d119b48cf3043d311335e499d9c6b,1
372,3dd2a17168ec895c781a9191c1e95ad7,1
372,422879e10f46682990de24d770e7f83d,1
372,461f43be3bdf8844e65b62d9ac2c7a5a,1
372,53759a2ecddad2bb87a079a1f1519f73,2
372,54d9ac713e253fa1fae9c8003b011c2a,2
372,5a848e4ab52fd5445cdc07aab1c40e48,1
372,656e0eca68dcecf6a31b8ececfabe3e8,8
372,7c1bd920dbdf22470b68bde975dd3ccf,2
372,8c591ab0ca519558779df02023177f44,1
372,a62e25e09e05e6faf31d90c6ec1aa3d1,3
372,a92930c327948861c015c919a0bcb4a8,1
372,aca2eb7d00ea1a7b8ebd4e68314663af,4
372,c4baedd846ed09b85f78a781b522f126,1
372,d1c427060a0f73f6b889a5c7c61f2ac4,3
372,e0cf79767c5b016251fe139915c59a26,1
372,e53e557d5a159f5aa2c5e995dfdf244b,2
373,0bcc3eeca39e1064258aa1e932269894,1
373,154e7e31ebfa092203795c972e5804a6,1
373,2b4609f8948be18874494203496bc318,2
373,35afc973633aaeb6b877ff57b2793310,1
373,368c6c730842d78016ad823897a372db,1
373,36f60d45225e60c7da4558b070ce4b60,2
373,389d119b48cf3043d311335e499d9c6b,2
373,461f43be3bdf8844e65b62d9ac2c7a5a,1
373,53759a2ecddad2bb87a079a1f1519f73,4
373,54d9ac713e253fa1fae9c8003b011c2a,4
373,6cdd53843498f92890544667809f1595,2
373,89321f94e35fc6d7903d36f74e351d40,1
373,a62e25e09e05e6faf31d90c6ec1aa3d1,1
373,aca2eb7d00ea1a7b8ebd4e68314663af,3
373,d1c427060a0f73f6b889a5c7c61f2ac4,1
373,e53e557d5a159f5aa2c5e995dfdf244b,1
374,2028bf1b01cafb2d2b1901fca4083222,1
374,368c6c730842d78016ad823897a372db,1
374,36f60d45225e60c7da4558b070ce4b60,3
374,389d119b48cf3043d311335e499d9c6b,4
374,3fbc0ef745950c7932d5f2a446189725,1
374,422879e10f46682990de24d770e7f83d,1
374,42a2c92a0979a949ca4ea89ec5c7b934,1
374,4c2394abfbac7ff59ec7a420918562fa,1
374,656e0eca68dcecf6a31b8ececfabe3e8,3
374,7a10781637204d8d10485c71a6108a2e,2
374,84f456958365164420cfc80fbe4c7fab,2
374,a62e25e09e05e6faf31d90c6ec1aa3d1,1
374,aca2eb7d00ea1a7b8ebd4e68314663af,2
374,b532349fe46b38fbc7bb3914c1bdae07,2
374,bb50f2e236e5eea0100680137654686c,2
374,c4baedd846ed09b85f78a781b522f126,1
374,d017a2151d543a9885604dc62a3d9dcc,1
374,d1c427060a0f73f6b889a5c7c61f2ac4,1
374,d285360f29ac7fd97640bf0baef03de0,1
374,e0cf79767c5b016251fe139915c59a26,1
374,e53e557d5a159f5aa2c5e995dfdf244b,1
374,ec2d43cc59763ec91694573b31f1c29a,1
375,08574b074924071f4e201e151b152b4e,1
375,2b4609f8948be18874494203496bc318,1
375,368c6c730842d78016ad823897a372db,1
375,36f60d45225e60c7da4558b070ce4b60,3
375,389d119b48cf3043d311335e499d9c6b,1
375,3dd2a17168ec895c781a9191c1e95ad7,1
375,3fbc0ef745950c7932d5f2a446189725,1
375,4c2394abfbac7ff59ec7a420918562fa,1
375,52c80cedd4e90108bf4fa6a206ef6b03,1
375,53759a2ecddad2bb87a079a1f1519f73,3
375,5a848e4ab52fd5445cdc07aab1c40e48,1
375,656e0eca68dcecf6a31b8ececfabe3e8,2
375,8c591ab0ca519558779df02023177f44,1
375,99a4788cb24856965c36a24e339b6058,1
375,a62e25e09e05e6faf31d90c6ec1aa3d1,1
375,aca2eb7d00ea1a7b8ebd4e68314663af,2
375,bb50f2e236e5eea0100680137654686c,1
375,d1c427060a0f73f6b889a5c7c61f2ac4,1
375,e0cf79767c5b016251fe139915c59a26,1
375,e0d64dcfaa3b6db5c54ca298ae101d05,1
375,e53e557d5a159f5aa2c5e995dfdf244b,2
375,ec2d43cc59763ec91694573b31f1c29a,1
376,06edb72f1e0c64b14c5b79353f7abea3,1
376,0bcc3eeca39e1064258aa1e932269894,1
376,368c6c730842d78016ad823897a372db,1
376,36f60d45225e60c7da4558b070ce4b60,3
376,3dd2a17168ec895c781a9191c1e95ad7,2
376,42a2c92a0979a949ca4ea89ec5c7b934,1
376,461f43be3bdf8844e65b62d9ac2c7a5a,2
376,52c80cedd4e90108bf4fa6a206ef6b03,1
376,5a848e4ab52fd5445cdc07aab1c40e48,3
376,6cdd53843498f92890544667809f1595,1
376,8c591ab0ca519558779df02023177f44,2
376,a62e25e09e05e6faf31d90c6ec1aa3d1,2
376,c4baedd846ed09b85f78a781b522f126,1
376,d1c427060a0f73f6b889a5c7c61f2ac4,2
376,e0cf79767c5b016251fe139915c59a26,1
376,e53e557d5a159f5aa2c5e995dfdf244b,1
377,0bcc3eeca39e1064258aa1e932269894,1
377,19c91ef95d509ea33eda93495c4d3481,1
377,368c6c730842d78016ad823897a372db,1
377,52c80cedd4e90108bf4fa6a206ef6b03,1
377,89321f94e35fc6d7903d36f74e351d40,1
377,8c591ab0ca519558779df02023177f44,1
377,a62e25e09e05e6faf31d90c6ec1aa3d1,1
377,aca2eb7d00ea1a7b8ebd4e68314663af,1
377,d1c427060a0f73f6b889a5c7c61f2ac4,1
378,154e7e31ebfa092203795c972e5804a6,1
378,36f60d45225e60c7da4558b070ce4b60,2
378,389d119b48cf3043d311335e499d9c6b,1
378,422879e10f46682990de24d770e7f83d,1
378,4c2394abfbac7ff59ec7a420918562fa,1
378,53759a2ecddad2bb87a079a1f1519f73,1
378,5a848e4ab52fd5445cdc07aab1c40e48,1
378,601a360bd2a916ecef0e88de72a6531a,1
378,656e0eca68dcecf6a31b8ececfabe3e8,1
378,6f3b5b605d91b7439c5e3f5a8dffeea7,1
378,8c591ab0ca519558779df02023177f44,1
378,a62e25e09e05e6faf31d90c6ec1aa3d1,1
378,bb50f2e236e5eea0100680137654686c,1
378,d1c427060a0f73f6b889a5c7c61f2ac4,2
378,e0cf79767c5b016251fe139915c59a26,1
379,2028bf1b01cafb2d2b1901fca4083222,1
379,368c6c730842d78016ad823897a372db,4
379,36f60d45225e60c7da4558b070ce4b60,3
379,389d119b48cf3043d311335e499d9c6b,1
379,3dd2a17168ec895c781a9191c1e95ad7,1
379,461f43be3bdf8844e65b62d9ac2c7a5a,2
379,53759a2ecddad2bb87a079a1f1519f73,1
379,5a848e4ab52fd5445cdc07aab1c40e48,1
379,601a360bd2a916ecef0e88de72a6531a,1
379,656e0eca68dcecf6a31b8ececfabe3e8,1
379,6cdd53843498f92890544667809f1595,3
379,99a4788cb24856965c36a24e339b6058,1
379,bb50f2e236e5eea0100680137654686c,1
379,d1c427060a0f73f6b889a5c7c61f2ac4,2
379,e53e557d5a159f5aa2c5e995dfdf244b,2
380,06edb72f1e0c64b14c5b79353f7abea3,1
380,154e7e31ebfa092203795c972e5804a6,1
380,368c6c730842d78016ad823897a372db,5
380,36f60d45225e60c7da4558b070ce4b60,2
380,389d119b48cf3043d311335e499d9c6b,1
380,3dd2a17168ec895c781a9191c1e95ad7,2
380,422879e10f46682990de24d770e7f83d,2
380,461f43be3bdf8844e65b62d9ac2c7a5a,1
380,52c80cedd4e90108bf4fa6a206ef6b03,1
380,5a848e4ab52fd5445cdc07aab1c40e48,5
380,656e0eca68dcecf6a31b8ececfabe3e8,5
380,6cdd53843498f92890544667809f1595,1
380,6f3b5b605d91b7439c5e3f5a8dffeea7,1
380,89321f94e35fc6d7903d36f74e351d40,1
380,8c591ab0ca519558779df02023177f44,1
380,99a4788cb24856965c36a24e339b6058,1
380,a62e25e09e05e6faf31d90c6ec1aa3d1,2
380,d017a2151d543a9885604dc62a3d9dcc,1
380,d1c427060a0f73f6b889a5c7c61f2ac4,1
380,e0d64dcfaa3b6db5c54ca298ae101d05,1
380,e53e557d5a159f5aa2c5e995dfdf244b,1
381,06edb72f1e0c64b14c5b79353f7abea3,3
381,0bcc3eeca39e1064258aa1e932269894,1
381,154e7e31ebfa092203795c972e5804a6,1
381,368c6c730842d78016ad823897a372db,1
381,36f60d45225e60c7da4558b070ce4b60,3
381,3dd2a17168ec895c781a9191c1e95ad7,1
381,42a2c92a0979a949ca4ea89ec5c7b934,2
381,461f43be3bdf8844e65b62d9ac2c7a5a,1
381,53759a2ecddad2bb87a079a1f1519f73,1
381,5a848e4ab52fd5445cdc07aab1c40e48,4
381,656e0eca68dcecf6a31b8ececfabe3e8,4
381,84f456958365164420cfc80fbe4c7fab,1
381,99a4788cb24856965c36a24e339b6058,1
381,a62e25e09e05e6faf31d90c6ec1aa3d1,7
381,d1c427060a0f73f6b889a5c7c61f2ac4,4
381,e0cf79767c5b016251fe139915c59a26,2
381,e53e557d5a159f5aa2c5e995dfdf244b,2
381,ec2d43cc59763ec91694573b31f1c29a,3
382,06edb72f1e0c64b14c5b79353f7abea3,1
382,368c6c730842d78016ad823897a372db,2
382,36f60d45225e60c7da4558b070ce4b60,2
382,389d119b48cf3043d311335e499d9c6b,3
382,3dd2a17168ec895c781a9191c1e95ad7,2
382,42a2c92a0979a949ca4ea89ec5c7b934,1
382,4c2394abfbac7ff59ec7a420918562fa,1
382,52c80cedd4e90108bf4fa6a206ef6b03,3
382,53759a2ecddad2bb87a079a1f1519f73,1
382,656e0eca68dcecf6a31b8ececfabe3e8,1
382,6cdd53843498f92890544667809f1595,1
382,7a10781637204d8d10485c71a6108a2e,1
382,7c1bd920dbdf22470b68bde975dd3ccf,1
382,8c591ab0ca519558779df02023177f44,1
382,a62e25e09e05e6faf31d90c6ec1aa3d1,3
382,bb50f2e236e5eea0100680137654686c,1
382,d1c427060a0f73f6b889a5c7c61f2ac4,2
383,368c6c730842d78016ad823897a372db,3
383,36f60d45225e60c7da4558b070ce4b60,2
383,389d119b48cf3043d311335e499d9c6b,5
383,422879e10f46682990de24d770e7f83d,2
383,42a2c92a0979a949ca4ea89ec5c7b934,2
383,461f43be3bdf8844e65b62d9ac2c7a5a,1
383,53759a2ecddad2bb87a079a1f1519f73,1
383,5a848e4ab52fd5445cdc07aab1c40e48,1
383,656e0eca68dcecf6a31b8ececfabe3e8,2
383,7c1bd920dbdf22470b68bde975dd3ccf,1
383,a62e25e09e05e6faf31d90c6ec1aa3d1,2
383,a92930c327948861c015c919a0bcb4a8,1
383,bb50f2e236e5eea0100680137654686c,1
383,c4baedd846ed09b85f78a781b522f126,1
383,d1c427060a0f73f6b889a5c7c61f2ac4,1
383,e0cf79767c5b016251fe139915c59a26,1
383,e53e557d5a159f5aa2c5e995dfdf244b,3
383,ec2d43cc59763ec91694573b31f1c29a,3
384,368c6c730842d78016ad823897a372db,2
384,36f60d45225e60c7da4558b070ce4b60,2
384,3dd2a17168ec895c781a9191c1e95ad7,3
384,53759a2ecddad2bb87a079a1f1519f73,1
384,5a848e4ab52fd5445cdc07aab1c40e48,2
384,7a10781637204d8d10485c71a6108a2e,1
384,99a4788cb24856965c36a24e339b6058,1
384,a62e25e09e05e6faf31d90c6ec1aa3d1,2
384,d1c427060a0f73f6b889a5c7c61f2ac4,2
384,e0cf79767c5b016251fe139915c59a26,1
384,e53e557d5a159f5aa2c5e995dfdf244b,2
384,ec2d43cc59763ec91694573b31f1c29a,2
385,2b4609f8948be18874494203496bc318,1
385,35afc973633aaeb6b877ff57b2793310,1
385,36f60d45225e60c7da4558b070ce4b60,2
385,389d119b48cf3043d311335e499d9c6b,1
385,42a2c92a0979a949ca4ea89ec5c7b934,1
385,5a848e4ab52fd5445cdc07aab1c40e48,1
385,656e0eca68dcecf6a31b8ececfabe3e8,3
385,6cdd53843498f92890544667809f1595,1
385,8c591ab0ca519558779df02023177f44,1
385,99a4788cb24856965c36a24e339b6058,1
385,e0cf79767c5b016251fe139915c59a26,2
385,e0d64dcfaa3b6db5c54ca298ae101d05,1
386,06edb72f1e0c64b14c5b79353f7abea3,3
386,154e7e31ebfa092203795c972e5804a6,1
386,2b4609f8948be18874494203496bc318,1
386,35afc973633aaeb6b877ff57b2793310,1
386,389d119b48cf3043d311335e499d9c6b,2
386,3dd2a17168ec895c781a9191c1e95ad7,3
386,422879e10f46682990de24d770e7f83d,3
386,461f43be3bdf8844e65b62d9ac2c7a5a,1
386,53759a2ecddad2bb87a079a1f1519f73,3
386,5a848e4ab52fd5445cdc07aab1c40e48,1
386,656e0eca68dcecf6a31b8ececfabe3e8,1
386,6cdd53843498f92890544667809f1595,1
386,84f456958365164420cfc80fbe4c7fab,6
386,8c591ab0ca519558779df02023177f44,1
386,99a4788cb24856965c36a24e339b6058,3
386,b0961721fd839e9982420e807758a2a6,1
386,bb50f2e236e5eea0100680137654686c,2
386,c4baedd846ed09b85f78a781b522f126,2
386,e53e557d5a159f5aa2c5e995dfdf244b,1
387,06edb72f1e0c64b14c5b79353f7abea3,2
387,368c6c730842d78016ad823897a372db,4
387,36f60d45225e60c7da4558b070ce4b60,2
387,389d119b48cf3043d311335e499d9c6b,2
387,3dd2a17168ec895c781a9191c1e95ad7,4
387,422879e10f46682990de24d770e7f83d,5
387,5a848e4ab52fd5445cdc07aab1c40e48,1
387,656e0eca68dcecf6a31b8ececfabe3e8,1
387,6f3b5b605d91b7439c5e3f5a8dffeea7,2
387,7a10781637204d8d10485c71a6108a2e,2
387,84f456958365164420cfc80fbe4c7fab,3
387,8c591ab0ca519558779df02023177f44,1
387,99a4788cb24856965c36a24e339b6058,2
387,a62e25e09e05e6faf31d90c6ec1aa3d1,1
387,c4baedd846ed09b85f78a781b522f126,1
387,c6dd917a0be2a704582055949915ab32,1
387,d1c427060a0f73f6b889a5c7c61f2ac4,1
387,e0d64dcfaa3b6db5c54ca298ae101d05,1
387,e53e557d5a159f5aa2c5e995dfdf244b,5
388,06edb72f1e0c64b14c5b79353f7abea3,1
388,0bcc3eeca39e1064258aa1e932269894,1
388,154e7e31ebfa092203795c972e5804a6,1
388,19c91ef95d509ea33eda93495c4d3481,1
388,36f60d45225e60c7da4558b070ce4b60,2
388,389d119b48cf3043d311335e499d9c6b,2
388,3dd2a17168ec895c781a9191c1e95ad7,5
388,422879e10f46682990de24d770e7f83d,1
388,53759a2ecddad2bb87a079a1f1519f73,1
388,5a848e4ab52fd5445cdc07aab1c40e48,3
388,6cdd53843498f92890544667809f1595,1
388,99a4788cb24856965c36a24e339b6058,2
388,a62e25e09e05e6faf31d90c6ec1aa3d1,4
388,bb50f2e236e5eea0100680137654686c,2
388,d017a2151d543a9885604dc62a3d9dcc,1
388,d1c427060a0f73f6b889a5c7c61f2ac4,1
388,e53e557d5a159f5aa2c5e995dfdf244b,2
389,06edb72f1e0c64b14c5b79353f7abea3,1
389,08574b074924071f4e201e151b152b4e,1
389,0bcc3eeca39e1064258aa1e932269894,1
389,19c91ef95d509ea33eda93495c4d3481,1
389,368c6c730842d78016ad823897a372db,2
389,389d119b48cf3043d311335e499d9c6b,1
389,52c80cedd4e90108bf4fa6a206ef6b03,1
389,53759a2ecddad2bb87a079a1f1519f73,3
389,5a848e4ab52fd5445cdc07aab1c40e48,2
389,656e0eca68dcecf6a31b8ececfabe3e8,1
389,6cdd53843498f92890544667809f1595,2
389,7a10781637204d8d10485c71a6108a2e,1
389,99a4788cb24856965c36a24e339b6058,1
389,c4baedd846ed09b85f78a781b522f126,1
389,d1c427060a0f73f6b889a5c7c61f2ac4,1
389,e53e557d5a159f5aa2c5e995dfdf244b,7
390,06edb72f1e0c64b14c5b79353f7abea3,1
390,2b4609f8948be18874494203496bc318,3
390,368c6c730842d78016ad823897a372db,3
390,3dd2a17168ec895c781a9191c1e95ad7,5
390,422879e10f46682990de24d770e7f83d,2
390,42a2c92a0979a949ca4ea89ec5c7b934,1
390,4c2394abfbac7ff59ec7a420918562fa,1
390,53759a2ecddad2bb87a079a1f1519f73,5
390,5a848e4ab52fd5445cdc07aab1c40e48,3
390,6cdd53843498f92890544667809f1595,1
390,7c1bd920dbdf22470b68bde975dd3ccf,2
390,8c591ab0ca519558779df02023177f44,1
390,99a4788cb24856965c36a24e339b6058,1
390,bb50f2e236e5eea0100680137654686c,1
390,d1c427060a0f73f6b889a5c7c61f2ac4,1
390,e53e557d5a159f5aa2c5e995dfdf244b,2
391,06edb72f1e0c64b14c5b79353f7abea3,1
391,0bcc3eeca39e1064258aa1e932269894,1
391,2b4609f8948be18874494203496bc318,1
391,368c6c730842d78016ad823897a372db,5
391,36f60d45225e60c7da4558b070ce4b60,1
391,389d119b48cf3043d311335e499d9c6b,1
391,3dd2a17168ec895c781a9191c1e95ad7,1
391,461f43be3bdf8844e65b62d9ac2c7a5a,2
391,5a848e4ab52fd5445cdc07aab1c40e48,4
391,601a360bd2a916ecef0e88de72a6531a,1
391,84f456958365164420cfc80fbe4c7fab,1
391,89321f94e35fc6d7903d36f74e351d40,1
391,99a4788cb24856965c36a24e339b6058,2
391,bb50f2e236e5eea0100680137654686c,1
391,c4baedd846ed09b85f78a781b522f126,1
391,d1c427060a0f73f6b889a5c7c61f2ac4,2
391,e53e557d5a159f5aa2c5e995dfdf244b,3
391,ec2d43cc59763ec91694573b31f1c29a,2
392,06edb72f1e0c64b14c5b79353f7abea3,1
392,368c6c730842d78016ad823897a372db,2
392,3dd2a17168ec895c781a9191c1e95ad7,1
392,422879e10f46682990de24d770e7f83d,3
392,52c80cedd4e90108bf4fa6a206ef6b03,1
392,53759a2ecddad2bb87a079a1f1519f73,2
392,5a848e4ab52fd5445cdc07aab1c40e48,1
392,99a4788cb24856965c36a24e339b6058,1
392,bb50f2e236e5eea0100680137654686c,3
392,d1c427060a0f73f6b889a5c7c61f2ac4,3
392,e0cf79767c5b016251fe139915c59a26,2
392,e0d64dcfaa3b6db5c54ca298ae101d05,1
392,e53e557d5a159f5aa2c5e995dfdf244b,1
393,06edb72f1e0c64b14c5b79353f7abea3,2
393,0bcc3eeca39e1064258aa1e932269894,1
393,154e7e31ebfa092203795c972e5804a6,1
393,2b4609f8948be18874494203496bc318,1
393,368c6c730842d78016ad823897a372db,3
393,36f60d45225e60c7da4558b070ce4b60,2
393,389d119b48cf3043d311335e499d9c6b,1
393,3dd2a17168ec895c781a9191c1e95ad7,1
393,422879e10f46682990de24d770e7f83d,1
393,53759a2ecddad2bb87a079a1f1519f73,3
393,7a10781637204d8d10485c71a6108a2e,1
393,7c1bd920dbdf22470b68bde975dd3ccf,1
393,84f456958365164420cfc80fbe4c7fab,1
393,a62e25e09e05e6faf31d90c6ec1aa3d1,1
393,aca2eb7d00ea1a7b8ebd4e68314663af,1
393,b0961721fd839e9982420e807758a2a6,2
393,bb50f2e236e5eea0100680137654686c,1
393,d1c427060a0f73f6b889a5c7c61f2ac4,1
393,e53e557d5a159f5aa2c5e995dfdf244b,1
394,0bcc3eeca39e1064258aa1e932269894,1
394,2028bf1b01cafb2d2b1901fca4083222,1
394,368c6c730842d78016ad823897a372db,10
394,36f60d45225e60c7da4558b070ce4b60,2
394,389d119b48cf3043d311335e499d9c6b,4
394,3dd2a17168ec895c781a9191c1e95ad7,1
394,422879e10f46682990de24d770e7f83d,4
394,52c80cedd4e90108bf4fa6a206ef6b03,1
394,53759a2ecddad2bb87a079a1f1519f73,9
394,5a848e4ab52fd5445cdc07aab1c40e48,2
394,7c1bd920dbdf22470b68bde975dd3ccf,1
394,aca2eb7d00ea1a7b8ebd4e68314663af,2
394,b532349fe46b38fbc7bb3914c1bdae07,3
394,e0cf79767c5b016251fe139915c59a26,1
394,e53e557d5a159f5aa2c5e995dfdf244b,4
395,0aabfb375647d9738ad0f7b4ea3653b1,1
395,154e7e31ebfa092203795c972e5804a6,2
395,2b4609f8948be18874494203496bc318,1
395,368c6c730842d78016ad823897a372db,3
395,36f60d45225e60c7da4558b070ce4b60,1
395,389d119b48cf3043d311335e499d9c6b,1
395,3dd2a17168ec895c781a9191c1e95ad7,1
395,422879e10f46682990de24d770e7f83d,6
395,5a848e4ab52fd5445cdc07aab1c40e48,1
395,656e0eca68dcecf6a31b8ececfabe3e8,1
395,6cdd53843498f92890544667809f1595,1
395,8c591ab0ca519558779df02023177f44,1
395,99a4788cb24856965c36a24e339b6058,1
395,aca2eb7d00ea1a7b8ebd4e68314663af,8
395,d1c427060a0f73f6b889a5c7c61f2ac4,2
395,d285360f29ac7fd97640bf0baef03de0,1
395,e53e557d5a159f5aa2c5e995dfdf244b,7
396,154e7e31ebfa092203795c972e5804a6,2
396,2b4609f8948be18874494203496bc318,1
396,368c6c730842d78016ad823897a372db,5
396,389d119b48cf3043d311335e499d9c6b,2
396,3dd2a17168ec895c781a9191c1e95ad7,1
396,422879e10f46682990de24d770e7f83d,4
396,4c2394abfbac7ff59ec7a420918562fa,1
396,52c80cedd4e90108bf4fa6a206ef6b03,1
396,53759a2ecddad2bb87a079a1f1519f73,1
396,5a848e4ab52fd5445cdc07aab1c40e48,3
396,656e0eca68dcecf6a31b8ececfabe3e8,2
396,8c591ab0ca519558779df02023177f44,2
396,a62e25e09e05e6faf31d90c6ec1aa3d1,3
396,aca2eb7d00ea1a7b8ebd4e68314663af,3
396,b532349fe46b38fbc7bb3914c1bdae07,2
396,d1c427060a0f73f6b889a5c7c61f2ac4,3
396,d285360f29ac7fd97640bf0baef03de0,1
396,e0cf79767c5b016251fe139915c59a26,2
396,e53e557d5a159f5aa2c5e995dfdf244b,1
396,ec2d43cc59763ec91694573b31f1c29a,5
397,06edb72f1e0c64b14c5b79353f7abea3,2
397,08574b074924071f4e201e151b152b4e,1
397,36f60d45225e60c7da4558b070ce4b60,1
397,389d119b48cf3043d311335e499d9c6b,2
397,3dd2a17168ec895c781a9191c1e95ad7,5
397,422879e10f46682990de24d770e7f83d,2
397,4c2394abfbac7ff59ec7a420918562fa,1
397,5a848e4ab52fd5445cdc07aab1c40e48,2
397,6cdd53843498f92890544667809f1595,1
397,7c1bd920dbdf22470b68bde975dd3ccf,1
397,99a4788cb24856965c36a24e339b6058,1
397,e53e557d5a159f5aa2c5e995dfdf244b,3
398,154e7e31ebfa092203795c972e5804a6,1
398,2b4609f8948be18874494203496bc318,2
398,42a2c92a0979a949ca4ea89ec5c7b934,1
398,461f43be3bdf8844e65b62d9ac2c7a5a,1
398,52c80cedd4e90108bf4fa6a206ef6b03,1
398,656e0eca68dcecf6a31b8ececfabe3e8,7
398,6cdd53843498f92890544667809f1595,1
398,a62e25e09e05e6faf31d90c6ec1aa3d1,4
398,aca2eb7d00ea1a7b8ebd4e68314663af,2
398,d1c427060a0f73f6b889a5c7c61f2ac4,2
398,e53e557d5a159f5aa2c5e995dfdf244b,3
398,ec2d43cc59763ec91694573b31f1c29a,2
399,0aabfb375647d9738ad0f7b4ea3653b1,1
399,154e7e31ebfa092203795c972e5804a6,1
399,2028bf1b01cafb2d2b1901fca4083222,2
399,2b4609f8948be18874494203496bc318,1
399,35afc973633aaeb6b877ff57b2793310,2
399,36f60d45225e60c7da4558b070ce4b60,1
399,4c2394abfbac7ff59ec7a420918562fa,2
399,5a848e4ab52fd5445cdc07aab1c40e48,2
399,601a360bd2a916ecef0e88de72a6531a,1
399,89321f94e35fc6d7903d36f74e351d40,1
399,99a4788cb24856965c36a24e339b6058,1
399,b532349fe46b38fbc7bb3914c1bdae07,2
399,d1c427060a0f73f6b889a5c7c61f2ac4,3
399,e53e557d5a159f5aa2c5e995dfdf244b,1
400,154e7e31ebfa092203795c972e5804a6,1
400,36f60d45225e60c7da4558b070ce4b60,2
400,3dd2a17168ec895c781a9191c1e95ad7,5
400,437c05a395e9e47f9762e677a7068ce7,2
400,5a848e4ab52fd5445cdc07aab1c40e48,2
400,7a10781637204d8d10485c71a6108a2e,2
400,7c1bd920dbdf22470b68bde975dd3ccf,1
400,89321f94e35fc6d7903d36f74e351d40,2
400,8c591ab0ca519558779df02023177f44,1
400,a62e25e09e05e6faf31d90c6ec1aa3d1,2
400,aca2eb7d00ea1a7b8ebd4e68314663af,3
400,d1c427060a0f73f6b889a5c7c61f2ac4,2
400,d285360f29ac7fd97640bf0baef03de0,1
400,e53e557d5a159f5aa2c5e995dfdf244b,1
401,0aabfb375647d9738ad0f7b4ea3653b1,1
401,2028bf1b01cafb2d2b1901fca4083222,1
401,35afc973633aaeb6b877ff57b2793310,1
401,36f60d45225e60c7da4558b070ce4b60,1
401,3dd2a17168ec895c781a9191c1e95ad7,5
401,437c05a395e9e47f9762e677a7068ce7,4
401,461f43be3bdf8844e65b62d9ac2c7a5a,1
401,5a848e4ab52fd5445cdc07aab1c40e48,1
401,7a10781637204d8d10485c71a6108a2e,1
401,89321f94e35fc6d7903d36f74e351d40,1
401,99a4788cb24856965c36a24e339b6058,1
401,a62e25e09e05e6faf31d90c6ec1aa3d1,2
401,aca2eb7d00ea1a7b8ebd4e68314663af,1
401,bb50f2e236e5eea0100680137654686c,3
401,d1c427060a0f73f6b889a5c7c61f2ac4,1
401,d285360f29ac7fd97640bf0baef03de0,1
401,e0cf79767c5b016251fe139915c59a26,1
401,e0d64dcfaa3b6db5c54ca298ae101d05,1
401,e53e557d5a159f5aa2c5e995dfdf244b,2
402,36f60d45225e60c7da4558b070ce4b60,1
402,389d119b48cf3043d311335e499d9c6b,1
402,3dd2a17168ec895c781a9191c1e95ad7,3
402,42a2c92a0979a949ca4ea89ec5c7b934,1
402,437c05a395e9e47f9762e677a7068ce7,6
402,461f43be3bdf8844e65b62d9ac2c7a5a,2
402,53759a2ecddad2bb87a079a1f1519f73,1
402,5a848e4ab52fd5445cdc07aab1c40e48,3
402,656e0eca68dcecf6a31b8ececfabe3e8,2
402,6f3b5b605d91b7439c5e3f5a8dffeea7,2
402,7a10781637204d8d10485c71a6108a2e,1
402,89321f94e35fc6d7903d36f74e351d40,1
402,aca2eb7d00ea1a7b8ebd4e68314663af,2
402,b532349fe46b38fbc7bb3914c1bdae07,2
402,bb50f2e236e5eea0100680137654686c,1
402,d017a2151d543a9885604dc62a3d9dcc,1
402,e0cf79767c5b016251fe139915c59a26,2
402,e53e557d5a159f5aa2c5e995dfdf244b,2
403,154e7e31ebfa092203795c972e5804a6,1
403,2b4609f8948be18874494203496bc318,2
403,368c6c730842d78016ad823897a372db,1
403,36f60d45225e60c7da4558b070ce4b60,2
403,3dd2a17168ec895c781a9191c1e95ad7,4
403,437c05a395e9e47f9762e677a7068ce7,4
403,461f43be3bdf8844e65b62d9ac2c7a5a,2
403,53759a2ecddad2bb87a079a1f1519f73,5
403,5a848e4ab52fd5445cdc07aab1c40e48,1
403,656e0eca68dcecf6a31b8ececfabe3e8,1
403,6cdd53843498f92890544667809f1595,1
403,6f3b5b605d91b7439c5e3f5a8dffeea7,3
403,7a10781637204d8d10485c71a6108a2e,1
403,7c1bd920dbdf22470b68bde975dd3ccf,1
403,89321f94e35fc6d7903d36f74e351d40,2
403,a62e25e09e05e6faf31d90c6ec1aa3d1,4
403,aca2eb7d00ea1a7b8ebd4e68314663af,1
403,d1c427060a0f73f6b889a5c7c61f2ac4,1
403,e0d64dcfaa3b6db5c54ca298ae101d05,2
403,e53e557d5a159f5aa2c5e995dfdf244b,1
403,ec2d43cc59763ec91694573b31f1c29a,1
404,0bcc3eeca39e1064258aa1e932269894,1
404,36f60d45225e60c7da4558b070ce4b60,1
404,3dd2a17168ec895c781a9191c1e95ad7,4
404,422879e10f46682990de24d770e7f83d,1
404,461f43be3bdf8844e65b62d9ac2c7a5a,1
404,4c2394abfbac7ff59ec7a420918562fa,1
404,53759a2ecddad2bb87a079a1f1519f73,1
404,5a848e4ab52fd5445cdc07aab1c40e48,1
404,656e0eca68dcecf6a31b8ececfabe3e8,1
404,7a10781637204d8d10485c71a6108a2e,1
404,99a4788cb24856965c36a24e339b6058,1
404,aca2eb7d00ea1a7b8ebd4e68314663af,2
404,e53e557d5a159f5aa2c5e995dfdf244b,2
405,0bcc3eeca39e1064258aa1e932269894,1
405,154e7e31ebfa092203795c972e5804a6,1
405,36f60d45225e60c7da4558b070ce4b60,3
405,3dd2a17168ec895c781a9191c1e95ad7,1
405,42a2c92a0979a949ca4ea89ec5c7b934,3
405,437c05a395e9e47f9762e677a7068ce7,2
405,53b36df67ebb7c41585e8d54d6772e08,1
405,7a10781637204d8d10485c71a6108a2e,2
405,7c1bd920dbdf22470b68bde975dd3ccf,1
405,84f456958365164420cfc80fbe4c7fab,1
405,8c591ab0ca519558779df02023177f44,1
405,aca2eb7d00ea1a7b8ebd4e68314663af,1
405,e53e557d5a159f5aa2c5e995dfdf244b,2
406,06edb72f1e0c64b14c5b79353f7abea3,2
406,0aabfb375647d9738ad0f7b4ea3653b1,1
406,2b4609f8948be18874494203496bc318,1
406,36f60d45225e60c7da4558b070ce4b60,2
406,389d119b48cf3043d311335e499d9c6b,3
406,3dd2a17168ec895c781a9191c1e95ad7,3
406,422879e10f46682990de24d770e7f83d,2
406,437c05a395e9e47f9762e677a7068ce7,1
406,52c80cedd4e90108bf4fa6a206ef6b03,2
406,53759a2ecddad2bb87a079a1f1519f73,1
406,53b36df67ebb7c41585e8d54d6772e08,1
406,5a848e4ab52fd5445cdc07aab1c40e48,2
406,6f3b5b605d91b7439c5e3f5a8dffeea7,1
406,7a10781637204d8d10485c71a6108a2e,2
406,7c1bd920dbdf22470b68bde975dd3ccf,1
406,89321f94e35fc6d7903d36f74e351d40,1
406,8c591ab0ca519558779df02023177f44,1
406,bb50f2e236e5eea0100680137654686c,1
406,e53e557d5a159f5aa2c5e995dfdf244b,1
407,2b4609f8948be18874494203496bc318,2
407,35afc973633aaeb6b877ff57b2793310,1
407,368c6c730842d78016ad823897a372db,1
407,36f60d45225e60c7da4558b070ce4b60,5
407,389d119b48cf3043d311335e499d9c6b,1
407,3dd2a17168ec895c781a9191c1e95ad7,2
407,422879e10f46682990de24d770e7f83d,1
407,437c05a395e9e47f9762e677a7068ce7,1
407,461f43be3bdf8844e65b62d9ac2c7a5a,2
407,52c80cedd4e90108bf4fa6a206ef6b03,1
407,53759a2ecddad2bb87a079a1f1519f73,3
407,53b36df67ebb7c41585e8d54d6772e08,1
407,656e0eca68dcecf6a31b8ececfabe3e8,4
407,6cdd53843498f92890544667809f1595,3
407,6f3b5b605d91b7439c5e3f5a8dffeea7,2
407,7a10781637204d8d10485c71a6108a2e,2
407,7c1bd920dbdf22470b68bde975dd3ccf,1
407,89321f94e35fc6d7903d36f74e351d40,1
407,8c591ab0ca519558779df02023177f44,3
407,99a4788cb24856965c36a24e339b6058,3
407,a62e25e09e05e6faf31d90c6ec1aa3d1,1
407,aca2eb7d00ea1a7b8ebd4e68314663af,6
407,bb50f2e236e5eea0100680137654686c,4
407,c4baedd846ed09b85f78a781b522f126,1
407,d1c427060a0f73f6b889a5c7c61f2ac4,1
407,e0cf79767c5b016251fe139915c59a26,2
407,e53e557d5a159f5aa2c5e995dfdf244b,7
408,0aabfb375647d9738ad0f7b4ea3653b1,1
408,154e7e31ebfa092203795c972e5804a6,1
408,368c6c730842d78016ad823897a372db,1
408,36f60d45225e60c7da4558b070ce4b60,6
408,389d119b48cf3043d311335e499d9c6b,3
408,3dd2a17168ec895c781a9191c1e95ad7,5
408,437c05a395e9e47f9762e677a7068ce7,1
408,52c80cedd4e90108bf4fa6a206ef6b03,1
408,53759a2ecddad2bb87a079a1f1519f73,3
408,53b36df67ebb7c41585e8d54d6772e08,1
408,5a848e4ab52fd5445cdc07aab1c40e48,3
408,656e0eca68dcecf6a31b8ececfabe3e8,2
408,6cdd53843498f92890544667809f1595,1
408,7a10781637204d8d10485c71a6108a2e,2
408,84f456958365164420cfc80fbe4c7fab,1
408,a62e25e09e05e6faf31d90c6ec1aa3d1,2
408,aca2eb7d00ea1a7b8ebd4e68314663af,7
408,bb50f2e236e5eea0100680137654686c,1
408,e0cf79767c5b016251fe139915c59a26,2
408,e53e557d5a159f5aa2c5e995dfdf244b,5
408,ec2d43cc59763ec91694573b31f1c29a,1
409,06edb72f1e0c64b14c5b79353f7abea3,1
409,0bcc3eeca39e1064258aa1e932269894,1
409,154e7e31ebfa092203795c972e5804a6,1
409,35afc973633aaeb6b877ff57b2793310,1
409,368c6c730842d78016ad823897a372db,1
409,36f60d45225e60c7da4558b070ce4b60,2
409,389d119b48cf3043d311335e499d9c6b,1
409,3dd2a17168ec895c781a9191c1e95ad7,4
409,422879e10f46682990de24d770e7f83d,2
409,461f43be3bdf8844e65b62d9ac2c7a5a,1
409,53b36df67ebb7c41585e8d54d6772e08,2
409,5a848e4ab52fd5445cdc07aab1c40e48,1
409,656e0eca68dcecf6a31b8ececfabe3e8,1
409,6f3b5b605d91b7439c5e3f5a8dffeea7,1
409,7a10781637204d8d10485c71a6108a2e,1
409,7c1bd920dbdf22470b68bde975dd3ccf,2
409,89321f94e35fc6d7903d36f74e351d40,3
409,a62e25e09e05e6faf31d90c6ec1aa3d1,2
409,aca2eb7d00ea1a7b8ebd4e68314663af,5
409,b0961721fd839e9982420e807758a2a6,1
409,bb50f2e236e5eea0100680137654686c,1
409,d1c427060a0f73f6b889a5c7c61f2ac4,1
409,d285360f29ac7fd97640bf0baef03de0,1
409,e53e557d5a159f5aa2c5e995dfdf244b,2
410,0aabfb375647d9738ad0f7b4ea3653b1,1
410,2b4609f8948be18874494203496bc318,1
410,35afc973633aaeb6b877ff57b2793310,2
410,36f60d45225e60c7da4558b070ce4b60,1
410,389d119b48cf3043d311335e499d9c6b,1
410,3dd2a17168ec895c781a9191c1e95ad7,3
410,422879e10f46682990de24d770e7f83d,1
410,437c05a395e9e47f9762e677a7068ce7,4
410,53b36df67ebb7c41585e8d54d6772e08,2
410,54d9ac713e253fa1fae9c8003b011c2a,1
410,5a848e4ab52fd5445cdc07aab1c40e48,1
410,656e0eca68dcecf6a31b8ececfabe3e8,2
410,6cdd53843498f92890544667809f1595,1
410,7a10781637204d8d10485c71a6108a2e,3
410,8c591ab0ca519558779df02023177f44,1
410,a62e25e09e05e6faf31d90c6ec1aa3d1,1
410,aca2eb7d00ea1a7b8ebd4e68314663af,1
410,bb50f2e236e5eea0100680137654686c,2
410,d017a2151d543a9885604dc62a3d9dcc,1
410,d1c427060a0f73f6b889a5c7c61f2ac4,3
410,e53e557d5a159f5aa2c5e995dfdf244b,1
411,154e7e31ebfa092203795c972e5804a6,1
411,19c91ef95d509ea33eda93495c4d3481,1
411,2b4609f8948be18874494203496bc318,2
411,368c6c730842d78016ad823897a372db,4
411,36f60d45225e60c7da4558b070ce4b60,1
411,389d119b48cf3043d311335e499d9c6b,2
411,437c05a395e9e47f9762e677a7068ce7,6
411,52c80cedd4e90108bf4fa6a206ef6b03,1
411,54d9ac713e253fa1fae9c8003b011c2a,2
411,5a848e4ab52fd5445cdc07aab1c40e48,5
411,aca2eb7d00ea1a7b8ebd4e68314663af,4
411,bb50f2e236e5eea0100680137654686c,3
411,d1c427060a0f73f6b889a5c7c61f2ac4,1
411,e0d64dcfaa3b6db5c54ca298ae101d05,1
411,e53e557d5a159f5aa2c5e995dfdf244b,10
412,19c91ef95d509ea33eda93495c4d3481,2
412,389d119b48cf3043d311335e499d9c6b,4
412,3dd2a17168ec895c781a9191c1e95ad7,1
412,422879e10f46682990de24d770e7f83d,3
412,54d9ac713e253fa1fae9c8003b011c2a,3
412,5a848e4ab52fd5445cdc07aab1c40e48,1
412,656e0eca68dcecf6a31b8ececfabe3e8,1
412,6cdd53843498f92890544667809f1595,1
412,6f3b5b605d91b7439c5e3f5a8dffeea7,1
412,89321f94e35fc6d7903d36f74e351d40,1
412,8c591ab0ca519558779df02023177f44,1
412,99a4788cb24856965c36a24e339b6058,1
412,aca2eb7d00ea1a7b8ebd4e68314663af,2
412,bb50f2e236e5eea0100680137654686c,1
412,d1c427060a0f73f6b889a5c7c61f2ac4,3
412,e0d64dcfaa3b6db5c54ca298ae101d05,1
412,e53e557d5a159f5aa2c5e995dfdf244b,2
413,154e7e31ebfa092203795c972e5804a6,1
413,2028bf1b01cafb2d2b1901fca4083222,1
413,368c6c730842d78016ad823897a372db,3
413,36f60d45225e60c7da4558b070ce4b60,1
413,3dd2a17168ec895c781a9191c1e95ad7,1
413,422879e10f46682990de24d770e7f83d,1
413,437c05a395e9e47f9762e677a7068ce7,1
413,89321f94e35fc6d7903d36f74e351d40,1
413,a62e25e09e05e6faf31d90c6ec1aa3d1,2
413,aca2eb7d00ea1a7b8ebd4e68314663af,3
413,bb50f2e236e5eea0100680137654686c,1
413,d017a2151d543a9885604dc62a3d9dcc,1
413,d1c427060a0f73f6b889a5c7c61f2ac4,1
413,e0cf79767c5b016251fe139915c59a26,1
413,e0d64dcfaa3b6db5c54ca298ae101d05,2
413,e53e557d5a159f5aa2c5e995dfdf244b,2
414,06edb72f1e0c64b14c5b79353f7abea3,2
414,368c6c730842d78016ad823897a372db,2
414,389d119b48cf3043d311335e499d9c6b,1
414,3dd2a17168ec895c781a9191c1e95ad7,2
414,4c2394abfbac7ff59ec7a420918562fa,1
414,52c80cedd4e90108bf4fa6a206ef6b03,1
414,53b36df67ebb7c41585e8d54d6772e08,2
414,54d9ac713e253fa1fae9c8003b011c2a,1
414,5a848e4ab52fd5445cdc07aab1c40e48,3
414,99a4788cb24856965c36a24e339b6058,2
414,aca2eb7d00ea1a7b8ebd4e68314663af,7
414,b0961721fd839e9982420e807758a2a6,1
414,b532349fe46b38fbc7bb3914c1bdae07,2
414,d1c427060a0f73f6b889a5c7c61f2ac4,2
414,e0d64dcfaa3b6db5c54ca298ae101d05,1
414,e53e557d5a159f5aa2c5e995dfdf244b,2
415,06edb72f1e0c64b14c5b79353f7abea3,2
415,19c91ef95d509ea33eda93495c4d3481,1
415,35afc973633aaeb6b877ff57b2793310,1
415,389d119b48cf3043d311335e499d9c6b,1
415,3dd2a17168ec895c781a9191c1e95ad7,2
415,437c05a395e9e47f9762e677a7068ce7,1
415,52c80cedd4e90108bf4fa6a206ef6b03,2
415,54d9ac713e253fa1fae9c8003b011c2a,1
415,5a848e4ab52fd5445cdc07aab1c40e48,3
415,89321f94e35fc6d7903d36f74e351d40,2
415,99a4788cb24856965c36a24e339b6058,1
415,aca2eb7d00ea1a7b8ebd4e68314663af,3
415,bb50f2e236e5eea0100680137654686c,1
415,c4baedd846ed09b85f78a781b522f126,2
415,d1c427060a0f73f6b889a5c7c61f2ac4,4
415,e0d64dcfaa3b6db5c54ca298ae101d05,3
415,e53e557d5a159f5aa2c5e995dfdf244b,2
416,06edb72f1e0c64b14c5b79353f7abea3,1
416,0aabfb375647d9738ad0f7b4ea3653b1,2
416,154e7e31ebfa092203795c972e5804a6,1
416,35afc973633aaeb6b877ff57b2793310,1
416,368c6c730842d78016ad823897a372db,2
416,3dd2a17168ec895c781a9191c1e95ad7,2
416,422879e10f46682990de24d770e7f83d,2
416,437c05a395e9e47f9762e677a7068ce7,3
416,461f43be3bdf8844e65b62d9ac2c7a5a,1
416,53b36df67ebb7c41585e8d54d6772e08,1
416,54d9ac713e253fa1fae9c8003b011c2a,2
416,5a848e4ab52fd5445cdc07aab1c40e48,3
416,656e0eca68dcecf6a31b8ececfabe3e8,1
416,6cdd53843498f92890544667809f1595,1
416,6f3b5b605d91b7439c5e3f5a8dffeea7,1
416,7a10781637204d8d10485c71a6108a2e,2
416,89321f94e35fc6d7903d36f74e351d40,1
416,aca2eb7d00ea1a7b8ebd4e68314663af,1
416,b532349fe46b38fbc7bb3914c1bdae07,2
416,bb50f2e236e5eea0100680137654686c,1
416,d285360f29ac7fd97640bf0baef03de0,1
416,e0cf79767c5b016251fe139915c59a26,1
416,e0d64dcfaa3b6db5c54ca298ae101d05,1
416,ec2d43cc59763ec91694573b31f1c29a,1
417,2b4609f8948be18874494203496bc318,2
417,368c6c730842d78016ad823897a372db,2
417,389d119b48cf3043d311335e499d9c6b,3
417,3dd2a17168ec895c781a9191c1e95ad7,3
417,3fbc0ef745950c7932d5f2a446189725,1
417,422879e10f46682990de24d770e7f83d,3
417,437c05a395e9e47f9762e677a7068ce7,1
417,53759a2ecddad2bb87a079a1f1519f73,3
417,5a848e4ab52fd5445cdc07aab1c40e48,1
417,6cdd53843498f92890544667809f1595,1
417,6f3b5b605d91b7439c5e3f5a8dffeea7,2
417,7c1bd920dbdf22470b68bde975dd3ccf,1
417,a62e25e09e05e6faf31d90c6ec1aa3d1,1
417,a92930c327948861c015c919a0bcb4a8,1
417,aca2eb7d00ea1a7b8ebd4e68314663af,3
417,bb50f2e236e5eea0100680137654686c,1
417,e0cf79767c5b016251fe139915c59a26,1
417,e0d64dcfaa3b6db5c54ca298ae101d05,1
417,ec2d43cc59763ec91694573b31f1c29a,2
418,0aabfb375647d9738ad0f7b4ea3653b1,1
418,154e7e31ebfa092203795c972e5804a6,1
418,2b4609f8948be18874494203496bc318,1
418,368c6c730842d78016ad823897a372db,1
418,389d119b48cf3043d311335e499d9c6b,2
418,3dd2a17168ec895c781a9191c1e95ad7,4
418,437c05a395e9e47f9762e677a7068ce7,1
418,53759a2ecddad2bb87a079a1f1519f73,1
418,53b36df67ebb7c41585e8d54d6772e08,1
418,54d9ac713e253fa1fae9c8003b011c2a,2
418,5a848e4ab52fd5445cdc07aab1c40e48,1
418,7a10781637204d8d10485c71a6108a2e,1
418,7c1bd920dbdf22470b68bde975dd3ccf,1
418,99a4788cb24856965c36a24e339b6058,3
418,aca2eb7d00ea1a7b8ebd4e68314663af,3
418,bb50f2e236e5eea0100680137654686c,1
418,d017a2151d543a9885604dc62a3d9dcc,1
418,d285360f29ac7fd97640bf0baef03de0,1
418,e0cf79767c5b016251fe139915c59a26,1
418,e0d64dcfaa3b6db5c54ca298ae101d05,1
419,2028bf1b01cafb2d2b1901fca4083222,1
419,3dd2a17168ec895c781a9191c1e95ad7,1
419,437c05a395e9e47f9762e677a7068ce7,1
419,4c2394abfbac7ff59ec7a420918562fa,1
419,53759a2ecddad2bb87a079a1f1519f73,5
419,53b36df67ebb7c41585e8d54d6772e08,1
419,54d9ac713e253fa1fae9c8003b011c2a,1
419,6cdd53843498f92890544667809f1595,2
419,7a10781637204d8d10485c71a6108a2e,1
419,aca2eb7d00ea1a7b8ebd4e68314663af,2
419,bb50f2e236e5eea0100680137654686c,1
419,c6dd917a0be2a704582055949915ab32,1
419,e0d64dcfaa3b6db5c54ca298ae101d05,3
420,2028bf1b01cafb2d2b1901fca4083222,1
420,35afc973633aaeb6b877ff57b2793310,2
420,389d119b48cf3043d311335e499d9c6b,3
420,3dd2a17168ec895c781a9191c1e95ad7,6
420,437c05a395e9e47f9762e677a7068ce7,1
420,53759a2ecddad2bb87a079a1f1519f73,1
420,54d9ac713e253fa1fae9c8003b011c2a,1
420,5a848e4ab52fd5445cdc07aab1c40e48,2
420,89321f94e35fc6d7903d36f74e351d40,1
420,8c591ab0ca519558779df02023177f44,1
420,99a4788cb24856965c36a24e339b6058,1
420,a62e25e09e05e6faf31d90c6ec1aa3d1,1
420,aca2eb7d00ea1a7b8ebd4e68314663af,1
420,bb50f2e236e5eea0100680137654686c,2
420,e0d64dcfaa3b6db5c54ca298ae101d05,1
420,e53e557d5a159f5aa2c5e995dfdf244b,1
421,154e7e31ebfa092203795c972e5804a6,1
421,35afc973633aaeb6b877ff57b2793310,1
421,368c6c730842d78016ad823897a372db,3
421,3dd2a17168ec895c781a9191c1e95ad7,1
421,52c80cedd4e90108bf4fa6a206ef6b03,1
421,53759a2ecddad2bb87a079a1f1519f73,2
421,53b36df67ebb7c41585e8d54d6772e08,1
421,601a360bd2a916ecef0e88de72a6531a,1
421,6cdd53843498f92890544667809f1595,1
421,84f456958365164420cfc80fbe4c7fab,1
421,aca2eb7d00ea1a7b8ebd4e68314663af,1
421,bb50f2e236e5eea0100680137654686c,3
421,e0cf79767c5b016251fe139915c59a26,1
421,e0d64dcfaa3b6db5c54ca298ae101d05,1
421,e53e557d5a159f5aa2c5e995dfdf244b,2
422,06edb72f1e0c64b14c5b79353f7abea3,1
422,08574b074924071f4e201e151b152b4e,1
422,0aabfb375647d9738ad0f7b4ea3653b1,1
422,368c6c730842d78016ad823897a372db,3
422,3dd2a17168ec895c781a9191c1e95ad7,2
422,422879e10f46682990de24d770e7f83d,2
422,437c05a395e9e47f9762e677a7068ce7,1
422,4c2394abfbac7ff59ec7a420918562fa,1
422,52c80cedd4e90108bf4fa6a206ef6b03,1
422,53b36df67ebb7c41585e8d54d6772e08,1
422,5a848e4ab52fd5445cdc07aab1c40e48,1
422,7a10781637204d8d10485c71a6108a2e,2
422,8c591ab0ca519558779df02023177f44,2
422,bb50f2e236e5eea0100680137654686c,3
422,c4baedd846ed09b85f78a781b522f126,1
422,e0d64dcfaa3b6db5c54ca298ae101d05,1
422,e53e557d5a159f5aa2c5e995dfdf244b,3
423,368c6c730842d78016ad823897a372db,1
423,389d119b48cf3043d311335e499d9c6b,1
423,53759a2ecddad2bb87a079a1f1519f73,4
423,53b36df67ebb7c41585e8d54d6772e08,1
423,5a848e4ab52fd5445cdc07aab1c40e48,2
423,89321f94e35fc6d7903d36f74e351d40,1
423,8c591ab0ca519558779df02023177f44,1
423,a62e25e09e05e6faf31d90c6ec1aa3d1,1
423,bb50f2e236e5eea0100680137654686c,1
423,d1c427060a0f73f6b889a5c7c61f2ac4,4
424,06edb72f1e0c64b14c5b79353f7abea3,2
424,2028bf1b01cafb2d2b1901fca4083222,1
424,2b4609f8948be18874494203496bc318,2
424,35afc973633aaeb6b877ff57b2793310,1
424,389d119b48cf3043d311335e499d9c6b,1
424,3dd2a17168ec895c781a9191c1e95ad7,2
424,3fbc0ef745950c7932d5f2a446189725,1
424,53759a2ecddad2bb87a079a1f1519f73,1
424,5a848e4ab52fd5445cdc07aab1c40e48,2
424,6cdd53843498f92890544667809f1595,1
424,6f3b5b605d91b7439c5e3f5a8dffeea7,1
424,7c1bd920dbdf22470b68bde975dd3ccf,2
424,99a4788cb24856965c36a24e339b6058,1
424,a62e25e09e05e6faf31d90c6ec1aa3d1,3
424,aca2eb7d00ea1a7b8ebd4e68314663af,2
424,b532349fe46b38fbc7bb3914c1bdae07,3
424,bb50f2e236e5eea0100680137654686c,1
424,d285360f29ac7fd97640bf0baef03de0,3
424,e0d64dcfaa3b6db5c54ca298ae101d05,1
425,06edb72f1e0c64b14c5b79353f7abea3,1
425,2028bf1b01cafb2d2b1901fca4083222,1
425,2b4609f8948be18874494203496bc318,2
425,3fbc0ef745950c7932d5f2a446189725,1
425,422879e10f46682990de24d770e7f83d,1
425,437c05a395e9e47f9762e677a7068ce7,1
425,54d9ac713e253fa1fae9c8003b011c2a,1
425,5a848e4ab52fd5445cdc07aab1c40e48,1
425,6cdd53843498f92890544667809f1595,2
425,6f3b5b605d91b7439c5e3f5a8dffeea7,2
425,a62e25e09e05e6faf31d90c6ec1aa3d1,8
425,c4baedd846ed09b85f78a781b522f126,1
425,d017a2151d543a9885604dc62a3d9dcc,1
425,d1c427060a0f73f6b889a5c7c61f2ac4,2
425,e0cf79767c5b016251fe139915c59a26,1
425,e53e557d5a159f5aa2c5e995dfdf244b,1
426,0aabfb375647d9738ad0f7b4ea3653b1,1
426,0bcc3eeca39e1064258aa1e932269894,1
426,2028bf1b01cafb2d2b1901fca4083222,1
426,35afc973633aaeb6b877ff57b2793310,1
426,389d119b48cf3043d311335e499d9c6b,2
426,3dd2a17168ec895c781a9191c1e95ad7,1
426,437c05a395e9e47f9762e677a7068ce7,3
426,53b36df67ebb7c41585e8d54d6772e08,1
426,54d9ac713e253fa1fae9c8003b011c2a,1
426,5a848e4ab52fd5445cdc07aab1c40e48,1
426,6f3b5b605d91b7439c5e3f5a8dffeea7,2
426,7a10781637204d8d10485c71a6108a2e,2
426,7c1bd920dbdf22470b68bde975dd3ccf,1
426,99a4788cb24856965c36a24e339b6058,1
426,aca2eb7d00ea1a7b8ebd4e68314663af,2
427,154e7e31ebfa092203795c972e5804a6,1
427,2028bf1b01cafb2d2b1901fca4083222,3
427,36f60d45225e60c7da4558b070ce4b60,1
427,389d119b48cf3043d311335e499d9c6b,2
427,3dd2a17168ec895c781a9191c1e95ad7,1
427,422879e10f46682990de24d770e7f83d,3
427,461f43be3bdf8844e65b62d9ac2c7a5a,1
427,53b36df67ebb7c41585e8d54d6772e08,1
427,656e0eca68dcecf6a31b8ececfabe3e8,1
427,6cdd53843498f92890544667809f1595,1
427,6f3b5b605d91b7439c5e3f5a8dffeea7,1
427,89321f94e35fc6d7903d36f74e351d40,2
427,99a4788cb24856965c36a24e339b6058,1
427,aca2eb7d00ea1a7b8ebd4e68314663af,5
427,d017a2151d543a9885604dc62a3d9dcc,2
427,d1c427060a0f73f6b889a5c7c61f2ac4,2
427,e0d64dcfaa3b6db5c54ca298ae101d05,4
428,06edb72f1e0c64b14c5b79353f7abea3,1
428,0bcc3eeca39e1064258aa1e932269894,1
428,2b4609f8948be18874494203496bc318,1
428,36f60d45225e60c7da4558b070ce4b60,2
428,422879e10f46682990de24d770e7f83d,2
428,437c05a395e9e47f9762e677a7068ce7,2
428,461f43be3bdf8844e65b62d9ac2c7a5a,2
428,52c80cedd4e90108bf4fa6a206ef6b03,1
428,53759a2ecddad2bb87a079a1f1519f73,2
428,53b36df67ebb7c41585e8d54d6772e08,5
428,54d9ac713e253fa1fae9c8003b011c2a,2
428,5a848e4ab52fd5445cdc07aab1c40e48,2
428,656e0eca68dcecf6a31b8ececfabe3e8,4
428,6f3b5b605d91b7439c5e3f5a8dffeea7,2
428,7a10781637204d8d10485c71a6108a2e,1
428,7c1bd920dbdf22470b68bde975dd3ccf,1
428,84f456958365164420cfc80fbe4c7fab,1
428,89321f94e35fc6d7903d36f74e351d40,2
428,99a4788cb24856965c36a24e339b6058,2
428,aca2eb7d00ea1a7b8ebd4e68314663af,1
428,bb50f2e236e5eea0100680137654686c,1
428,d1c427060a0f73f6b889a5c7c61f2ac4,5
429,0bcc3eeca39e1064258aa1e932269894,1
429,154e7e31ebfa092203795c972e5804a6,1
429,2b4609f8948be18874494203496bc318,1
429,368c6c730842d78016ad823897a372db,1
429,389d119b48cf3043d311335e499d9c6b,1
429,3dd2a17168ec895c781a9191c1e95ad7,1
429,437c05a395e9e47f9762e677a7068ce7,11
429,52c80cedd4e90108bf4fa6a206ef6b03,2
429,53759a2ecddad2bb87a079a1f1519f73,1
429,53b36df67ebb7c41585e8d54d6772e08,1
429,54d9ac713e253fa1fae9c8003b011c2a,1
429,5a848e4ab52fd5445cdc07aab1c40e48,5
429,6cdd53843498f92890544667809f1595,2
429,84f456958365164420cfc80fbe4c7fab,1
429,89321f94e35fc6d7903d36f74e351d40,1
429,a62e25e09e05e6faf31d90c6ec1aa3d1,1
429,aca2eb7d00ea1a7b8ebd4e68314663af,1
429,b532349fe46b38fbc7bb3914c1bdae07,3
429,c4baedd846ed09b85f78a781b522f126,2
429,c6dd917a0be2a704582055949915ab32,1
429,d1c427060a0f73f6b889a5c7c61f2ac4,3
429,e0cf79767c5b016251fe139915c59a26,2
429,e0d64dcfaa3b6db5c54ca298ae101d05,1
430,154e7e31ebfa092203795c972e5804a6,1
430,19c91ef95d509ea33eda93495c4d3481,1
430,2028bf1b01cafb2d2b1901fca4083222,1
430,368c6c730842d78016ad823897a372db,1
430,3dd2a17168ec895c781a9191c1e95ad7,2
430,422879e10f46682990de24d770e7f83d,1
430,437c05a395e9e47f9762e677a7068ce7,10
430,53b36df67ebb7c41585e8d54d6772e08,1
430,54d9ac713e253fa1fae9c8003b011c2a,1
430,5a848e4ab52fd5445cdc07aab1c40e48,3
430,6f3b5b605d91b7439c5e3f5a8dffeea7,1
430,7c1bd920dbdf22470b68bde975dd3ccf,1
430,99a4788cb24856965c36a24e339b6058,1
430,a62e25e09e05e6faf31d90c6ec1aa3d1,1
430,aca2eb7d00ea1a7b8ebd4e68314663af,3
430,b532349fe46b38fbc7bb3914c1bdae07,2
430,bb50f2e236e5eea0100680137654686c,2
430,d017a2151d543a9885604dc62a3d9dcc,1
430,d1c427060a0f73f6b889a5c7c61f2ac4,2
430,e0d64dcfaa3b6db5c54ca298ae101d05,2
431,2028bf1b01cafb2d2b1901fca4083222,1
431,368c6c730842d78016ad823897a372db,1
431,389d119b48cf3043d311335e499d9c6b,1
431,3dd2a17168ec895c781a9191c1e95ad7,5
431,422879e10f46682990de24d770e7f83d,1
431,437c05a395e9e47f9762e677a7068ce7,7
431,54d9ac713e253fa1fae9c8003b011c2a,2
431,5a848e4ab52fd5445cdc07aab1c40e48,3
431,656e0eca68dcecf6a31b8ececfabe3e8,1
431,6cdd53843498f92890544667809f1595,1
431,6f3b5b605d91b7439c5e3f5a8dffeea7,1
431,7a10781637204d8d10485c71a6108a2e,1
431,a62e25e09e05e6faf31d90c6ec1aa3d1,1
431,aca2eb7d00ea1a7b8ebd4e68314663af,2
431,b0961721fd839e9982420e807758a2a6,1
431,b532349fe46b38fbc7bb3914c1bdae07,3
431,e0d64dcfaa3b6db5c54ca298ae101d05,1
431,ec2d43cc59763ec91694573b31f1c29a,1
432,2028bf1b01cafb2d2b1901fca4083222,1
432,389d119b48cf3043d311335e499d9c6b,1
432,3fbc0ef745950c7932d5f2a446189725,2
432,42a2c92a0979a949ca4ea89ec5c7b934,1
432,437c05a395e9e47f9762e677a7068ce7,1
432,53b36df67ebb7c41585e8d54d6772e08,1
432,5a848e4ab52fd5445cdc07aab1c40e48,1
432,656e0eca68dcecf6a31b8ececfabe3e8,1
432,6cdd53843498f92890544667809f1595,1
432,89321f94e35fc6d7903d36f74e351d40,1
432,aca2eb7d00ea1a7b8ebd4e68314663af,2
432,d1c427060a0f73f6b889a5c7c61f2ac4,3
432,e0d64dcfaa3b6db5c54ca298ae101d05,1
433,06edb72f1e0c64b14c5b79353f7abea3,1
433,422879e10f46682990de24d770e7f83d,1
433,461f43be3bdf8844e65b62d9ac2c7a5a,1
433,52c80cedd4e90108bf4fa6a206ef6b03,1
433,53759a2ecddad2bb87a079a1f1519f73,1
433,53b36df67ebb7c41585e8d54d6772e08,3
433,656e0eca68dcecf6a31b8ececfabe3e8,2
433,7a10781637204d8d10485c71a6108a2e,2
433,99a4788cb24856965c36a24e339b6058,1
433,aca2eb7d00ea1a7b8ebd4e68314663af,4
433,d1c427060a0f73f6b889a5c7c61f2ac4,2
433,e0cf79767c5b016251fe139915c59a26,1
433,e0d64dcfaa3b6db5c54ca298ae101d05,1
433,ec2d43cc59763ec91694573b31f1c29a,1
434,389d119b48cf3043d311335e499d9c6b,3
434,422879e10f46682990de24d770e7f83d,2
434,437c05a395e9e47f9762e677a7068ce7,1
434,54d9ac713e253fa1fae9c8003b011c2a,1
434,5a848e4ab52fd5445cdc07aab1c40e48,1
434,6cdd53843498f92890544667809f1595,1
434,aca2eb7d00ea1a7b8ebd4e68314663af,2
434,ec2d43cc59763ec91694573b31f1c29a,1
435,06edb72f1e0c64b14c5b79353f7abea3,1
435,19c91ef95d509ea33eda93495c4d3481,1
435,2b4609f8948be18874494203496bc318,1
435,389d119b48cf3043d311335e499d9c6b,2
435,3dd2a17168ec895c781a9191c1e95ad7,4
435,3fbc0ef745950c7932d5f2a446189725,2
435,422879e10f46682990de24d770e7f83d,2
435,437c05a395e9e47f9762e677a7068ce7,1
435,53759a2ecddad2bb87a079a1f1519f73,3
435,53b36df67ebb7c41585e8d54d6772e08,1
435,54d9ac713e253fa1fae9c8003b011c2a,2
435,7c1bd920dbdf22470b68bde975dd3ccf,2
435,89321f94e35fc6d7903d36f74e351d40,1
435,aca2eb7d00ea1a7b8ebd4e68314663af,5
435,d1c427060a0f73f6b889a5c7c61f2ac4,2
435,e0cf79767c5b016251fe139915c59a26,1
435,e0d64dcfaa3b6db5c54ca298ae101d05,3
435,e53e557d5a159f5aa2c5e995dfdf244b,1
436,06edb72f1e0c64b14c5b79353f7abea3,3
436,19c91ef95d509ea33eda93495c4d3481,1
436,2028bf1b01cafb2d2b1901fca4083222,1
436,3dd2a17168ec895c781a9191c1e95ad7,1
436,3fbc0ef745950c7932d5f2a446189725,2
436,4c2394abfbac7ff59ec7a420918562fa,1
436,52c80cedd4e90108bf4fa6a206ef6b03,2
436,53759a2ecddad2bb87a079a1f1519f73,1
436,53b36df67ebb7c41585e8d54d6772e08,1
436,5a848e4ab52fd5445cdc07aab1c40e48,1
436,6cdd53843498f92890544667809f1595,1
436,aca2eb7d00ea1a7b8ebd4e68314663af,2
436,b532349fe46b38fbc7bb3914c1bdae07,2
436,d1c427060a0f73f6b889a5c7c61f2ac4,4
436,e0d64dcfaa3b6db5c54ca298ae101d05,1
436,ec2d43cc59763ec91694573b31f1c29a,1
437,06edb72f1e0c64b14c5b79353f7abea3,2
437,19c91ef95d509ea33eda93495c4d3481,1
437,2028bf1b01cafb2d2b1901fca4083222,1
437,389d119b48cf3043d311335e499d9c6b,1
437,3dd2a17168ec895c781a9191c1e95ad7,2
437,3fbc0ef745950c7932d5f2a446189725,2
437,422879e10f46682990de24d770e7f83d,5
437,461f43be3bdf8844e65b62d9ac2c7a5a,2
437,52c80cedd4e90108bf4fa6a206ef6b03,1
437,53b36df67ebb7c41585e8d54d6772e08,2
437,54d9ac713e253fa1fae9c8003b011c2a,1
437,5a848e4ab52fd5445cdc07aab1c40e48,2
437,7a10781637204d8d10485c71a6108a2e,1
437,89321f94e35fc6d7903d36f74e351d40,1
437,99a4788cb24856965c36a24e339b6058,1
437,bb50f2e236e5eea0100680137654686c,2
438,19c91ef95d509ea33eda93495c4d3481,1
438,2b4609f8948be18874494203496bc318,2
438,35afc973633aaeb6b877ff57b2793310,2
438,368c6c730842d78016ad823897a372db,1
438,389d119b48cf3043d311335e499d9c6b,2
438,3dd2a17168ec895c781a9191c1e95ad7,2
438,3fbc0ef745950c7932d5f2a446189725,1
438,422879e10f46682990de24d770e7f83d,1
438,437c05a395e9e47f9762e677a7068ce7,1
438,53b36df67ebb7c41585e8d54d6772e08,3
438,5a848e4ab52fd5445cdc07aab1c40e48,1
438,99a4788cb24856965c36a24e339b6058,1
438,d1c427060a0f73f6b889a5c7c61f2ac4,1
438,d285360f29ac7fd97640bf0baef03de0,1
438,e0cf79767c5b016251fe139915c59a26,1
439,2b4609f8948be18874494203496bc318,1
439,3dd2a17168ec895c781a9191c1e95ad7,1
439,3fbc0ef745950c7932d5f2a446189725,1
439,461f43be3bdf8844e65b62d9ac2c7a5a,1
439,53b36df67ebb7c41585e8d54d6772e08,1
439,5a848e4ab52fd5445cdc07aab1c40e48,1
439,6f3b5b605d91b7439c5e3f5a8dffeea7,1
439,aca2eb7d00ea1a7b8ebd4e68314663af,2
439,ec2d43cc59763ec91694573b31f1c29a,1
440,368c6c730842d78016ad823897a372db,1
440,389d119b48cf3043d311335e499d9c6b,1
440,3dd2a17168ec895c781a9191c1e95ad7,1
440,461f43be3bdf8844e65b62d9ac2c7a5a,1
440,5a848e4ab52fd5445cdc07aab1c40e48,1
440,6f3b5b605d91b7439c5e3f5a8dffeea7,1
440,7c1bd920dbdf22470b68bde975dd3ccf,1
440,a62e25e09e05e6faf31d90c6ec1aa3d1,1
440,aca2eb7d00ea1a7b8ebd4e68314663af,1
440,bb50f2e236e5eea0100680137654686c,1
441,0bcc3eeca39e1064258aa1e932269894,1
441,2b4609f8948be18874494203496bc318,1
441,36f60d45225e60c7da4558b070ce4b60,1
441,461f43be3bdf8844e65b62d9ac2c7a5a,1
441,52c80cedd4e90108bf4fa6a206ef6b03,1
441,53759a2ecddad2bb87a079a1f1519f73,5
441,5a848e4ab52fd5445cdc07aab1c40e48,1
441,6f3b5b605d91b7439c5e3f5a8dffeea7,1
441,89321f94e35fc6d7903d36f74e351d40,1
441,8c591ab0ca519558779df02023177f44,1
441,aca2eb7d00ea1a7b8ebd4e68314663af,3
441,bb50f2e236e5eea0100680137654686c,1
441,d1c427060a0f73f6b889a5c7c61f2ac4,2
441,e0cf79767c5b016251fe139915c59a26,3
442,06edb72f1e0c64b14c5b79353f7abea3,1
442,2b4609f8948be18874494203496bc318,3
442,35afc973633aaeb6b877ff57b2793310,2
442,368c6c730842d78016ad823897a372db,2
442,36f60d45225e60c7da4558b070ce4b60,2
442,389d119b48cf3043d311335e499d9c6b,1
442,3dd2a17168ec895c781a9191c1e95ad7,3
442,53b36df67ebb7c41585e8d54d6772e08,1
442,5a848e4ab52fd5445cdc07aab1c40e48,3
442,656e0eca68dcecf6a31b8ececfabe3e8,5
442,6f3b5b605d91b7439c5e3f5a8dffeea7,3
442,7c1bd920dbdf22470b68bde975dd3ccf,1
442,8c591ab0ca519558779df02023177f44,1
442,aca2eb7d00ea1a7b8ebd4e68314663af,5
442,b532349fe46b38fbc7bb3914c1bdae07,4
442,bb50f2e236e5eea0100680137654686c,1
442,d1c427060a0f73f6b889a5c7c61f2ac4,1
442,e0d64dcfaa3b6db5c54ca298ae101d05,2
442,e53e557d5a159f5aa2c5e995dfdf244b,2
443,2b4609f8948be18874494203496bc318,1
443,389d119b48cf3043d311335e499d9c6b,1
443,3dd2a17168ec895c781a9191c1e95ad7,6
443,53759a2ecddad2bb87a079a1f1519f73,2
443,5a848e4ab52fd5445cdc07aab1c40e48,2
443,6f3b5b605d91b7439c5e3f5a8dffeea7,3
443,7c1bd920dbdf22470b68bde975dd3ccf,1
443,89321f94e35fc6d7903d36f74e351d40,2
443,aca2eb7d00ea1a7b8ebd4e68314663af,3
443,bb50f2e236e5eea0100680137654686c,2
443,c4baedd846ed09b85f78a781b522f126,1
443,c6dd917a0be2a704582055949915ab32,1
443,d017a2151d543a9885604dc62a3d9dcc,1
443,d1c427060a0f73f6b889a5c7c61f2ac4,1
443,e0cf79767c5b016251fe139915c59a26,1
444,06edb72f1e0c64b14c5b79353f7abea3,3
444,0aabfb375647d9738ad0f7b4ea3653b1,1
444,368c6c730842d78016ad823897a372db,1
444,36f60d45225e60c7da4558b070ce4b60,1
444,3dd2a17168ec895c781a9191c1e95ad7,2
444,422879e10f46682990de24d770e7f83d,3
444,53759a2ecddad2bb87a079a1f1519f73,2
444,53b36df67ebb7c41585e8d54d6772e08,1
444,5a848e4ab52fd5445cdc07aab1c40e48,1
444,6cdd53843498f92890544667809f1595,3
444,6f3b5b605d91b7439c5e3f5a8dffeea7,1
444,84f456958365164420cfc80fbe4c7fab,1
444,a62e25e09e05e6faf31d90c6ec1aa3d1,1
444,aca2eb7d00ea1a7b8ebd4e68314663af,1
444,bb50f2e236e5eea0100680137654686c,1
444,c6dd917a0be2a704582055949915ab32,1
444,d1c427060a0f73f6b889a5c7c61f2ac4,1
444,e0d64dcfaa3b6db5c54ca298ae101d05,1
445,06edb72f1e0c64b14c5b79353f7abea3,1
445,3dd2a17168ec895c781a9191c1e95ad7,1
445,42a2c92a0979a949ca4ea89ec5c7b934,1
445,52c80cedd4e90108bf4fa6a206ef6b03,1
445,6f3b5b605d91b7439c5e3f5a8dffeea7,1
445,7c1bd920dbdf22470b68bde975dd3ccf,1
445,a62e25e09e05e6faf31d90c6ec1aa3d1,1
445,aca2eb7d00ea1a7b8ebd4e68314663af,6
445,d1c427060a0f73f6b889a5c7c61f2ac4,1
445,d285360f29ac7fd97640bf0baef03de0,1
445,e0d64dcfaa3b6db5c54ca298ae101d05,2
445,ec2d43cc59763ec91694573b31f1c29a,2
446,0aabfb375647d9738ad0f7b4ea3653b1,1
446,35afc973633aaeb6b877ff57b2793310,1
446,42a2c92a0979a949ca4ea89ec5c7b934,1
446,52c80cedd4e90108bf4fa6a206ef6b03,1
446,53759a2ecddad2bb87a079a1f1519f73,1
446,5a848e4ab52fd5445cdc07aab1c40e48,3
446,7a10781637204d8d10485c71a6108a2e,1
446,a62e25e09e05e6faf31d90c6ec1aa3d1,2
446,aca2eb7d00ea1a7b8ebd4e68314663af,1
446,bb50f2e236e5eea0100680137654686c,1
446,c4baedd846ed09b85f78a781b522f126,2
447,2b4609f8948be18874494203496bc318,1
447,368c6c730842d78016ad823897a372db,1
447,461f43be3bdf8844e65b62d9ac2c7a5a,1
447,7c1bd920dbdf22470b68bde975dd3ccf,1
447,89321f94e35fc6d7903d36f74e351d40,1
447,aca2eb7d00ea1a7b8ebd4e68314663af,3
447,bb50f2e236e5eea0100680137654686c,2
447,d1c427060a0f73f6b889a5c7c61f2ac4,1
447,e0cf79767c5b016251fe139915c59a26,3
447,ec2d43cc59763ec91694573b31f1c29a,2
448,08574b074924071f4e201e151b152b4e,1
448,2028bf1b01cafb2d2b1901fca4083222,1
448,368c6c730842d78016ad823897a372db,1
448,84f456958365164420cfc80fbe4c7fab,1
448,8c591ab0ca519558779df02023177f44,1
448,a62e25e09e05e6faf31d90c6ec1aa3d1,1
448,aca2eb7d00ea1a7b8ebd4e68314663af,2
448,b532349fe46b38fbc7bb3914c1bdae07,3
448,d017a2151d543a9885604dc62a3d9dcc,1
448,d1c427060a0f73f6b889a5c7c61f2ac4,2
448,e0cf79767c5b016251fe139915c59a26,1
449,06edb72f1e0c64b14c5b79353f7abea3,1
449,0aabfb375647d9738ad0f7b4ea3653b1,1
449,368c6c730842d78016ad823897a372db,2
449,422879e10f46682990de24d770e7f83d,1
449,6cdd53843498f92890544667809f1595,1
449,6f3b5b605d91b7439c5e3f5a8dffeea7,2
449,84f456958365164420cfc80fbe4c7fab,1
449,a62e25e09e05e6faf31d90c6ec1aa3d1,1
449,aca2eb7d00ea1a7b8ebd4e68314663af,3
449,bb50f2e236e5eea0100680137654686c,3
449,c4baedd846ed09b85f78a781b522f126,1
449,d1c427060a0f73f6b889a5c7c61f2ac4,1
450,2b4609f8948be18874494203496bc318,1
450,3dd2a17168ec895c781a9191c1e95ad7,1
450,6cdd53843498f92890544667809f1595,1
450,7c1bd920dbdf22470b68bde975dd3ccf,1
450,8c591ab0ca519558779df02023177f44,1
450,a62e25e09e05e6faf31d90c6ec1aa3d1,4
450,a92930c327948861c015c919a0bcb4a8,1
450,aca2eb7d00ea1a7b8ebd4e68314663af,1
451,06edb72f1e0c64b14c5b79353f7abea3,1
451,0bcc3eeca39e1064258aa1e932269894,1
451,2b4609f8948be18874494203496bc318,1
451,35afc973633aaeb6b877ff57b2793310,1
451,368c6c730842d78016ad823897a372db,1
451,36f60d45225e60c7da4558b070ce4b60,1
451,389d119b48cf3043d311335e499d9c6b,1
451,422879e10f46682990de24d770e7f83d,1
451,437c05a395e9e47f9762e677a7068ce7,1
451,53759a2ecddad2bb87a079a1f1519f73,1
451,5a848e4ab52fd5445cdc07aab1c40e48,3
451,7c1bd920dbdf22470b68bde975dd3ccf,1
451,89321f94e35fc6d7903d36f74e351d40,1
451,99a4788cb24856965c36a24e339b6058,1
451,a92930c327948861c015c919a0bcb4a8,1
451,b532349fe46b38fbc7bb3914c1bdae07,1
451,bb50f2e236e5eea0100680137654686c,1
451,d1c427060a0f73f6b889a5c7c61f2ac4,1
452,368c6c730842d78016ad823897a372db,1
452,36f60d45225e60c7da4558b070ce4b60,2
452,52c80cedd4e90108bf4fa6a206ef6b03,1
452,601a360bd2a916ecef0e88de72a6531a,1
452,7a10781637204d8d10485c71a6108a2e,1
452,84f456958365164420cfc80fbe4c7fab,2
452,a92930c327948861c015c919a0bcb4a8,1
452,aca2eb7d00ea1a7b8ebd4e68314663af,1
452,bb50f2e236e5eea0100680137654686c,2
452,d1c427060a0f73f6b889a5c7c61f2ac4,2
452,e0cf79767c5b016251fe139915c59a26,2
452,e0d64dcfaa3b6db5c54ca298ae101d05,1
452,e53e557d5a159f5aa2c5e995dfdf244b,1
453,06edb72f1e0c64b14c5b79353f7abea3,1
453,368c6c730842d78016ad823897a372db,1
453,36f60d45225e60c7da4558b070ce4b60,2
453,3dd2a17168ec895c781a9191c1e95ad7,1
453,422879e10f46682990de24d770e7f83d,2
453,437c05a395e9e47f9762e677a7068ce7,1
453,89321f94e35fc6d7903d36f74e351d40,1
453,aca2eb7d00ea1a7b8ebd4e68314663af,1
453,d1c427060a0f73f6b889a5c7c61f2ac4,1
453,e0cf79767c5b016251fe139915c59a26,1
453,e53e557d5a159f5aa2c5e995dfdf244b,1
454,35afc973633aaeb6b877ff57b2793310,1
454,422879e10f46682990de24d770e7f83d,2
454,53b36df67ebb7c41585e8d54d6772e08,1
454,aca2eb7d00ea1a7b8ebd4e68314663af,1
454,d1c427060a0f73f6b889a5c7c61f2ac4,2
454,e53e557d5a159f5aa2c5e995dfdf244b,1
454,ec2d43cc59763ec91694573b31f1c29a,1
455,0bcc3eeca39e1064258aa1e932269894,1
455,19c91ef95d509ea33eda93495c4d3481,1
455,35afc973633aaeb6b877ff57b2793310,1
455,368c6c730842d78016ad823897a372db,1
455,3dd2a17168ec895c781a9191c1e95ad7,1
455,422879e10f46682990de24d770e7f83d,1
455,437c05a395e9e47f9762e677a7068ce7,3
455,53b36df67ebb7c41585e8d54d6772e08,2
455,89321f94e35fc6d7903d36f74e351d40,1
455,aca2eb7d00ea1a7b8ebd4e68314663af,1
455,e0cf79767c5b016251fe139915c59a26,2
456,389d119b48cf3043d311335e499d9c6b,1
456,3dd2a17168ec895c781a9191c1e95ad7,3
456,422879e10f46682990de24d770e7f83d,1
456,437c05a395e9e47f9762e677a7068ce7,1
456,53b36df67ebb7c41585e8d54d6772e08,5
456,a62e25e09e05e6faf31d90c6ec1aa3d1,2
456,a92930c327948861c015c919a0bcb4a8,1
456,aca2eb7d00ea1a7b8ebd4e68314663af,6
456,b532349fe46b38fbc7bb3914c1bdae07,1
456,d1c427060a0f73f6b889a5c7c61f2ac4,4
456,e0d64dcfaa3b6db5c54ca298ae101d05,1
456,e53e557d5a159f5aa2c5e995dfdf244b,2
457,0aabfb375647d9738ad0f7b4ea3653b1,1
457,0bcc3eeca39e1064258aa1e932269894,1
457,368c6c730842d78016ad823897a372db,8
457,3dd2a17168ec895c781a9191c1e95ad7,1
457,3fbc0ef745950c7932d5f2a446189725,1
457,422879e10f46682990de24d770e7f83d,6
457,437c05a395e9e47f9762e677a7068ce7,1
457,461f43be3bdf8844e65b62d9ac2c7a5a,1
457,52c80cedd4e90108bf4fa6a206ef6b03,1
457,53b36df67ebb7c41585e8d54d6772e08,5
457,89321f94e35fc6d7903d36f74e351d40,3
457,99a4788cb24856965c36a24e339b6058,1
457,aca2eb7d00ea1a7b8ebd4e68314663af,8
457,bb50f2e236e5eea0100680137654686c,1
457,d017a2151d543a9885604dc62a3d9dcc,1
457,d1c427060a0f73f6b889a5c7c61f2ac4,4
457,e53e557d5a159f5aa2c5e995dfdf244b,1
458,06edb72f1e0c64b14c5b79353f7abea3,2
458,3dd2a17168ec895c781a9191c1e95ad7,3
458,3fbc0ef745950c7932d5f2a446189725,1
458,422879e10f46682990de24d770e7f83d,3
458,461f43be3bdf8844e65b62d9ac2c7a5a,1
458,52c80cedd4e90108bf4fa6a206ef6b03,1
458,53759a2ecddad2bb87a079a1f1519f73,1
458,53b36df67ebb7c41585e8d54d6772e08,2
458,7a10781637204d8d10485c71a6108a2e,3
458,a92930c327948861c015c919a0bcb4a8,1
458,aca2eb7d00ea1a7b8ebd4e68314663af,4
458,bb50f2e236e5eea0100680137654686c,1
458,c6dd917a0be2a704582055949915ab32,1
458,d1c427060a0f73f6b889a5c7c61f2ac4,6
458,e0cf79767c5b016251fe139915c59a26,1
458,e0d64dcfaa3b6db5c54ca298ae101d05,1
458,e53e557d5a159f5aa2c5e995dfdf244b,2
458,ec2d43cc59763ec91694573b31f1c29a,1
459,2028bf1b01cafb2d2b1901fca4083222,1
459,35afc973633aaeb6b877ff57b2793310,1
459,3dd2a17168ec895c781a9191c1e95ad7,1
459,3fbc0ef745950c7932d5f2a446189725,2
459,422879e10f46682990de24d770e7f83d,9
459,53b36df67ebb7c41585e8d54d6772e08,4
459,84f456958365164420cfc80fbe4c7fab,1
459,8c591ab0ca519558779df02023177f44,1
459,99a4788cb24856965c36a24e339b6058,1
459,a92930c327948861c015c919a0bcb4a8,2
459,aca2eb7d00ea1a7b8ebd4e68314663af,6
459,bb50f2e236e5eea0100680137654686c,1
459,c4baedd846ed09b85f78a781b522f126,1
459,d017a2151d543a9885604dc62a3d9dcc,1
459,d1c427060a0f73f6b889a5c7c61f2ac4,5
459,e0cf79767c5b016251fe139915c59a26,2
460,19c91ef95d509ea33eda93495c4d3481,2
460,389d119b48cf3043d311335e499d9c6b,1
460,437c05a395e9e47f9762e677a7068ce7,1
460,53b36df67ebb7c41585e8d54d6772e08,8
460,6f3b5b605d91b7439c5e3f5a8dffeea7,1
460,89321f94e35fc6d7903d36f74e351d40,1
460,a62e25e09e05e6faf31d90c6ec1aa3d1,1
460,aca2eb7d00ea1a7b8ebd4e68314663af,2
460,b532349fe46b38fbc7bb3914c1bdae07,1
460,bb50f2e236e5eea0100680137654686c,1
460,e0cf79767c5b016251fe139915c59a26,1
461,2b4609f8948be18874494203496bc318,1
461,53b36df67ebb7c41585e8d54d6772e08,2
461,6f3b5b605d91b7439c5e3f5a8dffeea7,1
461,7c1bd920dbdf22470b68bde975dd3ccf,1
461,aca2eb7d00ea1a7b8ebd4e68314663af,2
461,b532349fe46b38fbc7bb3914c1bdae07,3
461,e0cf79767c5b016251fe139915c59a26,1
462,368c6c730842d78016ad823897a372db,2
462,389d119b48cf3043d311335e499d9c6b,1
462,422879e10f46682990de24d770e7f83d,2
462,437c05a395e9e47f9762e677a7068ce7,2
462,53b36df67ebb7c41585e8d54d6772e08,5
462,5a848e4ab52fd5445cdc07aab1c40e48,1
462,6f3b5b605d91b7439c5e3f5a8dffeea7,2
462,a92930c327948861c015c919a0bcb4a8,1
462,aca2eb7d00ea1a7b8ebd4e68314663af,3
462,d1c427060a0f73f6b889a5c7c61f2ac4,1
463,19c91ef95d509ea33eda93495c4d3481,2
463,2b4609f8948be18874494203496bc318,2
463,3dd2a17168ec895c781a9191c1e95ad7,4
463,3fbc0ef745950c7932d5f2a446189725,2
463,422879e10f46682990de24d770e7f83d,2
463,437c05a395e9e47f9762e677a7068ce7,2
463,461f43be3bdf8844e65b62d9ac2c7a5a,1
463,52c80cedd4e90108bf4fa6a206ef6b03,1
463,53759a2ecddad2bb87a079a1f1519f73,1
463,53b36df67ebb7c41585e8d54d6772e08,3
463,6f3b5b605d91b7439c5e3f5a8dffeea7,3
463,7c1bd920dbdf22470b68bde975dd3ccf,2
463,89321f94e35fc6d7903d36f74e351d40,2
463,8c591ab0ca519558779df02023177f44,2
463,a92930c327948861c015c919a0bcb4a8,3
463,aca2eb7d00ea1a7b8ebd4e68314663af,5
463,d1c427060a0f73f6b889a5c7c61f2ac4,2
464,0bcc3eeca39e1064258aa1e932269894,1
464,19c91ef95d509ea33eda93495c4d3481,2
464,3dd2a17168ec895c781a9191c1e95ad7,1
464,3fbc0ef745950c7932d5f2a446189725,2
464,422879e10f46682990de24d770e7f83d,1
464,42a2c92a0979a949ca4ea89ec5c7b934,1
464,52c80cedd4e90108bf4fa6a206ef6b03,1
464,53759a2ecddad2bb87a079a1f1519f73,1
464,53b36df67ebb7c41585e8d54d6772e08,13
464,6cdd53843498f92890544667809f1595,1
464,7a10781637204d8d10485c71a6108a2e,1
464,89321f94e35fc6d7903d36f74e351d40,1
464,a62e25e09e05e6faf31d90c6ec1aa3d1,1
464,a92930c327948861c015c919a0bcb4a8,3
464,aca2eb7d00ea1a7b8ebd4e68314663af,2
464,b0961721fd839e9982420e807758a2a6,2
464,b532349fe46b38fbc7bb3914c1bdae07,3
464,bb50f2e236e5eea0100680137654686c,1
464,d017a2151d543a9885604dc62a3d9dcc,2
464,d1c427060a0f73f6b889a5c7c61f2ac4,4
465,0bcc3eeca39e1064258aa1e932269894,2
465,19c91ef95d509ea33eda93495c4d3481,1
465,3dd2a17168ec895c781a9191c1e95ad7,3
465,3fbc0ef745950c7932d5f2a446189725,1
465,422879e10f46682990de24d770e7f83d,4
465,461f43be3bdf8844e65b62d9ac2c7a5a,1
465,53b36df67ebb7c41585e8d54d6772e08,6
465,54d9ac713e253fa1fae9c8003b011c2a,1
465,5a848e4ab52fd5445cdc07aab1c40e48,1
465,6cdd53843498f92890544667809f1595,1
465,6f3b5b605d91b7439c5e3f5a8dffeea7,1
465,7a10781637204d8d10485c71a6108a2e,1
465,a62e25e09e05e6faf31d90c6ec1aa3d1,3
465,aca2eb7d00ea1a7b8ebd4e68314663af,1
465,bb50f2e236e5eea0100680137654686c,1
465,d1c427060a0f73f6b889a5c7c61f2ac4,2
465,d285360f29ac7fd97640bf0baef03de0,2
465,e0cf79767c5b016251fe139915c59a26,1
466,0aabfb375647d9738ad0f7b4ea3653b1,2
466,19c91ef95d509ea33eda93495c4d3481,1
466,2b4609f8948be18874494203496bc318,1
466,368c6c730842d78016ad823897a372db,1
466,36f60d45225e60c7da4558b070ce4b60,1
466,422879e10f46682990de24d770e7f83d,1
466,52c80cedd4e90108bf4fa6a206ef6b03,1
466,53759a2ecddad2bb87a079a1f1519f73,1
466,53b36df67ebb7c41585e8d54d6772e08,12
466,6f3b5b605d91b7439c5e3f5a8dffeea7,3
466,7a10781637204d8d10485c71a6108a2e,1
466,7c1bd920dbdf22470b68bde975dd3ccf,1
466,84f456958365164420cfc80fbe4c7fab,2
466,89321f94e35fc6d7903d36f74e351d40,1
466,a62e25e09e05e6faf31d90c6ec1aa3d1,2
466,a92930c327948861c015c919a0bcb4a8,1
466,aca2eb7d00ea1a7b8ebd4e68314663af,3
466,b532349fe46b38fbc7bb3914c1bdae07,1
466,d1c427060a0f73f6b889a5c7c61f2ac4,1
466,d285360f29ac7fd97640bf0baef03de0,1
466,e0cf79767c5b016251fe139915c59a26,1
467,06edb72f1e0c64b14c5b79353f7abea3,2
467,0bcc3eeca39e1064258aa1e932269894,1
467,2b4609f8948be18874494203496bc318,1
467,368c6c730842d78016ad823897a372db,1
467,389d119b48cf3043d311335e499d9c6b,3
467,3dd2a17168ec895c781a9191c1e95ad7,2
467,3fbc0ef745950c7932d5f2a446189725,2
467,437c05a395e9e47f9762e677a7068ce7,1
467,461f43be3bdf8844e65b62d9ac2c7a5a,1
467,53759a2ecddad2bb87a079a1f1519f73,1
467,53b36df67ebb7c41585e8d54d6772e08,10
467,54d9ac713e253fa1fae9c8003b011c2a,1
467,7c1bd920dbdf22470b68bde975dd3ccf,1
467,89321f94e35fc6d7903d36f74e351d40,2
467,a62e25e09e05e6faf31d90c6ec1aa3d1,2
467,aca2eb7d00ea1a7b8ebd4e68314663af,5
467,d1c427060a0f73f6b889a5c7c61f2ac4,2
467,e53e557d5a159f5aa2c5e995dfdf244b,1
468,0aabfb375647d9738ad0f7b4ea3653b1,1
468,2b4609f8948be18874494203496bc318,1
468,35afc973633aaeb6b877ff57b2793310,1
468,3fbc0ef745950c7932d5f2a446189725,1
468,422879e10f46682990de24d770e7f83d,2
468,437c05a395e9e47f9762e677a7068ce7,1
468,461f43be3bdf8844e65b62d9ac2c7a5a,1
468,52c80cedd4e90108bf4fa6a206ef6b03,1
468,53b36df67ebb7c41585e8d54d6772e08,1
468,54d9ac713e253fa1fae9c8003b011c2a,1
468,6f3b5b605d91b7439c5e3f5a8dffeea7,3
468,7a10781637204d8d10485c71a6108a2e,3
468,84f456958365164420cfc80fbe4c7fab,1
468,aca2eb7d00ea1a7b8ebd4e68314663af,1
468,d1c427060a0f73f6b889a5c7c61f2ac4,3
468,e0cf79767c5b016251fe139915c59a26,1
468,e0d64dcfaa3b6db5c54ca298ae101d05,1
468,e53e557d5a159f5aa2c5e995dfdf244b,1
469,19c91ef95d509ea33eda93495c4d3481,3
469,368c6c730842d78016ad823897a372db,1
469,3fbc0ef745950c7932d5f2a446189725,1
469,422879e10f46682990de24d770e7f83d,2
469,437c05a395e9e47f9762e677a7068ce7,3
469,461f43be3bdf8844e65b62d9ac2c7a5a,1
469,6f3b5b605d91b7439c5e3f5a8dffeea7,1
469,7a10781637204d8d10485c71a6108a2e,2
469,99a4788cb24856965c36a24e339b6058,1
469,a92930c327948861c015c919a0bcb4a8,1
469,aca2eb7d00ea1a7b8ebd4e68314663af,2
469,d1c427060a0f73f6b889a5c7c61f2ac4,1
469,e0cf79767c5b016251fe139915c59a26,1
470,06edb72f1e0c64b14c5b79353f7abea3,1
470,19c91ef95d509ea33eda93495c4d3481,1
470,368c6c730842d78016ad823897a372db,4
470,389d119b48cf3043d311335e499d9c6b,4
470,3dd2a17168ec895c781a9191c1e95ad7,2
470,3fbc0ef745950c7932d5f2a446189725,2
470,422879e10f46682990de24d770e7f83d,3
470,437c05a395e9e47f9762e677a7068ce7,1
470,461f43be3bdf8844e65b62d9ac2c7a5a,1
470,52c80cedd4e90108bf4fa6a206ef6b03,1
470,53759a2ecddad2bb87a079a1f1519f73,4
470,53b36df67ebb7c41585e8d54d6772e08,4
470,54d9ac713e253fa1fae9c8003b011c2a,1
470,89321f94e35fc6d7903d36f74e351d40,1
470,99a4788cb24856965c36a24e339b6058,2
470,aca2eb7d00ea1a7b8ebd4e68314663af,1
470,bb50f2e236e5eea0100680137654686c,1
470,d1c427060a0f73f6b889a5c7c61f2ac4,5
470,d285360f29ac7fd97640bf0baef03de0,2
470,e53e557d5a159f5aa2c5e995dfdf244b,1
470,ec2d43cc59763ec91694573b31f1c29a,1
471,06edb72f1e0c64b14c5b79353f7abea3,1
471,19c91ef95d509ea33eda93495c4d3481,2
471,368c6c730842d78016ad823897a372db,1
471,3dd2a17168ec895c781a9191c1e95ad7,3
471,3fbc0ef745950c7932d5f2a446189725,4
471,422879e10f46682990de24d770e7f83d,5
471,437c05a395e9e47f9762e677a7068ce7,4
471,53759a2ecddad2bb87a079a1f1519f73,1
471,53b36df67ebb7c41585e8d54d6772e08,9
471,54d9ac713e253fa1fae9c8003b011c2a,2
471,6f3b5b605d91b7439c5e3f5a8dffeea7,4
471,7a10781637204d8d10485c71a6108a2e,2
471,84f456958365164420cfc80fbe4c7fab,1
471,99a4788cb24856965c36a24e339b6058,1
471,aca2eb7d00ea1a7b8ebd4e68314663af,5
471,e0cf79767c5b016251fe139915c59a26,1
471,e53e557d5a159f5aa2c5e995dfdf244b,2
472,0bcc3eeca39e1064258aa1e932269894,1
472,19c91ef95d509ea33eda93495c4d3481,2
472,368c6c730842d78016ad823897a372db,2
472,389d119b48cf3043d311335e499d9c6b,3
472,3dd2a17168ec895c781a9191c1e95ad7,2
472,3fbc0ef745950c7932d5f2a446189725,3
472,422879e10f46682990de24d770e7f83d,8
472,437c05a395e9e47f9762e677a7068ce7,6
472,461f43be3bdf8844e65b62d9ac2c7a5a,2
472,53759a2ecddad2bb87a079a1f1519f73,3
472,53b36df67ebb7c41585e8d54d6772e08,6
472,54d9ac713e253fa1fae9c8003b011c2a,2
472,6f3b5b605d91b7439c5e3f5a8dffeea7,3
472,7a10781637204d8d10485c71a6108a2e,1
472,7c1bd920dbdf22470b68bde975dd3ccf,1
472,89321f94e35fc6d7903d36f74e351d40,1
472,a62e25e09e05e6faf31d90c6ec1aa3d1,4
472,aca2eb7d00ea1a7b8ebd4e68314663af,3
472,bb50f2e236e5eea0100680137654686c,1
472,d1c427060a0f73f6b889a5c7c61f2ac4,4
472,d285360f29ac7fd97640bf0baef03de0,2
472,e0cf79767c5b016251fe139915c59a26,3
472,e53e557d5a159f5aa2c5e995dfdf244b,1
473,368c6c730842d78016ad823897a372db,4
473,389d119b48cf3043d311335e499d9c6b,2
473,3dd2a17168ec895c781a9191c1e95ad7,1
473,3fbc0ef745950c7932d5f2a446189725,3
473,422879e10f46682990de24d770e7f83d,4
473,437c05a395e9e47f9762e677a7068ce7,1
473,53759a2ecddad2bb87a079a1f1519f73,2
473,53b36df67ebb7c41585e8d54d6772e08,13
473,6f3b5b605d91b7439c5e3f5a8dffeea7,1
473,7a10781637204d8d10485c71a6108a2e,1
473,89321f94e35fc6d7903d36f74e351d40,1
473,99a4788cb24856965c36a24e339b6058,2
473,a62e25e09e05e6faf31d90c6ec1aa3d1,1
473,aca2eb7d00ea1a7b8ebd4e68314663af,2
473,bb50f2e236e5eea0100680137654686c,1
473,d017a2151d543a9885604dc62a3d9dcc,1
473,d1c427060a0f73f6b889a5c7c61f2ac4,1
473,e0cf79767c5b016251fe139915c59a26,1
474,06edb72f1e0c64b14c5b79353f7abea3,2
474,154e7e31ebfa092203795c972e5804a6,1
474,19c91ef95d509ea33eda93495c4d3481,5
474,368c6c730842d78016ad823897a372db,3
474,389d119b48cf3043d311335e499d9c6b,1
474,3dd2a17168ec895c781a9191c1e95ad7,1
474,3fbc0ef745950c7932d5f2a446189725,3
474,422879e10f46682990de24d770e7f83d,4
474,461f43be3bdf8844e65b62d9ac2c7a5a,1
474,53b36df67ebb7c41585e8d54d6772e08,7
474,6f3b5b605d91b7439c5e3f5a8dffeea7,1
474,7a10781637204d8d10485c71a6108a2e,2
474,84f456958365164420cfc80fbe4c7fab,1
474,99a4788cb24856965c36a24e339b6058,3
474,a62e25e09e05e6faf31d90c6ec1aa3d1,3
474,aca2eb7d00ea1a7b8ebd4e68314663af,5
474,d017a2151d543a9885604dc62a3d9dcc,1
474,d1c427060a0f73f6b889a5c7c61f2ac4,3
474,d285360f29ac7fd97640bf0baef03de0,2
474,e0cf79767c5b016251fe139915c59a26,2
475,06edb72f1e0c64b14c5b79353f7abea3,2
475,19c91ef95d509ea33eda93495c4d3481,2
475,368c6c730842d78016ad823897a372db,1
475,389d119b48cf3043d311335e499d9c6b,1
475,3dd2a17168ec895c781a9191c1e95ad7,1
475,3fbc0ef745950c7932d5f2a446189725,1
475,422879e10f46682990de24d770e7f83d,1
475,437c05a395e9e47f9762e677a7068ce7,2
475,461f43be3bdf8844e65b62d9ac2c7a5a,2
475,53b36df67ebb7c41585e8d54d6772e08,12
475,6f3b5b605d91b7439c5e3f5a8dffeea7,2
475,7a10781637204d8d10485c71a6108a2e,1
475,84f456958365164420cfc80fbe4c7fab,1
475,a62e25e09e05e6faf31d90c6ec1aa3d1,3
475,aca2eb7d00ea1a7b8ebd4e68314663af,2
475,bb50f2e236e5eea0100680137654686c,1
475,d1c427060a0f73f6b889a5c7c61f2ac4,1
475,e0cf79767c5b016251fe139915c59a26,2
476,0aabfb375647d9738ad0f7b4ea3653b1,1
476,19c91ef95d509ea33eda93495c4d3481,3
476,3dd2a17168ec895c781a9191c1e95ad7,1
476,3fbc0ef745950c7932d5f2a446189725,1
476,422879e10f46682990de24d770e7f83d,2
476,461f43be3bdf8844e65b62d9ac2c7a5a,1
476,53b36df67ebb7c41585e8d54d6772e08,6
476,6f3b5b605d91b7439c5e3f5a8dffeea7,2
476,7a10781637204d8d10485c71a6108a2e,1
476,aca2eb7d00ea1a7b8ebd4e68314663af,5
476,d1c427060a0f73f6b889a5c7c61f2ac4,1
476,d285360f29ac7fd97640bf0baef03de0,1
476,e0cf79767c5b016251fe139915c59a26,1
477,0bcc3eeca39e1064258aa1e932269894,2
477,2b4609f8948be18874494203496bc318,2
477,35afc973633aaeb6b877ff57b2793310,4
477,389d119b48cf3043d311335e499d9c6b,2
477,3fbc0ef745950c7932d5f2a446189725,3
477,422879e10f46682990de24d770e7f83d,3
477,437c05a395e9e47f9762e677a7068ce7,1
477,461f43be3bdf8844e65b62d9ac2c7a5a,1
477,52c80cedd4e90108bf4fa6a206ef6b03,2
477,53b36df67ebb7c41585e8d54d6772e08,14
477,6cdd53843498f92890544667809f1595,1
477,6f3b5b605d91b7439c5e3f5a8dffeea7,2
477,7a10781637204d8d10485c71a6108a2e,3
477,7c1bd920dbdf22470b68bde975dd3ccf,1
477,89321f94e35fc6d7903d36f74e351d40,1
477,a62e25e09e05e6faf31d90c6ec1aa3d1,2
477,aca2eb7d00ea1a7b8ebd4e68314663af,3
477,bb50f2e236e5eea0100680137654686c,2
477,d1c427060a0f73f6b889a5c7c61f2ac4,2
477,e0d64dcfaa3b6db5c54ca298ae101d05,1
478,19c91ef95d509ea33eda93495c4d3481,1
478,368c6c730842d78016ad823897a372db,1
478,389d119b48cf3043d311335e499d9c6b,2
478,3dd2a17168ec895c781a9191c1e95ad7,1
478,3fbc0ef745950c7932d5f2a446189725,4
478,437c05a395e9e47f9762e677a7068ce7,2
478,461f43be3bdf8844e65b62d9ac2c7a5a,3
478,53b36df67ebb7c41585e8d54d6772e08,21
478,6cdd53843498f92890544667809f1595,1
478,6f3b5b605d91b7439c5e3f5a8dffeea7,3
478,7a10781637204d8d10485c71a6108a2e,2
478,84f456958365164420cfc80fbe4c7fab,2
478,89321f94e35fc6d7903d36f74e351d40,1
478,a62e25e09e05e6faf31d90c6ec1aa3d1,1
478,aca2eb7d00ea1a7b8ebd4e68314663af,8
478,bb50f2e236e5eea0100680137654686c,1
478,d017a2151d543a9885604dc62a3d9dcc,2
478,d285360f29ac7fd97640bf0baef03de0,2
478,e0cf79767c5b016251fe139915c59a26,1
478,e0d64dcfaa3b6db5c54ca298ae101d05,1
478,e53e557d5a159f5aa2c5e995dfdf244b,1
479,19c91ef95d509ea33eda93495c4d3481,2
479,2b4609f8948be18874494203496bc318,1
479,35afc973633aaeb6b877ff57b2793310,2
479,3dd2a17168ec895c781a9191c1e95ad7,7
479,3fbc0ef745950c7932d5f2a446189725,7
479,461f43be3bdf8844e65b62d9ac2c7a5a,2
479,53b36df67ebb7c41585e8d54d6772e08,9
479,6f3b5b605d91b7439c5e3f5a8dffeea7,1
479,7a10781637204d8d10485c71a6108a2e,3
479,84f456958365164420cfc80fbe4c7fab,1
479,89321f94e35fc6d7903d36f74e351d40,1
479,99a4788cb24856965c36a24e339b6058,3
479,a62e25e09e05e6faf31d90c6ec1aa3d1,3
479,a92930c327948861c015c919a0bcb4a8,1
479,aca2eb7d00ea1a7b8ebd4e68314663af,8
479,bb50f2e236e5eea0100680137654686c,2
479,c4baedd846ed09b85f78a781b522f126,1
479,d017a2151d543a9885604dc62a3d9dcc,1
479,d1c427060a0f73f6b889a5c7c61f2ac4,2
479,d285360f29ac7fd97640bf0baef03de0,1
479,e0cf79767c5b016251fe139915c59a26,3
479,e0d64dcfaa3b6db5c54ca298ae101d05,3
479,e53e557d5a159f5aa2c5e995dfdf244b,1
480,06edb72f1e0c64b14c5b79353f7abea3,1
480,0aabfb375647d9738ad0f7b4ea3653b1,1
480,154e7e31ebfa092203795c972e5804a6,1
480,19c91ef95d509ea33eda93495c4d3481,3
480,2b4609f8948be18874494203496bc318,2
480,35afc973633aaeb6b877ff57b2793310,1
480,3dd2a17168ec895c781a9191c1e95ad7,4
480,3fbc0ef745950c7932d5f2a446189725,7
480,422879e10f46682990de24d770e7f83d,3
480,437c05a395e9e47f9762e677a7068ce7,3
480,461f43be3bdf8844e65b62d9ac2c7a5a,5
480,53b36df67ebb7c41585e8d54d6772e08,5
480,6f3b5b605d91b7439c5e3f5a8dffeea7,4
480,89321f94e35fc6d7903d36f74e351d40,1
480,a62e25e09e05e6faf31d90c6ec1aa3d1,1
480,aca2eb7d00ea1a7b8ebd4e68314663af,5
480,bb50f2e236e5eea0100680137654686c,1
480,d1c427060a0f73f6b889a5c7c61f2ac4,1
480,d285360f29ac7fd97640bf0baef03de0,1
480,e0cf79767c5b016251fe139915c59a26,1
480,e0d64dcfaa3b6db5c54ca298ae101d05,3
481,19c91ef95d509ea33eda93495c4d3481,3
481,2b4609f8948be18874494203496bc318,2
481,368c6c730842d78016ad823897a372db,1
481,3dd2a17168ec895c781a9191c1e95ad7,3
481,3fbc0ef745950c7932d5f2a446189725,2
481,461f43be3bdf8844e65b62d9ac2c7a5a,1
481,52c80cedd4e90108bf4fa6a206ef6b03,1
481,53759a2ecddad2bb87a079a1f1519f73,1
481,53b36df67ebb7c41585e8d54d6772e08,4
481,6cdd53843498f92890544667809f1595,3
481,89321f94e35fc6d7903d36f74e351d40,1
481,8c591ab0ca519558779df02023177f44,2
481,99a4788cb24856965c36a24e339b6058,1
481,b532349fe46b38fbc7bb3914c1bdae07,3
481,bb50f2e236e5eea0100680137654686c,1
481,d285360f29ac7fd97640bf0baef03de0,1
481,e0d64dcfaa3b6db5c54ca298ae101d05,1
482,368c6c730842d78016ad823897a372db,1
482,389d119b48cf3043d311335e499d9c6b,3
482,6f3b5b605d91b7439c5e3f5a8dffeea7,1
482,7a10781637204d8d10485c71a6108a2e,1
482,89321f94e35fc6d7903d36f74e351d40,1
482,aca2eb7d00ea1a7b8ebd4e68314663af,2
482,d017a2151d543a9885604dc62a3d9dcc,1
482,d1c427060a0f73f6b889a5c7c61f2ac4,2
482,d285360f29ac7fd97640bf0baef03de0,1
482,e0d64dcfaa3b6db5c54ca298ae101d05,1
482,e53e557d5a159f5aa2c5e995dfdf244b,2
483,06edb72f1e0c64b14c5b79353f7abea3,2
483,0bcc3eeca39e1064258aa1e932269894,1
483,461f43be3bdf8844e65b62d9ac2c7a5a,1
483,6f3b5b605d91b7439c5e3f5a8dffeea7,3
483,7c1bd920dbdf22470b68bde975dd3ccf,1
483,84f456958365164420cfc80fbe4c7fab,1
483,89321f94e35fc6d7903d36f74e351d40,1
483,99a4788cb24856965c36a24e339b6058,1
483,e0cf79767c5b016251fe139915c59a26,1
483,e0d64dcfaa3b6db5c54ca298ae101d05,5
484,0aabfb375647d9738ad0f7b4ea3653b1,1
484,154e7e31ebfa092203795c972e5804a6,5
484,2b4609f8948be18874494203496bc318,2
484,389d119b48cf3043d311335e499d9c6b,2
484,3dd2a17168ec895c781a9191c1e95ad7,4
484,437c05a395e9e47f9762e677a7068ce7,3
484,461f43be3bdf8844e65b62d9ac2c7a5a,2
484,53b36df67ebb7c41585e8d54d6772e08,1
484,6f3b5b605d91b7439c5e3f5a8dffeea7,2
484,89321f94e35fc6d7903d36f74e351d40,5
484,8c591ab0ca519558779df02023177f44,1
484,a62e25e09e05e6faf31d90c6ec1aa3d1,1
484,bb50f2e236e5eea0100680137654686c,1
484,c4baedd846ed09b85f78a781b522f126,1
484,d1c427060a0f73f6b889a5c7c61f2ac4,4
484,d285360f29ac7fd97640bf0baef03de0,3
484,e0cf79767c5b016251fe139915c59a26,2
484,e53e557d5a159f5aa2c5e995dfdf244b,1
485,06edb72f1e0c64b14c5b79353f7abea3,1
485,0bcc3eeca39e1064258aa1e932269894,1
485,2b4609f8948be18874494203496bc318,2
485,35afc973633aaeb6b877ff57b2793310,2
485,389d119b48cf3043d311335e499d9c6b,1
485,3dd2a17168ec895c781a9191c1e95ad7,5
485,422879e10f46682990de24d770e7f83d,1
485,437c05a395e9e47f9762e677a7068ce7,3
485,53b36df67ebb7c41585e8d54d6772e08,4
485,6f3b5b605d91b7439c5e3f5a8dffeea7,1
485,89321f94e35fc6d7903d36f74e351d40,1
485,8c591ab0ca519558779df02023177f44,2
485,99a4788cb24856965c36a24e339b6058,2
485,b532349fe46b38fbc7bb3914c1bdae07,5
485,d017a2151d543a9885604dc62a3d9dcc,1
485,d1c427060a0f73f6b889a5c7c61f2ac4,1
485,e53e557d5a159f5aa2c5e995dfdf244b,1
486,06edb72f1e0c64b14c5b79353f7abea3,1
486,2b4609f8948be18874494203496bc318,2
486,3dd2a17168ec895c781a9191c1e95ad7,3
486,422879e10f46682990de24d770e7f83d,2
486,437c05a395e9e47f9762e677a7068ce7,1
486,53b36df67ebb7c41585e8d54d6772e08,2
486,6cdd53843498f92890544667809f1595,1
486,84f456958365164420cfc80fbe4c7fab,1
486,89321f94e35fc6d7903d36f74e351d40,2
486,99a4788cb24856965c36a24e339b6058,2
486,a62e25e09e05e6faf31d90c6ec1aa3d1,2
486,aca2eb7d00ea1a7b8ebd4e68314663af,5
486,b532349fe46b38fbc7bb3914c1bdae07,1
486,bb50f2e236e5eea0100680137654686c,1
486,d017a2151d543a9885604dc62a3d9dcc,1
486,d285360f29ac7fd97640bf0baef03de0,2
486,e0cf79767c5b016251fe139915c59a26,1
486,e0d64dcfaa3b6db5c54ca298ae101d05,2
486,e53e557d5a159f5aa2c5e995dfdf244b,2
487,06edb72f1e0c64b14c5b79353f7abea3,1
487,2b4609f8948be18874494203496bc318,1
487,389d119b48cf3043d311335e499d9c6b,3
487,3dd2a17168ec895c781a9191c1e95ad7,2
487,422879e10f46682990de24d770e7f83d,1
487,53759a2ecddad2bb87a079a1f1519f73,2
487,6cdd53843498f92890544667809f1595,3
487,84f456958365164420cfc80fbe4c7fab,1
487,89321f94e35fc6d7903d36f74e351d40,1
487,99a4788cb24856965c36a24e339b6058,1
487,aca2eb7d00ea1a7b8ebd4e68314663af,7
487,bb50f2e236e5eea0100680137654686c,2
487,e0d64dcfaa3b6db5c54ca298ae101d05,3
488,06edb72f1e0c64b14c5b79353f7abea3,1
488,368c6c730842d78016ad823897a372db,2
488,389d119b48cf3043d311335e499d9c6b,4
488,3dd2a17168ec895c781a9191c1e95ad7,3
488,422879e10f46682990de24d770e7f83d,2
488,aca2eb7d00ea1a7b8ebd4e68314663af,2
488,bb50f2e236e5eea0100680137654686c,1
488,d285360f29ac7fd97640bf0baef03de0,1
488,e0d64dcfaa3b6db5c54ca298ae101d05,3
488,ec2d43cc59763ec91694573b31f1c29a,1
489,06edb72f1e0c64b14c5b79353f7abea3,2
489,0bcc3eeca39e1064258aa1e932269894,2
489,389d119b48cf3043d311335e499d9c6b,2
489,422879e10f46682990de24d770e7f83d,10
489,53b36df67ebb7c41585e8d54d6772e08,1
489,89321f94e35fc6d7903d36f74e351d40,1
489,99a4788cb24856965c36a24e339b6058,1
489,aca2eb7d00ea1a7b8ebd4e68314663af,2
489,bb50f2e236e5eea0100680137654686c,1
489,d1c427060a0f73f6b889a5c7c61f2ac4,1
489,e0cf79767c5b016251fe139915c59a26,1
489,e0d64dcfaa3b6db5c54ca298ae101d05,1
490,06edb72f1e0c64b14c5b79353f7abea3,2
490,2b4609f8948be18874494203496bc318,1
490,368c6c730842d78016ad823897a372db,1
490,437c05a395e9e47f9762e677a7068ce7,3
490,84f456958365164420cfc80fbe4c7fab,1
490,8c591ab0ca519558779df02023177f44,1
490,a62e25e09e05e6faf31d90c6ec1aa3d1,1
490,aca2eb7d00ea1a7b8ebd4e68314663af,3
490,d285360f29ac7fd97640bf0baef03de0,1
491,06edb72f1e0c64b14c5b79353f7abea3,2
491,35afc973633aaeb6b877ff57b2793310,1
491,368c6c730842d78016ad823897a372db,1
491,389d119b48cf3043d311335e499d9c6b,2
491,3dd2a17168ec895c781a9191c1e95ad7,2
491,437c05a395e9e47f9762e677a7068ce7,1
491,89321f94e35fc6d7903d36f74e351d40,2
491,99a4788cb24856965c36a24e339b6058,1
491,a62e25e09e05e6faf31d90c6ec1aa3d1,6
491,aca2eb7d00ea1a7b8ebd4e68314663af,6
491,d1c427060a0f73f6b889a5c7c61f2ac4,1
491,d285360f29ac7fd97640bf0baef03de0,1
491,e0d64dcfaa3b6db5c54ca298ae101d05,2
492,35afc973633aaeb6b877ff57b2793310,1
492,3dd2a17168ec895c781a9191c1e95ad7,1
492,422879e10f46682990de24d770e7f83d,1
492,53759a2ecddad2bb87a079a1f1519f73,1
492,89321f94e35fc6d7903d36f74e351d40,1
492,a62e25e09e05e6faf31d90c6ec1aa3d1,7
492,aca2eb7d00ea1a7b8ebd4e68314663af,2
492,d017a2151d543a9885604dc62a3d9dcc,2
493,3dd2a17168ec895c781a9191c1e95ad7,3
493,437c05a395e9e47f9762e677a7068ce7,3
493,8c591ab0ca519558779df02023177f44,1
493,a62e25e09e05e6faf31d90c6ec1aa3d1,1
493,aca2eb7d00ea1a7b8ebd4e68314663af,7
494,35afc973633aaeb6b877ff57b2793310,1
494,368c6c730842d78016ad823897a372db,2
494,422879e10f46682990de24d770e7f83d,7
494,84f456958365164420cfc80fbe4c7fab,1
494,99a4788cb24856965c36a24e339b6058,2
494,aca2eb7d00ea1a7b8ebd4e68314663af,1
494,bb50f2e236e5eea0100680137654686c,1
494,d285360f29ac7fd97640bf0baef03de0,1
495,368c6c730842d78016ad823897a372db,1
495,422879e10f46682990de24d770e7f83d,1
495,53759a2ecddad2bb87a079a1f1519f73,1
495,84f456958365164420cfc80fbe4c7fab,1
495,99a4788cb24856965c36a24e339b6058,1
495,aca2eb7d00ea1a7b8ebd4e68314663af,5
495,e0cf79767c5b016251fe139915c59a26,1
496,2b4609f8948be18874494203496bc318,1
496,35afc973633aaeb6b877ff57b2793310,1
496,368c6c730842d78016ad823897a372db,2
496,3dd2a17168ec895c781a9191c1e95ad7,1
496,53759a2ecddad2bb87a079a1f1519f73,4
496,6cdd53843498f92890544667809f1595,1
496,99a4788cb24856965c36a24e339b6058,2
496,a92930c327948861c015c919a0bcb4a8,1
496,aca2eb7d00ea1a7b8ebd4e68314663af,3
496,bb50f2e236e5eea0100680137654686c,1
497,06edb72f1e0c64b14c5b79353f7abea3,1
497,368c6c730842d78016ad823897a372db,2
497,389d119b48cf3043d311335e499d9c6b,1
497,3dd2a17168ec895c781a9191c1e95ad7,1
497,461f43be3bdf8844e65b62d9ac2c7a5a,1
497,53759a2ecddad2bb87a079a1f1519f73,1
497,84f456958365164420cfc80fbe4c7fab,1
497,8c591ab0ca519558779df02023177f44,1
497,99a4788cb24856965c36a24e339b6058,1
497,a62e25e09e05e6faf31d90c6ec1aa3d1,1
497,b0961721fd839e9982420e807758a2a6,1
497,bb50f2e236e5eea0100680137654686c,1
498,0bcc3eeca39e1064258aa1e932269894,2
498,84f456958365164420cfc80fbe4c7fab,1
498,b532349fe46b38fbc7bb3914c1bdae07,2
498,e0cf79767c5b016251fe139915c59a26,1
498,e0d64dcfaa3b6db5c54ca298ae101d05,2
498,ec2d43cc59763ec91694573b31f1c29a,1
499,3dd2a17168ec895c781a9191c1e95ad7,1
499,422879e10f46682990de24d770e7f83d,1
499,53759a2ecddad2bb87a079a1f1519f73,1
499,a92930c327948861c015c919a0bcb4a8,1
499,aca2eb7d00ea1a7b8ebd4e68314663af,1
499,e0d64dcfaa3b6db5c54ca298ae101d05,3
500,3dd2a17168ec895c781a9191c1e95ad7,2
500,d1c427060a0f73f6b889a5c7c61f2ac4,1
500,d285360f29ac7fd97640bf0baef03de0,1
501,7c1bd920dbdf22470b68bde975dd3ccf,1
501,99a4788cb24856965c36a24e339b6058,2
501,a92930c327948861c015c919a0bcb4a8,2
501,b0961721fd839e9982420e807758a2a6,3
501,d017a2151d543a9885604dc62a3d9dcc,1
501,d285360f29ac7fd97640bf0baef03de0,2
501,e0d64dcfaa3b6db5c54ca298ae101d05,1
502,2b4609f8948be18874494203496bc318,1
502,3dd2a17168ec895c781a9191c1e95ad7,1
502,a62e25e09e05e6faf31d90c6ec1aa3d1,1
502,a92930c327948861c015c919a0bcb4a8,5
502,bb50f2e236e5eea0100680137654686c,1
502,e0d64dcfaa3b6db5c54ca298ae101d05,2
503,3dd2a17168ec895c781a9191c1e95ad7,1
503,3fbc0ef745950c7932d5f2a446189725,1
503,422879e10f46682990de24d770e7f83d,1
503,84f456958365164420cfc80fbe4c7fab,1
503,b0961721fd839e9982420e807758a2a6,1
503,b532349fe46b38fbc7bb3914c1bdae07,2
503,d285360f29ac7fd97640bf0baef03de0,2
503,e0d64dcfaa3b6db5c54ca298ae101d05,3
504,19c91ef95d509ea33eda93495c4d3481,1
504,2b4609f8948be18874494203496bc318,1
504,368c6c730842d78016ad823897a372db,1
504,3dd2a17168ec895c781a9191c1e95ad7,1
504,3fbc0ef745950c7932d5f2a446189725,4
504,84f456958365164420cfc80fbe4c7fab,2
504,89321f94e35fc6d7903d36f74e351d40,1
504,a92930c327948861c015c919a0bcb4a8,1
504,bb50f2e236e5eea0100680137654686c,3
504,d285360f29ac7fd97640bf0baef03de0,1
505,19c91ef95d509ea33eda93495c4d3481,4
505,368c6c730842d78016ad823897a372db,2
505,3dd2a17168ec895c781a9191c1e95ad7,2
505,3fbc0ef745950c7932d5f2a446189725,4
505,53759a2ecddad2bb87a079a1f1519f73,1
505,6cdd53843498f92890544667809f1595,1
505,84f456958365164420cfc80fbe4c7fab,1
505,b0961721fd839e9982420e807758a2a6,2
505,d1c427060a0f73f6b889a5c7c61f2ac4,3
505,e0cf79767c5b016251fe139915c59a26,2
505,e0d64dcfaa3b6db5c54ca298ae101d05,1
506,06edb72f1e0c64b14c5b79353f7abea3,1
506,19c91ef95d509ea33eda93495c4d3481,4
506,35afc973633aaeb6b877ff57b2793310,1
506,368c6c730842d78016ad823897a372db,2
506,389d119b48cf3043d311335e499d9c6b,1
506,3dd2a17168ec895c781a9191c1e95ad7,3
506,422879e10f46682990de24d770e7f83d,2
506,53759a2ecddad2bb87a079a1f1519f73,4
506,89321f94e35fc6d7903d36f74e351d40,1
506,99a4788cb24856965c36a24e339b6058,1
506,bb50f2e236e5eea0100680137654686c,1
506,d017a2151d543a9885604dc62a3d9dcc,1
507,0bcc3eeca39e1064258aa1e932269894,2
507,19c91ef95d509ea33eda93495c4d3481,1
507,3dd2a17168ec895c781a9191c1e95ad7,1
507,3fbc0ef745950c7932d5f2a446189725,1
507,461f43be3bdf8844e65b62d9ac2c7a5a,1
507,53759a2ecddad2bb87a079a1f1519f73,2
507,6cdd53843498f92890544667809f1595,1
507,a62e25e09e05e6faf31d90c6ec1aa3d1,4
507,a92930c327948861c015c919a0bcb4a8,2
507,b532349fe46b38fbc7bb3914c1bdae07,2
507,c4baedd846ed09b85f78a781b522f126,1
507,d1c427060a0f73f6b889a5c7c61f2ac4,1
508,0bcc3eeca39e1064258aa1e932269894,1
508,19c91ef95d509ea33eda93495c4d3481,2
508,2b4609f8948be18874494203496bc318,1
508,3dd2a17168ec895c781a9191c1e95ad7,1
508,3fbc0ef745950c7932d5f2a446189725,1
508,6cdd53843498f92890544667809f1595,1
508,84f456958365164420cfc80fbe4c7fab,1
508,a62e25e09e05e6faf31d90c6ec1aa3d1,2
508,a92930c327948861c015c919a0bcb4a8,1
508,bb50f2e236e5eea0100680137654686c,1
508,d017a2151d543a9885604dc62a3d9dcc,1
508,d1c427060a0f73f6b889a5c7c61f2ac4,3
508,e0cf79767c5b016251fe139915c59a26,1
508,e53e557d5a159f5aa2c5e995dfdf244b,1
509,3dd2a17168ec895c781a9191c1e95ad7,1
509,6cdd53843498f92890544667809f1595,1
509,84f456958365164420cfc80fbe4c7fab,1
509,99a4788cb24856965c36a24e339b6058,1
509,a62e25e09e05e6faf31d90c6ec1aa3d1,1
509,b532349fe46b38fbc7bb3914c1bdae07,2
509,c4baedd846ed09b85f78a781b522f126,1
509,d017a2151d543a9885604dc62a3d9dcc,1
509,d1c427060a0f73f6b889a5c7c61f2ac4,1
509,e0cf79767c5b016251fe139915c59a26,1
510,19c91ef95d509ea33eda93495c4d3481,2
510,2b4609f8948be18874494203496bc318,1
510,389d119b48cf3043d311335e499d9c6b,1
510,3dd2a17168ec895c781a9191c1e95ad7,1
510,437c05a395e9e47f9762e677a7068ce7,1
510,54d9ac713e253fa1fae9c8003b011c2a,1
510,99a4788cb24856965c36a24e339b6058,2
510,bb50f2e236e5eea0100680137654686c,2
510,d1c427060a0f73f6b889a5c7c61f2ac4,2
510,e0d64dcfaa3b6db5c54ca298ae101d05,2
511,19c91ef95d509ea33eda93495c4d3481,1
511,35afc973633aaeb6b877ff57b2793310,1
511,3dd2a17168ec895c781a9191c1e95ad7,2
511,52c80cedd4e90108bf4fa6a206ef6b03,1
511,6cdd53843498f92890544667809f1595,1
511,99a4788cb24856965c36a24e339b6058,3
512,19c91ef95d509ea33eda93495c4d3481,1
512,368c6c730842d78016ad823897a372db,2
512,389d119b48cf3043d311335e499d9c6b,1
512,3dd2a17168ec895c781a9191c1e95ad7,1
512,3fbc0ef745950c7932d5f2a446189725,3
512,437c05a395e9e47f9762e677a7068ce7,1
512,4c2394abfbac7ff59ec7a420918562fa,2
512,89321f94e35fc6d7903d36f74e351d40,3
512,99a4788cb24856965c36a24e339b6058,3
512,a62e25e09e05e6faf31d90c6ec1aa3d1,4
512,d017a2151d543a9885604dc62a3d9dcc,1
512,d1c427060a0f73f6b889a5c7c61f2ac4,1
512,e0d64dcfaa3b6db5c54ca298ae101d05,1
513,06edb72f1e0c64b14c5b79353f7abea3,1
513,389d119b48cf3043d311335e499d9c6b,1
513,3dd2a17168ec895c781a9191c1e95ad7,2
513,52c80cedd4e90108bf4fa6a206ef6b03,3
513,84f456958365164420cfc80fbe4c7fab,1
513,8c591ab0ca519558779df02023177f44,1
513,a92930c327948861c015c919a0bcb4a8,2
513,b532349fe46b38fbc7bb3914c1bdae07,3
513,c4baedd846ed09b85f78a781b522f126,1
513,d1c427060a0f73f6b889a5c7c61f2ac4,5
513,e0d64dcfaa3b6db5c54ca298ae101d05,2
514,2b4609f8948be18874494203496bc318,4
514,437c05a395e9e47f9762e677a7068ce7,1
514,6cdd53843498f92890544667809f1595,4
514,7c1bd920dbdf22470b68bde975dd3ccf,1
514,84f456958365164420cfc80fbe4c7fab,1
514,89321f94e35fc6d7903d36f74e351d40,1
514,8c591ab0ca519558779df02023177f44,1
514,99a4788cb24856965c36a24e339b6058,1
514,a92930c327948861c015c919a0bcb4a8,4
514,bb50f2e236e5eea0100680137654686c,1
514,c4baedd846ed09b85f78a781b522f126,1
514,e0d64dcfaa3b6db5c54ca298ae101d05,1
515,19c91ef95d509ea33eda93495c4d3481,2
515,52c80cedd4e90108bf4fa6a206ef6b03,1
515,84f456958365164420cfc80fbe4c7fab,1
515,99a4788cb24856965c36a24e339b6058,2
515,a62e25e09e05e6faf31d90c6ec1aa3d1,2
515,a92930c327948861c015c919a0bcb4a8,1
515,bb50f2e236e5eea0100680137654686c,1
515,d285360f29ac7fd97640bf0baef03de0,1
515,e0cf79767c5b016251fe139915c59a26,1
515,e53e557d5a159f5aa2c5e995dfdf244b,2
516,06edb72f1e0c64b14c5b79353f7abea3,2
516,2b4609f8948be18874494203496bc318,1
516,3dd2a17168ec895c781a9191c1e95ad7,1
516,437c05a395e9e47f9762e677a7068ce7,1
516,99a4788cb24856965c36a24e339b6058,1
516,a92930c327948861c015c919a0bcb4a8,1
516,bb50f2e236e5eea0100680137654686c,1
517,3dd2a17168ec895c781a9191c1e95ad7,1
517,3fbc0ef745950c7932d5f2a446189725,2
517,422879e10f46682990de24d770e7f83d,1
517,c4baedd846ed09b85f78a781b522f126,1
517,d017a2151d543a9885604dc62a3d9dcc,1
517,d1c427060a0f73f6b889a5c7c61f2ac4,2
518,06edb72f1e0c64b14c5b79353f7abea3,1
518,19c91ef95d509ea33eda93495c4d3481,1
518,2b4609f8948be18874494203496bc318,1
518,368c6c730842d78016ad823897a372db,1
518,3fbc0ef745950c7932d5f2a446189725,1
518,8c591ab0ca519558779df02023177f44,1
518,a62e25e09e05e6faf31d90c6ec1aa3d1,1
518,a92930c327948861c015c919a0bcb4a8,3
519,19c91ef95d509ea33eda93495c4d3481,3
519,2b4609f8948be18874494203496bc318,1
519,3dd2a17168ec895c781a9191c1e95ad7,1
519,53b36df67ebb7c41585e8d54d6772e08,2
519,7c1bd920dbdf22470b68bde975dd3ccf,1
519,99a4788cb24856965c36a24e339b6058,1
519,a62e25e09e05e6faf31d90c6ec1aa3d1,5
519,a92930c327948861c015c919a0bcb4a8,2
519,e0d64dcfaa3b6db5c54ca298ae101d05,1
520,0aabfb375647d9738ad0f7b4ea3653b1,1
520,19c91ef95d509ea33eda93495c4d3481,2
520,35afc973633aaeb6b877ff57b2793310,1
520,6cdd53843498f92890544667809f1595,1
520,84f456958365164420cfc80fbe4c7fab,1
520,89321f94e35fc6d7903d36f74e351d40,1
520,99a4788cb24856965c36a24e339b6058,1
520,a62e25e09e05e6faf31d90c6ec1aa3d1,3
520,a92930c327948861c015c919a0bcb4a8,4
520,aca2eb7d00ea1a7b8ebd4e68314663af,2
520,d017a2151d543a9885604dc62a3d9dcc,1
520,d1c427060a0f73f6b889a5c7c61f2ac4,1
521,154e7e31ebfa092203795c972e5804a6,1
521,19c91ef95d509ea33eda93495c4d3481,3
521,368c6c730842d78016ad823897a372db,4
521,36f60d45225e60c7da4558b070ce4b60,2
521,3dd2a17168ec895c781a9191c1e95ad7,1
521,3fbc0ef745950c7932d5f2a446189725,2
521,437c05a395e9e47f9762e677a7068ce7,1
521,84f456958365164420cfc80fbe4c7fab,1
521,8c591ab0ca519558779df02023177f44,2
521,a62e25e09e05e6faf31d90c6ec1aa3d1,1
521,a92930c327948861c015c919a0bcb4a8,2
521,d1c427060a0f73f6b889a5c7c61f2ac4,2
521,e0cf79767c5b016251fe139915c59a26,1
521,e53e557d5a159f5aa2c5e995dfdf244b,2
522,154e7e31ebfa092203795c972e5804a6,2
522,19c91ef95d509ea33eda93495c4d3481,3
522,3dd2a17168ec895c781a9191c1e95ad7,1
522,3fbc0ef745950c7932d5f2a446189725,2
522,54d9ac713e253fa1fae9c8003b011c2a,1
522,7c1bd920dbdf22470b68bde975dd3ccf,2
522,8c591ab0ca519558779df02023177f44,1
522,99a4788cb24856965c36a24e339b6058,1
522,a62e25e09e05e6faf31d90c6ec1aa3d1,1
522,a92930c327948861c015c919a0bcb4a8,4
522,d017a2151d543a9885604dc62a3d9dcc,1
522,d1c427060a0f73f6b889a5c7c61f2ac4,2
522,e53e557d5a159f5aa2c5e995dfdf244b,2
523,2b4609f8948be18874494203496bc318,1
523,84f456958365164420cfc80fbe4c7fab,1
523,8c591ab0ca519558779df02023177f44,1
523,99a4788cb24856965c36a24e339b6058,3
523,a62e25e09e05e6faf31d90c6ec1aa3d1,1
523,b0961721fd839e9982420e807758a2a6,1
523,bb50f2e236e5eea0100680137654686c,1
523,d017a2151d543a9885604dc62a3d9dcc,1
524,0bcc3eeca39e1064258aa1e932269894,1
524,19c91ef95d509ea33eda93495c4d3481,2
524,53b36df67ebb7c41585e8d54d6772e08,1
524,6cdd53843498f92890544667809f1595,1
524,6f3b5b605d91b7439c5e3f5a8dffeea7,1
524,b0961721fd839e9982420e807758a2a6,1
524,bb50f2e236e5eea0100680137654686c,1
524,e53e557d5a159f5aa2c5e995dfdf244b,1
524,ec2d43cc59763ec91694573b31f1c29a,1
525,19c91ef95d509ea33eda93495c4d3481,2
525,52c80cedd4e90108bf4fa6a206ef6b03,1
525,53b36df67ebb7c41585e8d54d6772e08,1
525,6f3b5b605d91b7439c5e3f5a8dffeea7,1
525,89321f94e35fc6d7903d36f74e351d40,1
525,8c591ab0ca519558779df02023177f44,1
525,a92930c327948861c015c919a0bcb4a8,2
525,d1c427060a0f73f6b889a5c7c61f2ac4,1
525,ec2d43cc59763ec91694573b31f1c29a,2
526,19c91ef95d509ea33eda93495c4d3481,1
526,3dd2a17168ec895c781a9191c1e95ad7,1
526,3fbc0ef745950c7932d5f2a446189725,2
526,437c05a395e9e47f9762e677a7068ce7,4
526,52c80cedd4e90108bf4fa6a206ef6b03,1
526,53b36df67ebb7c41585e8d54d6772e08,2
526,656e0eca68dcecf6a31b8ececfabe3e8,1
526,84f456958365164420cfc80fbe4c7fab,1
526,89321f94e35fc6d7903d36f74e351d40,1
526,a92930c327948861c015c919a0bcb4a8,1
526,bb50f2e236e5eea0100680137654686c,1
526,d1c427060a0f73f6b889a5c7c61f2ac4,1
527,19c91ef95d509ea33eda93495c4d3481,3
527,368c6c730842d78016ad823897a372db,2
527,389d119b48cf3043d311335e499d9c6b,1
527,3dd2a17168ec895c781a9191c1e95ad7,1
527,52c80cedd4e90108bf4fa6a206ef6b03,1
527,53b36df67ebb7c41585e8d54d6772e08,1
527,89321f94e35fc6d7903d36f74e351d40,1
527,8c591ab0ca519558779df02023177f44,1
527,99a4788cb24856965c36a24e339b6058,2
527,a92930c327948861c015c919a0bcb4a8,2
527,d017a2151d543a9885604dc62a3d9dcc,2
527,ec2d43cc59763ec91694573b31f1c29a,1
528,0bcc3eeca39e1064258aa1e932269894,1
528,19c91ef95d509ea33eda93495c4d3481,3
528,2b4609f8948be18874494203496bc318,1
528,389d119b48cf3043d311335e499d9c6b,1
528,3dd2a17168ec895c781a9191c1e95ad7,1
528,3fbc0ef745950c7932d5f2a446189725,2
528,422879e10f46682990de24d770e7f83d,6
528,53b36df67ebb7c41585e8d54d6772e08,1
528,656e0eca68dcecf6a31b8ececfabe3e8,2
528,7c1bd920dbdf22470b68bde975dd3ccf,1
528,89321f94e35fc6d7903d36f74e351d40,1
528,8c591ab0ca519558779df02023177f44,1
528,99a4788cb24856965c36a24e339b6058,1
528,a92930c327948861c015c919a0bcb4a8,1
528,bb50f2e236e5eea0100680137654686c,1
528,d1c427060a0f73f6b889a5c7c61f2ac4,1
528,e0d64dcfaa3b6db5c54ca298ae101d05,1
529,19c91ef95d509ea33eda93495c4d3481,2
529,368c6c730842d78016ad823897a372db,1
529,36f60d45225e60c7da4558b070ce4b60,1
529,3dd2a17168ec895c781a9191c1e95ad7,2
529,3fbc0ef745950c7932d5f2a446189725,1
529,422879e10f46682990de24d770e7f83d,2
529,53b36df67ebb7c41585e8d54d6772e08,1
529,a62e25e09e05e6faf31d90c6ec1aa3d1,1
529,b532349fe46b38fbc7bb3914c1bdae07,2
529,bb50f2e236e5eea0100680137654686c,1
529,d017a2151d543a9885604dc62a3d9dcc,2
530,52c80cedd4e90108bf4fa6a206ef6b03,1
530,53759a2ecddad2bb87a079a1f1519f73,1
530,656e0eca68dcecf6a31b8ececfabe3e8,1
530,6f3b5b605d91b7439c5e3f5a8dffeea7,1
530,7c1bd920dbdf22470b68bde975dd3ccf,1
530,84f456958365164420cfc80fbe4c7fab,1
530,89321f94e35fc6d7903d36f74e351d40,1
530,a62e25e09e05e6faf31d90c6ec1aa3d1,1
530,a92930c327948861c015c919a0bcb4a8,1
530,d1c427060a0f73f6b889a5c7c61f2ac4,1
530,e0d64dcfaa3b6db5c54ca298ae101d05,1
530,e53e557d5a159f5aa2c5e995dfdf244b,2
531,0aabfb375647d9738ad0f7b4ea3653b1,1
531,35afc973633aaeb6b877ff57b2793310,1
531,52c80cedd4e90108bf4fa6a206ef6b03,1
531,b532349fe46b38fbc7bb3914c1bdae07,2
531,c4baedd846ed09b85f78a781b522f126,1
531,e0cf79767c5b016251fe139915c59a26,1
532,19c91ef95d509ea33eda93495c4d3481,1
532,389d119b48cf3043d311335e499d9c6b,1
532,84f456958365164420cfc80fbe4c7fab,1
532,b0961721fd839e9982420e807758a2a6,2
532,e0cf79767c5b016251fe139915c59a26,1
533,19c91ef95d509ea33eda93495c4d3481,2
533,389d119b48cf3043d311335e499d9c6b,2
533,3fbc0ef745950c7932d5f2a446189725,3
533,52c80cedd4e90108bf4fa6a206ef6b03,3
533,53b36df67ebb7c41585e8d54d6772e08,4
533,7c1bd920dbdf22470b68bde975dd3ccf,1
533,89321f94e35fc6d7903d36f74e351d40,1
533,99a4788cb24856965c36a24e339b6058,2
533,a62e25e09e05e6faf31d90c6ec1aa3d1,1
534,19c91ef95d509ea33eda93495c4d3481,2
534,3fbc0ef745950c7932d5f2a446189725,3
534,53b36df67ebb7c41585e8d54d6772e08,3
534,6cdd53843498f92890544667809f1595,2
534,6f3b5b605d91b7439c5e3f5a8dffeea7,1
534,89321f94e35fc6d7903d36f74e351d40,1
534,99a4788cb24856965c36a24e339b6058,1
534,a92930c327948861c015c919a0bcb4a8,1
534,d017a2151d543a9885604dc62a3d9dcc,1
534,e0cf79767c5b016251fe139915c59a26,1
535,19c91ef95d509ea33eda93495c4d3481,1
535,3dd2a17168ec895c781a9191c1e95ad7,1
535,461f43be3bdf8844e65b62d9ac2c7a5a,1
535,89321f94e35fc6d7903d36f74e351d40,1
535,99a4788cb24856965c36a24e339b6058,3
535,a92930c327948861c015c919a0bcb4a8,2
535,bb50f2e236e5eea0100680137654686c,1
535,c4baedd846ed09b85f78a781b522f126,1
535,d1c427060a0f73f6b889a5c7c61f2ac4,1
535,d285360f29ac7fd97640bf0baef03de0,1
535,e0cf79767c5b016251fe139915c59a26,1
536,0bcc3eeca39e1064258aa1e932269894,1
536,19c91ef95d509ea33eda93495c4d3481,2
536,2b4609f8948be18874494203496bc318,1
536,389d119b48cf3043d311335e499d9c6b,2
536,3dd2a17168ec895c781a9191c1e95ad7,1
536,3fbc0ef745950c7932d5f2a446189725,1
536,53759a2ecddad2bb87a079a1f1519f73,2
536,53b36df67ebb7c41585e8d54d6772e08,1
536,6f3b5b605d91b7439c5e3f5a8dffeea7,4
536,89321f94e35fc6d7903d36f74e351d40,1
536,99a4788cb24856965c36a24e339b6058,1
536,a92930c327948861c015c919a0bcb4a8,1
536,b0961721fd839e9982420e807758a2a6,1
536,b532349fe46b38fbc7bb3914c1bdae07,1
536,d285360f29ac7fd97640bf0baef03de0,1
536,e53e557d5a159f5aa2c5e995dfdf244b,1
537,19c91ef95d509ea33eda93495c4d3481,2
537,36f60d45225e60c7da4558b070ce4b60,1
537,a92930c327948861c015c919a0bcb4a8,3
537,bb50f2e236e5eea0100680137654686c,1
538,0bcc3eeca39e1064258aa1e932269894,1
538,19c91ef95d509ea33eda93495c4d3481,1
538,35afc973633aaeb6b877ff57b2793310,1
538,389d119b48cf3043d311335e499d9c6b,1
538,a92930c327948861c015c919a0bcb4a8,1
539,19c91ef95d509ea33eda93495c4d3481,4
539,2b4609f8948be18874494203496bc318,1
539,36f60d45225e60c7da4558b070ce4b60,1
539,3dd2a17168ec895c781a9191c1e95ad7,1
539,3fbc0ef745950c7932d5f2a446189725,2
539,89321f94e35fc6d7903d36f74e351d40,3
539,a92930c327948861c015c919a0bcb4a8,3
539,e0cf79767c5b016251fe139915c59a26,2
540,19c91ef95d509ea33eda93495c4d3481,2
540,368c6c730842d78016ad823897a372db,1
540,36f60d45225e60c7da4558b070ce4b60,1
540,3dd2a17168ec895c781a9191c1e95ad7,1
540,437c05a395e9e47f9762e677a7068ce7,1
540,7c1bd920dbdf22470b68bde975dd3ccf,1
540,89321f94e35fc6d7903d36f74e351d40,1
540,d285360f29ac7fd97640bf0baef03de0,3
540,e53e557d5a159f5aa2c5e995dfdf244b,1
541,19c91ef95d509ea33eda93495c4d3481,1
541,389d119b48cf3043d311335e499d9c6b,1
541,3fbc0ef745950c7932d5f2a446189725,1
541,461f43be3bdf8844e65b62d9ac2c7a5a,1
541,53b36df67ebb7c41585e8d54d6772e08,1
541,84f456958365164420cfc80fbe4c7fab,1
541,bb50f2e236e5eea0100680137654686c,1
541,d285360f29ac7fd97640bf0baef03de0,2
541,e53e557d5a159f5aa2c5e995dfdf244b,2
542,19c91ef95d509ea33eda93495c4d3481,1
542,3fbc0ef745950c7932d5f2a446189725,2
542,89321f94e35fc6d7903d36f74e351d40,1
542,a92930c327948861c015c919a0bcb4a8,1
542,aca2eb7d00ea1a7b8ebd4e68314663af,1
542,d285360f29ac7fd97640bf0baef03de0,3
543,06edb72f1e0c64b14c5b79353f7abea3,1
543,0bcc3eeca39e1064258aa1e932269894,2
543,19c91ef95d509ea33eda93495c4d3481,3
543,3fbc0ef745950c7932d5f2a446189725,2
543,437c05a395e9e47f9762e677a7068ce7,1
543,a62e25e09e05e6faf31d90c6ec1aa3d1,1
543,bb50f2e236e5eea0100680137654686c,1
543,d285360f29ac7fd97640bf0baef03de0,3
544,154e7e31ebfa092203795c972e5804a6,1
544,2b4609f8948be18874494203496bc318,1
544,3dd2a17168ec895c781a9191c1e95ad7,3
544,3fbc0ef745950c7932d5f2a446189725,2
544,422879e10f46682990de24d770e7f83d,2
544,656e0eca68dcecf6a31b8ececfabe3e8,2
544,6cdd53843498f92890544667809f1595,2
544,c4baedd846ed09b85f78a781b522f126,1
544,d017a2151d543a9885604dc62a3d9dcc,1
544,d1c427060a0f73f6b889a5c7c61f2ac4,1
544,d285360f29ac7fd97640bf0baef03de0,9
545,19c91ef95d509ea33eda93495c4d3481,2
545,2b4609f8948be18874494203496bc318,1
545,3fbc0ef745950c7932d5f2a446189725,6
545,89321f94e35fc6d7903d36f74e351d40,1
545,8c591ab0ca519558779df02023177f44,1
545,d285360f29ac7fd97640bf0baef03de0,7
546,06edb72f1e0c64b14c5b79353f7abea3,2
546,19c91ef95d509ea33eda93495c4d3481,1
546,2b4609f8948be18874494203496bc318,1
546,52c80cedd4e90108bf4fa6a206ef6b03,1
546,84f456958365164420cfc80fbe4c7fab,1
546,89321f94e35fc6d7903d36f74e351d40,2
546,d285360f29ac7fd97640bf0baef03de0,13
547,0aabfb375647d9738ad0f7b4ea3653b1,1
547,19c91ef95d509ea33eda93495c4d3481,2
547,389d119b48cf3043d311335e499d9c6b,1
547,3dd2a17168ec895c781a9191c1e95ad7,4
547,3fbc0ef745950c7932d5f2a446189725,2
547,52c80cedd4e90108bf4fa6a206ef6b03,1
547,6cdd53843498f92890544667809f1595,1
547,84f456958365164420cfc80fbe4c7fab,1
547,a62e25e09e05e6faf31d90c6ec1aa3d1,1
547,a92930c327948861c015c919a0bcb4a8,1
547,d1c427060a0f73f6b889a5c7c61f2ac4,1
547,d285360f29ac7fd97640bf0baef03de0,2
547,e0cf79767c5b016251fe139915c59a26,1
547,e53e557d5a159f5aa2c5e995dfdf244b,1
548,06edb72f1e0c64b14c5b79353f7abea3,1
548,154e7e31ebfa092203795c972e5804a6,1
548,19c91ef95d509ea33eda93495c4d3481,4
548,389d119b48cf3043d311335e499d9c6b,1
548,3fbc0ef745950c7932d5f2a446189725,2
548,437c05a395e9e47f9762e677a7068ce7,1
548,53b36df67ebb7c41585e8d54d6772e08,1
548,6cdd53843498f92890544667809f1595,1
548,6f3b5b605d91b7439c5e3f5a8dffeea7,2
548,84f456958365164420cfc80fbe4c7fab,1
548,8c591ab0ca519558779df02023177f44,1
548,a92930c327948861c015c919a0bcb4a8,2
548,d1c427060a0f73f6b889a5c7c61f2ac4,2
549,19c91ef95d509ea33eda93495c4d3481,2
549,35afc973633aaeb6b877ff57b2793310,1
549,3dd2a17168ec895c781a9191c1e95ad7,1
549,3fbc0ef745950c7932d5f2a446189725,1
549,422879e10f46682990de24d770e7f83d,1
549,53759a2ecddad2bb87a079a1f1519f73,1
549,84f456958365164420cfc80fbe4c7fab,1
549,a92930c327948861c015c919a0bcb4a8,1
549,e0cf79767c5b016251fe139915c59a26,3
549,e53e557d5a159f5aa2c5e995dfdf244b,2
550,35afc973633aaeb6b877ff57b2793310,2
550,53759a2ecddad2bb87a079a1f1519f73,1
550,6cdd53843498f92890544667809f1595,2
550,6f3b5b605d91b7439c5e3f5a8dffeea7,1
550,89321f94e35fc6d7903d36f74e351d40,1
550,a62e25e09e05e6faf31d90c6ec1aa3d1,1
550,b532349fe46b38fbc7bb3914c1bdae07,2
550,d285360f29ac7fd97640bf0baef03de0,1
551,2028bf1b01cafb2d2b1901fca4083222,2
551,2b4609f8948be18874494203496bc318,2
551,53759a2ecddad2bb87a079a1f1519f73,1
551,a92930c327948861c015c919a0bcb4a8,7
551,b532349fe46b38fbc7bb3914c1bdae07,3
551,d017a2151d543a9885604dc62a3d9dcc,1
552,2028bf1b01cafb2d2b1901fca4083222,2
552,368c6c730842d78016ad823897a372db,1
552,6f3b5b605d91b7439c5e3f5a8dffeea7,2
552,8c591ab0ca519558779df02023177f44,1
552,a92930c327948861c015c919a0bcb4a8,2
552,b532349fe46b38fbc7bb3914c1bdae07,2
552,c4baedd846ed09b85f78a781b522f126,1
553,0bcc3eeca39e1064258aa1e932269894,1
553,35afc973633aaeb6b877ff57b2793310,1
553,a92930c327948861c015c919a0bcb4a8,1
553,aca2eb7d00ea1a7b8ebd4e68314663af,1
553,c4baedd846ed09b85f78a781b522f126,1
554,06edb72f1e0c64b14c5b79353f7abea3,1
554,2028bf1b01cafb2d2b1901fca4083222,1
554,389d119b48cf3043d311335e499d9c6b,1
554,656e0eca68dcecf6a31b8ececfabe3e8,4
554,a92930c327948861c015c919a0bcb4a8,4
554,bb50f2e236e5eea0100680137654686c,1
554,e0cf79767c5b016251fe139915c59a26,1
555,2b4609f8948be18874494203496bc318,1
555,422879e10f46682990de24d770e7f83d,1
555,53759a2ecddad2bb87a079a1f1519f73,2
555,6cdd53843498f92890544667809f1595,3
555,84f456958365164420cfc80fbe4c7fab,1
555,89321f94e35fc6d7903d36f74e351d40,1
555,99a4788cb24856965c36a24e339b6058,1
555,a62e25e09e05e6faf31d90c6ec1aa3d1,1
555,a92930c327948861c015c919a0bcb4a8,1
555,e0cf79767c5b016251fe139915c59a26,3
556,0bcc3eeca39e1064258aa1e932269894,1
556,2b4609f8948be18874494203496bc318,1
556,389d119b48cf3043d311335e499d9c6b,1
556,53759a2ecddad2bb87a079a1f1519f73,1
556,656e0eca68dcecf6a31b8ececfabe3e8,1
556,6f3b5b605d91b7439c5e3f5a8dffeea7,1
556,8c591ab0ca519558779df02023177f44,1
556,a62e25e09e05e6faf31d90c6ec1aa3d1,1
556,a92930c327948861c015c919a0bcb4a8,2
556,d017a2151d543a9885604dc62a3d9dcc,2
556,e0cf79767c5b016251fe139915c59a26,3
557,35afc973633aaeb6b877ff57b2793310,3
557,368c6c730842d78016ad823897a372db,1
557,437c05a395e9e47f9762e677a7068ce7,1
557,52c80cedd4e90108bf4fa6a206ef6b03,1
557,89321f94e35fc6d7903d36f74e351d40,4
557,99a4788cb24856965c36a24e339b6058,1
557,a92930c327948861c015c919a0bcb4a8,5
557,bb50f2e236e5eea0100680137654686c,1
557,c4baedd846ed09b85f78a781b522f126,1
557,d017a2151d543a9885604dc62a3d9dcc,1
557,d1c427060a0f73f6b889a5c7c61f2ac4,3
558,2028bf1b01cafb2d2b1901fca4083222,1
558,3dd2a17168ec895c781a9191c1e95ad7,1
558,422879e10f46682990de24d770e7f83d,1
558,53759a2ecddad2bb87a079a1f1519f73,1
558,656e0eca68dcecf6a31b8ececfabe3e8,3
558,84f456958365164420cfc80fbe4c7fab,1
558,89321f94e35fc6d7903d36f74e351d40,1
558,a62e25e09e05e6faf31d90c6ec1aa3d1,1
559,154e7e31ebfa092203795c972e5804a6,1
559,35afc973633aaeb6b877ff57b2793310,1
559,389d119b48cf3043d311335e499d9c6b,3
559,461f43be3bdf8844e65b62d9ac2c7a5a,1
559,53b36df67ebb7c41585e8d54d6772e08,1
559,6f3b5b605d91b7439c5e3f5a8dffeea7,2
559,89321f94e35fc6d7903d36f74e351d40,2
559,bb50f2e236e5eea0100680137654686c,6
559,d1c427060a0f73f6b889a5c7c61f2ac4,1
559,e0d64dcfaa3b6db5c54ca298ae101d05,1
559,ec2d43cc59763ec91694573b31f1c29a,2
560,2028bf1b01cafb2d2b1901fca4083222,1
560,2b4609f8948be18874494203496bc318,1
560,6f3b5b605d91b7439c5e3f5a8dffeea7,1
560,89321f94e35fc6d7903d36f74e351d40,1
560,bb50f2e236e5eea0100680137654686c,1
560,e0d64dcfaa3b6db5c54ca298ae101d05,1
561,35afc973633aaeb6b877ff57b2793310,1
561,437c05a395e9e47f9762e677a7068ce7,1
561,461f43be3bdf8844e65b62d9ac2c7a5a,1
561,656e0eca68dcecf6a31b8ececfabe3e8,3
561,89321f94e35fc6d7903d36f74e351d40,1
561,a62e25e09e05e6faf31d90c6ec1aa3d1,1
561,a92930c327948861c015c919a0bcb4a8,1
561,d017a2151d543a9885604dc62a3d9dcc,1
561,e0cf79767c5b016251fe139915c59a26,1
562,06edb72f1e0c64b14c5b79353f7abea3,3
562,2028bf1b01cafb2d2b1901fca4083222,1
562,35afc973633aaeb6b877ff57b2793310,1
562,422879e10f46682990de24d770e7f83d,1
562,461f43be3bdf8844e65b62d9ac2c7a5a,1
562,52c80cedd4e90108bf4fa6a206ef6b03,2
562,656e0eca68dcecf6a31b8ececfabe3e8,5
562,84f456958365164420cfc80fbe4c7fab,1
562,89321f94e35fc6d7903d36f74e351d40,1
562,8c591ab0ca519558779df02023177f44,1
562,99a4788cb24856965c36a24e339b6058,1
562,a92930c327948861c015c919a0bcb4a8,1
562,b532349fe46b38fbc7bb3914c1bdae07,2
562,c4baedd846ed09b85f78a781b522f126,2
562,e0cf79767c5b016251fe139915c59a26,1
563,154e7e31ebfa092203795c972e5804a6,1
563,368c6c730842d78016ad823897a372db,1
563,3dd2a17168ec895c781a9191c1e95ad7,1
563,461f43be3bdf8844e65b62d9ac2c7a5a,1
563,52c80cedd4e90108bf4fa6a206ef6b03,1
563,53b36df67ebb7c41585e8d54d6772e08,1
563,6f3b5b605d91b7439c5e3f5a8dffeea7,3
563,a92930c327948861c015c919a0bcb4a8,1
563,e0cf79767c5b016251fe139915c59a26,2
563,e53e557d5a159f5aa2c5e995dfdf244b,1
564,2028bf1b01cafb2d2b1901fca4083222,1
564,389d119b48cf3043d311335e499d9c6b,2
564,54d9ac713e253fa1fae9c8003b011c2a,1
564,6f3b5b605d91b7439c5e3f5a8dffeea7,1
564,89321f94e35fc6d7903d36f74e351d40,1
564,a62e25e09e05e6faf31d90c6ec1aa3d1,1
564,bb50f2e236e5eea0100680137654686c,1
564,d017a2151d543a9885604dc62a3d9dcc,3
565,35afc973633aaeb6b877ff57b2793310,1
565,3dd2a17168ec895c781a9191c1e95ad7,1
565,437c05a395e9e47f9762e677a7068ce7,1
565,461f43be3bdf8844e65b62d9ac2c7a5a,1
565,89321f94e35fc6d7903d36f74e351d40,1
565,a62e25e09e05e6faf31d90c6ec1aa3d1,1
565,a92930c327948861c015c919a0bcb4a8,1
565,b532349fe46b38fbc7bb3914c1bdae07,2
565,c4baedd846ed09b85f78a781b522f126,1
565,d017a2151d543a9885604dc62a3d9dcc,2
565,d1c427060a0f73f6b889a5c7c61f2ac4,1
566,06edb72f1e0c64b14c5b79353f7abea3,1
566,19c91ef95d509ea33eda93495c4d3481,1
566,35afc973633aaeb6b877ff57b2793310,1
566,422879e10f46682990de24d770e7f83d,1
566,6cdd53843498f92890544667809f1595,1
566,6f3b5b605d91b7439c5e3f5a8dffeea7,1
566,84f456958365164420cfc80fbe4c7fab,1
566,a62e25e09e05e6faf31d90c6ec1aa3d1,1
566,a92930c327948861c015c919a0bcb4a8,3
566,b532349fe46b38fbc7bb3914c1bdae07,1
566,d017a2151d543a9885604dc62a3d9dcc,4
567,0bcc3eeca39e1064258aa1e932269894,1
567,19c91ef95d509ea33eda93495c4d3481,1
567,2b4609f8948be18874494203496bc318,1
567,3dd2a17168ec895c781a9191c1e95ad7,1
567,3fbc0ef745950c7932d5f2a446189725,1
567,422879e10f46682990de24d770e7f83d,1
567,437c05a395e9e47f9762e677a7068ce7,1
567,461f43be3bdf8844e65b62d9ac2c7a5a,1
567,6cdd53843498f92890544667809f1595,1
567,7c1bd920dbdf22470b68bde975dd3ccf,1
567,99a4788cb24856965c36a24e339b6058,1
567,a92930c327948861c015c919a0bcb4a8,4
567,d1c427060a0f73f6b889a5c7c61f2ac4,1
567,e0cf79767c5b016251fe139915c59a26,2
567,e0d64dcfaa3b6db5c54ca298ae101d05,1
568,0bcc3eeca39e1064258aa1e932269894,1
568,389d119b48cf3043d311335e499d9c6b,2
568,3fbc0ef745950c7932d5f2a446189725,2
568,422879e10f46682990de24d770e7f83d,2
568,437c05a395e9e47f9762e677a7068ce7,1
568,53759a2ecddad2bb87a079a1f1519f73,2
568,656e0eca68dcecf6a31b8ececfabe3e8,1
568,89321f94e35fc6d7903d36f74e351d40,1
568,99a4788cb24856965c36a24e339b6058,1
568,a62e25e09e05e6faf31d90c6ec1aa3d1,1
568,a92930c327948861c015c919a0bcb4a8,3
568,aca2eb7d00ea1a7b8ebd4e68314663af,1
568,b532349fe46b38fbc7bb3914c1bdae07,3
568,bb50f2e236e5eea0100680137654686c,3
568,d017a2151d543a9885604dc62a3d9dcc,2
568,e53e557d5a159f5aa2c5e995dfdf244b,1
569,0bcc3eeca39e1064258aa1e932269894,1
569,19c91ef95d509ea33eda93495c4d3481,4
569,368c6c730842d78016ad823897a372db,1
569,437c05a395e9e47f9762e677a7068ce7,2
569,5a848e4ab52fd5445cdc07aab1c40e48,1
569,89321f94e35fc6d7903d36f74e351d40,2
569,a62e25e09e05e6faf31d90c6ec1aa3d1,2
569,bb50f2e236e5eea0100680137654686c,7
569,d1c427060a0f73f6b889a5c7c61f2ac4,3
569,e0cf79767c5b016251fe139915c59a26,1
570,0bcc3eeca39e1064258aa1e932269894,2
570,19c91ef95d509ea33eda93495c4d3481,1
570,3dd2a17168ec895c781a9191c1e95ad7,1
570,6f3b5b605d91b7439c5e3f5a8dffeea7,1
570,89321f94e35fc6d7903d36f74e351d40,1
570,b0961721fd839e9982420e807758a2a6,1
570,c4baedd846ed09b85f78a781b522f126,2
570,e0cf79767c5b016251fe139915c59a26,1
570,e0d64dcfaa3b6db5c54ca298ae101d05,1
571,06edb72f1e0c64b14c5b79353f7abea3,1
571,19c91ef95d509ea33eda93495c4d3481,2
571,368c6c730842d78016ad823897a372db,1
571,389d119b48cf3043d311335e499d9c6b,2
571,3dd2a17168ec895c781a9191c1e95ad7,1
571,3fbc0ef745950c7932d5f2a446189725,3
571,437c05a395e9e47f9762e677a7068ce7,2
571,53759a2ecddad2bb87a079a1f1519f73,1
571,5a848e4ab52fd5445cdc07aab1c40e48,1
571,a92930c327948861c015c919a0bcb4a8,1
571,aca2eb7d00ea1a7b8ebd4e68314663af,1
571,bb50f2e236e5eea0100680137654686c,1
571,d017a2151d543a9885604dc62a3d9dcc,1
571,e0cf79767c5b016251fe139915c59a26,1
571,e0d64dcfaa3b6db5c54ca298ae101d05,2
572,19c91ef95d509ea33eda93495c4d3481,2
572,6f3b5b605d91b7439c5e3f5a8dffeea7,1
572,89321f94e35fc6d7903d36f74e351d40,1
572,b532349fe46b38fbc7bb3914c1bdae07,3
572,bb50f2e236e5eea0100680137654686c,2
572,e0d64dcfaa3b6db5c54ca298ae101d05,2
573,19c91ef95d509ea33eda93495c4d3481,3
573,368c6c730842d78016ad823897a372db,1
573,89321f94e35fc6d7903d36f74e351d40,1
573,b532349fe46b38fbc7bb3914c1bdae07,4
573,d017a2151d543a9885604dc62a3d9dcc,2
574,19c91ef95d509ea33eda93495c4d3481,1
574,52c80cedd4e90108bf4fa6a206ef6b03,2
574,53759a2ecddad2bb87a079a1f1519f73,1
574,6cdd53843498f92890544667809f1595,1
574,bb50f2e236e5eea0100680137654686c,1
574,c4baedd846ed09b85f78a781b522f126,1
574,d1c427060a0f73f6b889a5c7c61f2ac4,1
575,06edb72f1e0c64b14c5b79353f7abea3,1
575,154e7e31ebfa092203795c972e5804a6,1
575,19c91ef95d509ea33eda93495c4d3481,2
575,2028bf1b01cafb2d2b1901fca4083222,1
575,35afc973633aaeb6b877ff57b2793310,1
575,389d119b48cf3043d311335e499d9c6b,2
575,3fbc0ef745950c7932d5f2a446189725,4
575,422879e10f46682990de24d770e7f83d,1
575,5a848e4ab52fd5445cdc07aab1c40e48,1
575,6cdd53843498f92890544667809f1595,1
575,99a4788cb24856965c36a24e339b6058,4
575,a92930c327948861c015c919a0bcb4a8,1
575,bb50f2e236e5eea0100680137654686c,1
575,d017a2151d543a9885604dc62a3d9dcc,2
575,d1c427060a0f73f6b889a5c7c61f2ac4,1
575,e0cf79767c5b016251fe139915c59a26,1
576,06edb72f1e0c64b14c5b79353f7abea3,1
576,0bcc3eeca39e1064258aa1e932269894,1
576,19c91ef95d509ea33eda93495c4d3481,1
576,2028bf1b01cafb2d2b1901fca4083222,1
576,2b4609f8948be18874494203496bc318,1
576,3fbc0ef745950c7932d5f2a446189725,3
576,422879e10f46682990de24d770e7f83d,1
576,52c80cedd4e90108bf4fa6a206ef6b03,1
576,6cdd53843498f92890544667809f1595,1
576,8c591ab0ca519558779df02023177f44,1
576,d1c427060a0f73f6b889a5c7c61f2ac4,1
576,e0cf79767c5b016251fe139915c59a26,2
576,e0d64dcfaa3b6db5c54ca298ae101d05,2
577,19c91ef95d509ea33eda93495c4d3481,2
577,3fbc0ef745950c7932d5f2a446189725,1
577,89321f94e35fc6d7903d36f74e351d40,1
577,a62e25e09e05e6faf31d90c6ec1aa3d1,1
577,a92930c327948861c015c919a0bcb4a8,4
577,b0961721fd839e9982420e807758a2a6,1
577,bb50f2e236e5eea0100680137654686c,1
577,e0d64dcfaa3b6db5c54ca298ae101d05,1
578,19c91ef95d509ea33eda93495c4d3481,3
578,2028bf1b01cafb2d2b1901fca4083222,1
578,2b4609f8948be18874494203496bc318,1
578,368c6c730842d78016ad823897a372db,1
578,389d119b48cf3043d311335e499d9c6b,2
578,3fbc0ef745950c7932d5f2a446189725,4
578,437c05a395e9e47f9762e677a7068ce7,2
578,6cdd53843498f92890544667809f1595,1
578,7c1bd920dbdf22470b68bde975dd3ccf,1
578,a92930c327948861c015c919a0bcb4a8,4
578,bb50f2e236e5eea0100680137654686c,1
578,d017a2151d543a9885604dc62a3d9dcc,2
579,06edb72f1e0c64b14c5b79353f7abea3,1
579,19c91ef95d509ea33eda93495c4d3481,3
579,3fbc0ef745950c7932d5f2a446189725,3
579,437c05a395e9e47f9762e677a7068ce7,2
579,52c80cedd4e90108bf4fa6a206ef6b03,1
579,6cdd53843498f92890544667809f1595,1
579,89321f94e35fc6d7903d36f74e351d40,1
579,a92930c327948861c015c919a0bcb4a8,1
579,b532349fe46b38fbc7bb3914c1bdae07,3
579,bb50f2e236e5eea0100680137654686c,2
579,d017a2151d543a9885604dc62a3d9dcc,1
580,06edb72f1e0c64b14c5b79353f7abea3,2
580,3fbc0ef745950c7932d5f2a446189725,1
580,52c80cedd4e90108bf4fa6a206ef6b03,1
580,6f3b5b605d91b7439c5e3f5a8dffeea7,1
580,aca2eb7d00ea1a7b8ebd4e68314663af,1
580,bb50f2e236e5eea0100680137654686c,1
580,e0d64dcfaa3b6db5c54ca298ae101d05,1
581,19c91ef95d509ea33eda93495c4d3481,5
581,3fbc0ef745950c7932d5f2a446189725,1
581,99a4788cb24856965c36a24e339b6058,1
581,b0961721fd839e9982420e807758a2a6,1
582,3fbc0ef745950c7932d5f2a446189725,1
582,5a848e4ab52fd5445cdc07aab1c40e48,1
582,a92930c327948861c015c919a0bcb4a8,2
582,c4baedd846ed09b85f78a781b522f126,1
582,d1c427060a0f73f6b889a5c7c61f2ac4,1
583,06edb72f1e0c64b14c5b79353f7abea3,1
583,0bcc3eeca39e1064258aa1e932269894,1
583,19c91ef95d509ea33eda93495c4d3481,1
583,2b4609f8948be18874494203496bc318,1
583,3fbc0ef745950c7932d5f2a446189725,2
583,52c80cedd4e90108bf4fa6a206ef6b03,1
583,6cdd53843498f92890544667809f1595,2
583,6f3b5b605d91b7439c5e3f5a8dffeea7,1
583,7c1bd920dbdf22470b68bde975dd3ccf,1
583,bb50f2e236e5eea0100680137654686c,3
583,e0d64dcfaa3b6db5c54ca298ae101d05,1
584,3fbc0ef745950c7932d5f2a446189725,2
584,53759a2ecddad2bb87a079a1f1519f73,3
584,6f3b5b605d91b7439c5e3f5a8dffeea7,1
584,8c591ab0ca519558779df02023177f44,1
584,a92930c327948861c015c919a0bcb4a8,2
584,bb50f2e236e5eea0100680137654686c,2
584,d1c427060a0f73f6b889a5c7c61f2ac4,1
585,2b4609f8948be18874494203496bc318,1
586,6f3b5b605d91b7439c5e3f5a8dffeea7,1
586,a92930c327948861c015c919a0bcb4a8,1
586,d017a2151d543a9885604dc62a3d9dcc,1
586,e0cf79767c5b016251fe139915c59a26,1
587,2b4609f8948be18874494203496bc318,1
587,368c6c730842d78016ad823897a372db,1
587,bb50f2e236e5eea0100680137654686c,1
587,c4baedd846ed09b85f78a781b522f126,1
588,bb50f2e236e5eea0100680137654686c,1
588,e0cf79767c5b016251fe139915c59a26,1
589,2b4609f8948be18874494203496bc318,1
590,e0cf79767c5b016251fe139915c59a26,1
