step,sku,qty
0,c1488892604e4ba5cff5b4eb4d595400,2
4,30469bb5ea377eae7121981e2f0778e4,1
4,777d2e438a1b645f3aec9bd57e92672c,1
5,c1488892604e4ba5cff5b4eb4d595400,1
6,6cdd53843498f92890544667809f1595,1
6,ace5d86cf1ac63cdb76f49e5cd23d2f8,1
7,07c055536ebf10dfbb6c6db6dbfc36e5,1
7,a5f6ba3fe91a2e73f10b612131cb2404,1
7,ca38c039b717207dec906f4fa9a21db7,2
8,6cdd53843498f92890544667809f1595,1
8,a5f6ba3fe91a2e73f10b612131cb2404,1
8,c1488892604e4ba5cff5b4eb4d595400,1
9,6cdd53843498f92890544667809f1595,1
9,a50acd33ba7a8da8e9db65094fa990a4,1
9,a5f6ba3fe91a2e73f10b612131cb2404,1
9,d696750e550fd0f733979dd7e5dff921,1
9,dd6a505f83dd3c6326aa9856519e0978,1
10,8d1cfc0463b545928bfb4e589e017bd4,1
10,91b08d34d0ba4db44da2dc382867ba49,1
10,d5b703c271f43f9c588a6f512a00f77e,1
11,6cdd53843498f92890544667809f1595,1
12,a703f5ade6e4fae527357132230ea778,1
12,ace5d86cf1ac63cdb76f49e5cd23d2f8,1
13,30469bb5ea377eae7121981e2f0778e4,1
13,880be32f4db1d9f6e2bec38fb6ac23ab,1
13,a703f5ade6e4fae527357132230ea778,1
13,ca38c039b717207dec906f4fa9a21db7,2
14,6cdd53843498f92890544667809f1595,2
14,777d2e438a1b645f3aec9bd57e92672c,2
14,81288df52439985f610be64465e53f57,1
14,880be32f4db1d9f6e2bec38fb6ac23ab,1
14,a703f5ade6e4fae527357132230ea778,2
14,d696750e550fd0f733979dd7e5dff921,2
15,30469bb5ea377eae7121981e2f0778e4,1
15,473795a355d29305c3ea6b156833adf5,1
15,777d2e438a1b645f3aec9bd57e92672c,1
15,a703f5ade6e4fae527357132230ea778,1
16,4fcb3d9a5f4871e8362dfedbdb02b064,1
16,7d854ab97c64ef9df2bbfaf332765786,1
16,81288df52439985f610be64465e53f57,1
16,9fe172fa8e662ca8572cf12abf8bce23,1
16,a703f5ade6e4fae527357132230ea778,3
16,a8fe47ad6f852f93cc92c7b408687de3,1
16,d5b703c271f43f9c588a6f512a00f77e,1
17,027cdd14a677a5834bc67a9789db5021,3
17,11875b30b49585209e608f40e8082e65,2
17,11fd9d7ba552e1d28872e008acf1e050,1
17,77cc62dc80ebe12a0452d1ce0565acdc,1
17,a703f5ade6e4fae527357132230ea778,2
17,d696750e550fd0f733979dd7e5dff921,1
17,ec5b3c8bb77ad22278f6e9d719a83de3,1
18,027cdd14a677a5834bc67a9789db5021,1
18,473795a355d29305c3ea6b156833adf5,1
18,68a058d125ba1544e726898f0b8c0523,2
18,8aa6223e400af9c97b07c75993142721,1
18,8c5876b1c7768217964f353bc7e64393,1
18,a703f5ade6e4fae527357132230ea778,1
18,c1488892604e4ba5cff5b4eb4d595400,1
18,ecbe1ef7e2903ff8b1d704ba78fa264d,3
19,11875b30b49585209e608f40e8082e65,1
19,30469bb5ea377eae7121981e2f0778e4,1
19,777d2e438a1b645f3aec9bd57e92672c,1
19,880be32f4db1d9f6e2bec38fb6ac23ab,1
19,a50acd33ba7a8da8e9db65094fa990a4,1
19,aba86c093ccdbac75b09111d57e50004,1
20,30469bb5ea377eae7121981e2f0778e4,1
20,473795a355d29305c3ea6b156833adf5,1
20,5bfc7506459ae2a7b4b573fe557a58e1,1
20,777d2e438a1b645f3aec9bd57e92672c,1
20,a703f5ade6e4fae527357132230ea778,1
20,af51d485dc5255ba2e18b21b550156e6,1
21,027cdd14a677a5834bc67a9789db5021,1
21,060cb19345d90064d1015407193c233d,1
21,386486367c1f9d4f587a8864ccb6902b,1
21,5bfc7506459ae2a7b4b573fe557a58e1,1
21,77cc62dc80ebe12a0452d1ce0565acdc,1
21,7e0dc102074f8285580c9777f79c90cf,2
21,a35a9f46dcee0a67c8c7ad8493eb4135,1
21,a50acd33ba7a8da8e9db65094fa990a4,1
21,c94d19d021d4a8fbae5a45f904aeea90,1
22,027cdd14a677a5834bc67a9789db5021,1
22,11875b30b49585209e608f40e8082e65,1
22,4520766ec412348b8d4caa5e8a18c464,1
22,473795a355d29305c3ea6b156833adf5,2
22,6cdd53843498f92890544667809f1595,2
22,7340a3839a1de1e99d149b8cf052a2ec,2
22,7c1bd920dbdf22470b68bde975dd3ccf,1
22,87283a98b24f9f1ac3a31b631073cf47,1
22,aba86c093ccdbac75b09111d57e50004,3
22,c94d19d021d4a8fbae5a45f904aeea90,3
22,ecbe1ef7e2903ff8b1d704ba78fa264d,1
23,027cdd14a677a5834bc67a9789db5021,1
23,31639956e7fac87ecfd9d608040638bd,2
23,81288df52439985f610be64465e53f57,1
23,87283a98b24f9f1ac3a31b631073cf47,1
23,8d1cfc0463b545928bfb4e589e017bd4,1
23,c92f0e7b9d49a9543558d6532772441b,1
23,e94df75b2e9a8b056be0c144a731f55c,1
24,31639956e7fac87ecfd9d608040638bd,1
24,473795a355d29305c3ea6b156833adf5,3
24,6bbe55cf8f85c87b6eebb775a53402f4,1
24,6cdd53843498f92890544667809f1595,1
24,8317b177579dd27ff068b83205e2169b,1
24,91b08d34d0ba4db44da2dc382867ba49,3
24,a703f5ade6e4fae527357132230ea778,2
24,ace5d86cf1ac63cdb76f49e5cd23d2f8,1
24,c94d19d021d4a8fbae5a45f904aeea90,2
25,027cdd14a677a5834bc67a9789db5021,1
25,154e7e31ebfa092203795c972e5804a6,1
25,2a5806f10d0f00e5ad032dd2e3c8806e,1
25,473795a355d29305c3ea6b156833adf5,3
25,4ac50dbde931c0a5ed8c33d3dc047351,1
25,6cdd53843498f92890544667809f1595,1
25,81288df52439985f610be64465e53f57,2
25,880be32f4db1d9f6e2bec38fb6ac23ab,1
25,a703f5ade6e4fae527357132230ea778,1
26,027cdd14a677a5834bc67a9789db5021,2
26,473795a355d29305c3ea6b156833adf5,2
26,4ac50dbde931c0a5ed8c33d3dc047351,1
26,66a0a6e02b7f543e5b021ce361f267d4,1
26,81288df52439985f610be64465e53f57,1
26,a703f5ade6e4fae527357132230ea778,1
26,e251ebd2858be1aa7d9b2087a6992580,1
26,ecbe1ef7e2903ff8b1d704ba78fa264d,3
27,086351823300e0339f6955b27998c186,1
27,154e7e31ebfa092203795c972e5804a6,2
27,473795a355d29305c3ea6b156833adf5,1
27,66a0a6e02b7f543e5b021ce361f267d4,1
27,68a058d125ba1544e726898f0b8c0523,1
27,a703f5ade6e4fae527357132230ea778,1
27,aba86c093ccdbac75b09111d57e50004,1
28,11875b30b49585209e608f40e8082e65,1
28,154e7e31ebfa092203795c972e5804a6,1
28,98d61056e0568ba048e5d78038790e77,1
28,a50acd33ba7a8da8e9db65094fa990a4,2
28,a703f5ade6e4fae527357132230ea778,1
28,a8fe47ad6f852f93cc92c7b408687de3,1
28,dd6a505f83dd3c6326aa9856519e0978,1
29,11875b30b49585209e608f40e8082e65,1
29,154e7e31ebfa092203795c972e5804a6,1
29,3e442d09f9dfef002aadf31960869f65,1
29,4fcb3d9a5f4871e8362dfedbdb02b064,2
29,77cc62dc80ebe12a0452d1ce0565acdc,1
29,87283a98b24f9f1ac3a31b631073cf47,1
29,a703f5ade6e4fae527357132230ea778,3
29,e8316a4667e5870c85e906b1f062bde1,1
29,ecbe1ef7e2903ff8b1d704ba78fa264d,2
29,f4f67ccaece962d013a4e1d7dc3a61f7,1
30,11875b30b49585209e608f40e8082e65,1
30,154e7e31ebfa092203795c972e5804a6,2
30,2a5806f10d0f00e5ad032dd2e3c8806e,1
30,77cc62dc80ebe12a0452d1ce0565acdc,2
30,87283a98b24f9f1ac3a31b631073cf47,1
30,a50acd33ba7a8da8e9db65094fa990a4,1
30,a703f5ade6e4fae527357132230ea778,1
30,c92f0e7b9d49a9543558d6532772441b,2
30,dfb97c88e066dc22165f31648efe1312,2
31,2a5806f10d0f00e5ad032dd2e3c8806e,1
31,404a57563d487aecbc2b1a01d9b89aab,1
31,4520766ec412348b8d4caa5e8a18c464,2
31,473795a355d29305c3ea6b156833adf5,1
31,4fcb3d9a5f4871e8362dfedbdb02b064,1
31,68a058d125ba1544e726898f0b8c0523,1
31,8317b177579dd27ff068b83205e2169b,1
31,98d61056e0568ba048e5d78038790e77,1
31,a703f5ade6e4fae527357132230ea778,1
31,a9516a079e37a9c9c36b9b78b10169e8,2
32,66a0a6e02b7f543e5b021ce361f267d4,1
32,68a058d125ba1544e726898f0b8c0523,1
32,6cdd53843498f92890544667809f1595,1
32,7c1bd920dbdf22470b68bde975dd3ccf,1
32,880be32f4db1d9f6e2bec38fb6ac23ab,1
32,8ed094bfe076c568f6bb10feada3f75d,1
32,aba86c093ccdbac75b09111d57e50004,2
32,dfb97c88e066dc22165f31648efe1312,1
32,e8316a4667e5870c85e906b1f062bde1,2
32,ecbe1ef7e2903ff8b1d704ba78fa264d,1
33,154e7e31ebfa092203795c972e5804a6,1
33,3e442d09f9dfef002aadf31960869f65,2
33,81288df52439985f610be64465e53f57,1
33,880be32f4db1d9f6e2bec38fb6ac23ab,1
33,aba86c093ccdbac75b09111d57e50004,1
33,d5b703c271f43f9c588a6f512a00f77e,1
34,0705b33fb285827a578fce4899f1b921,1
34,7e0dc102074f8285580c9777f79c90cf,1
34,b59fb744c6f3cd1dc23b10f760848d98,1
35,4fcb3d9a5f4871e8362dfedbdb02b064,1
35,a9516a079e37a9c9c36b9b78b10169e8,1
35,dd6a505f83dd3c6326aa9856519e0978,1
35,e94df75b2e9a8b056be0c144a731f55c,1
35,f908d3bf313a1308bfb2a46ea2685347,2
36,52c80cedd4e90108bf4fa6a206ef6b03,1
36,880be32f4db1d9f6e2bec38fb6ac23ab,1
36,a35a9f46dcee0a67c8c7ad8493eb4135,2
36,a5341e3f8155dbb3e62323d3ea289729,1
36,a703f5ade6e4fae527357132230ea778,1
36,c6dd917a0be2a704582055949915ab32,1
36,f4f67ccaece962d013a4e1d7dc3a61f7,1
37,11875b30b49585209e608f40e8082e65,1
37,4fcb3d9a5f4871e8362dfedbdb02b064,2
37,66a0a6e02b7f543e5b021ce361f267d4,1
37,7e0dc102074f8285580c9777f79c90cf,1
37,87283a98b24f9f1ac3a31b631073cf47,1
37,8c591ab0ca519558779df02023177f44,1
37,d1c427060a0f73f6b889a5c7c61f2ac4,1
37,d5b703c271f43f9c588a6f512a00f77e,1
38,7e0dc102074f8285580c9777f79c90cf,1
38,8d1cfc0463b545928bfb4e589e017bd4,1
38,c857b96593773e940454e76efa8eabb3,1
39,3e442d09f9dfef002aadf31960869f65,1
39,98d61056e0568ba048e5d78038790e77,1
39,c6dd917a0be2a704582055949915ab32,1
40,4fcb3d9a5f4871e8362dfedbdb02b064,1
40,6cdd53843498f92890544667809f1595,1
40,8c5876b1c7768217964f353bc7e64393,3
40,91b08d34d0ba4db44da2dc382867ba49,1
40,a35a9f46dcee0a67c8c7ad8493eb4135,1
40,be837f2e0152a208d4386f4126d5bd7c,1
40,c6dd917a0be2a704582055949915ab32,3
40,e251ebd2858be1aa7d9b2087a6992580,5
40,f4f67ccaece962d013a4e1d7dc3a61f7,1
41,63de2743d05ab59d85caa49e49459ac1,1
41,7c1bd920dbdf22470b68bde975dd3ccf,1
41,91b08d34d0ba4db44da2dc382867ba49,1
41,c7b3cf9de7be95b3e09e7a63315685eb,1
41,d5b703c271f43f9c588a6f512a00f77e,1
42,4520766ec412348b8d4caa5e8a18c464,1
42,63de2743d05ab59d85caa49e49459ac1,1
42,6bbe55cf8f85c87b6eebb775a53402f4,1
42,77cc62dc80ebe12a0452d1ce0565acdc,1
42,7e0dc102074f8285580c9777f79c90cf,1
42,a703f5ade6e4fae527357132230ea778,1
43,880be32f4db1d9f6e2bec38fb6ac23ab,1
43,d1c427060a0f73f6b889a5c7c61f2ac4,1
44,0705b33fb285827a578fce4899f1b921,1
44,4520766ec412348b8d4caa5e8a18c464,1
44,63de2743d05ab59d85caa49e49459ac1,1
44,f35927953ed82e19d06ad3aac2f06353,2
45,060cb19345d90064d1015407193c233d,1
45,0705b33fb285827a578fce4899f1b921,1
45,154e7e31ebfa092203795c972e5804a6,1
45,22c5ddc22ea8cae84fc9917def682dc6,1
45,7c1bd920dbdf22470b68bde975dd3ccf,1
45,7d854ab97c64ef9df2bbfaf332765786,1
45,7e0dc102074f8285580c9777f79c90cf,1
45,880be32f4db1d9f6e2bec38fb6ac23ab,1
45,98d61056e0568ba048e5d78038790e77,1
45,c4baedd846ed09b85f78a781b522f126,1
45,c6dd917a0be2a704582055949915ab32,1
45,c7b3cf9de7be95b3e09e7a63315685eb,1
45,c857b96593773e940454e76efa8eabb3,1
45,d1c427060a0f73f6b889a5c7c61f2ac4,1
45,e251ebd2858be1aa7d9b2087a6992580,1
46,027cdd14a677a5834bc67a9789db5021,1
46,380b4664ba5bb18cc9db78ee6bac3558,1
46,386486367c1f9d4f587a8864ccb6902b,1
46,4ac50dbde931c0a5ed8c33d3dc047351,1
46,7d854ab97c64ef9df2bbfaf332765786,1
46,7e0dc102074f8285580c9777f79c90cf,1
46,c6dd917a0be2a704582055949915ab32,1
46,f71973c922ccaab05514a36a8bc741b8,1
47,0152f69b6cf919bcdaf117aa8c43e5a2,1
47,7340a3839a1de1e99d149b8cf052a2ec,1
47,7c1bd920dbdf22470b68bde975dd3ccf,1
47,7e0dc102074f8285580c9777f79c90cf,1
47,98d61056e0568ba048e5d78038790e77,1
47,ecbe1ef7e2903ff8b1d704ba78fa264d,1
48,6bbe55cf8f85c87b6eebb775a53402f4,2
48,7340a3839a1de1e99d149b8cf052a2ec,1
48,7c1bd920dbdf22470b68bde975dd3ccf,1
48,7e0dc102074f8285580c9777f79c90cf,1
48,91b08d34d0ba4db44da2dc382867ba49,1
49,027cdd14a677a5834bc67a9789db5021,1
49,154e7e31ebfa092203795c972e5804a6,1
49,69455f41626a745aea9ee9164cb9eafd,1
49,e251ebd2858be1aa7d9b2087a6992580,4
50,027cdd14a677a5834bc67a9789db5021,1
50,154e7e31ebfa092203795c972e5804a6,1
50,186fe07c8b8005ec6a498587ffbc1352,1
50,35afc973633aaeb6b877ff57b2793310,1
50,880be32f4db1d9f6e2bec38fb6ac23ab,1
50,99a4788cb24856965c36a24e339b6058,2
50,a8fe47ad6f852f93cc92c7b408687de3,1
50,c1488892604e4ba5cff5b4eb4d595400,1
51,027cdd14a677a5834bc67a9789db5021,2
51,0705b33fb285827a578fce4899f1b921,1
51,07c055536ebf10dfbb6c6db6dbfc36e5,1
51,63de2743d05ab59d85caa49e49459ac1,1
51,7c1bd920dbdf22470b68bde975dd3ccf,1
51,86c43103446290e7efacad3701cd654d,1
51,8aa6223e400af9c97b07c75993142721,1
51,98d61056e0568ba048e5d78038790e77,2
51,99a4788cb24856965c36a24e339b6058,1
51,a50acd33ba7a8da8e9db65094fa990a4,1
51,c6dd917a0be2a704582055949915ab32,2
51,c7b3cf9de7be95b3e09e7a63315685eb,1
51,ecbe1ef7e2903ff8b1d704ba78fa264d,1
52,027cdd14a677a5834bc67a9789db5021,1
52,154e7e31ebfa092203795c972e5804a6,1
52,22c5ddc22ea8cae84fc9917def682dc6,1
52,386486367c1f9d4f587a8864ccb6902b,1
52,4fcb3d9a5f4871e8362dfedbdb02b064,1
52,63de2743d05ab59d85caa49e49459ac1,1
52,777d2e438a1b645f3aec9bd57e92672c,1
52,7fb04722aba7a2b632bac8f9819796f3,1
52,99a4788cb24856965c36a24e339b6058,1
52,a35a9f46dcee0a67c8c7ad8493eb4135,1
52,a5341e3f8155dbb3e62323d3ea289729,1
52,c7b3cf9de7be95b3e09e7a63315685eb,1
52,e251ebd2858be1aa7d9b2087a6992580,2
52,e282624d8c82e04983f125e167eb4521,2
52,f35927953ed82e19d06ad3aac2f06353,1
53,63de2743d05ab59d85caa49e49459ac1,1
53,7d854ab97c64ef9df2bbfaf332765786,1
53,81288df52439985f610be64465e53f57,1
53,880be32f4db1d9f6e2bec38fb6ac23ab,1
53,8c591ab0ca519558779df02023177f44,1
53,c4baedd846ed09b85f78a781b522f126,1
53,dd6a505f83dd3c6326aa9856519e0978,1
53,e251ebd2858be1aa7d9b2087a6992580,1
53,f35927953ed82e19d06ad3aac2f06353,1
53,f39a8b27ce90ac582103bf36f09690dd,1
54,154e7e31ebfa092203795c972e5804a6,1
54,3e442d09f9dfef002aadf31960869f65,1
54,99a4788cb24856965c36a24e339b6058,1
54,a50acd33ba7a8da8e9db65094fa990a4,1
54,a92930c327948861c015c919a0bcb4a8,1
54,af51d485dc5255ba2e18b21b550156e6,1
54,d5b703c271f43f9c588a6f512a00f77e,1
54,dbb4ce89c8ed5fb6fd901e2e51093179,1
55,0152f69b6cf919bcdaf117aa8c43e5a2,1
55,11875b30b49585209e608f40e8082e65,3
55,386486367c1f9d4f587a8864ccb6902b,2
55,7d854ab97c64ef9df2bbfaf332765786,1
55,99a4788cb24856965c36a24e339b6058,2
55,ace5d86cf1ac63cdb76f49e5cd23d2f8,1
55,dbb4ce89c8ed5fb6fd901e2e51093179,1
55,e282624d8c82e04983f125e167eb4521,1
55,f71973c922ccaab05514a36a8bc741b8,1
56,0152f69b6cf919bcdaf117aa8c43e5a2,1
56,060cb19345d90064d1015407193c233d,1
56,154e7e31ebfa092203795c972e5804a6,1
56,1bfb290d7273a442c874dbe74b4abae6,2
56,34d6306314a47fe15c1efdbc23302020,1
56,386486367c1f9d4f587a8864ccb6902b,1
56,7c1bd920dbdf22470b68bde975dd3ccf,1
56,7e0dc102074f8285580c9777f79c90cf,1
56,880be32f4db1d9f6e2bec38fb6ac23ab,1
56,8c591ab0ca519558779df02023177f44,1
56,98d61056e0568ba048e5d78038790e77,1
56,99a4788cb24856965c36a24e339b6058,2
56,a35a9f46dcee0a67c8c7ad8493eb4135,1
56,aba86c093ccdbac75b09111d57e50004,1
56,c1488892604e4ba5cff5b4eb4d595400,1
56,c6dd917a0be2a704582055949915ab32,1
56,d5b703c271f43f9c588a6f512a00f77e,1
56,e94df75b2e9a8b056be0c144a731f55c,1
56,f35927953ed82e19d06ad3aac2f06353,1
57,404a57563d487aecbc2b1a01d9b89aab,2
57,5bfc7506459ae2a7b4b573fe557a58e1,1
57,777d2e438a1b645f3aec9bd57e92672c,2
57,7c1bd920dbdf22470b68bde975dd3ccf,1
57,7e0dc102074f8285580c9777f79c90cf,2
57,81288df52439985f610be64465e53f57,1
57,8d1cfc0463b545928bfb4e589e017bd4,1
57,a50acd33ba7a8da8e9db65094fa990a4,1
57,c7b3cf9de7be95b3e09e7a63315685eb,2
57,e0d64dcfaa3b6db5c54ca298ae101d05,2
57,e9a69340883a438c3f91739d14d3a56d,1
58,06f0e85c7892d5df893f332706340af1,1
58,3e442d09f9dfef002aadf31960869f65,1
58,66a0a6e02b7f543e5b021ce361f267d4,1
58,7e0dc102074f8285580c9777f79c90cf,1
58,81288df52439985f610be64465e53f57,1
58,8ed094bfe076c568f6bb10feada3f75d,1
58,99a4788cb24856965c36a24e339b6058,1
58,a50acd33ba7a8da8e9db65094fa990a4,2
58,c4baedd846ed09b85f78a781b522f126,1
58,c7b3cf9de7be95b3e09e7a63315685eb,1
58,c857b96593773e940454e76efa8eabb3,2
58,d017a2151d543a9885604dc62a3d9dcc,1
58,d5b703c271f43f9c588a6f512a00f77e,1
58,dbb4ce89c8ed5fb6fd901e2e51093179,1
58,e9a69340883a438c3f91739d14d3a56d,1
59,0152f69b6cf919bcdaf117aa8c43e5a2,1
59,11875b30b49585209e608f40e8082e65,1
59,1612209b0b37fbe80e1e8e1b7d19ca1d,1
59,22c5ddc22ea8cae84fc9917def682dc6,1
59,2b4609f8948be18874494203496bc318,1
59,30469bb5ea377eae7121981e2f0778e4,1
59,35afc973633aaeb6b877ff57b2793310,1
59,386486367c1f9d4f587a8864ccb6902b,1
59,5a6e53c3b4e8684b13388d6aa4afdf12,2
59,777d2e438a1b645f3aec9bd57e92672c,2
59,7e0dc102074f8285580c9777f79c90cf,3
59,99a4788cb24856965c36a24e339b6058,1
59,c7b3cf9de7be95b3e09e7a63315685eb,1
59,ca38c039b717207dec906f4fa9a21db7,1
59,d6fe3b4ddecd4a8393c6a1385de3bfb6,3
59,e0d64dcfaa3b6db5c54ca298ae101d05,1
59,ecbe1ef7e2903ff8b1d704ba78fa264d,4
59,fc1d8637c0268af3db482c14b7ef8e75,1
60,154e7e31ebfa092203795c972e5804a6,2
60,1612209b0b37fbe80e1e8e1b7d19ca1d,1
60,34d6306314a47fe15c1efdbc23302020,2
60,3e442d09f9dfef002aadf31960869f65,2
60,5a6e53c3b4e8684b13388d6aa4afdf12,1
60,7c1bd920dbdf22470b68bde975dd3ccf,2
60,7e0dc102074f8285580c9777f79c90cf,3
60,81288df52439985f610be64465e53f57,1
60,91b08d34d0ba4db44da2dc382867ba49,1
60,c94d19d021d4a8fbae5a45f904aeea90,1
60,d1c427060a0f73f6b889a5c7c61f2ac4,1
60,dca8cbb1c9d8a2db0fbc0c36b8d1a7bc,2
60,dfb97c88e066dc22165f31648efe1312,1
60,e0d64dcfaa3b6db5c54ca298ae101d05,1
61,372645c7439f9661fbbacfd129aa92ec,1
61,66a0a6e02b7f543e5b021ce361f267d4,1
61,7e0dc102074f8285580c9777f79c90cf,2
61,880be32f4db1d9f6e2bec38fb6ac23ab,1
61,8c591ab0ca519558779df02023177f44,1
61,99a4788cb24856965c36a24e339b6058,1
61,a50acd33ba7a8da8e9db65094fa990a4,1
61,aba86c093ccdbac75b09111d57e50004,2
61,ecbe1ef7e2903ff8b1d704ba78fa264d,1
61,fb55982be901439613a95940feefd9ee,1
62,0152f69b6cf919bcdaf117aa8c43e5a2,1
62,386486367c1f9d4f587a8864ccb6902b,1
62,5a6e53c3b4e8684b13388d6aa4afdf12,2
62,5bfc7506459ae2a7b4b573fe557a58e1,1
62,601a360bd2a916ecef0e88de72a6531a,1
62,880be32f4db1d9f6e2bec38fb6ac23ab,2
62,98d61056e0568ba048e5d78038790e77,1
62,af51d485dc5255ba2e18b21b550156e6,1
62,bbaef2eadf31fe3ea6702077398be06c,1
62,c6dd917a0be2a704582055949915ab32,1
62,c7b3cf9de7be95b3e09e7a63315685eb,2
62,dca8cbb1c9d8a2db0fbc0c36b8d1a7bc,1
63,06f0e85c7892d5df893f332706340af1,1
63,2b4609f8948be18874494203496bc318,1
63,372645c7439f9661fbbacfd129aa92ec,1
63,601a360bd2a916ecef0e88de72a6531a,2
63,63de2743d05ab59d85caa49e49459ac1,2
63,6cdd53843498f92890544667809f1595,1
63,7340a3839a1de1e99d149b8cf052a2ec,1
63,7e0dc102074f8285580c9777f79c90cf,2
63,8c591ab0ca519558779df02023177f44,2
63,99a4788cb24856965c36a24e339b6058,2
63,c6dd917a0be2a704582055949915ab32,1
63,ec5b3c8bb77ad22278f6e9d719a83de3,1
63,f35927953ed82e19d06ad3aac2f06353,2
64,027cdd14a677a5834bc67a9789db5021,1
64,060cb19345d90064d1015407193c233d,1
64,186fe07c8b8005ec6a498587ffbc1352,1
64,2b4609f8948be18874494203496bc318,3
64,386486367c1f9d4f587a8864ccb6902b,1
64,3e442d09f9dfef002aadf31960869f65,1
64,569ffd16f8032478cbeb9800f2e94ba0,1
64,5a6e53c3b4e8684b13388d6aa4afdf12,1
64,68a058d125ba1544e726898f0b8c0523,1
64,7c1bd920dbdf22470b68bde975dd3ccf,1
64,9b9d1c4bd979b93c138044e032f99780,1
64,a50acd33ba7a8da8e9db65094fa990a4,1
64,af51d485dc5255ba2e18b21b550156e6,1
64,bbaef2eadf31fe3ea6702077398be06c,1
64,be837f2e0152a208d4386f4126d5bd7c,1
64,c6dd917a0be2a704582055949915ab32,1
64,c7b3cf9de7be95b3e09e7a63315685eb,1
64,dbb4ce89c8ed5fb6fd901e2e51093179,1
64,e9a69340883a438c3f91739d14d3a56d,7
64,f35927953ed82e19d06ad3aac2f06353,2
65,0152f69b6cf919bcdaf117aa8c43e5a2,1
65,027cdd14a677a5834bc67a9789db5021,1
65,08574b074924071f4e201e151b152b4e,2
65,5a6e53c3b4e8684b13388d6aa4afdf12,2
65,7e0dc102074f8285580c9777f79c90cf,4
65,880be32f4db1d9f6e2bec38fb6ac23ab,1
65,a35a9f46dcee0a67c8c7ad8493eb4135,1
65,b623b7cb05ee3248fbe4a6ecbeed79a4,1
65,c3ba4e8d3cb30049213b682e751e9d00,1
65,c4baedd846ed09b85f78a781b522f126,1
65,dbb4ce89c8ed5fb6fd901e2e51093179,4
65,e282624d8c82e04983f125e167eb4521,1
66,0152f69b6cf919bcdaf117aa8c43e5a2,1
66,027cdd14a677a5834bc67a9789db5021,1
66,186fe07c8b8005ec6a498587ffbc1352,3
66,1bfb290d7273a442c874dbe74b4abae6,2
66,35afc973633aaeb6b877ff57b2793310,1
66,5a6e53c3b4e8684b13388d6aa4afdf12,1
66,63de2743d05ab59d85caa49e49459ac1,1
66,6dde44b4172999f35f08654d06bad633,1
66,72172e982e8b92155069e4201c92c0bb,1
66,777d2e438a1b645f3aec9bd57e92672c,2
66,7c1bd920dbdf22470b68bde975dd3ccf,2
66,7e0dc102074f8285580c9777f79c90cf,3
66,99a4788cb24856965c36a24e339b6058,2
66,a35a9f46dcee0a67c8c7ad8493eb4135,1
66,bbaef2eadf31fe3ea6702077398be06c,1
66,be837f2e0152a208d4386f4126d5bd7c,1
66,c92f0e7b9d49a9543558d6532772441b,1
66,dbb4ce89c8ed5fb6fd901e2e51093179,2
66,dd6a505f83dd3c6326aa9856519e0978,1
66,e9a69340883a438c3f91739d14d3a56d,1
66,f2e53dd1670f3c376518263b3f71424d,1
67,06f0e85c7892d5df893f332706340af1,1
67,1bfb290d7273a442c874dbe74b4abae6,1
67,2b4609f8948be18874494203496bc318,1
67,5a6e53c3b4e8684b13388d6aa4afdf12,1
67,601a360bd2a916ecef0e88de72a6531a,1
67,7e0dc102074f8285580c9777f79c90cf,1
67,8c591ab0ca519558779df02023177f44,2
67,aba86c093ccdbac75b09111d57e50004,4
67,b59fb744c6f3cd1dc23b10f760848d98,3
67,c6dd917a0be2a704582055949915ab32,1
67,e251ebd2858be1aa7d9b2087a6992580,2
68,0152f69b6cf919bcdaf117aa8c43e5a2,3
68,154e7e31ebfa092203795c972e5804a6,1
68,34d6306314a47fe15c1efdbc23302020,1
68,386486367c1f9d4f587a8864ccb6902b,1
68,4fcb3d9a5f4871e8362dfedbdb02b064,1
68,5a6e53c3b4e8684b13388d6aa4afdf12,1
68,66a0a6e02b7f543e5b021ce361f267d4,1
68,6bbe55cf8f85c87b6eebb775a53402f4,1
68,777d2e438a1b645f3aec9bd57e92672c,1
68,7e0dc102074f8285580c9777f79c90cf,2
68,8c591ab0ca519558779df02023177f44,1
68,a9516a079e37a9c9c36b9b78b10169e8,1
68,bbaef2eadf31fe3ea6702077398be06c,1
68,f2e53dd1670f3c376518263b3f71424d,1
69,601a360bd2a916ecef0e88de72a6531a,1
69,7e0dc102074f8285580c9777f79c90cf,1
69,8c5876b1c7768217964f353bc7e64393,1
69,8c591ab0ca519558779df02023177f44,1
69,be837f2e0152a208d4386f4126d5bd7c,1
69,c4baedd846ed09b85f78a781b522f126,1
69,c6dd917a0be2a704582055949915ab32,1
69,c92f0e7b9d49a9543558d6532772441b,1
69,ca38c039b717207dec906f4fa9a21db7,1
69,d1c427060a0f73f6b889a5c7c61f2ac4,1
69,dbb4ce89c8ed5fb6fd901e2e51093179,1
69,e9a69340883a438c3f91739d14d3a56d,1
70,0152f69b6cf919bcdaf117aa8c43e5a2,1
70,44a34214a57dc373dcd80f54c919d006,1
70,601a360bd2a916ecef0e88de72a6531a,2
70,7e0dc102074f8285580c9777f79c90cf,3
70,99a4788cb24856965c36a24e339b6058,2
70,af51d485dc5255ba2e18b21b550156e6,2
70,c1488892604e4ba5cff5b4eb4d595400,1
70,c4baedd846ed09b85f78a781b522f126,1
70,d017a2151d543a9885604dc62a3d9dcc,1
70,dd6a505f83dd3c6326aa9856519e0978,1
70,e67307ff0f15ade43fcb6e670be7a74c,1
70,e9a69340883a438c3f91739d14d3a56d,2
70,ecbe1ef7e2903ff8b1d704ba78fa264d,1
71,11fd9d7ba552e1d28872e008acf1e050,1
71,130482add9fd75ccb6c57ba007694a2d,1
71,154e7e31ebfa092203795c972e5804a6,3
71,4298b7e67dc399c200662b569563a2b2,1
71,601a360bd2a916ecef0e88de72a6531a,1
71,81288df52439985f610be64465e53f57,1
71,8c591ab0ca519558779df02023177f44,1
71,af51d485dc5255ba2e18b21b550156e6,1
71,b1acb7e8152c90c9619897753a75c973,1
71,bbaef2eadf31fe3ea6702077398be06c,1
71,c6dd917a0be2a704582055949915ab32,2
71,e9a69340883a438c3f91739d14d3a56d,1
71,ecbe1ef7e2903ff8b1d704ba78fa264d,1
71,f35927953ed82e19d06ad3aac2f06353,1
72,1600dcf1cea8c0c83702e07b577ab231,1
72,283dc451ad3918badb976d56ff887289,1
72,380b4664ba5bb18cc9db78ee6bac3558,1
72,386486367c1f9d4f587a8864ccb6902b,2
72,44a34214a57dc373dcd80f54c919d006,1
72,4fcb3d9a5f4871e8362dfedbdb02b064,1
72,569ffd16f8032478cbeb9800f2e94ba0,2
72,63de2743d05ab59d85caa49e49459ac1,2
72,77cc62dc80ebe12a0452d1ce0565acdc,1
72,81288df52439985f610be64465e53f57,1
72,8c5876b1c7768217964f353bc7e64393,1
72,a35a9f46dcee0a67c8c7ad8493eb4135,1
72,b1acb7e8152c90c9619897753a75c973,1
72,b59fb744c6f3cd1dc23b10f760848d98,1
72,b92a7304ebad1ca5b393b53b2de5c70a,2
72,c43ab4269cbf91b373263db4c2973cad,1
72,d017a2151d543a9885604dc62a3d9dcc,1
72,d189fbf8b5d79a670cebcaaad68d77b2,1
72,dbb4ce89c8ed5fb6fd901e2e51093179,1
72,e282624d8c82e04983f125e167eb4521,1
72,e67307ff0f15ade43fcb6e670be7a74c,1
73,0152f69b6cf919bcdaf117aa8c43e5a2,3
73,380b4664ba5bb18cc9db78ee6bac3558,1
73,3e442d09f9dfef002aadf31960869f65,1
73,4fcb3d9a5f4871e8362dfedbdb02b064,2
73,63de2743d05ab59d85caa49e49459ac1,1
73,6cdd53843498f92890544667809f1595,1
73,77cc62dc80ebe12a0452d1ce0565acdc,1
73,7e0dc102074f8285580c9777f79c90cf,3
73,880be32f4db1d9f6e2bec38fb6ac23ab,1
73,99a4788cb24856965c36a24e339b6058,2
73,9b9d1c4bd979b93c138044e032f99780,1
73,a9516a079e37a9c9c36b9b78b10169e8,2
73,aba86c093ccdbac75b09111d57e50004,1
73,af51d485dc5255ba2e18b21b550156e6,1
73,bbaef2eadf31fe3ea6702077398be06c,2
73,c6dd917a0be2a704582055949915ab32,1
73,d017a2151d543a9885604dc62a3d9dcc,1
73,d696750e550fd0f733979dd7e5dff921,1
73,dbb4ce89c8ed5fb6fd901e2e51093179,2
73,e251ebd2858be1aa7d9b2087a6992580,1
73,f39a8b27ce90ac582103bf36f09690dd,1
74,0152f69b6cf919bcdaf117aa8c43e5a2,1
74,1600dcf1cea8c0c83702e07b577ab231,1
74,5a6e53c3b4e8684b13388d6aa4afdf12,3
74,77cc62dc80ebe12a0452d1ce0565acdc,1
74,7c1bd920dbdf22470b68bde975dd3ccf,1
74,7e0dc102074f8285580c9777f79c90cf,6
74,8c5876b1c7768217964f353bc7e64393,1
74,af51d485dc5255ba2e18b21b550156e6,1
74,d5b703c271f43f9c588a6f512a00f77e,1
74,dbb4ce89c8ed5fb6fd901e2e51093179,2
74,e9a69340883a438c3f91739d14d3a56d,2
75,06f0e85c7892d5df893f332706340af1,1
75,07c055536ebf10dfbb6c6db6dbfc36e5,1
75,08574b074924071f4e201e151b152b4e,1
75,6bbe55cf8f85c87b6eebb775a53402f4,1
75,7e0dc102074f8285580c9777f79c90cf,3
75,af51d485dc5255ba2e18b21b550156e6,1
75,f4f67ccaece962d013a4e1d7dc3a61f7,1
76,1612209b0b37fbe80e1e8e1b7d19ca1d,1
76,16ed6a6e3fce23b741650437fe58d65b,1
76,5a6e53c3b4e8684b13388d6aa4afdf12,2
76,777d2e438a1b645f3aec9bd57e92672c,1
76,7e0dc102074f8285580c9777f79c90cf,1
76,8c5876b1c7768217964f353bc7e64393,1
76,a8fe47ad6f852f93cc92c7b408687de3,1
76,c94d19d021d4a8fbae5a45f904aeea90,1
77,060cb19345d90064d1015407193c233d,1
77,08574b074924071f4e201e151b152b4e,2
77,086351823300e0339f6955b27998c186,1
77,11875b30b49585209e608f40e8082e65,1
77,1612209b0b37fbe80e1e8e1b7d19ca1d,1
77,35afc973633aaeb6b877ff57b2793310,1
77,4298b7e67dc399c200662b569563a2b2,1
77,4ae634441e444ca4bc85903cafe98d73,2
77,569ffd16f8032478cbeb9800f2e94ba0,2
77,5a6e53c3b4e8684b13388d6aa4afdf12,1
77,63de2743d05ab59d85caa49e49459ac1,1
77,7e0dc102074f8285580c9777f79c90cf,1
77,98d61056e0568ba048e5d78038790e77,1
77,99a4788cb24856965c36a24e339b6058,2
77,bbaef2eadf31fe3ea6702077398be06c,1
77,be0dbdc3d67d55727a65d4cd696ca73c,1
77,c6dd917a0be2a704582055949915ab32,1
77,d189fbf8b5d79a670cebcaaad68d77b2,1
77,d696750e550fd0f733979dd7e5dff921,1
77,dd6a505f83dd3c6326aa9856519e0978,1
77,f35927953ed82e19d06ad3aac2f06353,1
78,1612209b0b37fbe80e1e8e1b7d19ca1d,1
78,31639956e7fac87ecfd9d608040638bd,1
78,4520766ec412348b8d4caa5e8a18c464,1
78,5a6e53c3b4e8684b13388d6aa4afdf12,1
78,a298a105818dce6878b787e4af6cff7d,1
78,a35a9f46dcee0a67c8c7ad8493eb4135,1
78,af51d485dc5255ba2e18b21b550156e6,1
78,c1488892604e4ba5cff5b4eb4d595400,1
78,c6dd917a0be2a704582055949915ab32,1
78,c7b3cf9de7be95b3e09e7a63315685eb,2
78,d1c427060a0f73f6b889a5c7c61f2ac4,1
78,dbb4ce89c8ed5fb6fd901e2e51093179,1
78,dfb97c88e066dc22165f31648efe1312,1
78,e251ebd2858be1aa7d9b2087a6992580,1
78,ecbe1ef7e2903ff8b1d704ba78fa264d,1
78,f71973c922ccaab05514a36a8bc741b8,2
79,0152f69b6cf919bcdaf117aa8c43e5a2,1
79,1612209b0b37fbe80e1e8e1b7d19ca1d,1
79,35afc973633aaeb6b877ff57b2793310,1
79,4ae634441e444ca4bc85903cafe98d73,1
79,5a6e53c3b4e8684b13388d6aa4afdf12,1
79,7e0dc102074f8285580c9777f79c90cf,2
79,817e1c2d22418c36386406ccacfa53e8,1
79,87283a98b24f9f1ac3a31b631073cf47,1
79,af51d485dc5255ba2e18b21b550156e6,1
79,b59fb744c6f3cd1dc23b10f760848d98,1
79,c94d19d021d4a8fbae5a45f904aeea90,4
79,e0d64dcfaa3b6db5c54ca298ae101d05,1
79,e9a69340883a438c3f91739d14d3a56d,1
80,0705b33fb285827a578fce4899f1b921,1
80,167b4b8c4bd0c401bea62f5e050d70a4,1
80,4ae634441e444ca4bc85903cafe98d73,1
80,5a6e53c3b4e8684b13388d6aa4afdf12,1
80,7e0dc102074f8285580c9777f79c90cf,1
80,880be32f4db1d9f6e2bec38fb6ac23ab,1
80,8c591ab0ca519558779df02023177f44,1
80,99a4788cb24856965c36a24e339b6058,1
80,aba86c093ccdbac75b09111d57e50004,1
80,c211ff3068fcd2f8898192976d8b3a32,3
80,c6dd917a0be2a704582055949915ab32,1
80,dbb4ce89c8ed5fb6fd901e2e51093179,1
80,dca8cbb1c9d8a2db0fbc0c36b8d1a7bc,1
80,dd6a505f83dd3c6326aa9856519e0978,2
81,06f0e85c7892d5df893f332706340af1,1
81,08574b074924071f4e201e151b152b4e,1
81,1bfb290d7273a442c874dbe74b4abae6,1
81,288dbc06591742c5d7fe90fbfb08943e,1
81,473795a355d29305c3ea6b156833adf5,1
81,4fcb3d9a5f4871e8362dfedbdb02b064,2
81,6bbe55cf8f85c87b6eebb775a53402f4,1
81,880be32f4db1d9f6e2bec38fb6ac23ab,1
81,99a4788cb24856965c36a24e339b6058,1
81,dd6a505f83dd3c6326aa9856519e0978,1
81,f35927953ed82e19d06ad3aac2f06353,1
81,f4f67ccaece962d013a4e1d7dc3a61f7,1
81,f71973c922ccaab05514a36a8bc741b8,2
82,0152f69b6cf919bcdaf117aa8c43e5a2,2
82,44d097d59e8430f88a67517cd0c4f865,1
82,4ae634441e444ca4bc85903cafe98d73,1
82,601a360bd2a916ecef0e88de72a6531a,1
82,87d780fa7d2cf3710aa02dc4ca8db985,1
82,99a4788cb24856965c36a24e339b6058,2
82,aba86c093ccdbac75b09111d57e50004,1
82,b1acb7e8152c90c9619897753a75c973,1
82,c857b96593773e940454e76efa8eabb3,1
83,0705b33fb285827a578fce4899f1b921,1
83,08574b074924071f4e201e151b152b4e,1
83,386486367c1f9d4f587a8864ccb6902b,1
83,68a058d125ba1544e726898f0b8c0523,1
83,7e0dc102074f8285580c9777f79c90cf,1
83,aba86c093ccdbac75b09111d57e50004,2
83,dc52f0f5d3ec37a93eaf956cde4e5d2c,1
83,f71973c922ccaab05514a36a8bc741b8,2
84,288dbc06591742c5d7fe90fbfb08943e,2
84,7c1bd920dbdf22470b68bde975dd3ccf,1
84,7e0dc102074f8285580c9777f79c90cf,2
84,880be32f4db1d9f6e2bec38fb6ac23ab,1
84,8c5876b1c7768217964f353bc7e64393,1
84,91b08d34d0ba4db44da2dc382867ba49,1
84,99a4788cb24856965c36a24e339b6058,1
84,a35a9f46dcee0a67c8c7ad8493eb4135,2
84,a8fe47ad6f852f93cc92c7b408687de3,1
84,aba86c093ccdbac75b09111d57e50004,1
84,b0961721fd839e9982420e807758a2a6,4
84,c1488892604e4ba5cff5b4eb4d595400,2
84,c403e106353e1aa40efe783ecb39ed7a,2
84,dbb4ce89c8ed5fb6fd901e2e51093179,1
84,e0d64dcfaa3b6db5c54ca298ae101d05,1
84,e9a69340883a438c3f91739d14d3a56d,2
85,2a5806f10d0f00e5ad032dd2e3c8806e,1
85,31639956e7fac87ecfd9d608040638bd,1
85,3e442d09f9dfef002aadf31960869f65,1
85,4ae634441e444ca4bc85903cafe98d73,1
85,4fcb3d9a5f4871e8362dfedbdb02b064,1
85,5a6e53c3b4e8684b13388d6aa4afdf12,1
85,5bfc7506459ae2a7b4b573fe557a58e1,1
85,99a4788cb24856965c36a24e339b6058,2
85,ab9cf155f8280c3739b09fe341a185e8,1
85,c3ba4e8d3cb30049213b682e751e9d00,1
85,c403e106353e1aa40efe783ecb39ed7a,1
85,c857b96593773e940454e76efa8eabb3,1
85,c92f0e7b9d49a9543558d6532772441b,3
85,dbb4ce89c8ed5fb6fd901e2e51093179,2
85,dca8cbb1c9d8a2db0fbc0c36b8d1a7bc,1
85,dd6a505f83dd3c6326aa9856519e0978,1
85,e251ebd2858be1aa7d9b2087a6992580,1
85,e9a69340883a438c3f91739d14d3a56d,1
85,f4f67ccaece962d013a4e1d7dc3a61f7,1
86,0152f69b6cf919bcdaf117aa8c43e5a2,2
86,31639956e7fac87ecfd9d608040638bd,1
86,5a6e53c3b4e8684b13388d6aa4afdf12,2
86,7e0dc102074f8285580c9777f79c90cf,1
86,a5f6ba3fe91a2e73f10b612131cb2404,1
86,be837f2e0152a208d4386f4126d5bd7c,1
86,c43ab4269cbf91b373263db4c2973cad,1
86,c6dd917a0be2a704582055949915ab32,2
86,d5b703c271f43f9c588a6f512a00f77e,1
86,dbb4ce89c8ed5fb6fd901e2e51093179,1
87,283dc451ad3918badb976d56ff887289,1
87,4ae634441e444ca4bc85903cafe98d73,1
87,5a6e53c3b4e8684b13388d6aa4afdf12,3
87,5bfc7506459ae2a7b4b573fe557a58e1,1
87,601a360bd2a916ecef0e88de72a6531a,1
87,7d854ab97c64ef9df2bbfaf332765786,1
87,7fb04722aba7a2b632bac8f9819796f3,1
87,99a4788cb24856965c36a24e339b6058,2
87,a298a105818dce6878b787e4af6cff7d,1
87,ab9cf155f8280c3739b09fe341a185e8,1
87,b1acb7e8152c90c9619897753a75c973,1
87,b92a7304ebad1ca5b393b53b2de5c70a,1
87,c403e106353e1aa40efe783ecb39ed7a,1
87,c6dd917a0be2a704582055949915ab32,1
87,d5b703c271f43f9c588a6f512a00f77e,1
87,e282624d8c82e04983f125e167eb4521,1
87,e67307ff0f15ade43fcb6e670be7a74c,1
87,e9a69340883a438c3f91739d14d3a56d,1
88,0bb7cb61f1957f79dac582ab66ccdc1f,1
88,11875b30b49585209e608f40e8082e65,1
88,380b4664ba5bb18cc9db78ee6bac3558,1
88,4ae634441e444ca4bc85903cafe98d73,2
88,52c80cedd4e90108bf4fa6a206ef6b03,2
88,53759a2ecddad2bb87a079a1f1519f73,1
88,86c43103446290e7efacad3701cd654d,1
88,8d1cfc0463b545928bfb4e589e017bd4,1
88,99a4788cb24856965c36a24e339b6058,2
88,ab9cf155f8280c3739b09fe341a185e8,1
88,b1acb7e8152c90c9619897753a75c973,1
88,dd6a505f83dd3c6326aa9856519e0978,1
88,e67307ff0f15ade43fcb6e670be7a74c,1
88,ec5b3c8bb77ad22278f6e9d719a83de3,1
88,f35927953ed82e19d06ad3aac2f06353,1
89,4520766ec412348b8d4caa5e8a18c464,2
89,53759a2ecddad2bb87a079a1f1519f73,1
89,7fab1a1472fdd934397068931f63f3ca,1
89,98d61056e0568ba048e5d78038790e77,1
89,b59fb744c6f3cd1dc23b10f760848d98,1
89,c7b3cf9de7be95b3e09e7a63315685eb,1
89,cc971e0365873137b8bef2ebad633e6f,1
89,e251ebd2858be1aa7d9b2087a6992580,1
90,0152f69b6cf919bcdaf117aa8c43e5a2,2
90,060cb19345d90064d1015407193c233d,1
90,283dc451ad3918badb976d56ff887289,1
90,4ae634441e444ca4bc85903cafe98d73,1
90,52c80cedd4e90108bf4fa6a206ef6b03,1
90,7e0dc102074f8285580c9777f79c90cf,1
90,880be32f4db1d9f6e2bec38fb6ac23ab,1
90,c403e106353e1aa40efe783ecb39ed7a,1
90,c6dd917a0be2a704582055949915ab32,1
90,e0d64dcfaa3b6db5c54ca298ae101d05,2
90,e251ebd2858be1aa7d9b2087a6992580,1
90,f71973c922ccaab05514a36a8bc741b8,1
91,08574b074924071f4e201e151b152b4e,1
91,1612209b0b37fbe80e1e8e1b7d19ca1d,2
91,29427de7f8a9ee983d9dbc51cec569b4,2
91,386486367c1f9d4f587a8864ccb6902b,1
91,4ac50dbde931c0a5ed8c33d3dc047351,1
91,4ae634441e444ca4bc85903cafe98d73,2
91,63de2743d05ab59d85caa49e49459ac1,2
91,7340a3839a1de1e99d149b8cf052a2ec,1
91,87283a98b24f9f1ac3a31b631073cf47,1
91,880be32f4db1d9f6e2bec38fb6ac23ab,2
91,a298a105818dce6878b787e4af6cff7d,1
91,af51d485dc5255ba2e18b21b550156e6,1
91,b1acb7e8152c90c9619897753a75c973,2
91,b59fb744c6f3cd1dc23b10f760848d98,1
91,c1488892604e4ba5cff5b4eb4d595400,1
91,c211ff3068fcd2f8898192976d8b3a32,1
91,c6dd917a0be2a704582055949915ab32,1
91,d017a2151d543a9885604dc62a3d9dcc,1
92,060cb19345d90064d1015407193c233d,1
92,06c6e01186af8b98ee1fc9e01f9471e9,2
92,0705b33fb285827a578fce4899f1b921,1
92,11875b30b49585209e608f40e8082e65,1
92,30469bb5ea377eae7121981e2f0778e4,1
92,3e442d09f9dfef002aadf31960869f65,1
92,4ae634441e444ca4bc85903cafe98d73,3
92,5a6e53c3b4e8684b13388d6aa4afdf12,2
92,7d854ab97c64ef9df2bbfaf332765786,1
92,8c591ab0ca519558779df02023177f44,2
92,98d61056e0568ba048e5d78038790e77,1
92,99a4788cb24856965c36a24e339b6058,1
92,9fe172fa8e662ca8572cf12abf8bce23,1
92,af51d485dc5255ba2e18b21b550156e6,1
92,c6dd917a0be2a704582055949915ab32,1
92,e251ebd2858be1aa7d9b2087a6992580,3
92,e9a69340883a438c3f91739d14d3a56d,1
93,601a360bd2a916ecef0e88de72a6531a,1
93,7c1bd920dbdf22470b68bde975dd3ccf,1
93,7fab1a1472fdd934397068931f63f3ca,1
93,99a4788cb24856965c36a24e339b6058,1
93,b0961721fd839e9982420e807758a2a6,1
93,c6dd917a0be2a704582055949915ab32,1
93,c94d19d021d4a8fbae5a45f904aeea90,2
94,404a57563d487aecbc2b1a01d9b89aab,1
94,4ae634441e444ca4bc85903cafe98d73,1
94,601a360bd2a916ecef0e88de72a6531a,1
94,6cdd53843498f92890544667809f1595,1
94,7e0dc102074f8285580c9777f79c90cf,2
94,a35a9f46dcee0a67c8c7ad8493eb4135,1
94,ace5d86cf1ac63cdb76f49e5cd23d2f8,1
94,af51d485dc5255ba2e18b21b550156e6,1
94,c6dd917a0be2a704582055949915ab32,1
94,c73628b1c3144b2e0c9c88072f21a213,1
94,c92f0e7b9d49a9543558d6532772441b,1
94,e9a69340883a438c3f91739d14d3a56d,1
95,41c24b8ce92d1a2cac62db5edfd088b2,1
95,473795a355d29305c3ea6b156833adf5,1
95,4ae634441e444ca4bc85903cafe98d73,1
95,4cd6ba4ea3112de8fc238307c4dc6307,2
95,601a360bd2a916ecef0e88de72a6531a,1
95,7d854ab97c64ef9df2bbfaf332765786,1
95,8c591ab0ca519558779df02023177f44,2
95,a298a105818dce6878b787e4af6cff7d,1
95,a5341e3f8155dbb3e62323d3ea289729,1
95,be837f2e0152a208d4386f4126d5bd7c,1
95,c075b8e131353552218860f1c421e4ef,1
95,c6dd917a0be2a704582055949915ab32,1
95,c92f0e7b9d49a9543558d6532772441b,1
95,e282624d8c82e04983f125e167eb4521,1
95,e9a69340883a438c3f91739d14d3a56d,1
96,473795a355d29305c3ea6b156833adf5,1
96,4ae634441e444ca4bc85903cafe98d73,1
96,5a6e53c3b4e8684b13388d6aa4afdf12,1
96,62d8daeee0db3a60c234c2d1bfd10651,1
96,880be32f4db1d9f6e2bec38fb6ac23ab,1
96,99a4788cb24856965c36a24e339b6058,2
96,a50acd33ba7a8da8e9db65094fa990a4,1
96,bbaef2eadf31fe3ea6702077398be06c,2
96,c403e106353e1aa40efe783ecb39ed7a,1
96,c6dd917a0be2a704582055949915ab32,1
96,e9a69340883a438c3f91739d14d3a56d,1
97,0705b33fb285827a578fce4899f1b921,1
97,08574b074924071f4e201e151b152b4e,1
97,154e7e31ebfa092203795c972e5804a6,1
97,8c5876b1c7768217964f353bc7e64393,1
97,91b08d34d0ba4db44da2dc382867ba49,1
97,99a4788cb24856965c36a24e339b6058,1
97,a50acd33ba7a8da8e9db65094fa990a4,1
97,a8fe47ad6f852f93cc92c7b408687de3,1
97,bbaef2eadf31fe3ea6702077398be06c,1
97,c075b8e131353552218860f1c421e4ef,1
97,c6dd917a0be2a704582055949915ab32,1
97,dfb97c88e066dc22165f31648efe1312,1
97,f2e53dd1670f3c376518263b3f71424d,1
98,2423252b2432f1803e4f29e0974c6cf7,1
98,35afc973633aaeb6b877ff57b2793310,1
98,473795a355d29305c3ea6b156833adf5,2
98,4fcb3d9a5f4871e8362dfedbdb02b064,1
98,53759a2ecddad2bb87a079a1f1519f73,1
98,7c1bd920dbdf22470b68bde975dd3ccf,1
98,880be32f4db1d9f6e2bec38fb6ac23ab,1
98,98d61056e0568ba048e5d78038790e77,1
98,99a4788cb24856965c36a24e339b6058,1
98,af51d485dc5255ba2e18b21b550156e6,2
98,bbaef2eadf31fe3ea6702077398be06c,1
98,c6dd917a0be2a704582055949915ab32,1
98,cc971e0365873137b8bef2ebad633e6f,1
98,e251ebd2858be1aa7d9b2087a6992580,1
99,2a5806f10d0f00e5ad032dd2e3c8806e,1
99,35afc973633aaeb6b877ff57b2793310,1
99,386486367c1f9d4f587a8864ccb6902b,2
99,3e442d09f9dfef002aadf31960869f65,1
99,44a34214a57dc373dcd80f54c919d006,1
99,473795a355d29305c3ea6b156833adf5,2
99,777d2e438a1b645f3aec9bd57e92672c,1
99,7c1bd920dbdf22470b68bde975dd3ccf,1
99,8d1cfc0463b545928bfb4e589e017bd4,1
99,99a4788cb24856965c36a24e339b6058,3
99,be837f2e0152a208d4386f4126d5bd7c,1
99,d696750e550fd0f733979dd7e5dff921,1
99,f2e53dd1670f3c376518263b3f71424d,1
99,f6fa93875f4a7dac03e0a22143f4d815,1
99,f71973c922ccaab05514a36a8bc741b8,2
100,0bcc3eeca39e1064258aa1e932269894,1
100,11875b30b49585209e608f40e8082e65,1
100,11fd9d7ba552e1d28872e008acf1e050,1
100,130482add9fd75ccb6c57ba007694a2d,1
100,154e7e31ebfa092203795c972e5804a6,1
100,288dbc06591742c5d7fe90fbfb08943e,1
100,35afc973633aaeb6b877ff57b2793310,2
100,473795a355d29305c3ea6b156833adf5,4
100,66a0a6e02b7f543e5b021ce361f267d4,1
100,7340a3839a1de1e99d149b8cf052a2ec,1
100,777d2e438a1b645f3aec9bd57e92672c,1
100,7c1bd920dbdf22470b68bde975dd3ccf,2
100,8c5876b1c7768217964f353bc7e64393,2
100,98d61056e0568ba048e5d78038790e77,1
100,99a4788cb24856965c36a24e339b6058,1
100,a35a9f46dcee0a67c8c7ad8493eb4135,1
100,a50acd33ba7a8da8e9db65094fa990a4,1
100,aba86c093ccdbac75b09111d57e50004,1
100,c1488892604e4ba5cff5b4eb4d595400,1
100,d1c427060a0f73f6b889a5c7c61f2ac4,1
100,dbb4ce89c8ed5fb6fd901e2e51093179,1
100,f2e53dd1670f3c376518263b3f71424d,1
101,0152f69b6cf919bcdaf117aa8c43e5a2,1
101,154e7e31ebfa092203795c972e5804a6,2
101,2136c70bbe723d338fab53da3c03e6dc,1
101,63de2743d05ab59d85caa49e49459ac1,1
101,77cc62dc80ebe12a0452d1ce0565acdc,1
101,98d61056e0568ba048e5d78038790e77,1
101,99a4788cb24856965c36a24e339b6058,3
101,af51d485dc5255ba2e18b21b550156e6,1
101,e251ebd2858be1aa7d9b2087a6992580,2
101,e9a69340883a438c3f91739d14d3a56d,1
101,f9259c9e7c0f12c70f7a81409680a5ff,1
102,0152f69b6cf919bcdaf117aa8c43e5a2,1
102,11875b30b49585209e608f40e8082e65,1
102,154e7e31ebfa092203795c972e5804a6,1
102,569ffd16f8032478cbeb9800f2e94ba0,2
102,601a360bd2a916ecef0e88de72a6531a,1
102,6dde44b4172999f35f08654d06bad633,1
102,77cc62dc80ebe12a0452d1ce0565acdc,1
102,7e0dc102074f8285580c9777f79c90cf,2
102,99a4788cb24856965c36a24e339b6058,1
102,a50acd33ba7a8da8e9db65094fa990a4,1
102,bbaef2eadf31fe3ea6702077398be06c,2
102,be0dbdc3d67d55727a65d4cd696ca73c,1
102,c1488892604e4ba5cff5b4eb4d595400,1
102,c7b3cf9de7be95b3e09e7a63315685eb,2
102,c92f0e7b9d49a9543558d6532772441b,1
102,d5b703c271f43f9c588a6f512a00f77e,1
102,d696750e550fd0f733979dd7e5dff921,1
102,e9a69340883a438c3f91739d14d3a56d,1
102,e9def91e99c8ecb7c5cef5e31506a056,1
103,0152f69b6cf919bcdaf117aa8c43e5a2,1
103,154e7e31ebfa092203795c972e5804a6,3
103,4ae634441e444ca4bc85903cafe98d73,2
103,8c5876b1c7768217964f353bc7e64393,2
103,99a4788cb24856965c36a24e339b6058,3
103,be0dbdc3d67d55727a65d4cd696ca73c,1
103,e67307ff0f15ade43fcb6e670be7a74c,2
104,11875b30b49585209e608f40e8082e65,1
104,386486367c1f9d4f587a8864ccb6902b,1
104,4ae634441e444ca4bc85903cafe98d73,1
104,5a6e53c3b4e8684b13388d6aa4afdf12,1
104,601a360bd2a916ecef0e88de72a6531a,2
104,777d2e438a1b645f3aec9bd57e92672c,1
104,8d1cfc0463b545928bfb4e589e017bd4,1
104,99a4788cb24856965c36a24e339b6058,1
104,a5f6ba3fe91a2e73f10b612131cb2404,1
104,bbaef2eadf31fe3ea6702077398be06c,1
104,c7b3cf9de7be95b3e09e7a63315685eb,1
104,d1c427060a0f73f6b889a5c7c61f2ac4,1
104,dbb4ce89c8ed5fb6fd901e2e51093179,1
104,e67307ff0f15ade43fcb6e670be7a74c,1
105,0bb7cb61f1957f79dac582ab66ccdc1f,1
105,23365beed316535b4105bd800c46670e,1
105,386486367c1f9d4f587a8864ccb6902b,2
105,4ac50dbde931c0a5ed8c33d3dc047351,1
105,5a6e53c3b4e8684b13388d6aa4afdf12,1
105,72172e982e8b92155069e4201c92c0bb,1
105,776ef0ee36e20757c513e64903f1fa8a,1
105,7c1bd920dbdf22470b68bde975dd3ccf,2
105,7e0dc102074f8285580c9777f79c90cf,1
105,7fab1a1472fdd934397068931f63f3ca,1
105,880be32f4db1d9f6e2bec38fb6ac23ab,1
105,99a4788cb24856965c36a24e339b6058,3
105,a9516a079e37a9c9c36b9b78b10169e8,1
105,b114bf337c0626166abe574eee9e3f32,2
105,b1acb7e8152c90c9619897753a75c973,1
105,c075b8e131353552218860f1c421e4ef,1
105,c6dd917a0be2a704582055949915ab32,2
105,ca38c039b717207dec906f4fa9a21db7,1
105,d1c427060a0f73f6b889a5c7c61f2ac4,1
105,dbb4ce89c8ed5fb6fd901e2e51093179,1
105,f71973c922ccaab05514a36a8bc741b8,2
105,f908d3bf313a1308bfb2a46ea2685347,2
106,154e7e31ebfa092203795c972e5804a6,2
106,167b4b8c4bd0c401bea62f5e050d70a4,1
106,4ae634441e444ca4bc85903cafe98d73,1
106,601a360bd2a916ecef0e88de72a6531a,1
106,777d2e438a1b645f3aec9bd57e92672c,1
106,7c1bd920dbdf22470b68bde975dd3ccf,1
106,7e0dc102074f8285580c9777f79c90cf,2
106,98a8c2fa16d7239c606640f5555768e4,1
106,99a4788cb24856965c36a24e339b6058,1
106,ab9cf155f8280c3739b09fe341a185e8,1
106,b1acb7e8152c90c9619897753a75c973,1
106,c6dd917a0be2a704582055949915ab32,1
106,c7b3cf9de7be95b3e09e7a63315685eb,1
106,cec09725da5ed01471d9a505e7389d37,1
106,d1c427060a0f73f6b889a5c7c61f2ac4,1
106,e67307ff0f15ade43fcb6e670be7a74c,1
106,ecbe1ef7e2903ff8b1d704ba78fa264d,1
106,f9259c9e7c0f12c70f7a81409680a5ff,1
107,0152f69b6cf919bcdaf117aa8c43e5a2,2
107,154e7e31ebfa092203795c972e5804a6,1
107,23365beed316535b4105bd800c46670e,1
107,2a5806f10d0f00e5ad032dd2e3c8806e,1
107,31639956e7fac87ecfd9d608040638bd,1
107,386486367c1f9d4f587a8864ccb6902b,1
107,4ac50dbde931c0a5ed8c33d3dc047351,1
107,4ae634441e444ca4bc85903cafe98d73,2
107,4fcb3d9a5f4871e8362dfedbdb02b064,1
107,5411e9269501a870cabf632f05655131,1
107,601a360bd2a916ecef0e88de72a6531a,1
107,72172e982e8b92155069e4201c92c0bb,2
107,7340a3839a1de1e99d149b8cf052a2ec,1
107,77cc62dc80ebe12a0452d1ce0565acdc,1
107,7d854ab97c64ef9df2bbfaf332765786,1
107,8c591ab0ca519558779df02023177f44,3
107,a298a105818dce6878b787e4af6cff7d,1
107,ab9cf155f8280c3739b09fe341a185e8,1
107,c6dd917a0be2a704582055949915ab32,1
107,c7b3cf9de7be95b3e09e7a63315685eb,1
107,cc971e0365873137b8bef2ebad633e6f,1
107,dfb97c88e066dc22165f31648efe1312,1
107,e282624d8c82e04983f125e167eb4521,1
107,e67307ff0f15ade43fcb6e670be7a74c,1
107,e9a69340883a438c3f91739d14d3a56d,1
107,f2e53dd1670f3c376518263b3f71424d,1
108,06c6e01186af8b98ee1fc9e01f9471e9,1
108,11875b30b49585209e608f40e8082e65,1
108,2136c70bbe723d338fab53da3c03e6dc,2
108,23365beed316535b4105bd800c46670e,1
108,5a6e53c3b4e8684b13388d6aa4afdf12,6
108,601a360bd2a916ecef0e88de72a6531a,2
108,7e0dc102074f8285580c9777f79c90cf,1
108,880be32f4db1d9f6e2bec38fb6ac23ab,2
108,91b08d34d0ba4db44da2dc382867ba49,1
108,99a4788cb24856965c36a24e339b6058,1
108,be837f2e0152a208d4386f4126d5bd7c,1
108,c6dd917a0be2a704582055949915ab32,1
108,c92f0e7b9d49a9543558d6532772441b,1
108,dca8cbb1c9d8a2db0fbc0c36b8d1a7bc,1
108,e67307ff0f15ade43fcb6e670be7a74c,1
108,e9a69340883a438c3f91739d14d3a56d,2
109,11875b30b49585209e608f40e8082e65,1
109,1bfb290d7273a442c874dbe74b4abae6,2
109,44a34214a57dc373dcd80f54c919d006,1
109,4ae634441e444ca4bc85903cafe98d73,1
109,63de2743d05ab59d85caa49e49459ac1,1
109,880be32f4db1d9f6e2bec38fb6ac23ab,1
109,8c5876b1c7768217964f353bc7e64393,1
109,99a4788cb24856965c36a24e339b6058,1
109,a298a105818dce6878b787e4af6cff7d,1
109,a9516a079e37a9c9c36b9b78b10169e8,1
109,aa280035c50ba62c746480a59045eec4,1
109,af51d485dc5255ba2e18b21b550156e6,1
109,d1c427060a0f73f6b889a5c7c61f2ac4,1
109,d696750e550fd0f733979dd7e5dff921,2
109,e9a69340883a438c3f91739d14d3a56d,2
110,154e7e31ebfa092203795c972e5804a6,2
110,44a34214a57dc373dcd80f54c919d006,1
110,5a6e53c3b4e8684b13388d6aa4afdf12,1
110,601a360bd2a916ecef0e88de72a6531a,1
110,62d8daeee0db3a60c234c2d1bfd10651,2
110,8c591ab0ca519558779df02023177f44,1
110,98d61056e0568ba048e5d78038790e77,1
110,aba86c093ccdbac75b09111d57e50004,1
110,af51d485dc5255ba2e18b21b550156e6,1
110,be837f2e0152a208d4386f4126d5bd7c,2
110,f71973c922ccaab05514a36a8bc741b8,1
111,06c6e01186af8b98ee1fc9e01f9471e9,1
111,5a6e53c3b4e8684b13388d6aa4afdf12,1
111,601a360bd2a916ecef0e88de72a6531a,1
111,63de2743d05ab59d85caa49e49459ac1,1
111,72172e982e8b92155069e4201c92c0bb,1
111,7340a3839a1de1e99d149b8cf052a2ec,1
111,8c5876b1c7768217964f353bc7e64393,1
111,99a4788cb24856965c36a24e339b6058,1
111,a298a105818dce6878b787e4af6cff7d,1
111,ab9cf155f8280c3739b09fe341a185e8,1
111,b59fb744c6f3cd1dc23b10f760848d98,1
111,c43ab4269cbf91b373263db4c2973cad,1
111,c92f0e7b9d49a9543558d6532772441b,1
111,dbb4ce89c8ed5fb6fd901e2e51093179,1
111,e251ebd2858be1aa7d9b2087a6992580,1
112,154e7e31ebfa092203795c972e5804a6,1
112,23365beed316535b4105bd800c46670e,1
112,42a2c92a0979a949ca4ea89ec5c7b934,1
112,4ae634441e444ca4bc85903cafe98d73,1
112,5a6e53c3b4e8684b13388d6aa4afdf12,1
112,63de2743d05ab59d85caa49e49459ac1,2
112,7c1bd920dbdf22470b68bde975dd3ccf,1
112,7fab1a1472fdd934397068931f63f3ca,1
112,8c5876b1c7768217964f353bc7e64393,1
112,99a4788cb24856965c36a24e339b6058,3
112,a298a105818dce6878b787e4af6cff7d,1
112,a35a9f46dcee0a67c8c7ad8493eb4135,2
112,aa280035c50ba62c746480a59045eec4,1
112,ab9cf155f8280c3739b09fe341a185e8,1
112,be837f2e0152a208d4386f4126d5bd7c,1
112,c1488892604e4ba5cff5b4eb4d595400,1
112,cc971e0365873137b8bef2ebad633e6f,1
112,d5b703c271f43f9c588a6f512a00f77e,1
112,e67307ff0f15ade43fcb6e670be7a74c,1
112,f264c1d9b20b5e4a340254d0405e613b,1
112,f35927953ed82e19d06ad3aac2f06353,1
112,f908d3bf313a1308bfb2a46ea2685347,1
113,08574b074924071f4e201e151b152b4e,1
113,1612209b0b37fbe80e1e8e1b7d19ca1d,1
113,23365beed316535b4105bd800c46670e,1
113,386486367c1f9d4f587a8864ccb6902b,1
113,389d119b48cf3043d311335e499d9c6b,2
113,422879e10f46682990de24d770e7f83d,1
113,4ae634441e444ca4bc85903cafe98d73,2
113,5328338cfaa16ba10561cd970c73ca11,1
113,53759a2ecddad2bb87a079a1f1519f73,1
113,5a6e53c3b4e8684b13388d6aa4afdf12,2
113,601a360bd2a916ecef0e88de72a6531a,2
113,6bbe55cf8f85c87b6eebb775a53402f4,1
113,75d6b6963340c6063f7f4cfcccfe6a30,1
113,8d1cfc0463b545928bfb4e589e017bd4,1
113,91b08d34d0ba4db44da2dc382867ba49,1
113,99a4788cb24856965c36a24e339b6058,1
113,a50acd33ba7a8da8e9db65094fa990a4,1
113,ab9cf155f8280c3739b09fe341a185e8,1
113,bbaef2eadf31fe3ea6702077398be06c,1
113,c7b3cf9de7be95b3e09e7a63315685eb,1
113,db5efde3ad0cc579b130d71c4b2db522,1
113,f9259c9e7c0f12c70f7a81409680a5ff,1
114,06c6e01186af8b98ee1fc9e01f9471e9,1
114,0bb7cb61f1957f79dac582ab66ccdc1f,1
114,1491a8ff192d4b5c369b0eaa2fe33ee5,1
114,1bfb290d7273a442c874dbe74b4abae6,2
114,23365beed316535b4105bd800c46670e,1
114,29427de7f8a9ee983d9dbc51cec569b4,1
114,2b4609f8948be18874494203496bc318,1
114,4ae634441e444ca4bc85903cafe98d73,1
114,5a6e53c3b4e8684b13388d6aa4afdf12,2
114,776ef0ee36e20757c513e64903f1fa8a,1
114,7c1bd920dbdf22470b68bde975dd3ccf,1
114,86c43103446290e7efacad3701cd654d,1
114,8c5876b1c7768217964f353bc7e64393,1
114,8d1cfc0463b545928bfb4e589e017bd4,1
114,99a4788cb24856965c36a24e339b6058,2
114,ab9cf155f8280c3739b09fe341a185e8,1
114,c6dd917a0be2a704582055949915ab32,2
114,f71973c922ccaab05514a36a8bc741b8,1
114,f9259c9e7c0f12c70f7a81409680a5ff,1
115,130482add9fd75ccb6c57ba007694a2d,1
115,1612209b0b37fbe80e1e8e1b7d19ca1d,1
115,16ed6a6e3fce23b741650437fe58d65b,1
115,22c5ddc22ea8cae84fc9917def682dc6,1
115,23365beed316535b4105bd800c46670e,2
115,31a2f42a87890f87d77daebdfabc182e,1
115,42a2c92a0979a949ca4ea89ec5c7b934,1
115,4fcb3d9a5f4871e8362dfedbdb02b064,1
115,5a6e53c3b4e8684b13388d6aa4afdf12,2
115,601a360bd2a916ecef0e88de72a6531a,1
115,617186c3d97ea56c9c683a8a3974e8c1,1
115,68a058d125ba1544e726898f0b8c0523,1
115,777d2e438a1b645f3aec9bd57e92672c,2
115,7c1bd920dbdf22470b68bde975dd3ccf,1
115,7d854ab97c64ef9df2bbfaf332765786,1
115,99a4788cb24856965c36a24e339b6058,2
115,a5f6ba3fe91a2e73f10b612131cb2404,1
115,bbaef2eadf31fe3ea6702077398be06c,1
115,c6dd917a0be2a704582055949915ab32,3
115,cc971e0365873137b8bef2ebad633e6f,1
115,cec09725da5ed01471d9a505e7389d37,1
115,dd6a505f83dd3c6326aa9856519e0978,1
116,07c055536ebf10dfbb6c6db6dbfc36e5,1
116,08574b074924071f4e201e151b152b4e,1
116,0bb7cb61f1957f79dac582ab66ccdc1f,1
116,154e7e31ebfa092203795c972e5804a6,1
116,2b4609f8948be18874494203496bc318,1
116,31a2f42a87890f87d77daebdfabc182e,1
116,4fcb3d9a5f4871e8362dfedbdb02b064,1
116,5a6e53c3b4e8684b13388d6aa4afdf12,1
116,63de2743d05ab59d85caa49e49459ac1,3
116,7c1bd920dbdf22470b68bde975dd3ccf,1
116,7d854ab97c64ef9df2bbfaf332765786,1
116,99a4788cb24856965c36a24e339b6058,1
116,a50acd33ba7a8da8e9db65094fa990a4,1
116,be837f2e0152a208d4386f4126d5bd7c,1
116,c403e106353e1aa40efe783ecb39ed7a,1
116,c94d19d021d4a8fbae5a45f904aeea90,1
116,db5efde3ad0cc579b130d71c4b2db522,1
116,dfb97c88e066dc22165f31648efe1312,1
116,e94df75b2e9a8b056be0c144a731f55c,1
116,f71973c922ccaab05514a36a8bc741b8,1
117,0bb7cb61f1957f79dac582ab66ccdc1f,2
117,31639956e7fac87ecfd9d608040638bd,1
117,34d6306314a47fe15c1efdbc23302020,1
117,62d8daeee0db3a60c234c2d1bfd10651,2
117,7340a3839a1de1e99d149b8cf052a2ec,1
117,77cc62dc80ebe12a0452d1ce0565acdc,1
117,7f064525eaaa1ce9d22c085f7ff5413a,1
117,880be32f4db1d9f6e2bec38fb6ac23ab,1
117,98d61056e0568ba048e5d78038790e77,1
117,9d8a0e115e802d845b4ce1eb794d1260,1
117,a298a105818dce6878b787e4af6cff7d,1
117,c075b8e131353552218860f1c421e4ef,1
117,c857b96593773e940454e76efa8eabb3,2
117,d6fe3b4ddecd4a8393c6a1385de3bfb6,1
117,f264c1d9b20b5e4a340254d0405e613b,1
117,f4f67ccaece962d013a4e1d7dc3a61f7,1
117,f71973c922ccaab05514a36a8bc741b8,2
118,08574b074924071f4e201e151b152b4e,2
118,154e7e31ebfa092203795c972e5804a6,1
118,29427de7f8a9ee983d9dbc51cec569b4,2
118,2a5806f10d0f00e5ad032dd2e3c8806e,1
118,4298b7e67dc399c200662b569563a2b2,1
118,44a34214a57dc373dcd80f54c919d006,1
118,4fcb3d9a5f4871e8362dfedbdb02b064,1
118,53759a2ecddad2bb87a079a1f1519f73,1
118,63de2743d05ab59d85caa49e49459ac1,1
118,72172e982e8b92155069e4201c92c0bb,1
118,7c1bd920dbdf22470b68bde975dd3ccf,1
118,7d854ab97c64ef9df2bbfaf332765786,1
118,7fb04722aba7a2b632bac8f9819796f3,2
118,99a4788cb24856965c36a24e339b6058,1
118,9fe172fa8e662ca8572cf12abf8bce23,1
118,a50acd33ba7a8da8e9db65094fa990a4,1
118,a9516a079e37a9c9c36b9b78b10169e8,1
118,ab9cf155f8280c3739b09fe341a185e8,4
118,bbaef2eadf31fe3ea6702077398be06c,1
118,c1488892604e4ba5cff5b4eb4d595400,1
118,d696750e550fd0f733979dd7e5dff921,1
118,ea44caac707f7f1325182a538007f838,1
118,f2e53dd1670f3c376518263b3f71424d,1
119,08574b074924071f4e201e151b152b4e,2
119,0bb7cb61f1957f79dac582ab66ccdc1f,1
119,1612209b0b37fbe80e1e8e1b7d19ca1d,1
119,35afc973633aaeb6b877ff57b2793310,1
119,42a2c92a0979a949ca4ea89ec5c7b934,1
119,4b703444923b5e57bb73ba343f5ebab7,1
119,601a360bd2a916ecef0e88de72a6531a,1
119,66a0a6e02b7f543e5b021ce361f267d4,2
119,75d6b6963340c6063f7f4cfcccfe6a30,1
119,87283a98b24f9f1ac3a31b631073cf47,1
119,99a4788cb24856965c36a24e339b6058,3
119,a298a105818dce6878b787e4af6cff7d,1
119,a35a9f46dcee0a67c8c7ad8493eb4135,1
119,a9516a079e37a9c9c36b9b78b10169e8,1
119,ab9cf155f8280c3739b09fe341a185e8,1
119,b0961721fd839e9982420e807758a2a6,2
119,b8b426747049f2d3d6e00b486d47dedb,1
119,bbaef2eadf31fe3ea6702077398be06c,1
119,bce474cc95b6e77657e10939b0b4248c,1
119,c6dd917a0be2a704582055949915ab32,2
119,c92f0e7b9d49a9543558d6532772441b,1
119,cc971e0365873137b8bef2ebad633e6f,2
119,dbb4ce89c8ed5fb6fd901e2e51093179,1
119,dfb97c88e066dc22165f31648efe1312,1
119,e67307ff0f15ade43fcb6e670be7a74c,1
120,2a2d22ae30e026f1893083c8405ca522,1
120,34d6306314a47fe15c1efdbc23302020,1
120,53759a2ecddad2bb87a079a1f1519f73,3
120,5a6e53c3b4e8684b13388d6aa4afdf12,1
120,7340a3839a1de1e99d149b8cf052a2ec,1
120,880be32f4db1d9f6e2bec38fb6ac23ab,3
120,99a4788cb24856965c36a24e339b6058,1
120,a298a105818dce6878b787e4af6cff7d,1
120,a9516a079e37a9c9c36b9b78b10169e8,8
120,ab9cf155f8280c3739b09fe341a185e8,1
120,aba86c093ccdbac75b09111d57e50004,2
120,af51d485dc5255ba2e18b21b550156e6,1
120,c6dd917a0be2a704582055949915ab32,1
120,c7b3cf9de7be95b3e09e7a63315685eb,1
120,c92f0e7b9d49a9543558d6532772441b,1
120,cec09725da5ed01471d9a505e7389d37,1
120,d5991653e037ccb7af6ed7d94246b249,8
120,d5b703c271f43f9c588a6f512a00f77e,1
120,e282624d8c82e04983f125e167eb4521,1
120,e67307ff0f15ade43fcb6e670be7a74c,1
120,e9def91e99c8ecb7c5cef5e31506a056,1
120,f71973c922ccaab05514a36a8bc741b8,1
121,06c6e01186af8b98ee1fc9e01f9471e9,1
121,086351823300e0339f6955b27998c186,1
121,154e7e31ebfa092203795c972e5804a6,1
121,29427de7f8a9ee983d9dbc51cec569b4,1
121,389d119b48cf3043d311335e499d9c6b,1
121,404a57563d487aecbc2b1a01d9b89aab,1
121,42a2c92a0979a949ca4ea89ec5c7b934,2
121,5f504b3a1c75b73d6151be81eb05bdc9,1
121,7c1bd920dbdf22470b68bde975dd3ccf,1
121,7e0dc102074f8285580c9777f79c90cf,1
121,7fab1a1472fdd934397068931f63f3ca,1
121,8aa6223e400af9c97b07c75993142721,1
121,98a8c2fa16d7239c606640f5555768e4,1
121,99a4788cb24856965c36a24e339b6058,1
121,b1acb7e8152c90c9619897753a75c973,1
121,bbaef2eadf31fe3ea6702077398be06c,2
121,c6dd917a0be2a704582055949915ab32,2
121,c857b96593773e940454e76efa8eabb3,2
121,f908d3bf313a1308bfb2a46ea2685347,1
122,06c6e01186af8b98ee1fc9e01f9471e9,2
122,06f0e85c7892d5df893f332706340af1,1
122,08574b074924071f4e201e151b152b4e,1
122,1491a8ff192d4b5c369b0eaa2fe33ee5,1
122,283dc451ad3918badb976d56ff887289,1
122,31a2f42a87890f87d77daebdfabc182e,2
122,3225c54bb2785c33f49f50398fcdb88c,1
122,601a360bd2a916ecef0e88de72a6531a,1
122,63de2743d05ab59d85caa49e49459ac1,1
122,72172e982e8b92155069e4201c92c0bb,2
122,77cc62dc80ebe12a0452d1ce0565acdc,1
122,7d854ab97c64ef9df2bbfaf332765786,1
122,8c5876b1c7768217964f353bc7e64393,1
122,98a8c2fa16d7239c606640f5555768e4,1
122,99a4788cb24856965c36a24e339b6058,1
122,bbaef2eadf31fe3ea6702077398be06c,1
122,c6dd917a0be2a704582055949915ab32,1
122,c94d19d021d4a8fbae5a45f904aeea90,1
122,cc971e0365873137b8bef2ebad633e6f,1
122,cec09725da5ed01471d9a505e7389d37,3
122,e282624d8c82e04983f125e167eb4521,1
122,f264c1d9b20b5e4a340254d0405e613b,1
122,f71973c922ccaab05514a36a8bc741b8,1
123,06c6e01186af8b98ee1fc9e01f9471e9,1
123,23365beed316535b4105bd800c46670e,1
123,283dc451ad3918badb976d56ff887289,1
123,2b4609f8948be18874494203496bc318,1
123,35afc973633aaeb6b877ff57b2793310,2
123,5a6e53c3b4e8684b13388d6aa4afdf12,2
123,62d8daeee0db3a60c234c2d1bfd10651,1
123,66a0a6e02b7f543e5b021ce361f267d4,1
123,72172e982e8b92155069e4201c92c0bb,2
123,777d2e438a1b645f3aec9bd57e92672c,1
123,7c1bd920dbdf22470b68bde975dd3ccf,1
123,880be32f4db1d9f6e2bec38fb6ac23ab,1
123,8c591ab0ca519558779df02023177f44,1
123,99a4788cb24856965c36a24e339b6058,5
123,af51d485dc5255ba2e18b21b550156e6,1
123,c73628b1c3144b2e0c9c88072f21a213,1
123,f71f42e2381752836563b70beb542f80,1
124,08574b074924071f4e201e151b152b4e,1
124,11875b30b49585209e608f40e8082e65,1
124,35ebf08a93899d44e756809e11b14754,1
124,3db75f31b76375c502f64d550dcd1166,1
124,422879e10f46682990de24d770e7f83d,1
124,75d6b6963340c6063f7f4cfcccfe6a30,1
124,817e1c2d22418c36386406ccacfa53e8,1
124,99a4788cb24856965c36a24e339b6058,4
124,a50acd33ba7a8da8e9db65094fa990a4,1
124,ab9cf155f8280c3739b09fe341a185e8,1
124,be837f2e0152a208d4386f4126d5bd7c,1
124,c43ab4269cbf91b373263db4c2973cad,1
124,c6dd917a0be2a704582055949915ab32,1
124,d5991653e037ccb7af6ed7d94246b249,1
125,08574b074924071f4e201e151b152b4e,1
125,1491a8ff192d4b5c369b0eaa2fe33ee5,1
125,154e7e31ebfa092203795c972e5804a6,1
125,29427de7f8a9ee983d9dbc51cec569b4,1
125,34d6306314a47fe15c1efdbc23302020,1
125,3db75f31b76375c502f64d550dcd1166,1
125,422879e10f46682990de24d770e7f83d,1
125,42a2c92a0979a949ca4ea89ec5c7b934,1
125,63de2743d05ab59d85caa49e49459ac1,1
125,6bbe55cf8f85c87b6eebb775a53402f4,1
125,7fab1a1472fdd934397068931f63f3ca,1
125,8c5876b1c7768217964f353bc7e64393,1
125,98d61056e0568ba048e5d78038790e77,1
125,99a4788cb24856965c36a24e339b6058,2
125,ace5d86cf1ac63cdb76f49e5cd23d2f8,1
125,be837f2e0152a208d4386f4126d5bd7c,1
125,c1488892604e4ba5cff5b4eb4d595400,2
125,c6dd917a0be2a704582055949915ab32,1
125,d189fbf8b5d79a670cebcaaad68d77b2,1
125,d5b703c271f43f9c588a6f512a00f77e,1
125,dca8cbb1c9d8a2db0fbc0c36b8d1a7bc,1
125,e67307ff0f15ade43fcb6e670be7a74c,2
125,e9def91e99c8ecb7c5cef5e31506a056,1
125,f908d3bf313a1308bfb2a46ea2685347,1
126,06c6e01186af8b98ee1fc9e01f9471e9,1
126,07c055536ebf10dfbb6c6db6dbfc36e5,1
126,08574b074924071f4e201e151b152b4e,1
126,11875b30b49585209e608f40e8082e65,1
126,154e7e31ebfa092203795c972e5804a6,1
126,2a5806f10d0f00e5ad032dd2e3c8806e,1
126,2b4609f8948be18874494203496bc318,1
126,34d6306314a47fe15c1efdbc23302020,1
126,35afc973633aaeb6b877ff57b2793310,1
126,4fcb3d9a5f4871e8362dfedbdb02b064,1
126,5328338cfaa16ba10561cd970c73ca11,1
126,569ffd16f8032478cbeb9800f2e94ba0,2
126,6cdd53843498f92890544667809f1595,2
126,72172e982e8b92155069e4201c92c0bb,1
126,7d50930301709838d8e90dcac5cfaa84,1
126,8c5876b1c7768217964f353bc7e64393,2
126,91b08d34d0ba4db44da2dc382867ba49,1
126,99a4788cb24856965c36a24e339b6058,2
126,a5f6ba3fe91a2e73f10b612131cb2404,2
126,bbaef2eadf31fe3ea6702077398be06c,1
126,c403e106353e1aa40efe783ecb39ed7a,1
126,c6dd917a0be2a704582055949915ab32,1
126,f264c1d9b20b5e4a340254d0405e613b,1
127,06c6e01186af8b98ee1fc9e01f9471e9,1
127,08574b074924071f4e201e151b152b4e,3
127,154e7e31ebfa092203795c972e5804a6,1
127,1612209b0b37fbe80e1e8e1b7d19ca1d,1
127,16ed6a6e3fce23b741650437fe58d65b,1
127,1ec486885049bbb9b79351d150ed18c4,1
127,22c5ddc22ea8cae84fc9917def682dc6,1
127,29427de7f8a9ee983d9dbc51cec569b4,1
127,2a2d22ae30e026f1893083c8405ca522,1
127,2b4609f8948be18874494203496bc318,1
127,34d6306314a47fe15c1efdbc23302020,2
127,44a34214a57dc373dcd80f54c919d006,1
127,4520766ec412348b8d4caa5e8a18c464,1
127,5a6e53c3b4e8684b13388d6aa4afdf12,2
127,656e0eca68dcecf6a31b8ececfabe3e8,1
127,73bcea88583002fe12b7399af4ae60da,1
127,777d2e438a1b645f3aec9bd57e92672c,1
127,77cc62dc80ebe12a0452d1ce0565acdc,2
127,7c1bd920dbdf22470b68bde975dd3ccf,2
127,880be32f4db1d9f6e2bec38fb6ac23ab,1
127,8c5876b1c7768217964f353bc7e64393,1
127,98d61056e0568ba048e5d78038790e77,1
127,99a4788cb24856965c36a24e339b6058,3
127,a5f6ba3fe91a2e73f10b612131cb2404,1
127,a9516a079e37a9c9c36b9b78b10169e8,2
127,ab9cf155f8280c3739b09fe341a185e8,2
127,af51d485dc5255ba2e18b21b550156e6,1
127,c43ab4269cbf91b373263db4c2973cad,1
127,c6dd917a0be2a704582055949915ab32,1
127,dbb4ce89c8ed5fb6fd901e2e51093179,2
127,ea44caac707f7f1325182a538007f838,1
127,f71f42e2381752836563b70beb542f80,1
127,f7f59e6186e10983a061ac7bdb3494d6,1
128,08574b074924071f4e201e151b152b4e,1
128,11fd9d7ba552e1d28872e008acf1e050,1
128,130482add9fd75ccb6c57ba007694a2d,1
128,1612209b0b37fbe80e1e8e1b7d19ca1d,1
128,167b4b8c4bd0c401bea62f5e050d70a4,1
128,2423252b2432f1803e4f29e0974c6cf7,1
128,29427de7f8a9ee983d9dbc51cec569b4,2
128,31a2f42a87890f87d77daebdfabc182e,1
128,35afc973633aaeb6b877ff57b2793310,1
128,3db75f31b76375c502f64d550dcd1166,1
128,3e442d09f9dfef002aadf31960869f65,1
128,42a2c92a0979a949ca4ea89ec5c7b934,2
128,4fcb3d9a5f4871e8362dfedbdb02b064,1
128,569ffd16f8032478cbeb9800f2e94ba0,1
128,5a6e53c3b4e8684b13388d6aa4afdf12,2
128,601a360bd2a916ecef0e88de72a6531a,2
128,776ef0ee36e20757c513e64903f1fa8a,1
128,7c1bd920dbdf22470b68bde975dd3ccf,1
128,7fab1a1472fdd934397068931f63f3ca,1
128,87283a98b24f9f1ac3a31b631073cf47,1
128,99a4788cb24856965c36a24e339b6058,2
128,a42d9c825894f96fc6ed02610891454d,1
128,b1acb7e8152c90c9619897753a75c973,1
128,d2f5484cbffe4ca766301b21ab9246dd,1
128,d5991653e037ccb7af6ed7d94246b249,2
128,dca8cbb1c9d8a2db0fbc0c36b8d1a7bc,1
128,dd6a505f83dd3c6326aa9856519e0978,2
128,f4f67ccaece962d013a4e1d7dc3a61f7,1
129,060cb19345d90064d1015407193c233d,1
129,06c6e01186af8b98ee1fc9e01f9471e9,1
129,07c055536ebf10dfbb6c6db6dbfc36e5,1
129,167b4b8c4bd0c401bea62f5e050d70a4,1
129,1ec486885049bbb9b79351d150ed18c4,1
129,2083a6feb4bbb31f6abc92fc24e468c0,1
129,29427de7f8a9ee983d9dbc51cec569b4,1
129,31639956e7fac87ecfd9d608040638bd,1
129,42a2c92a0979a949ca4ea89ec5c7b934,1
129,44a34214a57dc373dcd80f54c919d006,1
129,4b703444923b5e57bb73ba343f5ebab7,1
129,601a360bd2a916ecef0e88de72a6531a,1
129,63de2743d05ab59d85caa49e49459ac1,1
129,656e0eca68dcecf6a31b8ececfabe3e8,1
129,72172e982e8b92155069e4201c92c0bb,1
129,8c5876b1c7768217964f353bc7e64393,1
129,8d1cfc0463b545928bfb4e589e017bd4,1
129,91b08d34d0ba4db44da2dc382867ba49,1
129,98d61056e0568ba048e5d78038790e77,1
129,9d8a0e115e802d845b4ce1eb794d1260,1
129,9fe172fa8e662ca8572cf12abf8bce23,1
129,a298a105818dce6878b787e4af6cff7d,2
129,a8115d34a4b7b74388da609692162c37,1
129,bbaef2eadf31fe3ea6702077398be06c,1
129,c075b8e131353552218860f1c421e4ef,2
129,c4baedd846ed09b85f78a781b522f126,1
129,c92f0e7b9d49a9543558d6532772441b,1
129,d696750e550fd0f733979dd7e5dff921,1
129,dfb97c88e066dc22165f31648efe1312,1
129,e251ebd2858be1aa7d9b2087a6992580,1
129,ea44caac707f7f1325182a538007f838,1
130,060cb19345d90064d1015407193c233d,1
130,11875b30b49585209e608f40e8082e65,3
130,130482add9fd75ccb6c57ba007694a2d,1
130,29427de7f8a9ee983d9dbc51cec569b4,3
130,35afc973633aaeb6b877ff57b2793310,2
130,42a2c92a0979a949ca4ea89ec5c7b934,1
130,4fcb3d9a5f4871e8362dfedbdb02b064,1
130,601a360bd2a916ecef0e88de72a6531a,1
130,63de2743d05ab59d85caa49e49459ac1,3
130,7d854ab97c64ef9df2bbfaf332765786,2
130,81288df52439985f610be64465e53f57,1
130,8c591ab0ca519558779df02023177f44,1
130,99a4788cb24856965c36a24e339b6058,2
130,9fe172fa8e662ca8572cf12abf8bce23,1
130,a50acd33ba7a8da8e9db65094fa990a4,1
130,c4baedd846ed09b85f78a781b522f126,1
130,cc971e0365873137b8bef2ebad633e6f,2
130,e67307ff0f15ade43fcb6e670be7a74c,2
130,e9def91e99c8ecb7c5cef5e31506a056,1
130,f264c1d9b20b5e4a340254d0405e613b,1
131,5bfc7506459ae2a7b4b573fe557a58e1,1
131,656e0eca68dcecf6a31b8ececfabe3e8,1
131,75d6b6963340c6063f7f4cfcccfe6a30,1
131,7d854ab97c64ef9df2bbfaf332765786,1
131,880be32f4db1d9f6e2bec38fb6ac23ab,1
131,952670bc019a73f0933157ec82ff6e4f,1
131,a298a105818dce6878b787e4af6cff7d,1
131,ab9cf155f8280c3739b09fe341a185e8,1
131,af51d485dc5255ba2e18b21b550156e6,3
131,c6dd917a0be2a704582055949915ab32,3
131,d189fbf8b5d79a670cebcaaad68d77b2,1
131,dbb4ce89c8ed5fb6fd901e2e51093179,2
131,f71973c922ccaab05514a36a8bc741b8,3
132,06c6e01186af8b98ee1fc9e01f9471e9,2
132,1491a8ff192d4b5c369b0eaa2fe33ee5,1
132,1612209b0b37fbe80e1e8e1b7d19ca1d,1
132,23365beed316535b4105bd800c46670e,1
132,31a2f42a87890f87d77daebdfabc182e,1
132,35afc973633aaeb6b877ff57b2793310,1
132,35ebf08a93899d44e756809e11b14754,1
132,3db75f31b76375c502f64d550dcd1166,1
132,404a57563d487aecbc2b1a01d9b89aab,1
132,42a2c92a0979a949ca4ea89ec5c7b934,1
132,5a6e53c3b4e8684b13388d6aa4afdf12,1
132,601a360bd2a916ecef0e88de72a6531a,4
132,617186c3d97ea56c9c683a8a3974e8c1,1
132,7c1bd920dbdf22470b68bde975dd3ccf,3
132,880be32f4db1d9f6e2bec38fb6ac23ab,1
132,99a4788cb24856965c36a24e339b6058,3
132,a298a105818dce6878b787e4af6cff7d,1
132,a35a9f46dcee0a67c8c7ad8493eb4135,1
132,a9516a079e37a9c9c36b9b78b10169e8,1
132,ab9cf155f8280c3739b09fe341a185e8,1
132,bbaef2eadf31fe3ea6702077398be06c,3
132,c1488892604e4ba5cff5b4eb4d595400,1
132,c73628b1c3144b2e0c9c88072f21a213,1
132,c7b3cf9de7be95b3e09e7a63315685eb,2
132,c92f0e7b9d49a9543558d6532772441b,1
132,cc971e0365873137b8bef2ebad633e6f,1
132,d2f5484cbffe4ca766301b21ab9246dd,1
132,dbb4ce89c8ed5fb6fd901e2e51093179,2
132,e2bb00220a167d9e60b6776ac33717bc,1
132,f1c7f353075ce59d8a6f3cf58f419c9c,1
132,f264c1d9b20b5e4a340254d0405e613b,1
132,f71973c922ccaab05514a36a8bc741b8,2
133,154e7e31ebfa092203795c972e5804a6,1
133,23365beed316535b4105bd800c46670e,1
133,283dc451ad3918badb976d56ff887289,1
133,29427de7f8a9ee983d9dbc51cec569b4,1
133,404a57563d487aecbc2b1a01d9b89aab,1
133,42a2c92a0979a949ca4ea89ec5c7b934,1
133,473795a355d29305c3ea6b156833adf5,1
133,53759a2ecddad2bb87a079a1f1519f73,2
133,5411e9269501a870cabf632f05655131,1
133,5a6e53c3b4e8684b13388d6aa4afdf12,3
133,601a360bd2a916ecef0e88de72a6531a,1
133,99a4788cb24856965c36a24e339b6058,2
133,bbaef2eadf31fe3ea6702077398be06c,2
133,c6dd917a0be2a704582055949915ab32,1
133,cec09725da5ed01471d9a505e7389d37,1
133,dbb4ce89c8ed5fb6fd901e2e51093179,1
133,e67307ff0f15ade43fcb6e670be7a74c,2
133,f35927953ed82e19d06ad3aac2f06353,1
134,06edb72f1e0c64b14c5b79353f7abea3,1
134,08574b074924071f4e201e151b152b4e,2
134,0bcc3eeca39e1064258aa1e932269894,1
134,11875b30b49585209e608f40e8082e65,1
134,11fd9d7ba552e1d28872e008acf1e050,1
134,22c5ddc22ea8cae84fc9917def682dc6,1
134,23bcd6822a33df5534f9b290216eec1f,1
134,2a2d22ae30e026f1893083c8405ca522,1
134,2b4609f8948be18874494203496bc318,1
134,31639956e7fac87ecfd9d608040638bd,1
134,617186c3d97ea56c9c683a8a3974e8c1,1
134,77cc62dc80ebe12a0452d1ce0565acdc,1
134,7d854ab97c64ef9df2bbfaf332765786,1
134,99a4788cb24856965c36a24e339b6058,2
134,a35a9f46dcee0a67c8c7ad8493eb4135,1
134,ab9cf155f8280c3739b09fe341a185e8,1
134,ace5d86cf1ac63cdb76f49e5cd23d2f8,1
134,af51d485dc5255ba2e18b21b550156e6,2
134,bbaef2eadf31fe3ea6702077398be06c,2
134,be837f2e0152a208d4386f4126d5bd7c,1
134,c73628b1c3144b2e0c9c88072f21a213,1
134,cc971e0365873137b8bef2ebad633e6f,1
134,cec09725da5ed01471d9a505e7389d37,2
134,d5991653e037ccb7af6ed7d94246b249,1
134,d5b703c271f43f9c588a6f512a00f77e,1
134,d696750e550fd0f733979dd7e5dff921,1
134,dc404a1496a08f9f5540c8b5d4b92925,1
134,dd6a505f83dd3c6326aa9856519e0978,1
134,f264c1d9b20b5e4a340254d0405e613b,1
134,f2e53dd1670f3c376518263b3f71424d,1
134,f4f67ccaece962d013a4e1d7dc3a61f7,1
135,060cb19345d90064d1015407193c233d,1
135,08574b074924071f4e201e151b152b4e,2
135,0bb7cb61f1957f79dac582ab66ccdc1f,1
135,154e7e31ebfa092203795c972e5804a6,1
135,23365beed316535b4105bd800c46670e,1
135,29427de7f8a9ee983d9dbc51cec569b4,4
135,35afc973633aaeb6b877ff57b2793310,2
135,372645c7439f9661fbbacfd129aa92ec,1
135,3db75f31b76375c502f64d550dcd1166,1
135,601a360bd2a916ecef0e88de72a6531a,2
135,6cdd53843498f92890544667809f1595,1
135,99a4788cb24856965c36a24e339b6058,1
135,bbaef2eadf31fe3ea6702077398be06c,1
135,c1488892604e4ba5cff5b4eb4d595400,1
135,c43ab4269cbf91b373263db4c2973cad,1
135,c6ea63369936552872ae890c82175b4b,1
135,c73628b1c3144b2e0c9c88072f21a213,1
135,cc971e0365873137b8bef2ebad633e6f,1
135,ea44caac707f7f1325182a538007f838,1
136,06c6e01186af8b98ee1fc9e01f9471e9,2
136,08574b074924071f4e201e151b152b4e,1
136,0bb7cb61f1957f79dac582ab66ccdc1f,1
136,154e7e31ebfa092203795c972e5804a6,1
136,23365beed316535b4105bd800c46670e,1
136,35ebf08a93899d44e756809e11b14754,1
136,5bfc7506459ae2a7b4b573fe557a58e1,1
136,7340a3839a1de1e99d149b8cf052a2ec,1
136,86c43103446290e7efacad3701cd654d,1
136,880be32f4db1d9f6e2bec38fb6ac23ab,1
136,af51d485dc5255ba2e18b21b550156e6,2
136,b59fb744c6f3cd1dc23b10f760848d98,2
136,c075b8e131353552218860f1c421e4ef,1
136,c43ab4269cbf91b373263db4c2973cad,1
136,c6dd917a0be2a704582055949915ab32,1
136,c94d19d021d4a8fbae5a45f904aeea90,2
136,d5991653e037ccb7af6ed7d94246b249,1
137,08574b074924071f4e201e151b152b4e,1
137,2136c70bbe723d338fab53da3c03e6dc,1
137,31a2f42a87890f87d77daebdfabc182e,2
137,44a34214a57dc373dcd80f54c919d006,5
137,4fcb3d9a5f4871e8362dfedbdb02b064,1
137,5a6e53c3b4e8684b13388d6aa4afdf12,1
137,777d2e438a1b645f3aec9bd57e92672c,1
137,7c1bd920dbdf22470b68bde975dd3ccf,1
137,87283a98b24f9f1ac3a31b631073cf47,1
137,a298a105818dce6878b787e4af6cff7d,1
137,ab9cf155f8280c3739b09fe341a185e8,1
137,c7b3cf9de7be95b3e09e7a63315685eb,1
137,dd6a505f83dd3c6326aa9856519e0978,1
137,f4f67ccaece962d013a4e1d7dc3a61f7,1
138,23bcd6822a33df5534f9b290216eec1f,1
138,380b4664ba5bb18cc9db78ee6bac3558,1
138,4ae634441e444ca4bc85903cafe98d73,1
138,5f504b3a1c75b73d6151be81eb05bdc9,1
138,6bbe55cf8f85c87b6eebb775a53402f4,1
138,99a4788cb24856965c36a24e339b6058,3
138,af51d485dc5255ba2e18b21b550156e6,1
138,c6dd917a0be2a704582055949915ab32,1
139,060cb19345d90064d1015407193c233d,1
139,154e7e31ebfa092203795c972e5804a6,1
139,35ebf08a93899d44e756809e11b14754,1
139,4ae634441e444ca4bc85903cafe98d73,1
139,5a6e53c3b4e8684b13388d6aa4afdf12,1
139,66a0a6e02b7f543e5b021ce361f267d4,1
139,68bf2e76db1d8e846042e54da87399ca,1
139,777d2e438a1b645f3aec9bd57e92672c,1
139,98d61056e0568ba048e5d78038790e77,1
139,99a4788cb24856965c36a24e339b6058,5
139,bbaef2eadf31fe3ea6702077398be06c,1
139,c4baedd846ed09b85f78a781b522f126,1
139,c6ea63369936552872ae890c82175b4b,1
139,c73628b1c3144b2e0c9c88072f21a213,1
139,cec09725da5ed01471d9a505e7389d37,1
139,e9def91e99c8ecb7c5cef5e31506a056,1
139,f71973c922ccaab05514a36a8bc741b8,1
139,f9259c9e7c0f12c70f7a81409680a5ff,1
140,11875b30b49585209e608f40e8082e65,2
140,154e7e31ebfa092203795c972e5804a6,3
140,16ed6a6e3fce23b741650437fe58d65b,1
140,23365beed316535b4105bd800c46670e,1
140,31639956e7fac87ecfd9d608040638bd,1
140,35afc973633aaeb6b877ff57b2793310,1
140,3db75f31b76375c502f64d550dcd1166,1
140,422879e10f46682990de24d770e7f83d,1
140,4ac50dbde931c0a5ed8c33d3dc047351,1
140,4ae634441e444ca4bc85903cafe98d73,5
140,601a360bd2a916ecef0e88de72a6531a,1
140,62d8daeee0db3a60c234c2d1bfd10651,3
140,656e0eca68dcecf6a31b8ececfabe3e8,1
140,7340a3839a1de1e99d149b8cf052a2ec,1
140,77cc62dc80ebe12a0452d1ce0565acdc,1
140,7d854ab97c64ef9df2bbfaf332765786,1
140,98d61056e0568ba048e5d78038790e77,1
140,99a4788cb24856965c36a24e339b6058,4
140,a50acd33ba7a8da8e9db65094fa990a4,1
140,aa280035c50ba62c746480a59045eec4,1
140,ab9cf155f8280c3739b09fe341a185e8,1
140,af51d485dc5255ba2e18b21b550156e6,1
140,be837f2e0152a208d4386f4126d5bd7c,2
140,c43ab4269cbf91b373263db4c2973cad,1
140,dbb4ce89c8ed5fb6fd901e2e51093179,1
140,dca8cbb1c9d8a2db0fbc0c36b8d1a7bc,1
140,dfb97c88e066dc22165f31648efe1312,1
140,e251ebd2858be1aa7d9b2087a6992580,1
140,e67307ff0f15ade43fcb6e670be7a74c,1
140,f264c1d9b20b5e4a340254d0405e613b,1
140,f71973c922ccaab05514a36a8bc741b8,2
140,f7a17d2c51d9df89a4f1711c4ac17f33,1
140,f7f59e6186e10983a061ac7bdb3494d6,1
141,06c6e01186af8b98ee1fc9e01f9471e9,1
141,11875b30b49585209e608f40e8082e65,1
141,154e7e31ebfa092203795c972e5804a6,1
141,23365beed316535b4105bd800c46670e,1
141,2a2d22ae30e026f1893083c8405ca522,1
141,2a5806f10d0f00e5ad032dd2e3c8806e,1
141,42a2c92a0979a949ca4ea89ec5c7b934,1
141,7340a3839a1de1e99d149b8cf052a2ec,1
141,7c1bd920dbdf22470b68bde975dd3ccf,1
141,bbaef2eadf31fe3ea6702077398be06c,1
141,be837f2e0152a208d4386f4126d5bd7c,1
141,c73628b1c3144b2e0c9c88072f21a213,1
141,d5991653e037ccb7af6ed7d94246b249,2
141,e5eadf9be70a4a9fa514019542fc330a,1
141,f264c1d9b20b5e4a340254d0405e613b,2
141,f71973c922ccaab05514a36a8bc741b8,1
141,f7a17d2c51d9df89a4f1711c4ac17f33,2
142,06c6e01186af8b98ee1fc9e01f9471e9,1
142,130482add9fd75ccb6c57ba007694a2d,1
142,154e7e31ebfa092203795c972e5804a6,1
142,29427de7f8a9ee983d9dbc51cec569b4,1
142,2a2d22ae30e026f1893083c8405ca522,1
142,31a2f42a87890f87d77daebdfabc182e,2
142,34d6306314a47fe15c1efdbc23302020,1
142,35afc973633aaeb6b877ff57b2793310,1
142,42a2c92a0979a949ca4ea89ec5c7b934,1
142,4ae634441e444ca4bc85903cafe98d73,1
142,5a6e53c3b4e8684b13388d6aa4afdf12,2
142,601a360bd2a916ecef0e88de72a6531a,1
142,6cdd53843498f92890544667809f1595,1
142,777d2e438a1b645f3aec9bd57e92672c,2
142,7c1bd920dbdf22470b68bde975dd3ccf,1
142,7f064525eaaa1ce9d22c085f7ff5413a,1
142,880be32f4db1d9f6e2bec38fb6ac23ab,1
142,99a4788cb24856965c36a24e339b6058,2
142,bbaef2eadf31fe3ea6702077398be06c,3
142,c4baedd846ed09b85f78a781b522f126,1
142,c6dd917a0be2a704582055949915ab32,1
142,c7b3cf9de7be95b3e09e7a63315685eb,1
142,d017a2151d543a9885604dc62a3d9dcc,1
142,d696750e550fd0f733979dd7e5dff921,1
142,e2e426d1332240070b0a836a854d057b,1
142,ea44caac707f7f1325182a538007f838,1
143,06c6e01186af8b98ee1fc9e01f9471e9,1
143,0bb7cb61f1957f79dac582ab66ccdc1f,1
143,23365beed316535b4105bd800c46670e,1
143,42a2c92a0979a949ca4ea89ec5c7b934,1
143,4cd6ba4ea3112de8fc238307c4dc6307,1
143,5328338cfaa16ba10561cd970c73ca11,1
143,5f504b3a1c75b73d6151be81eb05bdc9,1
143,601a360bd2a916ecef0e88de72a6531a,2
143,617186c3d97ea56c9c683a8a3974e8c1,2
143,63de2743d05ab59d85caa49e49459ac1,1
143,656e0eca68dcecf6a31b8ececfabe3e8,1
143,6bbe55cf8f85c87b6eebb775a53402f4,1
143,777d2e438a1b645f3aec9bd57e92672c,1
143,7c1bd920dbdf22470b68bde975dd3ccf,1
143,98a8c2fa16d7239c606640f5555768e4,1
143,99a4788cb24856965c36a24e339b6058,1
143,a298a105818dce6878b787e4af6cff7d,1
143,a42d9c825894f96fc6ed02610891454d,1
143,af51d485dc5255ba2e18b21b550156e6,1
143,b59fb744c6f3cd1dc23b10f760848d98,1
143,be837f2e0152a208d4386f4126d5bd7c,1
143,c92f0e7b9d49a9543558d6532772441b,1
143,d5b703c271f43f9c588a6f512a00f77e,2
143,e251ebd2858be1aa7d9b2087a6992580,2
143,e67307ff0f15ade43fcb6e670be7a74c,1
143,f71973c922ccaab05514a36a8bc741b8,2
144,11875b30b49585209e608f40e8082e65,1
144,11fd9d7ba552e1d28872e008acf1e050,1
144,23365beed316535b4105bd800c46670e,1
144,30469bb5ea377eae7121981e2f0778e4,1
144,34d6306314a47fe15c1efdbc23302020,1
144,5a6e53c3b4e8684b13388d6aa4afdf12,1
144,5f504b3a1c75b73d6151be81eb05bdc9,1
144,601a360bd2a916ecef0e88de72a6531a,2
144,656e0eca68dcecf6a31b8ececfabe3e8,2
144,7c1bd920dbdf22470b68bde975dd3ccf,3
144,880be32f4db1d9f6e2bec38fb6ac23ab,1
144,99a4788cb24856965c36a24e339b6058,1
144,a5341e3f8155dbb3e62323d3ea289729,1
144,a5f6ba3fe91a2e73f10b612131cb2404,2
144,a9516a079e37a9c9c36b9b78b10169e8,1
144,aa280035c50ba62c746480a59045eec4,1
144,be837f2e0152a208d4386f4126d5bd7c,2
144,c6dd917a0be2a704582055949915ab32,1
144,c6ea63369936552872ae890c82175b4b,1
144,d5991653e037ccb7af6ed7d94246b249,2
144,d6fe3b4ddecd4a8393c6a1385de3bfb6,1
144,dd6a505f83dd3c6326aa9856519e0978,1
144,e251ebd2858be1aa7d9b2087a6992580,1
144,f35927953ed82e19d06ad3aac2f06353,1
144,f71973c922ccaab05514a36a8bc741b8,1
145,130482add9fd75ccb6c57ba007694a2d,1
145,154e7e31ebfa092203795c972e5804a6,2
145,23365beed316535b4105bd800c46670e,1
145,29427de7f8a9ee983d9dbc51cec569b4,1
145,30469bb5ea377eae7121981e2f0778e4,1
145,34d6306314a47fe15c1efdbc23302020,1
145,3db75f31b76375c502f64d550dcd1166,1
145,601a360bd2a916ecef0e88de72a6531a,1
145,6bbe55cf8f85c87b6eebb775a53402f4,1
145,75d6b6963340c6063f7f4cfcccfe6a30,1
145,98a8c2fa16d7239c606640f5555768e4,1
145,a9f480bfc49f0b85e8394e1cdf685b4e,1
145,bbaef2eadf31fe3ea6702077398be06c,2
145,c6dd917a0be2a704582055949915ab32,1
145,d017a2151d543a9885604dc62a3d9dcc,1
145,dc404a1496a08f9f5540c8b5d4b92925,1
145,e67307ff0f15ade43fcb6e670be7a74c,1
145,ea44caac707f7f1325182a538007f838,1
145,f71f42e2381752836563b70beb542f80,1
146,06c6e01186af8b98ee1fc9e01f9471e9,1
146,130482add9fd75ccb6c57ba007694a2d,1
146,283dc451ad3918badb976d56ff887289,1
146,2a2d22ae30e026f1893083c8405ca522,1
146,31a2f42a87890f87d77daebdfabc182e,1
146,4ae634441e444ca4bc85903cafe98d73,1
146,75d6b6963340c6063f7f4cfcccfe6a30,1
146,7c1bd920dbdf22470b68bde975dd3ccf,1
146,880be32f4db1d9f6e2bec38fb6ac23ab,1
146,a298a105818dce6878b787e4af6cff7d,1
146,c075b8e131353552218860f1c421e4ef,1
146,c6336fa91fbd87c359e44f5dca5a90ed,1
146,c6dd917a0be2a704582055949915ab32,1
146,d017a2151d543a9885604dc62a3d9dcc,1
146,d5991653e037ccb7af6ed7d94246b249,1
146,d5b703c271f43f9c588a6f512a00f77e,1
146,dc404a1496a08f9f5540c8b5d4b92925,1
146,e67307ff0f15ade43fcb6e670be7a74c,1
146,f7a17d2c51d9df89a4f1711c4ac17f33,1
147,06edb72f1e0c64b14c5b79353f7abea3,1
147,154e7e31ebfa092203795c972e5804a6,1
147,22c5ddc22ea8cae84fc9917def682dc6,1
147,23365beed316535b4105bd800c46670e,1
147,29427de7f8a9ee983d9dbc51cec569b4,1
147,31a2f42a87890f87d77daebdfabc182e,1
147,34d6306314a47fe15c1efdbc23302020,1
147,4520766ec412348b8d4caa5e8a18c464,1
147,4b703444923b5e57bb73ba343f5ebab7,3
147,53759a2ecddad2bb87a079a1f1519f73,1
147,5bfc7506459ae2a7b4b573fe557a58e1,1
147,601a360bd2a916ecef0e88de72a6531a,2
147,617186c3d97ea56c9c683a8a3974e8c1,1
147,777d2e438a1b645f3aec9bd57e92672c,1
147,77cc62dc80ebe12a0452d1ce0565acdc,1
147,7f064525eaaa1ce9d22c085f7ff5413a,1
147,99a4788cb24856965c36a24e339b6058,7
147,9b9d1c4bd979b93c138044e032f99780,1
147,a298a105818dce6878b787e4af6cff7d,2
147,bbaef2eadf31fe3ea6702077398be06c,2
147,c3ba4e8d3cb30049213b682e751e9d00,1
147,c6ea63369936552872ae890c82175b4b,1
147,c73628b1c3144b2e0c9c88072f21a213,1
147,c857b96593773e940454e76efa8eabb3,1
147,d5991653e037ccb7af6ed7d94246b249,2
147,d696750e550fd0f733979dd7e5dff921,3
147,d7d5562fce331ad958ca6f57057b3526,1
147,e251ebd2858be1aa7d9b2087a6992580,2
147,f7a17d2c51d9df89a4f1711c4ac17f33,1
148,07c055536ebf10dfbb6c6db6dbfc36e5,1
148,1600dcf1cea8c0c83702e07b577ab231,1
148,1612209b0b37fbe80e1e8e1b7d19ca1d,1
148,2136c70bbe723d338fab53da3c03e6dc,1
148,23365beed316535b4105bd800c46670e,1
148,3db75f31b76375c502f64d550dcd1166,1
148,42a2c92a0979a949ca4ea89ec5c7b934,1
148,4ae634441e444ca4bc85903cafe98d73,1
148,4b703444923b5e57bb73ba343f5ebab7,1
148,4fcb3d9a5f4871e8362dfedbdb02b064,1
148,72172e982e8b92155069e4201c92c0bb,1
148,777d2e438a1b645f3aec9bd57e92672c,1
148,7c1bd920dbdf22470b68bde975dd3ccf,2
148,87d780fa7d2cf3710aa02dc4ca8db985,1
148,880be32f4db1d9f6e2bec38fb6ac23ab,2
148,98a8c2fa16d7239c606640f5555768e4,1
148,99a4788cb24856965c36a24e339b6058,2
148,9b9d1c4bd979b93c138044e032f99780,1
148,a50acd33ba7a8da8e9db65094fa990a4,1
148,b1acb7e8152c90c9619897753a75c973,2
148,bbaef2eadf31fe3ea6702077398be06c,1
148,c211ff3068fcd2f8898192976d8b3a32,1
148,c4baedd846ed09b85f78a781b522f126,1
148,c6dd917a0be2a704582055949915ab32,1
148,c6ea63369936552872ae890c82175b4b,1
148,c73628b1c3144b2e0c9c88072f21a213,2
148,cc971e0365873137b8bef2ebad633e6f,1
148,cec09725da5ed01471d9a505e7389d37,1
148,d017a2151d543a9885604dc62a3d9dcc,1
148,e2e426d1332240070b0a836a854d057b,1
148,f35927953ed82e19d06ad3aac2f06353,1
148,f4d705aa95ccca448e5b0deb6e5290ba,1
148,f4f67ccaece962d013a4e1d7dc3a61f7,2
148,f71f42e2381752836563b70beb542f80,1
148,f7a17d2c51d9df89a4f1711c4ac17f33,1
149,06c6e01186af8b98ee1fc9e01f9471e9,1
149,11fd9d7ba552e1d28872e008acf1e050,1
149,2028bf1b01cafb2d2b1901fca4083222,1
149,23365beed316535b4105bd800c46670e,1
149,31a2f42a87890f87d77daebdfabc182e,1
149,34d6306314a47fe15c1efdbc23302020,1
149,35afc973633aaeb6b877ff57b2793310,1
149,4ae634441e444ca4bc85903cafe98d73,1
149,4fcb3d9a5f4871e8362dfedbdb02b064,1
149,5328338cfaa16ba10561cd970c73ca11,1
149,6cdd53843498f92890544667809f1595,1
149,99a4788cb24856965c36a24e339b6058,3
149,ab9cf155f8280c3739b09fe341a185e8,1
149,b59fb744c6f3cd1dc23b10f760848d98,1
149,b5e13c9a353102f79c6206ff5cb61a50,1
149,bbaef2eadf31fe3ea6702077398be06c,1
149,c075b8e131353552218860f1c421e4ef,1
149,c4baedd846ed09b85f78a781b522f126,1
149,c6ea63369936552872ae890c82175b4b,1
149,c73628b1c3144b2e0c9c88072f21a213,1
149,d017a2151d543a9885604dc62a3d9dcc,1
149,d1c427060a0f73f6b889a5c7c61f2ac4,1
149,db5efde3ad0cc579b130d71c4b2db522,1
149,ea44caac707f7f1325182a538007f838,1
149,f4f67ccaece962d013a4e1d7dc3a61f7,1
149,f71973c922ccaab05514a36a8bc741b8,1
149,f7f59e6186e10983a061ac7bdb3494d6,1
150,06c6e01186af8b98ee1fc9e01f9471e9,2
150,11875b30b49585209e608f40e8082e65,1
150,154e7e31ebfa092203795c972e5804a6,1
150,1ec486885049bbb9b79351d150ed18c4,1
150,2a2d22ae30e026f1893083c8405ca522,1
150,2b4609f8948be18874494203496bc318,1
150,31a2f42a87890f87d77daebdfabc182e,1
150,35ebf08a93899d44e756809e11b14754,1
150,389d119b48cf3043d311335e499d9c6b,1
150,42a2c92a0979a949ca4ea89ec5c7b934,1
150,5a6e53c3b4e8684b13388d6aa4afdf12,1
150,6cdd53843498f92890544667809f1595,1
150,75d6b6963340c6063f7f4cfcccfe6a30,2
150,77cc62dc80ebe12a0452d1ce0565acdc,1
150,7e0dc102074f8285580c9777f79c90cf,1
150,880be32f4db1d9f6e2bec38fb6ac23ab,1
150,8d1cfc0463b545928bfb4e589e017bd4,2
150,98a8c2fa16d7239c606640f5555768e4,1
150,99a4788cb24856965c36a24e339b6058,1
150,a35a9f46dcee0a67c8c7ad8493eb4135,1
150,a9f480bfc49f0b85e8394e1cdf685b4e,1
150,c4baedd846ed09b85f78a781b522f126,1
150,d017a2151d543a9885604dc62a3d9dcc,2
150,d5b703c271f43f9c588a6f512a00f77e,1
150,d7d5562fce331ad958ca6f57057b3526,1
150,e0d64dcfaa3b6db5c54ca298ae101d05,1
150,e251ebd2858be1aa7d9b2087a6992580,1
150,f71f42e2381752836563b70beb542f80,1
151,06c6e01186af8b98ee1fc9e01f9471e9,1
151,06edb72f1e0c64b14c5b79353f7abea3,1
151,08574b074924071f4e201e151b152b4e,1
151,23365beed316535b4105bd800c46670e,1
151,29427de7f8a9ee983d9dbc51cec569b4,1
151,34d6306314a47fe15c1efdbc23302020,1
151,35ebf08a93899d44e756809e11b14754,1
151,41c24b8ce92d1a2cac62db5edfd088b2,1
151,4298b7e67dc399c200662b569563a2b2,1
151,4ae634441e444ca4bc85903cafe98d73,1
151,4fcb3d9a5f4871e8362dfedbdb02b064,1
151,5328338cfaa16ba10561cd970c73ca11,1
151,656e0eca68dcecf6a31b8ececfabe3e8,1
151,7c1bd920dbdf22470b68bde975dd3ccf,2
151,8c5876b1c7768217964f353bc7e64393,1
151,9545d45c37449ccbc376de3a04c66e71,1
151,99a4788cb24856965c36a24e339b6058,2
151,a9f480bfc49f0b85e8394e1cdf685b4e,1
151,ab9cf155f8280c3739b09fe341a185e8,1
151,c73628b1c3144b2e0c9c88072f21a213,1
151,c94d19d021d4a8fbae5a45f904aeea90,1
151,d017a2151d543a9885604dc62a3d9dcc,1
151,e0d64dcfaa3b6db5c54ca298ae101d05,1
152,06c6e01186af8b98ee1fc9e01f9471e9,2
152,154e7e31ebfa092203795c972e5804a6,1
152,1612209b0b37fbe80e1e8e1b7d19ca1d,1
152,2083a6feb4bbb31f6abc92fc24e468c0,1
152,35afc973633aaeb6b877ff57b2793310,1
152,3e442d09f9dfef002aadf31960869f65,1
152,4ae634441e444ca4bc85903cafe98d73,1
152,6bbe55cf8f85c87b6eebb775a53402f4,1
152,7e0dc102074f8285580c9777f79c90cf,1
152,91b08d34d0ba4db44da2dc382867ba49,1
152,a42d9c825894f96fc6ed02610891454d,1
152,a4aa7c1427c31344e5f7cc3d839fe562,1
152,a50acd33ba7a8da8e9db65094fa990a4,1
152,af51d485dc5255ba2e18b21b550156e6,1
152,c6ea63369936552872ae890c82175b4b,1
152,d5b703c271f43f9c588a6f512a00f77e,1
152,d696750e550fd0f733979dd7e5dff921,1
152,ec5b3c8bb77ad22278f6e9d719a83de3,1
153,06c6e01186af8b98ee1fc9e01f9471e9,2
153,0bb7cb61f1957f79dac582ab66ccdc1f,1
153,11fd9d7ba552e1d28872e008acf1e050,1
153,2136c70bbe723d338fab53da3c03e6dc,1
153,22c5ddc22ea8cae84fc9917def682dc6,1
153,23365beed316535b4105bd800c46670e,1
153,42a2c92a0979a949ca4ea89ec5c7b934,2
153,461f43be3bdf8844e65b62d9ac2c7a5a,1
153,4ae634441e444ca4bc85903cafe98d73,3
153,53b36df67ebb7c41585e8d54d6772e08,1
153,5f504b3a1c75b73d6151be81eb05bdc9,1
153,601a360bd2a916ecef0e88de72a6531a,2
153,72172e982e8b92155069e4201c92c0bb,1
153,7c1bd920dbdf22470b68bde975dd3ccf,1
153,91b08d34d0ba4db44da2dc382867ba49,2
153,99a4788cb24856965c36a24e339b6058,1
153,aa280035c50ba62c746480a59045eec4,2
153,ab9cf155f8280c3739b09fe341a185e8,1
153,af51d485dc5255ba2e18b21b550156e6,1
153,c6ea63369936552872ae890c82175b4b,1
153,cec09725da5ed01471d9a505e7389d37,2
153,d017a2151d543a9885604dc62a3d9dcc,1
153,dc404a1496a08f9f5540c8b5d4b92925,2
153,f4d705aa95ccca448e5b0deb6e5290ba,1
153,f7a17d2c51d9df89a4f1711c4ac17f33,1
153,f7f59e6186e10983a061ac7bdb3494d6,1
154,06c6e01186af8b98ee1fc9e01f9471e9,1
154,0bb7cb61f1957f79dac582ab66ccdc1f,2
154,1600dcf1cea8c0c83702e07b577ab231,1
154,2028bf1b01cafb2d2b1901fca4083222,1
154,25f86162fee18735fffdb762dcb10d7c,1
154,35ebf08a93899d44e756809e11b14754,1
154,3db75f31b76375c502f64d550dcd1166,1
154,42a2c92a0979a949ca4ea89ec5c7b934,3
154,44a34214a57dc373dcd80f54c919d006,1
154,53759a2ecddad2bb87a079a1f1519f73,2
154,53b36df67ebb7c41585e8d54d6772e08,1
154,601a360bd2a916ecef0e88de72a6531a,1
154,72172e982e8b92155069e4201c92c0bb,1
154,7340a3839a1de1e99d149b8cf052a2ec,1
154,880be32f4db1d9f6e2bec38fb6ac23ab,1
154,91b08d34d0ba4db44da2dc382867ba49,1
154,98d61056e0568ba048e5d78038790e77,1
154,99a4788cb24856965c36a24e339b6058,1
154,a298a105818dce6878b787e4af6cff7d,1
154,ab9cf155f8280c3739b09fe341a185e8,1
154,bbaef2eadf31fe3ea6702077398be06c,1
154,c6dd917a0be2a704582055949915ab32,1
154,c857b96593773e940454e76efa8eabb3,1
154,d5991653e037ccb7af6ed7d94246b249,7
154,db5efde3ad0cc579b130d71c4b2db522,1
154,e0d64dcfaa3b6db5c54ca298ae101d05,1
154,f1c7f353075ce59d8a6f3cf58f419c9c,2
154,f71973c922ccaab05514a36a8bc741b8,2
154,f71f42e2381752836563b70beb542f80,1
154,f7a17d2c51d9df89a4f1711c4ac17f33,1
155,06c6e01186af8b98ee1fc9e01f9471e9,1
155,11fd9d7ba552e1d28872e008acf1e050,1
155,2028bf1b01cafb2d2b1901fca4083222,1
155,288dbc06591742c5d7fe90fbfb08943e,1
155,2b4609f8948be18874494203496bc318,1
155,30469bb5ea377eae7121981e2f0778e4,1
155,372645c7439f9661fbbacfd129aa92ec,2
155,389d119b48cf3043d311335e499d9c6b,1
155,3e442d09f9dfef002aadf31960869f65,1
155,44a34214a57dc373dcd80f54c919d006,4
155,66a0a6e02b7f543e5b021ce361f267d4,1
155,6bbe55cf8f85c87b6eebb775a53402f4,1
155,777d2e438a1b645f3aec9bd57e92672c,1
155,a298a105818dce6878b787e4af6cff7d,2
155,a5f6ba3fe91a2e73f10b612131cb2404,1
155,aa280035c50ba62c746480a59045eec4,2
155,af51d485dc5255ba2e18b21b550156e6,1
155,c1488892604e4ba5cff5b4eb4d595400,1
155,c43ab4269cbf91b373263db4c2973cad,1
155,c6dd917a0be2a704582055949915ab32,2
155,c6ea63369936552872ae890c82175b4b,1
155,cc971e0365873137b8bef2ebad633e6f,1
155,cec09725da5ed01471d9a505e7389d37,2
155,d017a2151d543a9885604dc62a3d9dcc,1
155,db5efde3ad0cc579b130d71c4b2db522,1
155,dca8cbb1c9d8a2db0fbc0c36b8d1a7bc,1
155,e251ebd2858be1aa7d9b2087a6992580,1
155,f264c1d9b20b5e4a340254d0405e613b,2
155,f71973c922ccaab05514a36a8bc741b8,1
156,06c6e01186af8b98ee1fc9e01f9471e9,2
156,154e7e31ebfa092203795c972e5804a6,3
156,2b4609f8948be18874494203496bc318,1
156,404a57563d487aecbc2b1a01d9b89aab,1
156,41c24b8ce92d1a2cac62db5edfd088b2,1
156,42a2c92a0979a949ca4ea89ec5c7b934,1
156,4ac50dbde931c0a5ed8c33d3dc047351,1
156,5f504b3a1c75b73d6151be81eb05bdc9,1
156,617186c3d97ea56c9c683a8a3974e8c1,1
156,7c1bd920dbdf22470b68bde975dd3ccf,1
156,880be32f4db1d9f6e2bec38fb6ac23ab,1
156,8a443635fdf9759915c9be5be2e3b862,1
156,8aa6223e400af9c97b07c75993142721,1
156,952670bc019a73f0933157ec82ff6e4f,1
156,99a4788cb24856965c36a24e339b6058,3
156,a298a105818dce6878b787e4af6cff7d,3
156,a9f480bfc49f0b85e8394e1cdf685b4e,1
156,b114bf337c0626166abe574eee9e3f32,1
156,c1488892604e4ba5cff5b4eb4d595400,2
156,c403e106353e1aa40efe783ecb39ed7a,1
156,c43ab4269cbf91b373263db4c2973cad,1
156,c6dd917a0be2a704582055949915ab32,1
156,c6ea63369936552872ae890c82175b4b,1
156,cec09725da5ed01471d9a505e7389d37,1
156,d5b703c271f43f9c588a6f512a00f77e,1
156,dca8cbb1c9d8a2db0fbc0c36b8d1a7bc,1
156,e251ebd2858be1aa7d9b2087a6992580,1
156,f1c7f353075ce59d8a6f3cf58f419c9c,1
156,f35927953ed82e19d06ad3aac2f06353,1
156,f7f59e6186e10983a061ac7bdb3494d6,1
157,0a57f7d2c983bcf8188589a5fea4a8da,1
157,11875b30b49585209e608f40e8082e65,1
157,154e7e31ebfa092203795c972e5804a6,1
157,2a2d22ae30e026f1893083c8405ca522,2
157,3db75f31b76375c502f64d550dcd1166,1
157,422879e10f46682990de24d770e7f83d,1
157,617186c3d97ea56c9c683a8a3974e8c1,1
157,66a0a6e02b7f543e5b021ce361f267d4,1
157,7c1bd920dbdf22470b68bde975dd3ccf,1
157,7d854ab97c64ef9df2bbfaf332765786,2
157,952670bc019a73f0933157ec82ff6e4f,1
157,99a4788cb24856965c36a24e339b6058,3
157,a298a105818dce6878b787e4af6cff7d,1
157,b623b7cb05ee3248fbe4a6ecbeed79a4,1
157,c3ba4e8d3cb30049213b682e751e9d00,1
157,c4baedd846ed09b85f78a781b522f126,1
157,c6336fa91fbd87c359e44f5dca5a90ed,1
157,c6dd917a0be2a704582055949915ab32,1
157,c94d19d021d4a8fbae5a45f904aeea90,1
157,cec09725da5ed01471d9a505e7389d37,1
157,dca8cbb1c9d8a2db0fbc0c36b8d1a7bc,1
157,e9def91e99c8ecb7c5cef5e31506a056,1
157,f39a8b27ce90ac582103bf36f09690dd,1
158,07c055536ebf10dfbb6c6db6dbfc36e5,1
158,08574b074924071f4e201e151b152b4e,1
158,130482add9fd75ccb6c57ba007694a2d,1
158,154e7e31ebfa092203795c972e5804a6,1
158,29427de7f8a9ee983d9dbc51cec569b4,1
158,2b4609f8948be18874494203496bc318,1
158,34d6306314a47fe15c1efdbc23302020,1
158,35afc973633aaeb6b877ff57b2793310,1
158,372645c7439f9661fbbacfd129aa92ec,2
158,3db75f31b76375c502f64d550dcd1166,1
158,461f43be3bdf8844e65b62d9ac2c7a5a,1
158,5328338cfaa16ba10561cd970c73ca11,1
158,5a6e53c3b4e8684b13388d6aa4afdf12,1
158,75d6b6963340c6063f7f4cfcccfe6a30,1
158,7fb04722aba7a2b632bac8f9819796f3,1
158,8c591ab0ca519558779df02023177f44,1
158,ab9cf155f8280c3739b09fe341a185e8,1
158,bbaef2eadf31fe3ea6702077398be06c,2
158,c73628b1c3144b2e0c9c88072f21a213,1
158,cc971e0365873137b8bef2ebad633e6f,1
158,dd6a505f83dd3c6326aa9856519e0978,1
158,f1c7f353075ce59d8a6f3cf58f419c9c,1
158,f71973c922ccaab05514a36a8bc741b8,1
158,f7a17d2c51d9df89a4f1711c4ac17f33,1
159,29427de7f8a9ee983d9dbc51cec569b4,2
159,31a2f42a87890f87d77daebdfabc182e,1
159,42a2c92a0979a949ca4ea89ec5c7b934,1
159,461f43be3bdf8844e65b62d9ac2c7a5a,1
159,4ac50dbde931c0a5ed8c33d3dc047351,1
159,569ffd16f8032478cbeb9800f2e94ba0,1
159,777d2e438a1b645f3aec9bd57e92672c,1
159,7c1bd920dbdf22470b68bde975dd3ccf,2
159,880be32f4db1d9f6e2bec38fb6ac23ab,1
159,952670bc019a73f0933157ec82ff6e4f,1
159,99a4788cb24856965c36a24e339b6058,2
159,a5f6ba3fe91a2e73f10b612131cb2404,1
159,a9516a079e37a9c9c36b9b78b10169e8,1
159,bbaef2eadf31fe3ea6702077398be06c,1
159,c92f0e7b9d49a9543558d6532772441b,1
159,d1c427060a0f73f6b889a5c7c61f2ac4,1
159,e282624d8c82e04983f125e167eb4521,1
159,e67307ff0f15ade43fcb6e670be7a74c,2
159,f4f67ccaece962d013a4e1d7dc3a61f7,1
159,f6fa93875f4a7dac03e0a22143f4d815,1
159,f71f42e2381752836563b70beb542f80,1
160,11fd9d7ba552e1d28872e008acf1e050,1
160,154e7e31ebfa092203795c972e5804a6,5
160,2a2d22ae30e026f1893083c8405ca522,2
160,42a2c92a0979a949ca4ea89ec5c7b934,3
160,5a6e53c3b4e8684b13388d6aa4afdf12,1
160,75d6b6963340c6063f7f4cfcccfe6a30,1
160,7d854ab97c64ef9df2bbfaf332765786,1
160,98d61056e0568ba048e5d78038790e77,1
160,aba86c093ccdbac75b09111d57e50004,2
160,b5e13c9a353102f79c6206ff5cb61a50,2
160,b623b7cb05ee3248fbe4a6ecbeed79a4,1
160,c4baedd846ed09b85f78a781b522f126,1
160,cc971e0365873137b8bef2ebad633e6f,1
160,d696750e550fd0f733979dd7e5dff921,1
160,dbb4ce89c8ed5fb6fd901e2e51093179,1
160,e2e426d1332240070b0a836a854d057b,2
160,f71973c922ccaab05514a36a8bc741b8,1
160,fb55982be901439613a95940feefd9ee,1
161,06c6e01186af8b98ee1fc9e01f9471e9,1
161,06edb72f1e0c64b14c5b79353f7abea3,1
161,08574b074924071f4e201e151b152b4e,1
161,11875b30b49585209e608f40e8082e65,1
161,11fd9d7ba552e1d28872e008acf1e050,1
161,1612209b0b37fbe80e1e8e1b7d19ca1d,1
161,186fe07c8b8005ec6a498587ffbc1352,1
161,2028bf1b01cafb2d2b1901fca4083222,1
161,23bcd6822a33df5534f9b290216eec1f,1
161,288dbc06591742c5d7fe90fbfb08943e,1
161,2b4609f8948be18874494203496bc318,1
161,3db75f31b76375c502f64d550dcd1166,1
161,42a2c92a0979a949ca4ea89ec5c7b934,5
161,5a6e53c3b4e8684b13388d6aa4afdf12,1
161,656e0eca68dcecf6a31b8ececfabe3e8,2
161,777d2e438a1b645f3aec9bd57e92672c,1
161,98d61056e0568ba048e5d78038790e77,1
161,99a4788cb24856965c36a24e339b6058,3
161,a92930c327948861c015c919a0bcb4a8,2
161,a9f480bfc49f0b85e8394e1cdf685b4e,1
161,aa280035c50ba62c746480a59045eec4,1
161,b59fb744c6f3cd1dc23b10f760848d98,2
161,b5e13c9a353102f79c6206ff5cb61a50,1
161,c211ff3068fcd2f8898192976d8b3a32,1
161,c6336fa91fbd87c359e44f5dca5a90ed,1
161,c73628b1c3144b2e0c9c88072f21a213,1
161,c857b96593773e940454e76efa8eabb3,1
161,d1c427060a0f73f6b889a5c7c61f2ac4,1
161,dc404a1496a08f9f5540c8b5d4b92925,1
161,e0d64dcfaa3b6db5c54ca298ae101d05,1
161,e5ae72c62ebfa708624f5029d609b160,1
161,e94df75b2e9a8b056be0c144a731f55c,1
161,f35927953ed82e19d06ad3aac2f06353,1
161,f71973c922ccaab05514a36a8bc741b8,1
162,0a57f7d2c983bcf8188589a5fea4a8da,1
162,0cf41187284d7f099adc8415a743ebbd,1
162,154e7e31ebfa092203795c972e5804a6,3
162,1612209b0b37fbe80e1e8e1b7d19ca1d,1
162,42a2c92a0979a949ca4ea89ec5c7b934,6
162,5f504b3a1c75b73d6151be81eb05bdc9,1
162,617186c3d97ea56c9c683a8a3974e8c1,1
162,7c1bd920dbdf22470b68bde975dd3ccf,1
162,8c5876b1c7768217964f353bc7e64393,1
162,98d61056e0568ba048e5d78038790e77,1
162,99a4788cb24856965c36a24e339b6058,2
162,a298a105818dce6878b787e4af6cff7d,1
162,b1acb7e8152c90c9619897753a75c973,1
162,c6336fa91fbd87c359e44f5dca5a90ed,1
162,cc971e0365873137b8bef2ebad633e6f,1
162,d5991653e037ccb7af6ed7d94246b249,2
162,dd6a505f83dd3c6326aa9856519e0978,1
162,f71f42e2381752836563b70beb542f80,1
163,1ec486885049bbb9b79351d150ed18c4,1
163,29427de7f8a9ee983d9dbc51cec569b4,1
163,2b4609f8948be18874494203496bc318,1
163,3db75f31b76375c502f64d550dcd1166,1
163,42a2c92a0979a949ca4ea89ec5c7b934,1
163,7c1bd920dbdf22470b68bde975dd3ccf,1
163,99a4788cb24856965c36a24e339b6058,1
163,a298a105818dce6878b787e4af6cff7d,1
163,cc971e0365873137b8bef2ebad633e6f,1
164,0a57f7d2c983bcf8188589a5fea4a8da,1
164,42a2c92a0979a949ca4ea89ec5c7b934,5
164,461f43be3bdf8844e65b62d9ac2c7a5a,2
164,4cd6ba4ea3112de8fc238307c4dc6307,2
164,53b36df67ebb7c41585e8d54d6772e08,1
164,569ffd16f8032478cbeb9800f2e94ba0,1
164,5a6e53c3b4e8684b13388d6aa4afdf12,1
164,68bf2e76db1d8e846042e54da87399ca,2
164,7d854ab97c64ef9df2bbfaf332765786,1
164,99a4788cb24856965c36a24e339b6058,2
164,bbaef2eadf31fe3ea6702077398be06c,1
164,c43ab4269cbf91b373263db4c2973cad,1
164,c4baedd846ed09b85f78a781b522f126,1
164,d7d5562fce331ad958ca6f57057b3526,1
164,dbb4ce89c8ed5fb6fd901e2e51093179,1
164,e2e426d1332240070b0a836a854d057b,1
164,e9def91e99c8ecb7c5cef5e31506a056,1
164,f35927953ed82e19d06ad3aac2f06353,1
165,027cdd14a677a5834bc67a9789db5021,1
165,08574b074924071f4e201e151b152b4e,1
165,0bb7cb61f1957f79dac582ab66ccdc1f,3
165,11875b30b49585209e608f40e8082e65,1
165,130482add9fd75ccb6c57ba007694a2d,1
165,1a080577618e7fe4d9ddd8fb2b47a964,1
165,2136c70bbe723d338fab53da3c03e6dc,1
165,283dc451ad3918badb976d56ff887289,1
165,31a2f42a87890f87d77daebdfabc182e,1
165,386486367c1f9d4f587a8864ccb6902b,1
165,404a57563d487aecbc2b1a01d9b89aab,1
165,42a2c92a0979a949ca4ea89ec5c7b934,7
165,44a34214a57dc373dcd80f54c919d006,1
165,4ae634441e444ca4bc85903cafe98d73,1
165,4cd6ba4ea3112de8fc238307c4dc6307,1
165,5a6e53c3b4e8684b13388d6aa4afdf12,1
165,601a360bd2a916ecef0e88de72a6531a,2
165,617186c3d97ea56c9c683a8a3974e8c1,2
165,75d6b6963340c6063f7f4cfcccfe6a30,2
165,7c1bd920dbdf22470b68bde975dd3ccf,1
165,952670bc019a73f0933157ec82ff6e4f,1
165,98d61056e0568ba048e5d78038790e77,1
165,99a4788cb24856965c36a24e339b6058,2
165,a92930c327948861c015c919a0bcb4a8,1
165,ab9cf155f8280c3739b09fe341a185e8,1
165,b0961721fd839e9982420e807758a2a6,2
165,c857b96593773e940454e76efa8eabb3,1
165,d5991653e037ccb7af6ed7d94246b249,1
165,e0d64dcfaa3b6db5c54ca298ae101d05,1
165,e5ae72c62ebfa708624f5029d609b160,1
166,08574b074924071f4e201e151b152b4e,1
166,154e7e31ebfa092203795c972e5804a6,1
166,29427de7f8a9ee983d9dbc51cec569b4,1
166,35afc973633aaeb6b877ff57b2793310,2
166,3db75f31b76375c502f64d550dcd1166,1
166,42a2c92a0979a949ca4ea89ec5c7b934,6
166,5f504b3a1c75b73d6151be81eb05bdc9,1
166,601a360bd2a916ecef0e88de72a6531a,1
166,99a4788cb24856965c36a24e339b6058,4
166,a9516a079e37a9c9c36b9b78b10169e8,1
166,ab9cf155f8280c3739b09fe341a185e8,1
166,aba86c093ccdbac75b09111d57e50004,1
166,be837f2e0152a208d4386f4126d5bd7c,1
166,c6ea63369936552872ae890c82175b4b,1
166,c857b96593773e940454e76efa8eabb3,2
167,0bb7cb61f1957f79dac582ab66ccdc1f,1
167,154e7e31ebfa092203795c972e5804a6,1
167,2a2d22ae30e026f1893083c8405ca522,1
167,2b4609f8948be18874494203496bc318,1
167,42a2c92a0979a949ca4ea89ec5c7b934,4
167,5411e9269501a870cabf632f05655131,1
167,569ffd16f8032478cbeb9800f2e94ba0,1
167,9545d45c37449ccbc376de3a04c66e71,1
167,99a4788cb24856965c36a24e339b6058,1
167,a4aa7c1427c31344e5f7cc3d839fe562,1
167,a9516a079e37a9c9c36b9b78b10169e8,1
167,aa280035c50ba62c746480a59045eec4,1
167,af51d485dc5255ba2e18b21b550156e6,1
167,b1acb7e8152c90c9619897753a75c973,1
167,c6336fa91fbd87c359e44f5dca5a90ed,2
167,c6dd917a0be2a704582055949915ab32,1
167,c857b96593773e940454e76efa8eabb3,2
167,c92f0e7b9d49a9543558d6532772441b,1
167,ca38c039b717207dec906f4fa9a21db7,1
167,cc971e0365873137b8bef2ebad633e6f,1
167,d5b703c271f43f9c588a6f512a00f77e,1
167,d7d5562fce331ad958ca6f57057b3526,1
167,dbb4ce89c8ed5fb6fd901e2e51093179,2
167,dca8cbb1c9d8a2db0fbc0c36b8d1a7bc,1
167,e5ae72c62ebfa708624f5029d609b160,1
167,f264c1d9b20b5e4a340254d0405e613b,1
167,f71973c922ccaab05514a36a8bc741b8,1
167,f7a17d2c51d9df89a4f1711c4ac17f33,1
168,08574b074924071f4e201e151b152b4e,1
168,23365beed316535b4105bd800c46670e,1
168,31639956e7fac87ecfd9d608040638bd,1
168,31a2f42a87890f87d77daebdfabc182e,1
168,386486367c1f9d4f587a8864ccb6902b,1
168,389d119b48cf3043d311335e499d9c6b,1
168,42a2c92a0979a949ca4ea89ec5c7b934,4
168,4ae634441e444ca4bc85903cafe98d73,1
168,53759a2ecddad2bb87a079a1f1519f73,1
168,569ffd16f8032478cbeb9800f2e94ba0,1
168,99a4788cb24856965c36a24e339b6058,1
168,bbaef2eadf31fe3ea6702077398be06c,2
169,027cdd14a677a5834bc67a9789db5021,1
169,1491a8ff192d4b5c369b0eaa2fe33ee5,1
169,23365beed316535b4105bd800c46670e,1
169,29427de7f8a9ee983d9dbc51cec569b4,2
169,36c2fb4fa746273709c373f6d6ec6796,2
169,3db75f31b76375c502f64d550dcd1166,1
169,404a57563d487aecbc2b1a01d9b89aab,1
169,42a2c92a0979a949ca4ea89ec5c7b934,11
169,4fcb3d9a5f4871e8362dfedbdb02b064,1
169,53b36df67ebb7c41585e8d54d6772e08,1
169,5a6e53c3b4e8684b13388d6aa4afdf12,1
169,68bf2e76db1d8e846042e54da87399ca,1
169,777d2e438a1b645f3aec9bd57e92672c,1
169,7c1bd920dbdf22470b68bde975dd3ccf,2
169,8c5876b1c7768217964f353bc7e64393,1
169,8d1cfc0463b545928bfb4e589e017bd4,1
169,91b08d34d0ba4db44da2dc382867ba49,1
169,98a8c2fa16d7239c606640f5555768e4,1
169,9fe172fa8e662ca8572cf12abf8bce23,1
169,a298a105818dce6878b787e4af6cff7d,1
169,af51d485dc5255ba2e18b21b550156e6,1
169,b5e13c9a353102f79c6206ff5cb61a50,1
169,b8b426747049f2d3d6e00b486d47dedb,1
169,be837f2e0152a208d4386f4126d5bd7c,1
169,c211ff3068fcd2f8898192976d8b3a32,1
169,c6ea63369936552872ae890c82175b4b,2
169,c73628b1c3144b2e0c9c88072f21a213,1
169,ca38c039b717207dec906f4fa9a21db7,1
169,d7d5562fce331ad958ca6f57057b3526,1
169,dbb4ce89c8ed5fb6fd901e2e51093179,3
169,dca8cbb1c9d8a2db0fbc0c36b8d1a7bc,1
169,e67307ff0f15ade43fcb6e670be7a74c,1
169,f1c7f353075ce59d8a6f3cf58f419c9c,1
169,f4f67ccaece962d013a4e1d7dc3a61f7,2
169,f71973c922ccaab05514a36a8bc741b8,1
170,11fd9d7ba552e1d28872e008acf1e050,1
170,154e7e31ebfa092203795c972e5804a6,1
170,29427de7f8a9ee983d9dbc51cec569b4,1
170,2a2d22ae30e026f1893083c8405ca522,1
170,2b4609f8948be18874494203496bc318,1
170,372645c7439f9661fbbacfd129aa92ec,1
170,3e442d09f9dfef002aadf31960869f65,1
170,42a2c92a0979a949ca4ea89ec5c7b934,8
170,44a34214a57dc373dcd80f54c919d006,1
170,4cd6ba4ea3112de8fc238307c4dc6307,1
170,601a360bd2a916ecef0e88de72a6531a,3
170,7fb04722aba7a2b632bac8f9819796f3,1
170,8c591ab0ca519558779df02023177f44,1
170,914c9e9af640dd56f48764a225b00f89,1
170,99a4788cb24856965c36a24e339b6058,2
170,a5f6ba3fe91a2e73f10b612131cb2404,1
170,af51d485dc5255ba2e18b21b550156e6,1
170,b1acb7e8152c90c9619897753a75c973,1
170,bbaef2eadf31fe3ea6702077398be06c,1
170,be837f2e0152a208d4386f4126d5bd7c,1
170,e2e426d1332240070b0a836a854d057b,1
170,e67307ff0f15ade43fcb6e670be7a74c,2
170,f1c7f353075ce59d8a6f3cf58f419c9c,4
170,f264c1d9b20b5e4a340254d0405e613b,2
171,060cb19345d90064d1015407193c233d,1
171,08574b074924071f4e201e151b152b4e,1
171,11875b30b49585209e608f40e8082e65,3
171,2a2d22ae30e026f1893083c8405ca522,1
171,35afc973633aaeb6b877ff57b2793310,1
171,42a2c92a0979a949ca4ea89ec5c7b934,3
171,4fcb3d9a5f4871e8362dfedbdb02b064,2
171,5bfc7506459ae2a7b4b573fe557a58e1,1
171,601a360bd2a916ecef0e88de72a6531a,1
171,72172e982e8b92155069e4201c92c0bb,2
171,7c1bd920dbdf22470b68bde975dd3ccf,1
171,952670bc019a73f0933157ec82ff6e4f,1
171,9545d45c37449ccbc376de3a04c66e71,2
171,99a4788cb24856965c36a24e339b6058,5
171,a35a9f46dcee0a67c8c7ad8493eb4135,1
171,a5f6ba3fe91a2e73f10b612131cb2404,1
171,a9f480bfc49f0b85e8394e1cdf685b4e,1
171,aba86c093ccdbac75b09111d57e50004,1
171,b0961721fd839e9982420e807758a2a6,1
171,be837f2e0152a208d4386f4126d5bd7c,1
171,c6dd917a0be2a704582055949915ab32,2
171,cc971e0365873137b8bef2ebad633e6f,1
171,cec09725da5ed01471d9a505e7389d37,1
171,db5efde3ad0cc579b130d71c4b2db522,1
171,e67307ff0f15ade43fcb6e670be7a74c,2
171,f1c7f353075ce59d8a6f3cf58f419c9c,1
171,f4f67ccaece962d013a4e1d7dc3a61f7,2
171,f71973c922ccaab05514a36a8bc741b8,1
171,f7a17d2c51d9df89a4f1711c4ac17f33,1
172,07c055536ebf10dfbb6c6db6dbfc36e5,1
172,08574b074924071f4e201e151b152b4e,1
172,2083a6feb4bbb31f6abc92fc24e468c0,1
172,25f86162fee18735fffdb762dcb10d7c,1
172,2a2d22ae30e026f1893083c8405ca522,1
172,2b4609f8948be18874494203496bc318,1
172,31a2f42a87890f87d77daebdfabc182e,1
172,386486367c1f9d4f587a8864ccb6902b,1
172,4fcb3d9a5f4871e8362dfedbdb02b064,1
172,5411e9269501a870cabf632f05655131,1
172,5f504b3a1c75b73d6151be81eb05bdc9,1
172,7c1bd920dbdf22470b68bde975dd3ccf,1
172,99a4788cb24856965c36a24e339b6058,1
172,b0961721fd839e9982420e807758a2a6,2
172,c43ab4269cbf91b373263db4c2973cad,1
172,c6336fa91fbd87c359e44f5dca5a90ed,1
172,c6dd917a0be2a704582055949915ab32,2
172,d5b703c271f43f9c588a6f512a00f77e,1
173,06edb72f1e0c64b14c5b79353f7abea3,1
173,154e7e31ebfa092203795c972e5804a6,1
173,2136c70bbe723d338fab53da3c03e6dc,1
173,31a2f42a87890f87d77daebdfabc182e,1
173,35ebf08a93899d44e756809e11b14754,1
173,44d097d59e8430f88a67517cd0c4f865,1
173,4fcb3d9a5f4871e8362dfedbdb02b064,1
173,601a360bd2a916ecef0e88de72a6531a,1
173,8c5876b1c7768217964f353bc7e64393,1
173,99a4788cb24856965c36a24e339b6058,2
173,a9f480bfc49f0b85e8394e1cdf685b4e,1
173,c6336fa91fbd87c359e44f5dca5a90ed,2
173,c6ea63369936552872ae890c82175b4b,1
173,d1c427060a0f73f6b889a5c7c61f2ac4,1
173,e0d64dcfaa3b6db5c54ca298ae101d05,2
173,e5ae72c62ebfa708624f5029d609b160,1
173,f4f67ccaece962d013a4e1d7dc3a61f7,1
174,130482add9fd75ccb6c57ba007694a2d,1
174,1491a8ff192d4b5c369b0eaa2fe33ee5,1
174,22c5ddc22ea8cae84fc9917def682dc6,1
174,569ffd16f8032478cbeb9800f2e94ba0,2
174,601a360bd2a916ecef0e88de72a6531a,3
174,617186c3d97ea56c9c683a8a3974e8c1,1
174,72172e982e8b92155069e4201c92c0bb,1
174,7340a3839a1de1e99d149b8cf052a2ec,1
174,7c1bd920dbdf22470b68bde975dd3ccf,1
174,880be32f4db1d9f6e2bec38fb6ac23ab,1
174,8c5876b1c7768217964f353bc7e64393,1
174,952670bc019a73f0933157ec82ff6e4f,1
174,99a4788cb24856965c36a24e339b6058,1
174,9b9d1c4bd979b93c138044e032f99780,1
174,a42d9c825894f96fc6ed02610891454d,1
174,c43ab4269cbf91b373263db4c2973cad,1
174,c6ea63369936552872ae890c82175b4b,1
174,d1c427060a0f73f6b889a5c7c61f2ac4,1
174,d5b703c271f43f9c588a6f512a00f77e,1
174,e2e426d1332240070b0a836a854d057b,1
174,e94df75b2e9a8b056be0c144a731f55c,1
174,ec5b3c8bb77ad22278f6e9d719a83de3,1
174,f1c7f353075ce59d8a6f3cf58f419c9c,1
174,f264c1d9b20b5e4a340254d0405e613b,1
174,f71f42e2381752836563b70beb542f80,1
174,f7a17d2c51d9df89a4f1711c4ac17f33,1
175,2136c70bbe723d338fab53da3c03e6dc,1
175,29427de7f8a9ee983d9dbc51cec569b4,2
175,31a2f42a87890f87d77daebdfabc182e,1
175,34d6306314a47fe15c1efdbc23302020,1
175,35afc973633aaeb6b877ff57b2793310,1
175,44a34214a57dc373dcd80f54c919d006,2
175,461f43be3bdf8844e65b62d9ac2c7a5a,1
175,62d8daeee0db3a60c234c2d1bfd10651,2
175,656e0eca68dcecf6a31b8ececfabe3e8,1
175,72172e982e8b92155069e4201c92c0bb,1
175,7d50930301709838d8e90dcac5cfaa84,2
175,7fb04722aba7a2b632bac8f9819796f3,1
175,8c591ab0ca519558779df02023177f44,1
175,952670bc019a73f0933157ec82ff6e4f,1
175,99a4788cb24856965c36a24e339b6058,4
175,a5f6ba3fe91a2e73f10b612131cb2404,1
175,be837f2e0152a208d4386f4126d5bd7c,1
175,c6336fa91fbd87c359e44f5dca5a90ed,3
175,c73628b1c3144b2e0c9c88072f21a213,1
175,c92f0e7b9d49a9543558d6532772441b,1
175,e2e426d1332240070b0a836a854d057b,1
175,f1c7f353075ce59d8a6f3cf58f419c9c,1
175,f71973c922ccaab05514a36a8bc741b8,1
175,f7f59e6186e10983a061ac7bdb3494d6,1
175,fe6a9515d655fa7936b8a7c841039f34,1
176,06c6e01186af8b98ee1fc9e01f9471e9,1
176,08574b074924071f4e201e151b152b4e,1
176,11875b30b49585209e608f40e8082e65,1
176,130482add9fd75ccb6c57ba007694a2d,1
176,2028bf1b01cafb2d2b1901fca4083222,1
176,29427de7f8a9ee983d9dbc51cec569b4,1
176,31a2f42a87890f87d77daebdfabc182e,2
176,372645c7439f9661fbbacfd129aa92ec,1
176,473795a355d29305c3ea6b156833adf5,2
176,4cd6ba4ea3112de8fc238307c4dc6307,1
176,656e0eca68dcecf6a31b8ececfabe3e8,2
176,68bf2e76db1d8e846042e54da87399ca,1
176,7340a3839a1de1e99d149b8cf052a2ec,1
176,75d6b6963340c6063f7f4cfcccfe6a30,1
176,952670bc019a73f0933157ec82ff6e4f,3
176,98a8c2fa16d7239c606640f5555768e4,1
176,98d61056e0568ba048e5d78038790e77,1
176,9fe172fa8e662ca8572cf12abf8bce23,1
176,b5e13c9a353102f79c6206ff5cb61a50,1
176,c1488892604e4ba5cff5b4eb4d595400,1
176,c73628b1c3144b2e0c9c88072f21a213,2
176,c857b96593773e940454e76efa8eabb3,2
176,d2f5484cbffe4ca766301b21ab9246dd,1
176,e2e426d1332240070b0a836a854d057b,1
176,f1c7f353075ce59d8a6f3cf58f419c9c,1
177,06f0e85c7892d5df893f332706340af1,1
177,11fd9d7ba552e1d28872e008acf1e050,1
177,154e7e31ebfa092203795c972e5804a6,1
177,1612209b0b37fbe80e1e8e1b7d19ca1d,1
177,2083a6feb4bbb31f6abc92fc24e468c0,1
177,2136c70bbe723d338fab53da3c03e6dc,2
177,288dbc06591742c5d7fe90fbfb08943e,1
177,29427de7f8a9ee983d9dbc51cec569b4,1
177,2a2d22ae30e026f1893083c8405ca522,1
177,2a5806f10d0f00e5ad032dd2e3c8806e,1
177,2b4609f8948be18874494203496bc318,1
177,31a2f42a87890f87d77daebdfabc182e,1
177,36c2fb4fa746273709c373f6d6ec6796,1
177,473795a355d29305c3ea6b156833adf5,1
177,5411e9269501a870cabf632f05655131,1
177,5f504b3a1c75b73d6151be81eb05bdc9,1
177,601a360bd2a916ecef0e88de72a6531a,1
177,617186c3d97ea56c9c683a8a3974e8c1,1
177,72172e982e8b92155069e4201c92c0bb,1
177,7340a3839a1de1e99d149b8cf052a2ec,1
177,777d2e438a1b645f3aec9bd57e92672c,1
177,87d780fa7d2cf3710aa02dc4ca8db985,1
177,952670bc019a73f0933157ec82ff6e4f,1
177,a92930c327948861c015c919a0bcb4a8,1
177,aba86c093ccdbac75b09111d57e50004,1
177,ca38c039b717207dec906f4fa9a21db7,1
177,d5991653e037ccb7af6ed7d94246b249,2
177,d5b703c271f43f9c588a6f512a00f77e,1
177,dd6a505f83dd3c6326aa9856519e0978,1
177,f1c7f353075ce59d8a6f3cf58f419c9c,2
177,f4f67ccaece962d013a4e1d7dc3a61f7,1
177,f7a17d2c51d9df89a4f1711c4ac17f33,2
178,06c6e01186af8b98ee1fc9e01f9471e9,1
178,08574b074924071f4e201e151b152b4e,2
178,11fd9d7ba552e1d28872e008acf1e050,2
178,130482add9fd75ccb6c57ba007694a2d,3
178,154e7e31ebfa092203795c972e5804a6,2
178,288dbc06591742c5d7fe90fbfb08943e,1
178,2b4609f8948be18874494203496bc318,2
178,31a2f42a87890f87d77daebdfabc182e,1
178,404a57563d487aecbc2b1a01d9b89aab,1
178,4520766ec412348b8d4caa5e8a18c464,1
178,5f504b3a1c75b73d6151be81eb05bdc9,1
178,601a360bd2a916ecef0e88de72a6531a,1
178,7c1bd920dbdf22470b68bde975dd3ccf,2
178,99a4788cb24856965c36a24e339b6058,3
178,a298a105818dce6878b787e4af6cff7d,2
178,a5f6ba3fe91a2e73f10b612131cb2404,1
178,aba86c093ccdbac75b09111d57e50004,1
178,af51d485dc5255ba2e18b21b550156e6,1
178,b59fb744c6f3cd1dc23b10f760848d98,1
178,be837f2e0152a208d4386f4126d5bd7c,1
178,c6336fa91fbd87c359e44f5dca5a90ed,2
178,c6dd917a0be2a704582055949915ab32,2
178,c6ea63369936552872ae890c82175b4b,1
178,c92f0e7b9d49a9543558d6532772441b,1
178,cec09725da5ed01471d9a505e7389d37,1
178,d3c044bd42d84a79e3b0c42662806a48,1
178,e251ebd2858be1aa7d9b2087a6992580,3
178,f1c7f353075ce59d8a6f3cf58f419c9c,1
178,f71973c922ccaab05514a36a8bc741b8,1
178,f7a17d2c51d9df89a4f1711c4ac17f33,1
179,11fd9d7ba552e1d28872e008acf1e050,1
179,154e7e31ebfa092203795c972e5804a6,2
179,29427de7f8a9ee983d9dbc51cec569b4,1
179,2a5806f10d0f00e5ad032dd2e3c8806e,1
179,30469bb5ea377eae7121981e2f0778e4,1
179,31a2f42a87890f87d77daebdfabc182e,1
179,372645c7439f9661fbbacfd129aa92ec,4
179,386486367c1f9d4f587a8864ccb6902b,1
179,404a57563d487aecbc2b1a01d9b89aab,1
179,4520766ec412348b8d4caa5e8a18c464,1
179,53759a2ecddad2bb87a079a1f1519f73,1
179,5411e9269501a870cabf632f05655131,1
179,5f504b3a1c75b73d6151be81eb05bdc9,1
179,62d8daeee0db3a60c234c2d1bfd10651,2
179,880be32f4db1d9f6e2bec38fb6ac23ab,3
179,952670bc019a73f0933157ec82ff6e4f,1
179,99a4788cb24856965c36a24e339b6058,5
179,aba86c093ccdbac75b09111d57e50004,1
179,ace5d86cf1ac63cdb76f49e5cd23d2f8,1
179,c6dd917a0be2a704582055949915ab32,1
179,c92f0e7b9d49a9543558d6532772441b,1
179,cc971e0365873137b8bef2ebad633e6f,1
179,cec09725da5ed01471d9a505e7389d37,2
179,d1c427060a0f73f6b889a5c7c61f2ac4,1
179,d2f5484cbffe4ca766301b21ab9246dd,1
179,d6fe3b4ddecd4a8393c6a1385de3bfb6,1
179,e2e426d1332240070b0a836a854d057b,1
179,e4ca5b20cfe1a020e15e36fe14e880ee,1
179,e67307ff0f15ade43fcb6e670be7a74c,1
179,f1c7f353075ce59d8a6f3cf58f419c9c,1
179,f6fa93875f4a7dac03e0a22143f4d815,1
179,f71f42e2381752836563b70beb542f80,1
179,f731f8587d4088c174397e010cf892a9,1
179,f7a17d2c51d9df89a4f1711c4ac17f33,1
180,11875b30b49585209e608f40e8082e65,1
180,154e7e31ebfa092203795c972e5804a6,1
180,2028bf1b01cafb2d2b1901fca4083222,1
180,29427de7f8a9ee983d9dbc51cec569b4,1
180,3db75f31b76375c502f64d550dcd1166,1
180,4cd6ba4ea3112de8fc238307c4dc6307,1
180,601a360bd2a916ecef0e88de72a6531a,1
180,617186c3d97ea56c9c683a8a3974e8c1,1
180,68bf2e76db1d8e846042e54da87399ca,1
180,776ef0ee36e20757c513e64903f1fa8a,1
180,7d50930301709838d8e90dcac5cfaa84,1
180,8aa6223e400af9c97b07c75993142721,1
180,952670bc019a73f0933157ec82ff6e4f,1
180,9545d45c37449ccbc376de3a04c66e71,1
180,99a4788cb24856965c36a24e339b6058,2
180,a50acd33ba7a8da8e9db65094fa990a4,1
180,b114bf337c0626166abe574eee9e3f32,1
180,c6336fa91fbd87c359e44f5dca5a90ed,1
180,f1c7f353075ce59d8a6f3cf58f419c9c,2
180,f264c1d9b20b5e4a340254d0405e613b,1
180,f7a17d2c51d9df89a4f1711c4ac17f33,1
180,fe9dfbe7f974621789683b7b78be2a16,1
181,060cb19345d90064d1015407193c233d,1
181,07c055536ebf10dfbb6c6db6dbfc36e5,1
181,1612209b0b37fbe80e1e8e1b7d19ca1d,1
181,18b0e642cbae7251e60a64aa07dd9eb9,1
181,2a5806f10d0f00e5ad032dd2e3c8806e,1
181,35afc973633aaeb6b877ff57b2793310,3
181,601a360bd2a916ecef0e88de72a6531a,1
181,776ef0ee36e20757c513e64903f1fa8a,1
181,827c4a77226a3e7ef259d61eaa775df9,1
181,99a4788cb24856965c36a24e339b6058,3
181,b8b426747049f2d3d6e00b486d47dedb,2
181,bbaef2eadf31fe3ea6702077398be06c,1
181,c403e106353e1aa40efe783ecb39ed7a,1
181,c6336fa91fbd87c359e44f5dca5a90ed,1
181,c6dd917a0be2a704582055949915ab32,1
181,c7fd13b5e515bffdab855d0812842edb,2
181,ca5c923962558430573f83661dbe36d6,1
181,cec09725da5ed01471d9a505e7389d37,3
181,e2e426d1332240070b0a836a854d057b,1
181,e67307ff0f15ade43fcb6e670be7a74c,1
181,e9def91e99c8ecb7c5cef5e31506a056,1
182,06edb72f1e0c64b14c5b79353f7abea3,1
182,06f0e85c7892d5df893f332706340af1,1
182,08574b074924071f4e201e151b152b4e,2
182,0aabfb375647d9738ad0f7b4ea3653b1,1
182,154e7e31ebfa092203795c972e5804a6,1
182,29427de7f8a9ee983d9dbc51cec569b4,1
182,2a2d22ae30e026f1893083c8405ca522,1
182,2b4609f8948be18874494203496bc318,1
182,30469bb5ea377eae7121981e2f0778e4,1
182,35afc973633aaeb6b877ff57b2793310,1
182,5a6e53c3b4e8684b13388d6aa4afdf12,1
182,601a360bd2a916ecef0e88de72a6531a,1
182,68bf2e76db1d8e846042e54da87399ca,1
182,72172e982e8b92155069e4201c92c0bb,1
182,7d50930301709838d8e90dcac5cfaa84,1
182,86c43103446290e7efacad3701cd654d,1
182,99a4788cb24856965c36a24e339b6058,2
182,a50acd33ba7a8da8e9db65094fa990a4,1
182,c1488892604e4ba5cff5b4eb4d595400,1
182,c6336fa91fbd87c359e44f5dca5a90ed,2
182,c73628b1c3144b2e0c9c88072f21a213,1
182,d017a2151d543a9885604dc62a3d9dcc,1
182,d3c044bd42d84a79e3b0c42662806a48,1
182,d6fe3b4ddecd4a8393c6a1385de3bfb6,1
182,f1c7f353075ce59d8a6f3cf58f419c9c,1
182,f264c1d9b20b5e4a340254d0405e613b,1
182,f4d705aa95ccca448e5b0deb6e5290ba,1
182,f4f67ccaece962d013a4e1d7dc3a61f7,1
182,f71973c922ccaab05514a36a8bc741b8,3
182,fb7a100ec8c7b34f60cec22b1a9a10e0,1
183,060cb19345d90064d1015407193c233d,1
183,06c6e01186af8b98ee1fc9e01f9471e9,1
183,06f0e85c7892d5df893f332706340af1,1
183,0705b33fb285827a578fce4899f1b921,1
183,130482add9fd75ccb6c57ba007694a2d,1
183,2136c70bbe723d338fab53da3c03e6dc,2
183,23365beed316535b4105bd800c46670e,1
183,30ccf4724f5227265f837e9ba0246278,1
183,31a2f42a87890f87d77daebdfabc182e,1
183,3db75f31b76375c502f64d550dcd1166,2
183,53ea9da485f6aed8a6f03a85831fe021,1
183,57e089e3103f5cda6a4ce23b77399bdb,1
183,5bfc7506459ae2a7b4b573fe557a58e1,1
183,5d66715cc928aadd0074f61332698593,1
183,601a360bd2a916ecef0e88de72a6531a,1
183,617186c3d97ea56c9c683a8a3974e8c1,1
183,62d8daeee0db3a60c234c2d1bfd10651,1
183,656e0eca68dcecf6a31b8ececfabe3e8,2
183,7c1bd920dbdf22470b68bde975dd3ccf,1
183,880be32f4db1d9f6e2bec38fb6ac23ab,1
183,9545d45c37449ccbc376de3a04c66e71,1
183,99a4788cb24856965c36a24e339b6058,2
183,a237de12bdf0bfe4fe220bae65a89731,1
183,a8115d34a4b7b74388da609692162c37,1
183,aba86c093ccdbac75b09111d57e50004,1
183,b623b7cb05ee3248fbe4a6ecbeed79a4,1
183,be837f2e0152a208d4386f4126d5bd7c,1
183,c6336fa91fbd87c359e44f5dca5a90ed,2
183,c94d19d021d4a8fbae5a45f904aeea90,1
183,d7d5562fce331ad958ca6f57057b3526,1
183,e2e426d1332240070b0a836a854d057b,1
183,e5ae72c62ebfa708624f5029d609b160,2
183,f1c7f353075ce59d8a6f3cf58f419c9c,4
183,f264c1d9b20b5e4a340254d0405e613b,1
183,f7a17d2c51d9df89a4f1711c4ac17f33,1
184,0705b33fb285827a578fce4899f1b921,1
184,0aabfb375647d9738ad0f7b4ea3653b1,2
184,11875b30b49585209e608f40e8082e65,2
184,2a2d22ae30e026f1893083c8405ca522,1
184,35afc973633aaeb6b877ff57b2793310,2
184,386486367c1f9d4f587a8864ccb6902b,1
184,569ffd16f8032478cbeb9800f2e94ba0,1
184,601a360bd2a916ecef0e88de72a6531a,1
184,776ef0ee36e20757c513e64903f1fa8a,1
184,952670bc019a73f0933157ec82ff6e4f,2
184,99a4788cb24856965c36a24e339b6058,2
184,a42d9c825894f96fc6ed02610891454d,1
184,aa280035c50ba62c746480a59045eec4,1
184,bce474cc95b6e77657e10939b0b4248c,1
184,c6336fa91fbd87c359e44f5dca5a90ed,1
184,c6dd917a0be2a704582055949915ab32,2
184,c6ea63369936552872ae890c82175b4b,1
184,ccadfeab525a9eb1569983b66e5075c4,1
184,d3c044bd42d84a79e3b0c42662806a48,6
184,d7d5562fce331ad958ca6f57057b3526,1
184,dd6a505f83dd3c6326aa9856519e0978,1
184,e251ebd2858be1aa7d9b2087a6992580,1
184,e67307ff0f15ade43fcb6e670be7a74c,1
184,f1c7f353075ce59d8a6f3cf58f419c9c,3
184,f264c1d9b20b5e4a340254d0405e613b,1
184,f71f42e2381752836563b70beb542f80,1
185,0bb7cb61f1957f79dac582ab66ccdc1f,1
185,1600dcf1cea8c0c83702e07b577ab231,1
185,2028bf1b01cafb2d2b1901fca4083222,1
185,2a2d22ae30e026f1893083c8405ca522,1
185,35afc973633aaeb6b877ff57b2793310,1
185,35ebf08a93899d44e756809e11b14754,1
185,3db75f31b76375c502f64d550dcd1166,1
185,404a57563d487aecbc2b1a01d9b89aab,1
185,5a6e53c3b4e8684b13388d6aa4afdf12,1
185,5bfc7506459ae2a7b4b573fe557a58e1,1
185,66a0a6e02b7f543e5b021ce361f267d4,1
185,77cc62dc80ebe12a0452d1ce0565acdc,1
185,7c1bd920dbdf22470b68bde975dd3ccf,1
185,880be32f4db1d9f6e2bec38fb6ac23ab,1
185,99a4788cb24856965c36a24e339b6058,4
185,aa280035c50ba62c746480a59045eec4,1
185,af51d485dc5255ba2e18b21b550156e6,1
185,bbaef2eadf31fe3ea6702077398be06c,1
185,c73628b1c3144b2e0c9c88072f21a213,1
185,d3c044bd42d84a79e3b0c42662806a48,2
185,dc52f0f5d3ec37a93eaf956cde4e5d2c,1
185,e67307ff0f15ade43fcb6e670be7a74c,1
185,f1c7f353075ce59d8a6f3cf58f419c9c,4
185,f71f42e2381752836563b70beb542f80,1
185,f7a17d2c51d9df89a4f1711c4ac17f33,1
186,154e7e31ebfa092203795c972e5804a6,1
186,1600dcf1cea8c0c83702e07b577ab231,1
186,22c5ddc22ea8cae84fc9917def682dc6,1
186,23365beed316535b4105bd800c46670e,2
186,2b4609f8948be18874494203496bc318,3
186,31a2f42a87890f87d77daebdfabc182e,2
186,35afc973633aaeb6b877ff57b2793310,3
186,380b4664ba5bb18cc9db78ee6bac3558,1
186,461f43be3bdf8844e65b62d9ac2c7a5a,2
186,5328338cfaa16ba10561cd970c73ca11,2
186,53b36df67ebb7c41585e8d54d6772e08,1
186,5f504b3a1c75b73d6151be81eb05bdc9,1
186,617186c3d97ea56c9c683a8a3974e8c1,1
186,656e0eca68dcecf6a31b8ececfabe3e8,2
186,66a0a6e02b7f543e5b021ce361f267d4,1
186,68bf2e76db1d8e846042e54da87399ca,1
186,72172e982e8b92155069e4201c92c0bb,2
186,776ef0ee36e20757c513e64903f1fa8a,1
186,77cc62dc80ebe12a0452d1ce0565acdc,1
186,7c1bd920dbdf22470b68bde975dd3ccf,1
186,87283a98b24f9f1ac3a31b631073cf47,1
186,8a443635fdf9759915c9be5be2e3b862,1
186,952670bc019a73f0933157ec82ff6e4f,1
186,99a4788cb24856965c36a24e339b6058,4
186,a298a105818dce6878b787e4af6cff7d,1
186,a5f6ba3fe91a2e73f10b612131cb2404,1
186,af51d485dc5255ba2e18b21b550156e6,1
186,b623b7cb05ee3248fbe4a6ecbeed79a4,1
186,bbaef2eadf31fe3ea6702077398be06c,1
186,be837f2e0152a208d4386f4126d5bd7c,1
186,c6336fa91fbd87c359e44f5dca5a90ed,2
186,c6dd917a0be2a704582055949915ab32,1
186,d017a2151d543a9885604dc62a3d9dcc,1
186,e0d64dcfaa3b6db5c54ca298ae101d05,2
186,e5ae72c62ebfa708624f5029d609b160,3
186,f1c7f353075ce59d8a6f3cf58f419c9c,2
186,f4d705aa95ccca448e5b0deb6e5290ba,1
186,fe077ec80df6b4ee60bb4498d5ab1962,1
187,08574b074924071f4e201e151b152b4e,2
187,130482add9fd75ccb6c57ba007694a2d,1
187,154e7e31ebfa092203795c972e5804a6,2
187,1600dcf1cea8c0c83702e07b577ab231,1
187,1ec486885049bbb9b79351d150ed18c4,1
187,2028bf1b01cafb2d2b1901fca4083222,1
187,25f86162fee18735fffdb762dcb10d7c,1
187,31a2f42a87890f87d77daebdfabc182e,1
187,35afc973633aaeb6b877ff57b2793310,1
187,386486367c1f9d4f587a8864ccb6902b,1
187,3db75f31b76375c502f64d550dcd1166,1
187,4520766ec412348b8d4caa5e8a18c464,1
187,5328338cfaa16ba10561cd970c73ca11,1
187,79366d6a24de9351b7ca6e3cf75a68ec,1
187,8317b177579dd27ff068b83205e2169b,1
187,99a4788cb24856965c36a24e339b6058,2
187,a50acd33ba7a8da8e9db65094fa990a4,1
187,aba86c093ccdbac75b09111d57e50004,2
187,bbaef2eadf31fe3ea6702077398be06c,1
187,be837f2e0152a208d4386f4126d5bd7c,1
187,c73628b1c3144b2e0c9c88072f21a213,1
187,d3c044bd42d84a79e3b0c42662806a48,1
187,d7d5562fce331ad958ca6f57057b3526,1
187,db5efde3ad0cc579b130d71c4b2db522,1
187,e0d64dcfaa3b6db5c54ca298ae101d05,2
187,e251ebd2858be1aa7d9b2087a6992580,1
187,ea44caac707f7f1325182a538007f838,1
187,f1c7f353075ce59d8a6f3cf58f419c9c,2
187,f264c1d9b20b5e4a340254d0405e613b,1
187,f71973c922ccaab05514a36a8bc741b8,1
187,f7a17d2c51d9df89a4f1711c4ac17f33,2
188,11fd9d7ba552e1d28872e008acf1e050,1
188,22c5ddc22ea8cae84fc9917def682dc6,1
188,2b4609f8948be18874494203496bc318,1
188,2b7aa376a6e728560bddb5558cc48e89,1
188,30ccf4724f5227265f837e9ba0246278,1
188,31639956e7fac87ecfd9d608040638bd,1
188,31a2f42a87890f87d77daebdfabc182e,1
188,4520766ec412348b8d4caa5e8a18c464,2
188,6f3b5b605d91b7439c5e3f5a8dffeea7,1
188,8317b177579dd27ff068b83205e2169b,1
188,86c43103446290e7efacad3701cd654d,1
188,952670bc019a73f0933157ec82ff6e4f,2
188,9545d45c37449ccbc376de3a04c66e71,1
188,99a4788cb24856965c36a24e339b6058,3
188,a298a105818dce6878b787e4af6cff7d,1
188,b623b7cb05ee3248fbe4a6ecbeed79a4,1
188,c6ea63369936552872ae890c82175b4b,1
188,d63c1011f49d98b976c352955b1c4bea,2
188,f1c7f353075ce59d8a6f3cf58f419c9c,1
188,f264c1d9b20b5e4a340254d0405e613b,2
188,f35927953ed82e19d06ad3aac2f06353,1
189,0705b33fb285827a578fce4899f1b921,1
189,07c055536ebf10dfbb6c6db6dbfc36e5,1
189,0bb7cb61f1957f79dac582ab66ccdc1f,1
189,130482add9fd75ccb6c57ba007694a2d,1
189,154e7e31ebfa092203795c972e5804a6,3
189,1ec486885049bbb9b79351d150ed18c4,1
189,2028bf1b01cafb2d2b1901fca4083222,1
189,2136c70bbe723d338fab53da3c03e6dc,2
189,25f86162fee18735fffdb762dcb10d7c,1
189,283dc451ad3918badb976d56ff887289,1
189,2a2d22ae30e026f1893083c8405ca522,1
189,31a2f42a87890f87d77daebdfabc182e,1
189,386486367c1f9d4f587a8864ccb6902b,1
189,5411e9269501a870cabf632f05655131,1
189,601a360bd2a916ecef0e88de72a6531a,2
189,62d8daeee0db3a60c234c2d1bfd10651,1
189,75d6b6963340c6063f7f4cfcccfe6a30,3
189,7c1bd920dbdf22470b68bde975dd3ccf,2
189,7d50930301709838d8e90dcac5cfaa84,1
189,83b00325c13c44245b2c3a2befa62a0e,1
189,8c591ab0ca519558779df02023177f44,1
189,99a4788cb24856965c36a24e339b6058,3
189,a35a9f46dcee0a67c8c7ad8493eb4135,2
189,a9f480bfc49f0b85e8394e1cdf685b4e,1
189,b0961721fd839e9982420e807758a2a6,1
189,b1acb7e8152c90c9619897753a75c973,1
189,b5e13c9a353102f79c6206ff5cb61a50,1
189,be0dbdc3d67d55727a65d4cd696ca73c,2
189,c6dd917a0be2a704582055949915ab32,2
189,c73628b1c3144b2e0c9c88072f21a213,1
189,c857b96593773e940454e76efa8eabb3,1
189,d696750e550fd0f733979dd7e5dff921,2
189,d6fe3b4ddecd4a8393c6a1385de3bfb6,1
189,e59dd207c69d86e890febadc796d1078,1
189,ea44caac707f7f1325182a538007f838,1
189,f1c7f353075ce59d8a6f3cf58f419c9c,6
190,0aabfb375647d9738ad0f7b4ea3653b1,1
190,11875b30b49585209e608f40e8082e65,1
190,11fd9d7ba552e1d28872e008acf1e050,1
190,2136c70bbe723d338fab53da3c03e6dc,1
190,25e2023ed83352bde98dc1490d14c3d8,1
190,29427de7f8a9ee983d9dbc51cec569b4,3
190,2a2d22ae30e026f1893083c8405ca522,1
190,35afc973633aaeb6b877ff57b2793310,1
190,368c6c730842d78016ad823897a372db,3
190,386486367c1f9d4f587a8864ccb6902b,1
190,389d119b48cf3043d311335e499d9c6b,6
190,422879e10f46682990de24d770e7f83d,3
190,4ac50dbde931c0a5ed8c33d3dc047351,1
190,4fcb3d9a5f4871e8362dfedbdb02b064,1
190,53759a2ecddad2bb87a079a1f1519f73,7
190,656e0eca68dcecf6a31b8ececfabe3e8,1
190,68a058d125ba1544e726898f0b8c0523,1
190,6f3b5b605d91b7439c5e3f5a8dffeea7,1
190,776ef0ee36e20757c513e64903f1fa8a,1
190,7c1bd920dbdf22470b68bde975dd3ccf,1
190,86c43103446290e7efacad3701cd654d,2
190,87283a98b24f9f1ac3a31b631073cf47,1
190,952670bc019a73f0933157ec82ff6e4f,2
190,99a4788cb24856965c36a24e339b6058,1
190,a298a105818dce6878b787e4af6cff7d,1
190,b0961721fd839e9982420e807758a2a6,4
190,b623b7cb05ee3248fbe4a6ecbeed79a4,1
190,bbaef2eadf31fe3ea6702077398be06c,2
190,be837f2e0152a208d4386f4126d5bd7c,1
190,c857b96593773e940454e76efa8eabb3,2
190,d017a2151d543a9885604dc62a3d9dcc,1
190,d1c427060a0f73f6b889a5c7c61f2ac4,1
190,d3c044bd42d84a79e3b0c42662806a48,1
190,e0d64dcfaa3b6db5c54ca298ae101d05,3
190,ea44caac707f7f1325182a538007f838,1
190,f1c7f353075ce59d8a6f3cf58f419c9c,5
190,f7a17d2c51d9df89a4f1711c4ac17f33,1
191,0705b33fb285827a578fce4899f1b921,1
191,11875b30b49585209e608f40e8082e65,1
191,1491a8ff192d4b5c369b0eaa2fe33ee5,1
191,154e7e31ebfa092203795c972e5804a6,5
191,2a2d22ae30e026f1893083c8405ca522,6
191,2b4609f8948be18874494203496bc318,1
191,30ccf4724f5227265f837e9ba0246278,1
191,31a2f42a87890f87d77daebdfabc182e,1
191,35ebf08a93899d44e756809e11b14754,1
191,368c6c730842d78016ad823897a372db,5
191,386486367c1f9d4f587a8864ccb6902b,1
191,389d119b48cf3043d311335e499d9c6b,3
191,422879e10f46682990de24d770e7f83d,3
191,53759a2ecddad2bb87a079a1f1519f73,4
191,5411e9269501a870cabf632f05655131,1
191,569ffd16f8032478cbeb9800f2e94ba0,1
191,601a360bd2a916ecef0e88de72a6531a,1
191,7c1bd920dbdf22470b68bde975dd3ccf,1
191,880be32f4db1d9f6e2bec38fb6ac23ab,2
191,952670bc019a73f0933157ec82ff6e4f,1
191,98a8c2fa16d7239c606640f5555768e4,1
191,9b9d1c4bd979b93c138044e032f99780,1
191,a298a105818dce6878b787e4af6cff7d,1
191,a4aa7c1427c31344e5f7cc3d839fe562,1
191,b0961721fd839e9982420e807758a2a6,3
191,b1acb7e8152c90c9619897753a75c973,1
191,be837f2e0152a208d4386f4126d5bd7c,1
191,c6336fa91fbd87c359e44f5dca5a90ed,1
191,c6ea63369936552872ae890c82175b4b,1
191,c94d19d021d4a8fbae5a45f904aeea90,1
191,e251ebd2858be1aa7d9b2087a6992580,1
191,e2e426d1332240070b0a836a854d057b,1
191,f1c7f353075ce59d8a6f3cf58f419c9c,2
191,f731f8587d4088c174397e010cf892a9,1
191,f7a17d2c51d9df89a4f1711c4ac17f33,1
192,06edb72f1e0c64b14c5b79353f7abea3,1
192,0aabfb375647d9738ad0f7b4ea3653b1,1
192,0bb7cb61f1957f79dac582ab66ccdc1f,1
192,154e7e31ebfa092203795c972e5804a6,2
192,25f86162fee18735fffdb762dcb10d7c,1
192,2a2d22ae30e026f1893083c8405ca522,1
192,2b4609f8948be18874494203496bc318,2
192,35afc973633aaeb6b877ff57b2793310,2
192,368c6c730842d78016ad823897a372db,3
192,372645c7439f9661fbbacfd129aa92ec,2
192,389d119b48cf3043d311335e499d9c6b,2
192,3db75f31b76375c502f64d550dcd1166,1
192,422879e10f46682990de24d770e7f83d,2
192,4298b7e67dc399c200662b569563a2b2,1
192,42a2c92a0979a949ca4ea89ec5c7b934,1
192,5a6e53c3b4e8684b13388d6aa4afdf12,1
192,6803077179d24889430188e03fafd31a,1
192,75d6b6963340c6063f7f4cfcccfe6a30,1
192,776ef0ee36e20757c513e64903f1fa8a,1
192,7c1bd920dbdf22470b68bde975dd3ccf,1
192,7fb04722aba7a2b632bac8f9819796f3,1
192,880be32f4db1d9f6e2bec38fb6ac23ab,1
192,99a4788cb24856965c36a24e339b6058,4
192,a298a105818dce6878b787e4af6cff7d,1
192,aa280035c50ba62c746480a59045eec4,1
192,b114bf337c0626166abe574eee9e3f32,1
192,be837f2e0152a208d4386f4126d5bd7c,1
192,c075b8e131353552218860f1c421e4ef,2
192,c4baedd846ed09b85f78a781b522f126,1
192,c6ea63369936552872ae890c82175b4b,1
192,dc52f0f5d3ec37a93eaf956cde4e5d2c,1
192,e5ae72c62ebfa708624f5029d609b160,1
192,e9a69340883a438c3f91739d14d3a56d,1
192,f1c7f353075ce59d8a6f3cf58f419c9c,5
192,f646af315b0f3a597f69213537ca2199,1
192,f7a17d2c51d9df89a4f1711c4ac17f33,1
192,f9259c9e7c0f12c70f7a81409680a5ff,1
193,0bcc3eeca39e1064258aa1e932269894,2
193,11875b30b49585209e608f40e8082e65,1
193,25f86162fee18735fffdb762dcb10d7c,1
193,29427de7f8a9ee983d9dbc51cec569b4,1
193,31a2f42a87890f87d77daebdfabc182e,1
193,35afc973633aaeb6b877ff57b2793310,1
193,380b4664ba5bb18cc9db78ee6bac3558,1
193,389d119b48cf3043d311335e499d9c6b,2
193,422879e10f46682990de24d770e7f83d,4
193,43423cdffde7fda63d0414ed38c11a73,1
193,53759a2ecddad2bb87a079a1f1519f73,1
193,53b36df67ebb7c41585e8d54d6772e08,2
193,57f2bc497c1a3ebe41ba7a06d78ed159,1
193,601a360bd2a916ecef0e88de72a6531a,1
193,75d6b6963340c6063f7f4cfcccfe6a30,1
193,86c43103446290e7efacad3701cd654d,1
193,952670bc019a73f0933157ec82ff6e4f,1
193,99a4788cb24856965c36a24e339b6058,1
193,b0961721fd839e9982420e807758a2a6,2
193,b623b7cb05ee3248fbe4a6ecbeed79a4,1
193,c6336fa91fbd87c359e44f5dca5a90ed,1
193,c6dd917a0be2a704582055949915ab32,1
193,d63c1011f49d98b976c352955b1c4bea,1
193,e4d325bd1eea550509bdbbc5c3301fc1,1
193,e67307ff0f15ade43fcb6e670be7a74c,1
193,f1c7f353075ce59d8a6f3cf58f419c9c,1
193,f264c1d9b20b5e4a340254d0405e613b,1
193,f4f67ccaece962d013a4e1d7dc3a61f7,1
193,f71f42e2381752836563b70beb542f80,1
193,f731f8587d4088c174397e010cf892a9,1
194,22c5ddc22ea8cae84fc9917def682dc6,1
194,29427de7f8a9ee983d9dbc51cec569b4,1
194,2a2d22ae30e026f1893083c8405ca522,1
194,363218ba55c610b750224f90bdd34be1,1
194,3db75f31b76375c502f64d550dcd1166,2
194,422879e10f46682990de24d770e7f83d,1
194,4ae634441e444ca4bc85903cafe98d73,2
194,6cdd53843498f92890544667809f1595,1
194,72172e982e8b92155069e4201c92c0bb,1
194,7fab1a1472fdd934397068931f63f3ca,1
194,b5e13c9a353102f79c6206ff5cb61a50,1
194,c6ea63369936552872ae890c82175b4b,2
194,e9a69340883a438c3f91739d14d3a56d,1
194,f1c7f353075ce59d8a6f3cf58f419c9c,3
195,06edb72f1e0c64b14c5b79353f7abea3,1
195,0aabfb375647d9738ad0f7b4ea3653b1,1
195,2028bf1b01cafb2d2b1901fca4083222,1
195,2a2d22ae30e026f1893083c8405ca522,2
195,461f43be3bdf8844e65b62d9ac2c7a5a,1
195,5f504b3a1c75b73d6151be81eb05bdc9,1
195,68bf2e76db1d8e846042e54da87399ca,1
195,6c3effec7c8ddba466d4f03f982c7aa3,1
195,7c1bd920dbdf22470b68bde975dd3ccf,1
195,8d1cfc0463b545928bfb4e589e017bd4,1
195,99a4788cb24856965c36a24e339b6058,2
195,a8115d34a4b7b74388da609692162c37,1
195,b0961721fd839e9982420e807758a2a6,1
195,b532349fe46b38fbc7bb3914c1bdae07,1
195,be0dbdc3d67d55727a65d4cd696ca73c,1
195,c857b96593773e940454e76efa8eabb3,1
195,d017a2151d543a9885604dc62a3d9dcc,1
195,d3c044bd42d84a79e3b0c42662806a48,1
195,f2e53dd1670f3c376518263b3f71424d,1
195,f39a8b27ce90ac582103bf36f09690dd,1
196,0aabfb375647d9738ad0f7b4ea3653b1,1
196,0bcc3eeca39e1064258aa1e932269894,2
196,11875b30b49585209e608f40e8082e65,3
196,11fd9d7ba552e1d28872e008acf1e050,2
196,154e7e31ebfa092203795c972e5804a6,1
196,165f86fe8b799a708a20ee4ba125c289,1
196,25e2023ed83352bde98dc1490d14c3d8,2
196,2b4609f8948be18874494203496bc318,1
196,363218ba55c610b750224f90bdd34be1,1
196,3db75f31b76375c502f64d550dcd1166,1
196,44d097d59e8430f88a67517cd0c4f865,1
196,53b36df67ebb7c41585e8d54d6772e08,2
196,5d66715cc928aadd0074f61332698593,1
196,6109d0cae3bcb57d579bc0fab6e61814,1
196,617186c3d97ea56c9c683a8a3974e8c1,1
196,656e0eca68dcecf6a31b8ececfabe3e8,1
196,72172e982e8b92155069e4201c92c0bb,2
196,776ef0ee36e20757c513e64903f1fa8a,1
196,777d2e438a1b645f3aec9bd57e92672c,1
196,7fb04722aba7a2b632bac8f9819796f3,1
196,8d1cfc0463b545928bfb4e589e017bd4,1
196,a237de12bdf0bfe4fe220bae65a89731,1
196,bdb4be6ce2f7f2b5be0a16088028c7fc,1
196,be837f2e0152a208d4386f4126d5bd7c,1
196,c211ff3068fcd2f8898192976d8b3a32,1
196,c6ea63369936552872ae890c82175b4b,1
196,d017a2151d543a9885604dc62a3d9dcc,1
196,d189fbf8b5d79a670cebcaaad68d77b2,1
196,d696750e550fd0f733979dd7e5dff921,1
196,d6fe3b4ddecd4a8393c6a1385de3bfb6,1
196,e67307ff0f15ade43fcb6e670be7a74c,1
196,f1c7f353075ce59d8a6f3cf58f419c9c,4
196,f71f42e2381752836563b70beb542f80,2
196,f731f8587d4088c174397e010cf892a9,1
196,f908d3bf313a1308bfb2a46ea2685347,1
197,0aabfb375647d9738ad0f7b4ea3653b1,1
197,11875b30b49585209e608f40e8082e65,3
197,154e7e31ebfa092203795c972e5804a6,2
197,1600dcf1cea8c0c83702e07b577ab231,1
197,1612209b0b37fbe80e1e8e1b7d19ca1d,1
197,2136c70bbe723d338fab53da3c03e6dc,1
197,2a2d22ae30e026f1893083c8405ca522,1
197,31a2f42a87890f87d77daebdfabc182e,1
197,372645c7439f9661fbbacfd129aa92ec,2
197,4298b7e67dc399c200662b569563a2b2,2
197,4520766ec412348b8d4caa5e8a18c464,1
197,461f43be3bdf8844e65b62d9ac2c7a5a,2
197,53759a2ecddad2bb87a079a1f1519f73,1
197,53b36df67ebb7c41585e8d54d6772e08,1
197,5411e9269501a870cabf632f05655131,1
197,569ffd16f8032478cbeb9800f2e94ba0,1
197,57f2bc497c1a3ebe41ba7a06d78ed159,1
197,601a360bd2a916ecef0e88de72a6531a,1
197,7c1bd920dbdf22470b68bde975dd3ccf,1
197,7d50930301709838d8e90dcac5cfaa84,1
197,7fab1a1472fdd934397068931f63f3ca,1
197,7fb04722aba7a2b632bac8f9819796f3,1
197,880be32f4db1d9f6e2bec38fb6ac23ab,1
197,88dd63919fc9ab693803578a04a20209,3
197,99a4788cb24856965c36a24e339b6058,2
197,a02d0123079f4ae96001ba2010d1a2df,1
197,a8fe47ad6f852f93cc92c7b408687de3,2
197,aca2eb7d00ea1a7b8ebd4e68314663af,1
197,b1acb7e8152c90c9619897753a75c973,2
197,b92a7304ebad1ca5b393b53b2de5c70a,1
197,c6ea63369936552872ae890c82175b4b,1
197,c857b96593773e940454e76efa8eabb3,1
197,d017a2151d543a9885604dc62a3d9dcc,3
197,d3c044bd42d84a79e3b0c42662806a48,2
197,d6fe3b4ddecd4a8393c6a1385de3bfb6,1
197,e251ebd2858be1aa7d9b2087a6992580,1
197,e67307ff0f15ade43fcb6e670be7a74c,1
197,f1c7f353075ce59d8a6f3cf58f419c9c,3
197,f39a8b27ce90ac582103bf36f09690dd,1
197,f7a17d2c51d9df89a4f1711c4ac17f33,1
198,060cb19345d90064d1015407193c233d,1
198,06edb72f1e0c64b14c5b79353f7abea3,1
198,0aabfb375647d9738ad0f7b4ea3653b1,2
198,130482add9fd75ccb6c57ba007694a2d,1
198,154e7e31ebfa092203795c972e5804a6,3
198,23365beed316535b4105bd800c46670e,1
198,283dc451ad3918badb976d56ff887289,1
198,2b4609f8948be18874494203496bc318,1
198,34d6306314a47fe15c1efdbc23302020,2
198,368c6c730842d78016ad823897a372db,2
198,389d119b48cf3043d311335e499d9c6b,1
198,4520766ec412348b8d4caa5e8a18c464,1
198,4ae634441e444ca4bc85903cafe98d73,1
198,57e089e3103f5cda6a4ce23b77399bdb,1
198,6109d0cae3bcb57d579bc0fab6e61814,1
198,62d8daeee0db3a60c234c2d1bfd10651,2
198,7fab1a1472fdd934397068931f63f3ca,1
198,86c43103446290e7efacad3701cd654d,1
198,88dd63919fc9ab693803578a04a20209,5
198,952670bc019a73f0933157ec82ff6e4f,1
198,a9516a079e37a9c9c36b9b78b10169e8,2
198,aa280035c50ba62c746480a59045eec4,1
198,c2ece64199af7a53793ed9612a89a8cd,1
198,c6336fa91fbd87c359e44f5dca5a90ed,2
198,d1c427060a0f73f6b889a5c7c61f2ac4,2
198,e2e426d1332240070b0a836a854d057b,1
198,f7a17d2c51d9df89a4f1711c4ac17f33,2
199,08574b074924071f4e201e151b152b4e,1
199,130482add9fd75ccb6c57ba007694a2d,1
199,29427de7f8a9ee983d9dbc51cec569b4,1
199,2a2d22ae30e026f1893083c8405ca522,1
199,31a2f42a87890f87d77daebdfabc182e,1
199,34d6306314a47fe15c1efdbc23302020,1
199,35afc973633aaeb6b877ff57b2793310,2
199,36c2fb4fa746273709c373f6d6ec6796,1
199,4520766ec412348b8d4caa5e8a18c464,1
199,5328338cfaa16ba10561cd970c73ca11,1
199,53759a2ecddad2bb87a079a1f1519f73,1
199,53b36df67ebb7c41585e8d54d6772e08,1
199,542b3d80712d51eefe3a3cd1c5f4e8fe,1
199,6109d0cae3bcb57d579bc0fab6e61814,1
199,7d50930301709838d8e90dcac5cfaa84,2
199,82e4ad16521ca131d95e198d507db370,2
199,87283a98b24f9f1ac3a31b631073cf47,1
199,88dd63919fc9ab693803578a04a20209,2
199,9545d45c37449ccbc376de3a04c66e71,1
199,99a4788cb24856965c36a24e339b6058,3
199,a298a105818dce6878b787e4af6cff7d,1
199,a6ad77b15e566298a4e8ee2011ab1255,1
199,aba86c093ccdbac75b09111d57e50004,1
199,b0961721fd839e9982420e807758a2a6,1
199,c3ba4e8d3cb30049213b682e751e9d00,1
199,c857b96593773e940454e76efa8eabb3,2
199,ca38c039b717207dec906f4fa9a21db7,1
199,e9a69340883a438c3f91739d14d3a56d,1
199,f1c7f353075ce59d8a6f3cf58f419c9c,1
199,f2e53dd1670f3c376518263b3f71424d,1
199,f39a8b27ce90ac582103bf36f09690dd,1
199,f71f42e2381752836563b70beb542f80,1
200,08574b074924071f4e201e151b152b4e,2
200,2028bf1b01cafb2d2b1901fca4083222,1
200,288dbc06591742c5d7fe90fbfb08943e,1
200,2a2d22ae30e026f1893083c8405ca522,1
200,2b4609f8948be18874494203496bc318,1
200,30ccf4724f5227265f837e9ba0246278,1
200,35afc973633aaeb6b877ff57b2793310,1
200,389d119b48cf3043d311335e499d9c6b,1
200,404a57563d487aecbc2b1a01d9b89aab,1
200,42a2c92a0979a949ca4ea89ec5c7b934,1
200,53759a2ecddad2bb87a079a1f1519f73,1
200,777d2e438a1b645f3aec9bd57e92672c,1
200,7d50930301709838d8e90dcac5cfaa84,1
200,7fab1a1472fdd934397068931f63f3ca,1
200,880be32f4db1d9f6e2bec38fb6ac23ab,1
200,88dd63919fc9ab693803578a04a20209,1
200,9b9d1c4bd979b93c138044e032f99780,1
200,a19b6951c75da43aad691622dd2f6abe,2
200,aca2eb7d00ea1a7b8ebd4e68314663af,2
200,b0961721fd839e9982420e807758a2a6,1
200,c2ece64199af7a53793ed9612a89a8cd,1
200,c6336fa91fbd87c359e44f5dca5a90ed,1
200,cc971e0365873137b8bef2ebad633e6f,1
200,cec09725da5ed01471d9a505e7389d37,1
200,d017a2151d543a9885604dc62a3d9dcc,1
200,d189fbf8b5d79a670cebcaaad68d77b2,1
200,d3c044bd42d84a79e3b0c42662806a48,2
200,d63c1011f49d98b976c352955b1c4bea,1
200,d6fe3b4ddecd4a8393c6a1385de3bfb6,1
200,e8316a4667e5870c85e906b1f062bde1,2
200,f1c7f353075ce59d8a6f3cf58f419c9c,1
200,f731f8587d4088c174397e010cf892a9,1
200,f7a17d2c51d9df89a4f1711c4ac17f33,2
200,fe6a9515d655fa7936b8a7c841039f34,1
201,06edb72f1e0c64b14c5b79353f7abea3,1
201,0aabfb375647d9738ad0f7b4ea3653b1,1
201,11fd9d7ba552e1d28872e008acf1e050,1
201,29427de7f8a9ee983d9dbc51cec569b4,1
201,53b36df67ebb7c41585e8d54d6772e08,1
201,6109d0cae3bcb57d579bc0fab6e61814,1
201,64fb265487de2238627ce43fe8a67efc,1
201,776ef0ee36e20757c513e64903f1fa8a,1
201,7fb04722aba7a2b632bac8f9819796f3,1
201,817e1c2d22418c36386406ccacfa53e8,1
201,87283a98b24f9f1ac3a31b631073cf47,1
201,8c5876b1c7768217964f353bc7e64393,1
201,99a4788cb24856965c36a24e339b6058,3
201,9b9d1c4bd979b93c138044e032f99780,1
201,aca2eb7d00ea1a7b8ebd4e68314663af,2
201,b8b426747049f2d3d6e00b486d47dedb,1
201,bbaef2eadf31fe3ea6702077398be06c,2
201,c6ea63369936552872ae890c82175b4b,1
201,c857b96593773e940454e76efa8eabb3,1
201,ca38c039b717207dec906f4fa9a21db7,1
201,e282624d8c82e04983f125e167eb4521,1
201,f39a8b27ce90ac582103bf36f09690dd,1
201,f7f59e6186e10983a061ac7bdb3494d6,2
202,06c6e01186af8b98ee1fc9e01f9471e9,1
202,0aabfb375647d9738ad0f7b4ea3653b1,1
202,154e7e31ebfa092203795c972e5804a6,2
202,23bcd6822a33df5534f9b290216eec1f,1
202,2a2d22ae30e026f1893083c8405ca522,2
202,422879e10f46682990de24d770e7f83d,1
202,4fcb3d9a5f4871e8362dfedbdb02b064,1
202,53759a2ecddad2bb87a079a1f1519f73,1
202,53b36df67ebb7c41585e8d54d6772e08,1
202,5f504b3a1c75b73d6151be81eb05bdc9,1
202,656e0eca68dcecf6a31b8ececfabe3e8,1
202,68bf2e76db1d8e846042e54da87399ca,1
202,6dde44b4172999f35f08654d06bad633,1
202,7fb04722aba7a2b632bac8f9819796f3,1
202,87283a98b24f9f1ac3a31b631073cf47,1
202,88dd63919fc9ab693803578a04a20209,1
202,99a4788cb24856965c36a24e339b6058,1
202,b0961721fd839e9982420e807758a2a6,2
202,c857b96593773e940454e76efa8eabb3,1
202,d017a2151d543a9885604dc62a3d9dcc,1
202,d2f5484cbffe4ca766301b21ab9246dd,1
202,d3c044bd42d84a79e3b0c42662806a48,1
202,d5991653e037ccb7af6ed7d94246b249,2
202,d696750e550fd0f733979dd7e5dff921,1
202,e2e426d1332240070b0a836a854d057b,1
202,e5ae72c62ebfa708624f5029d609b160,1
202,f1c7f353075ce59d8a6f3cf58f419c9c,1
203,0aabfb375647d9738ad0f7b4ea3653b1,1
203,11875b30b49585209e608f40e8082e65,1
203,1a080577618e7fe4d9ddd8fb2b47a964,1
203,2083a6feb4bbb31f6abc92fc24e468c0,1
203,22c5ddc22ea8cae84fc9917def682dc6,1
203,2b4609f8948be18874494203496bc318,3
203,30ccf4724f5227265f837e9ba0246278,1
203,31a2f42a87890f87d77daebdfabc182e,1
203,35ebf08a93899d44e756809e11b14754,1
203,389d119b48cf3043d311335e499d9c6b,4
203,4520766ec412348b8d4caa5e8a18c464,1
203,53759a2ecddad2bb87a079a1f1519f73,2
203,53b36df67ebb7c41585e8d54d6772e08,2
203,777d2e438a1b645f3aec9bd57e92672c,1
203,7c1bd920dbdf22470b68bde975dd3ccf,2
203,7fab1a1472fdd934397068931f63f3ca,1
203,880be32f4db1d9f6e2bec38fb6ac23ab,1
203,99a4788cb24856965c36a24e339b6058,1
203,a298a105818dce6878b787e4af6cff7d,1
203,aba86c093ccdbac75b09111d57e50004,1
203,c43ab4269cbf91b373263db4c2973cad,1
203,c6336fa91fbd87c359e44f5dca5a90ed,1
203,c6dd917a0be2a704582055949915ab32,1
203,c857b96593773e940454e76efa8eabb3,2
203,d017a2151d543a9885604dc62a3d9dcc,2
203,d3c044bd42d84a79e3b0c42662806a48,2
203,d5b703c271f43f9c588a6f512a00f77e,1
203,d696750e550fd0f733979dd7e5dff921,1
203,e0d64dcfaa3b6db5c54ca298ae101d05,1
203,e282624d8c82e04983f125e167eb4521,2
203,ea44caac707f7f1325182a538007f838,1
203,f1c7f353075ce59d8a6f3cf58f419c9c,1
203,f39a8b27ce90ac582103bf36f09690dd,2
203,f71973c922ccaab05514a36a8bc741b8,1
203,fb7a100ec8c7b34f60cec22b1a9a10e0,1
204,060cb19345d90064d1015407193c233d,2
204,0705b33fb285827a578fce4899f1b921,1
204,08574b074924071f4e201e151b152b4e,1
204,0aabfb375647d9738ad0f7b4ea3653b1,2
204,130482add9fd75ccb6c57ba007694a2d,1
204,154e7e31ebfa092203795c972e5804a6,3
204,2b4609f8948be18874494203496bc318,1
204,31a2f42a87890f87d77daebdfabc182e,1
204,35ebf08a93899d44e756809e11b14754,1
204,422879e10f46682990de24d770e7f83d,1
204,4413a608a42bd21bbf9d5abbd58c249a,1
204,53b36df67ebb7c41585e8d54d6772e08,1
204,5d66715cc928aadd0074f61332698593,1
204,6c3effec7c8ddba466d4f03f982c7aa3,1
204,6cdd53843498f92890544667809f1595,1
204,776ef0ee36e20757c513e64903f1fa8a,2
204,7c1bd920dbdf22470b68bde975dd3ccf,1
204,7d50930301709838d8e90dcac5cfaa84,1
204,7f064525eaaa1ce9d22c085f7ff5413a,1
204,8c292ca193d326152e335d77176746f0,1
204,99a4788cb24856965c36a24e339b6058,1
204,aca2eb7d00ea1a7b8ebd4e68314663af,3
204,b0961721fd839e9982420e807758a2a6,2
204,b5e13c9a353102f79c6206ff5cb61a50,1
204,bbaef2eadf31fe3ea6702077398be06c,2
204,c43ab4269cbf91b373263db4c2973cad,1
204,c6dd917a0be2a704582055949915ab32,1
204,c6ea63369936552872ae890c82175b4b,2
204,c7b3cf9de7be95b3e09e7a63315685eb,1
204,c7fd13b5e515bffdab855d0812842edb,1
204,c94d19d021d4a8fbae5a45f904aeea90,1
204,cc971e0365873137b8bef2ebad633e6f,1
204,d3c044bd42d84a79e3b0c42662806a48,3
204,e0d64dcfaa3b6db5c54ca298ae101d05,3
204,f1c7f353075ce59d8a6f3cf58f419c9c,3
204,f35927953ed82e19d06ad3aac2f06353,1
204,f71973c922ccaab05514a36a8bc741b8,1
204,fb7a100ec8c7b34f60cec22b1a9a10e0,1
205,29427de7f8a9ee983d9dbc51cec569b4,1
205,2b4609f8948be18874494203496bc318,1
205,30ccf4724f5227265f837e9ba0246278,1
205,34d6306314a47fe15c1efdbc23302020,1
205,35afc973633aaeb6b877ff57b2793310,1
205,4413a608a42bd21bbf9d5abbd58c249a,1
205,4520766ec412348b8d4caa5e8a18c464,1
205,53b36df67ebb7c41585e8d54d6772e08,1
205,601a360bd2a916ecef0e88de72a6531a,1
205,776ef0ee36e20757c513e64903f1fa8a,1
205,7c1bd920dbdf22470b68bde975dd3ccf,1
205,7fab1a1472fdd934397068931f63f3ca,1
205,952670bc019a73f0933157ec82ff6e4f,2
205,99a4788cb24856965c36a24e339b6058,1
205,9b9d1c4bd979b93c138044e032f99780,1
205,aba86c093ccdbac75b09111d57e50004,1
205,aca2eb7d00ea1a7b8ebd4e68314663af,1
205,b0961721fd839e9982420e807758a2a6,2
205,b1acb7e8152c90c9619897753a75c973,1
205,c43ab4269cbf91b373263db4c2973cad,1
205,c6ea63369936552872ae890c82175b4b,2
205,d189fbf8b5d79a670cebcaaad68d77b2,1
205,d5b703c271f43f9c588a6f512a00f77e,1
205,d696750e550fd0f733979dd7e5dff921,2
205,e0d64dcfaa3b6db5c54ca298ae101d05,1
205,e5ae72c62ebfa708624f5029d609b160,2
205,f1c7f353075ce59d8a6f3cf58f419c9c,2
205,f646af315b0f3a597f69213537ca2199,2
206,06c6e01186af8b98ee1fc9e01f9471e9,1
206,0bb7cb61f1957f79dac582ab66ccdc1f,1
206,0bcc3eeca39e1064258aa1e932269894,1
206,11875b30b49585209e608f40e8082e65,1
206,11dcc970f7a5581e1bf777b6da3f7096,1
206,363218ba55c610b750224f90bdd34be1,2
206,368c6c730842d78016ad823897a372db,3
206,389d119b48cf3043d311335e499d9c6b,1
206,422879e10f46682990de24d770e7f83d,1
206,461f43be3bdf8844e65b62d9ac2c7a5a,1
206,595fac2a385ac33a80bd5114aec74eb8,1
206,601a360bd2a916ecef0e88de72a6531a,1
206,656e0eca68dcecf6a31b8ececfabe3e8,1
206,6803077179d24889430188e03fafd31a,1
206,75d6b6963340c6063f7f4cfcccfe6a30,1
206,7c1bd920dbdf22470b68bde975dd3ccf,1
206,7d50930301709838d8e90dcac5cfaa84,1
206,82e4ad16521ca131d95e198d507db370,1
206,88dd63919fc9ab693803578a04a20209,3
206,952670bc019a73f0933157ec82ff6e4f,1
206,99a4788cb24856965c36a24e339b6058,1
206,a237de12bdf0bfe4fe220bae65a89731,4
206,aca2eb7d00ea1a7b8ebd4e68314663af,2
206,b0961721fd839e9982420e807758a2a6,2
206,b1acb7e8152c90c9619897753a75c973,1
206,c857b96593773e940454e76efa8eabb3,3
206,d5991653e037ccb7af6ed7d94246b249,3
206,d696750e550fd0f733979dd7e5dff921,1
206,d7d5562fce331ad958ca6f57057b3526,1
206,e0d64dcfaa3b6db5c54ca298ae101d05,2
206,e5ae72c62ebfa708624f5029d609b160,2
206,f1c7f353075ce59d8a6f3cf58f419c9c,2
206,f4f67ccaece962d013a4e1d7dc3a61f7,1
207,06c6e01186af8b98ee1fc9e01f9471e9,1
207,11dcc970f7a5581e1bf777b6da3f7096,1
207,154e7e31ebfa092203795c972e5804a6,2
207,29427de7f8a9ee983d9dbc51cec569b4,1
207,35afc973633aaeb6b877ff57b2793310,1
207,3db75f31b76375c502f64d550dcd1166,1
207,422879e10f46682990de24d770e7f83d,1
207,4fcb3d9a5f4871e8362dfedbdb02b064,1
207,53759a2ecddad2bb87a079a1f1519f73,2
207,656e0eca68dcecf6a31b8ececfabe3e8,1
207,6dde44b4172999f35f08654d06bad633,2
207,880be32f4db1d9f6e2bec38fb6ac23ab,1
207,88dd63919fc9ab693803578a04a20209,1
207,8d1cfc0463b545928bfb4e589e017bd4,1
207,952670bc019a73f0933157ec82ff6e4f,3
207,99a4788cb24856965c36a24e339b6058,3
207,a4aa7c1427c31344e5f7cc3d839fe562,1
207,a50acd33ba7a8da8e9db65094fa990a4,1
207,a8115d34a4b7b74388da609692162c37,1
207,aca2eb7d00ea1a7b8ebd4e68314663af,2
207,af51d485dc5255ba2e18b21b550156e6,1
207,bbaef2eadf31fe3ea6702077398be06c,1
207,c6dd917a0be2a704582055949915ab32,1
207,c7fd13b5e515bffdab855d0812842edb,3
207,d285360f29ac7fd97640bf0baef03de0,1
207,e282624d8c82e04983f125e167eb4521,3
207,ea44caac707f7f1325182a538007f838,1
207,f819f0c84a64f02d3a5606ca95edd272,1
207,fe9dfbe7f974621789683b7b78be2a16,1
208,0bb7cb61f1957f79dac582ab66ccdc1f,1
208,11875b30b49585209e608f40e8082e65,1
208,2028bf1b01cafb2d2b1901fca4083222,1
208,22c5ddc22ea8cae84fc9917def682dc6,1
208,23bcd6822a33df5534f9b290216eec1f,1
208,25f86162fee18735fffdb762dcb10d7c,1
208,31639956e7fac87ecfd9d608040638bd,1
208,31a2f42a87890f87d77daebdfabc182e,1
208,368c6c730842d78016ad823897a372db,1
208,422879e10f46682990de24d770e7f83d,2
208,461f43be3bdf8844e65b62d9ac2c7a5a,1
208,4ac50dbde931c0a5ed8c33d3dc047351,1
208,4cac1a12a6fe9ffba4a9556dbe582e28,1
208,57e089e3103f5cda6a4ce23b77399bdb,1
208,777d2e438a1b645f3aec9bd57e92672c,1
208,7d50930301709838d8e90dcac5cfaa84,1
208,87283a98b24f9f1ac3a31b631073cf47,1
208,88dd63919fc9ab693803578a04a20209,2
208,8d1cfc0463b545928bfb4e589e017bd4,1
208,aca2eb7d00ea1a7b8ebd4e68314663af,1
208,b0961721fd839e9982420e807758a2a6,1
208,c43ab4269cbf91b373263db4c2973cad,1
208,d1c427060a0f73f6b889a5c7c61f2ac4,1
208,d2f5484cbffe4ca766301b21ab9246dd,1
208,f71973c922ccaab05514a36a8bc741b8,1
208,f71f42e2381752836563b70beb542f80,1
208,f731f8587d4088c174397e010cf892a9,2
208,f7a17d2c51d9df89a4f1711c4ac17f33,1
209,0bb7cb61f1957f79dac582ab66ccdc1f,1
209,11fd9d7ba552e1d28872e008acf1e050,1
209,2136c70bbe723d338fab53da3c03e6dc,1
209,29427de7f8a9ee983d9dbc51cec569b4,1
209,2a2d22ae30e026f1893083c8405ca522,1
209,30ccf4724f5227265f837e9ba0246278,1
209,368c6c730842d78016ad823897a372db,2
209,422879e10f46682990de24d770e7f83d,1
209,4cac1a12a6fe9ffba4a9556dbe582e28,1
209,4fcb3d9a5f4871e8362dfedbdb02b064,1
209,53759a2ecddad2bb87a079a1f1519f73,1
209,53b36df67ebb7c41585e8d54d6772e08,1
209,6109d0cae3bcb57d579bc0fab6e61814,1
209,63de2743d05ab59d85caa49e49459ac1,1
209,7a10781637204d8d10485c71a6108a2e,1
209,7c1bd920dbdf22470b68bde975dd3ccf,3
209,880be32f4db1d9f6e2bec38fb6ac23ab,1
209,99a4788cb24856965c36a24e339b6058,1
209,a02d0123079f4ae96001ba2010d1a2df,1
209,aca2eb7d00ea1a7b8ebd4e68314663af,4
209,b0961721fd839e9982420e807758a2a6,1
209,c6ea63369936552872ae890c82175b4b,1
209,c73628b1c3144b2e0c9c88072f21a213,1
209,d189fbf8b5d79a670cebcaaad68d77b2,1
209,d1c427060a0f73f6b889a5c7c61f2ac4,2
209,d5b703c271f43f9c588a6f512a00f77e,1
209,d696750e550fd0f733979dd7e5dff921,1
209,e0d64dcfaa3b6db5c54ca298ae101d05,1
209,ea44caac707f7f1325182a538007f838,1
209,f1c7f353075ce59d8a6f3cf58f419c9c,1
209,f646af315b0f3a597f69213537ca2199,1
210,154e7e31ebfa092203795c972e5804a6,1
210,186fe07c8b8005ec6a498587ffbc1352,1
210,2136c70bbe723d338fab53da3c03e6dc,1
210,35afc973633aaeb6b877ff57b2793310,1
210,368c6c730842d78016ad823897a372db,1
210,380b4664ba5bb18cc9db78ee6bac3558,1
210,389d119b48cf3043d311335e499d9c6b,2
210,422879e10f46682990de24d770e7f83d,1
210,4520766ec412348b8d4caa5e8a18c464,1
210,4aa6014eceb682077f9dc4bffebc05b0,1
210,53759a2ecddad2bb87a079a1f1519f73,2
210,53b36df67ebb7c41585e8d54d6772e08,1
210,5f504b3a1c75b73d6151be81eb05bdc9,1
210,62d8daeee0db3a60c234c2d1bfd10651,2
210,6cdd53843498f92890544667809f1595,1
210,7c1bd920dbdf22470b68bde975dd3ccf,1
210,88dd63919fc9ab693803578a04a20209,3
210,9f1c3e71d56894398a42b050b07f1baa,1
210,a4aa7c1427c31344e5f7cc3d839fe562,1
210,b0961721fd839e9982420e807758a2a6,2
210,b1acb7e8152c90c9619897753a75c973,1
210,b532349fe46b38fbc7bb3914c1bdae07,3
210,b92a7304ebad1ca5b393b53b2de5c70a,1
210,c3ba4e8d3cb30049213b682e751e9d00,1
210,c857b96593773e940454e76efa8eabb3,2
210,d285360f29ac7fd97640bf0baef03de0,1
210,dc52f0f5d3ec37a93eaf956cde4e5d2c,1
210,e282624d8c82e04983f125e167eb4521,1
210,ee406bf28024d97771c4b1e8b7e8e219,1
210,f1c7f353075ce59d8a6f3cf58f419c9c,2
211,060cb19345d90064d1015407193c233d,1
211,11dcc970f7a5581e1bf777b6da3f7096,1
211,1491a8ff192d4b5c369b0eaa2fe33ee5,1
211,22c5ddc22ea8cae84fc9917def682dc6,1
211,2b4609f8948be18874494203496bc318,1
211,363218ba55c610b750224f90bdd34be1,1
211,368c6c730842d78016ad823897a372db,2
211,5328338cfaa16ba10561cd970c73ca11,1
211,601a360bd2a916ecef0e88de72a6531a,1
211,6109d0cae3bcb57d579bc0fab6e61814,2
211,617186c3d97ea56c9c683a8a3974e8c1,1
211,62d8daeee0db3a60c234c2d1bfd10651,1
211,7340a3839a1de1e99d149b8cf052a2ec,1
211,75d6b6963340c6063f7f4cfcccfe6a30,2
211,764292b2b0f73f77a0272be03fdd45f3,1
211,7a10781637204d8d10485c71a6108a2e,1
211,7c1bd920dbdf22470b68bde975dd3ccf,1
211,88dd63919fc9ab693803578a04a20209,1
211,952670bc019a73f0933157ec82ff6e4f,1
211,99a4788cb24856965c36a24e339b6058,6
211,a42d9c825894f96fc6ed02610891454d,1
211,af51d485dc5255ba2e18b21b550156e6,2
211,c6dd917a0be2a704582055949915ab32,1
211,c6ea63369936552872ae890c82175b4b,2
211,c73628b1c3144b2e0c9c88072f21a213,1
211,c857b96593773e940454e76efa8eabb3,1
211,c94d19d021d4a8fbae5a45f904aeea90,1
211,d5991653e037ccb7af6ed7d94246b249,1
211,d63c1011f49d98b976c352955b1c4bea,1
211,d696750e550fd0f733979dd7e5dff921,1
211,f1c7f353075ce59d8a6f3cf58f419c9c,7
211,f35927953ed82e19d06ad3aac2f06353,1
212,06c6e01186af8b98ee1fc9e01f9471e9,1
212,11dcc970f7a5581e1bf777b6da3f7096,1
212,154e7e31ebfa092203795c972e5804a6,1
212,1600dcf1cea8c0c83702e07b577ab231,1
212,2028bf1b01cafb2d2b1901fca4083222,1
212,2b4609f8948be18874494203496bc318,1
212,35ebf08a93899d44e756809e11b14754,1
212,389d119b48cf3043d311335e499d9c6b,2
212,461f43be3bdf8844e65b62d9ac2c7a5a,1
212,601a360bd2a916ecef0e88de72a6531a,1
212,6109d0cae3bcb57d579bc0fab6e61814,2
212,7c1bd920dbdf22470b68bde975dd3ccf,1
212,7d50930301709838d8e90dcac5cfaa84,2
212,88dd63919fc9ab693803578a04a20209,1
212,b5e13c9a353102f79c6206ff5cb61a50,1
212,c6dd917a0be2a704582055949915ab32,2
212,d017a2151d543a9885604dc62a3d9dcc,1
212,d3c044bd42d84a79e3b0c42662806a48,4
212,d63c1011f49d98b976c352955b1c4bea,1
212,d6fe3b4ddecd4a8393c6a1385de3bfb6,2
212,e0d64dcfaa3b6db5c54ca298ae101d05,2
212,e251ebd2858be1aa7d9b2087a6992580,1
212,e2e426d1332240070b0a836a854d057b,1
212,ea44caac707f7f1325182a538007f838,2
212,f1c7f353075ce59d8a6f3cf58f419c9c,3
212,f35927953ed82e19d06ad3aac2f06353,1
213,06c6e01186af8b98ee1fc9e01f9471e9,1
213,11875b30b49585209e608f40e8082e65,1
213,11dcc970f7a5581e1bf777b6da3f7096,1
213,154e7e31ebfa092203795c972e5804a6,1
213,22c5ddc22ea8cae84fc9917def682dc6,1
213,283dc451ad3918badb976d56ff887289,1
213,363218ba55c610b750224f90bdd34be1,1
213,422879e10f46682990de24d770e7f83d,1
213,4520766ec412348b8d4caa5e8a18c464,1
213,53759a2ecddad2bb87a079a1f1519f73,3
213,53b36df67ebb7c41585e8d54d6772e08,1
213,5411e9269501a870cabf632f05655131,1
213,542b3d80712d51eefe3a3cd1c5f4e8fe,1
213,601a360bd2a916ecef0e88de72a6531a,1
213,6109d0cae3bcb57d579bc0fab6e61814,1
213,66a0a6e02b7f543e5b021ce361f267d4,1
213,7a10781637204d8d10485c71a6108a2e,1
213,7c1bd920dbdf22470b68bde975dd3ccf,1
213,7d50930301709838d8e90dcac5cfaa84,1
213,7fb04722aba7a2b632bac8f9819796f3,1
213,880be32f4db1d9f6e2bec38fb6ac23ab,1
213,88dd63919fc9ab693803578a04a20209,1
213,9545d45c37449ccbc376de3a04c66e71,1
213,99a4788cb24856965c36a24e339b6058,1
213,a92930c327948861c015c919a0bcb4a8,1
213,d017a2151d543a9885604dc62a3d9dcc,1
213,d189fbf8b5d79a670cebcaaad68d77b2,2
213,d5991653e037ccb7af6ed7d94246b249,1
213,d7d5562fce331ad958ca6f57057b3526,1
213,e0d64dcfaa3b6db5c54ca298ae101d05,1
213,e282624d8c82e04983f125e167eb4521,1
213,e4d325bd1eea550509bdbbc5c3301fc1,1
213,f1c7f353075ce59d8a6f3cf58f419c9c,3
214,06edb72f1e0c64b14c5b79353f7abea3,2
214,07c055536ebf10dfbb6c6db6dbfc36e5,1
214,154e7e31ebfa092203795c972e5804a6,1
214,2083a6feb4bbb31f6abc92fc24e468c0,1
214,2a2d22ae30e026f1893083c8405ca522,2
214,30ccf4724f5227265f837e9ba0246278,1
214,31a2f42a87890f87d77daebdfabc182e,1
214,35afc973633aaeb6b877ff57b2793310,1
214,368c6c730842d78016ad823897a372db,1
214,422879e10f46682990de24d770e7f83d,7
214,4cac1a12a6fe9ffba4a9556dbe582e28,1
214,5328338cfaa16ba10561cd970c73ca11,1
214,5f504b3a1c75b73d6151be81eb05bdc9,1
214,601a360bd2a916ecef0e88de72a6531a,2
214,617186c3d97ea56c9c683a8a3974e8c1,1
214,6803077179d24889430188e03fafd31a,1
214,88dd63919fc9ab693803578a04a20209,1
214,99a4788cb24856965c36a24e339b6058,5
214,b532349fe46b38fbc7bb3914c1bdae07,2
214,d017a2151d543a9885604dc62a3d9dcc,1
214,d1c427060a0f73f6b889a5c7c61f2ac4,1
214,d3c044bd42d84a79e3b0c42662806a48,3
214,d6fe3b4ddecd4a8393c6a1385de3bfb6,1
214,e2e426d1332240070b0a836a854d057b,1
214,ea44caac707f7f1325182a538007f838,1
214,f1c7f353075ce59d8a6f3cf58f419c9c,1
214,f35927953ed82e19d06ad3aac2f06353,1
214,f4f67ccaece962d013a4e1d7dc3a61f7,1
215,1491a8ff192d4b5c369b0eaa2fe33ee5,1
215,283dc451ad3918badb976d56ff887289,1
215,29427de7f8a9ee983d9dbc51cec569b4,1
215,2b4609f8948be18874494203496bc318,1
215,35afc973633aaeb6b877ff57b2793310,1
215,386486367c1f9d4f587a8864ccb6902b,2
215,404a57563d487aecbc2b1a01d9b89aab,1
215,5f504b3a1c75b73d6151be81eb05bdc9,1
215,777d2e438a1b645f3aec9bd57e92672c,2
215,7a10781637204d8d10485c71a6108a2e,1
215,7c1bd920dbdf22470b68bde975dd3ccf,1
215,7fab1a1472fdd934397068931f63f3ca,1
215,88dd63919fc9ab693803578a04a20209,2
215,8d1cfc0463b545928bfb4e589e017bd4,1
215,9545d45c37449ccbc376de3a04c66e71,1
215,a8fe47ad6f852f93cc92c7b408687de3,2
215,aa280035c50ba62c746480a59045eec4,1
215,ace5d86cf1ac63cdb76f49e5cd23d2f8,1
215,bbaef2eadf31fe3ea6702077398be06c,1
215,c6ea63369936552872ae890c82175b4b,1
215,ea44caac707f7f1325182a538007f838,1
215,f35927953ed82e19d06ad3aac2f06353,1
216,06c6e01186af8b98ee1fc9e01f9471e9,1
216,11dcc970f7a5581e1bf777b6da3f7096,1
216,130482add9fd75ccb6c57ba007694a2d,1
216,154e7e31ebfa092203795c972e5804a6,1
216,3db75f31b76375c502f64d550dcd1166,1
216,4fcb3d9a5f4871e8362dfedbdb02b064,1
216,5f504b3a1c75b73d6151be81eb05bdc9,1
216,601a360bd2a916ecef0e88de72a6531a,1
216,7340a3839a1de1e99d149b8cf052a2ec,2
216,777d2e438a1b645f3aec9bd57e92672c,1
216,7a10781637204d8d10485c71a6108a2e,1
216,7c1bd920dbdf22470b68bde975dd3ccf,2
216,952670bc019a73f0933157ec82ff6e4f,1
216,99a4788cb24856965c36a24e339b6058,1
216,a5f6ba3fe91a2e73f10b612131cb2404,2
216,a92930c327948861c015c919a0bcb4a8,1
216,ace5d86cf1ac63cdb76f49e5cd23d2f8,1
216,b0961721fd839e9982420e807758a2a6,1
216,d189fbf8b5d79a670cebcaaad68d77b2,1
216,d1c427060a0f73f6b889a5c7c61f2ac4,1
216,dca8cbb1c9d8a2db0fbc0c36b8d1a7bc,1
216,e282624d8c82e04983f125e167eb4521,1
216,ee406bf28024d97771c4b1e8b7e8e219,1
217,06c6e01186af8b98ee1fc9e01f9471e9,1
217,08574b074924071f4e201e151b152b4e,3
217,086351823300e0339f6955b27998c186,1
217,0aabfb375647d9738ad0f7b4ea3653b1,2
217,154e7e31ebfa092203795c972e5804a6,2
217,2136c70bbe723d338fab53da3c03e6dc,2
217,2b4609f8948be18874494203496bc318,2
217,35afc973633aaeb6b877ff57b2793310,1
217,372645c7439f9661fbbacfd129aa92ec,1
217,422879e10f46682990de24d770e7f83d,2
217,617186c3d97ea56c9c683a8a3974e8c1,1
217,6c3effec7c8ddba466d4f03f982c7aa3,2
217,75d6b6963340c6063f7f4cfcccfe6a30,1
217,87283a98b24f9f1ac3a31b631073cf47,1
217,87d780fa7d2cf3710aa02dc4ca8db985,1
217,a50acd33ba7a8da8e9db65094fa990a4,1
217,a8fe47ad6f852f93cc92c7b408687de3,1
217,b5e13c9a353102f79c6206ff5cb61a50,1
217,b8b426747049f2d3d6e00b486d47dedb,1
217,bbaef2eadf31fe3ea6702077398be06c,1
217,be0dbdc3d67d55727a65d4cd696ca73c,3
217,c43ab4269cbf91b373263db4c2973cad,2
217,c6336fa91fbd87c359e44f5dca5a90ed,1
217,c6dd917a0be2a704582055949915ab32,1
217,c857b96593773e940454e76efa8eabb3,1
217,ca5c923962558430573f83661dbe36d6,1
217,d017a2151d543a9885604dc62a3d9dcc,2
217,ea44caac707f7f1325182a538007f838,1
217,f1c7f353075ce59d8a6f3cf58f419c9c,1
218,0aabfb375647d9738ad0f7b4ea3653b1,1
218,11875b30b49585209e608f40e8082e65,1
218,130482add9fd75ccb6c57ba007694a2d,1
218,1491a8ff192d4b5c369b0eaa2fe33ee5,1
218,154e7e31ebfa092203795c972e5804a6,2
218,165f86fe8b799a708a20ee4ba125c289,1
218,22c5ddc22ea8cae84fc9917def682dc6,1
218,368c6c730842d78016ad823897a372db,2
218,404a57563d487aecbc2b1a01d9b89aab,1
218,422879e10f46682990de24d770e7f83d,5
218,53759a2ecddad2bb87a079a1f1519f73,4
218,53b36df67ebb7c41585e8d54d6772e08,1
218,5f504b3a1c75b73d6151be81eb05bdc9,1
218,6c3effec7c8ddba466d4f03f982c7aa3,2
218,6dde44b4172999f35f08654d06bad633,1
218,7340a3839a1de1e99d149b8cf052a2ec,1
218,7d50930301709838d8e90dcac5cfaa84,2
218,7e0dc102074f8285580c9777f79c90cf,1
218,7fb04722aba7a2b632bac8f9819796f3,1
218,88dd63919fc9ab693803578a04a20209,2
218,99a4788cb24856965c36a24e339b6058,1
218,a237de12bdf0bfe4fe220bae65a89731,2
218,a50acd33ba7a8da8e9db65094fa990a4,1
218,a5341e3f8155dbb3e62323d3ea289729,1
218,b0961721fd839e9982420e807758a2a6,1
218,b1acb7e8152c90c9619897753a75c973,1
218,c857b96593773e940454e76efa8eabb3,4
218,d017a2151d543a9885604dc62a3d9dcc,1
218,d189fbf8b5d79a670cebcaaad68d77b2,1
218,e2e426d1332240070b0a836a854d057b,1
218,f1c7f353075ce59d8a6f3cf58f419c9c,6
218,f264c1d9b20b5e4a340254d0405e613b,1
218,f731f8587d4088c174397e010cf892a9,1
219,07c055536ebf10dfbb6c6db6dbfc36e5,1
219,0aabfb375647d9738ad0f7b4ea3653b1,1
219,0bb7cb61f1957f79dac582ab66ccdc1f,2
219,0bcc3eeca39e1064258aa1e932269894,2
219,186fe07c8b8005ec6a498587ffbc1352,2
219,2136c70bbe723d338fab53da3c03e6dc,2
219,25f86162fee18735fffdb762dcb10d7c,1
219,2b4609f8948be18874494203496bc318,1
219,389d119b48cf3043d311335e499d9c6b,5
219,422879e10f46682990de24d770e7f83d,3
219,4c2394abfbac7ff59ec7a420918562fa,1
219,4cd6ba4ea3112de8fc238307c4dc6307,1
219,53759a2ecddad2bb87a079a1f1519f73,2
219,569ffd16f8032478cbeb9800f2e94ba0,2
219,601a360bd2a916ecef0e88de72a6531a,2
219,617186c3d97ea56c9c683a8a3974e8c1,1
219,7d50930301709838d8e90dcac5cfaa84,2
219,7fab1a1472fdd934397068931f63f3ca,2
219,8844bd4b8ca8f93603694ca2bceb77e9,1
219,88dd63919fc9ab693803578a04a20209,4
219,8d1cfc0463b545928bfb4e589e017bd4,1
219,99a4788cb24856965c36a24e339b6058,2
219,b0961721fd839e9982420e807758a2a6,1
219,bdb4be6ce2f7f2b5be0a16088028c7fc,1
219,c403e106353e1aa40efe783ecb39ed7a,2
219,c6dd917a0be2a704582055949915ab32,1
219,c857b96593773e940454e76efa8eabb3,1
219,e5eadf9be70a4a9fa514019542fc330a,1
219,e8316a4667e5870c85e906b1f062bde1,1
219,f1c7f353075ce59d8a6f3cf58f419c9c,2
220,06edb72f1e0c64b14c5b79353f7abea3,1
220,0aabfb375647d9738ad0f7b4ea3653b1,1
220,0bb7cb61f1957f79dac582ab66ccdc1f,1
220,0bcc3eeca39e1064258aa1e932269894,1
220,11875b30b49585209e608f40e8082e65,1
220,130482add9fd75ccb6c57ba007694a2d,1
220,154e7e31ebfa092203795c972e5804a6,1
220,29427de7f8a9ee983d9dbc51cec569b4,1
220,2a2d22ae30e026f1893083c8405ca522,1
220,389d119b48cf3043d311335e499d9c6b,1
220,422879e10f46682990de24d770e7f83d,1
220,4413a608a42bd21bbf9d5abbd58c249a,1
220,53759a2ecddad2bb87a079a1f1519f73,2
220,542b3d80712d51eefe3a3cd1c5f4e8fe,1
220,5d66715cc928aadd0074f61332698593,1
220,601a360bd2a916ecef0e88de72a6531a,1
220,72172e982e8b92155069e4201c92c0bb,1
220,776ef0ee36e20757c513e64903f1fa8a,1
220,777d2e438a1b645f3aec9bd57e92672c,1
220,7c1bd920dbdf22470b68bde975dd3ccf,1
220,7d50930301709838d8e90dcac5cfaa84,1
220,7fb04722aba7a2b632bac8f9819796f3,1
220,880be32f4db1d9f6e2bec38fb6ac23ab,1
220,9545d45c37449ccbc376de3a04c66e71,1
220,b5e13c9a353102f79c6206ff5cb61a50,1
220,b623b7cb05ee3248fbe4a6ecbeed79a4,1
220,c6336fa91fbd87c359e44f5dca5a90ed,1
220,c6dd917a0be2a704582055949915ab32,1
220,c94d19d021d4a8fbae5a45f904aeea90,1
220,d189fbf8b5d79a670cebcaaad68d77b2,2
220,d3c044bd42d84a79e3b0c42662806a48,1
220,d7d5562fce331ad958ca6f57057b3526,1
220,db5efde3ad0cc579b130d71c4b2db522,1
220,e5eadf9be70a4a9fa514019542fc330a,3
220,ea44caac707f7f1325182a538007f838,1
220,f1c7f353075ce59d8a6f3cf58f419c9c,4
221,06edb72f1e0c64b14c5b79353f7abea3,1
221,0bcc3eeca39e1064258aa1e932269894,1
221,11dcc970f7a5581e1bf777b6da3f7096,1
221,154e7e31ebfa092203795c972e5804a6,2
221,2136c70bbe723d338fab53da3c03e6dc,1
221,29427de7f8a9ee983d9dbc51cec569b4,1
221,2b4609f8948be18874494203496bc318,1
221,368c6c730842d78016ad823897a372db,1
221,389d119b48cf3043d311335e499d9c6b,1
221,422879e10f46682990de24d770e7f83d,2
221,4fcb3d9a5f4871e8362dfedbdb02b064,1
221,601a360bd2a916ecef0e88de72a6531a,2
221,7d50930301709838d8e90dcac5cfaa84,2
221,7fab1a1472fdd934397068931f63f3ca,1
221,8d1cfc0463b545928bfb4e589e017bd4,1
221,99a4788cb24856965c36a24e339b6058,2
221,9b9d1c4bd979b93c138044e032f99780,1
221,a8fe47ad6f852f93cc92c7b408687de3,1
221,b0961721fd839e9982420e807758a2a6,2
221,b5e13c9a353102f79c6206ff5cb61a50,2
221,bb50f2e236e5eea0100680137654686c,1
221,c857b96593773e940454e76efa8eabb3,1
221,d3c044bd42d84a79e3b0c42662806a48,2
221,d696750e550fd0f733979dd7e5dff921,1
221,e2bb00220a167d9e60b6776ac33717bc,2
221,e5eadf9be70a4a9fa514019542fc330a,1
221,f71973c922ccaab05514a36a8bc741b8,1
221,f731f8587d4088c174397e010cf892a9,1
221,f7a17d2c51d9df89a4f1711c4ac17f33,2
221,fb55982be901439613a95940feefd9ee,1
222,06c6e01186af8b98ee1fc9e01f9471e9,2
222,11dcc970f7a5581e1bf777b6da3f7096,1
222,154e7e31ebfa092203795c972e5804a6,3
222,1ec486885049bbb9b79351d150ed18c4,1
222,34d6306314a47fe15c1efdbc23302020,1
222,389d119b48cf3043d311335e499d9c6b,2
222,422879e10f46682990de24d770e7f83d,1
222,4413a608a42bd21bbf9d5abbd58c249a,1
222,53759a2ecddad2bb87a079a1f1519f73,2
222,53b36df67ebb7c41585e8d54d6772e08,1
222,62d8daeee0db3a60c234c2d1bfd10651,1
222,66a0a6e02b7f543e5b021ce361f267d4,1
222,75d6b6963340c6063f7f4cfcccfe6a30,1
222,8844bd4b8ca8f93603694ca2bceb77e9,1
222,88dd63919fc9ab693803578a04a20209,3
222,8aa6223e400af9c97b07c75993142721,1
222,99a4788cb24856965c36a24e339b6058,5
222,b0961721fd839e9982420e807758a2a6,1
222,b1acb7e8152c90c9619897753a75c973,1
222,c4baedd846ed09b85f78a781b522f126,1
222,c6336fa91fbd87c359e44f5dca5a90ed,1
222,c6dd917a0be2a704582055949915ab32,1
222,c73628b1c3144b2e0c9c88072f21a213,1
222,c857b96593773e940454e76efa8eabb3,1
222,d1c427060a0f73f6b889a5c7c61f2ac4,1
222,ea44caac707f7f1325182a538007f838,2
222,f819f0c84a64f02d3a5606ca95edd272,1
223,0a4093a4af429dc0a9334300e5c13ae5,1
223,0aabfb375647d9738ad0f7b4ea3653b1,2
223,130482add9fd75ccb6c57ba007694a2d,1
223,2028bf1b01cafb2d2b1901fca4083222,1
223,25f86162fee18735fffdb762dcb10d7c,1
223,368c6c730842d78016ad823897a372db,1
223,389d119b48cf3043d311335e499d9c6b,2
223,617186c3d97ea56c9c683a8a3974e8c1,1
223,776ef0ee36e20757c513e64903f1fa8a,1
223,7fab1a1472fdd934397068931f63f3ca,1
223,817e1c2d22418c36386406ccacfa53e8,1
223,86c43103446290e7efacad3701cd654d,1
223,99a4788cb24856965c36a24e339b6058,1
223,a19b6951c75da43aad691622dd2f6abe,3
223,ace5d86cf1ac63cdb76f49e5cd23d2f8,1
223,b1acb7e8152c90c9619897753a75c973,1
223,bb50f2e236e5eea0100680137654686c,1
223,c43ab4269cbf91b373263db4c2973cad,1
223,c6336fa91fbd87c359e44f5dca5a90ed,1
223,c857b96593773e940454e76efa8eabb3,1
223,d017a2151d543a9885604dc62a3d9dcc,1
223,ec5b3c8bb77ad22278f6e9d719a83de3,1
223,f1c7f353075ce59d8a6f3cf58f419c9c,2
223,f646af315b0f3a597f69213537ca2199,2
224,06f0e85c7892d5df893f332706340af1,2
224,08574b074924071f4e201e151b152b4e,1
224,0aabfb375647d9738ad0f7b4ea3653b1,2
224,154e7e31ebfa092203795c972e5804a6,1
224,167b4b8c4bd0c401bea62f5e050d70a4,1
224,2b4609f8948be18874494203496bc318,2
224,363218ba55c610b750224f90bdd34be1,1
224,389d119b48cf3043d311335e499d9c6b,2
224,542b3d80712d51eefe3a3cd1c5f4e8fe,1
224,5d66715cc928aadd0074f61332698593,1
224,6a8631b72a2f8729b91514db87e771c0,2
224,6cdd53843498f92890544667809f1595,1
224,776ef0ee36e20757c513e64903f1fa8a,1
224,7a10781637204d8d10485c71a6108a2e,1
224,7c1bd920dbdf22470b68bde975dd3ccf,1
224,7fab1a1472fdd934397068931f63f3ca,1
224,8844bd4b8ca8f93603694ca2bceb77e9,1
224,88dd63919fc9ab693803578a04a20209,1
224,952670bc019a73f0933157ec82ff6e4f,1
224,a4aa7c1427c31344e5f7cc3d839fe562,1
224,ace5d86cf1ac63cdb76f49e5cd23d2f8,1
224,b1acb7e8152c90c9619897753a75c973,2
224,bbaef2eadf31fe3ea6702077398be06c,1
224,c6dd917a0be2a704582055949915ab32,1
224,c857b96593773e940454e76efa8eabb3,2
224,cec09725da5ed01471d9a505e7389d37,1
224,d189fbf8b5d79a670cebcaaad68d77b2,2
224,d5991653e037ccb7af6ed7d94246b249,1
224,f1c7f353075ce59d8a6f3cf58f419c9c,1
225,06c6e01186af8b98ee1fc9e01f9471e9,1
225,0aabfb375647d9738ad0f7b4ea3653b1,1
225,0bb7cb61f1957f79dac582ab66ccdc1f,1
225,2028bf1b01cafb2d2b1901fca4083222,1
225,22c5ddc22ea8cae84fc9917def682dc6,1
225,2a5806f10d0f00e5ad032dd2e3c8806e,1
225,2b4609f8948be18874494203496bc318,1
225,2ffdf10e724b958c0f7ea69e97d32f64,1
225,30469bb5ea377eae7121981e2f0778e4,1
225,35afc973633aaeb6b877ff57b2793310,1
225,4520766ec412348b8d4caa5e8a18c464,1
225,5f504b3a1c75b73d6151be81eb05bdc9,2
225,75d6b6963340c6063f7f4cfcccfe6a30,1
225,776ef0ee36e20757c513e64903f1fa8a,1
225,7a10781637204d8d10485c71a6108a2e,1
225,7d50930301709838d8e90dcac5cfaa84,2
225,88dd63919fc9ab693803578a04a20209,1
225,a237de12bdf0bfe4fe220bae65a89731,1
225,bb50f2e236e5eea0100680137654686c,1
225,c6336fa91fbd87c359e44f5dca5a90ed,1
225,c6dd917a0be2a704582055949915ab32,1
225,c6ea63369936552872ae890c82175b4b,1
225,c857b96593773e940454e76efa8eabb3,2
225,ca38c039b717207dec906f4fa9a21db7,1
225,d2f5484cbffe4ca766301b21ab9246dd,1
225,d5b703c271f43f9c588a6f512a00f77e,1
225,e282624d8c82e04983f125e167eb4521,1
225,f39a8b27ce90ac582103bf36f09690dd,1
225,f71973c922ccaab05514a36a8bc741b8,1
225,f731f8587d4088c174397e010cf892a9,1
226,08574b074924071f4e201e151b152b4e,1
226,0aabfb375647d9738ad0f7b4ea3653b1,1
226,11875b30b49585209e608f40e8082e65,1
226,2136c70bbe723d338fab53da3c03e6dc,1
226,389d119b48cf3043d311335e499d9c6b,1
226,4520766ec412348b8d4caa5e8a18c464,1
226,601a360bd2a916ecef0e88de72a6531a,2
226,6c3effec7c8ddba466d4f03f982c7aa3,2
226,777d2e438a1b645f3aec9bd57e92672c,1
226,7d50930301709838d8e90dcac5cfaa84,3
226,7fab1a1472fdd934397068931f63f3ca,1
226,99a4788cb24856965c36a24e339b6058,2
226,a42d9c825894f96fc6ed02610891454d,1
226,a6ad77b15e566298a4e8ee2011ab1255,1
226,b99e4f4fa3f421e0ffbd512d9f152dec,1
226,c2ece64199af7a53793ed9612a89a8cd,1
226,c6336fa91fbd87c359e44f5dca5a90ed,2
226,c6dd917a0be2a704582055949915ab32,1
226,d5991653e037ccb7af6ed7d94246b249,6
226,d5b703c271f43f9c588a6f512a00f77e,1
226,f731f8587d4088c174397e010cf892a9,1
227,060cb19345d90064d1015407193c233d,1
227,0aabfb375647d9738ad0f7b4ea3653b1,5
227,22c5ddc22ea8cae84fc9917def682dc6,1
227,29427de7f8a9ee983d9dbc51cec569b4,1
227,2b4609f8948be18874494203496bc318,2
227,35afc973633aaeb6b877ff57b2793310,1
227,4ac50dbde931c0a5ed8c33d3dc047351,1
227,53b36df67ebb7c41585e8d54d6772e08,1
227,6c3effec7c8ddba466d4f03f982c7aa3,2
227,6cdd53843498f92890544667809f1595,1
227,75d6b6963340c6063f7f4cfcccfe6a30,2
227,764292b2b0f73f77a0272be03fdd45f3,1
227,7c1bd920dbdf22470b68bde975dd3ccf,1
227,880be32f4db1d9f6e2bec38fb6ac23ab,1
227,88dd63919fc9ab693803578a04a20209,1
227,9545d45c37449ccbc376de3a04c66e71,1
227,99a4788cb24856965c36a24e339b6058,1
227,a92930c327948861c015c919a0bcb4a8,2
227,bb50f2e236e5eea0100680137654686c,2
227,c94d19d021d4a8fbae5a45f904aeea90,1
227,cec09725da5ed01471d9a505e7389d37,1
227,ea44caac707f7f1325182a538007f838,1
227,ee406bf28024d97771c4b1e8b7e8e219,1
227,fe6a9515d655fa7936b8a7c841039f34,1
228,06c6e01186af8b98ee1fc9e01f9471e9,1
228,2083a6feb4bbb31f6abc92fc24e468c0,1
228,2136c70bbe723d338fab53da3c03e6dc,1
228,34d6306314a47fe15c1efdbc23302020,2
228,4c2394abfbac7ff59ec7a420918562fa,1
228,4fcb3d9a5f4871e8362dfedbdb02b064,1
228,53759a2ecddad2bb87a079a1f1519f73,1
228,542b3d80712d51eefe3a3cd1c5f4e8fe,1
228,5f504b3a1c75b73d6151be81eb05bdc9,1
228,601a360bd2a916ecef0e88de72a6531a,1
228,62d8daeee0db3a60c234c2d1bfd10651,1
228,64fb265487de2238627ce43fe8a67efc,1
228,6cdd53843498f92890544667809f1595,1
228,7340a3839a1de1e99d149b8cf052a2ec,1
228,7c1bd920dbdf22470b68bde975dd3ccf,1
228,7f064525eaaa1ce9d22c085f7ff5413a,1
228,8d1cfc0463b545928bfb4e589e017bd4,1
228,98d61056e0568ba048e5d78038790e77,1
228,99a4788cb24856965c36a24e339b6058,1
228,a237de12bdf0bfe4fe220bae65a89731,1
228,a4aa7c1427c31344e5f7cc3d839fe562,1
228,c7b3cf9de7be95b3e09e7a63315685eb,1
228,ca38c039b717207dec906f4fa9a21db7,1
228,dca8cbb1c9d8a2db0fbc0c36b8d1a7bc,1
228,e94df75b2e9a8b056be0c144a731f55c,1
228,e9a69340883a438c3f91739d14d3a56d,1
228,f1c7f353075ce59d8a6f3cf58f419c9c,4
228,f71973c922ccaab05514a36a8bc741b8,1
229,06f0e85c7892d5df893f332706340af1,1
229,0aabfb375647d9738ad0f7b4ea3653b1,1
229,1ec486885049bbb9b79351d150ed18c4,1
229,2a2d22ae30e026f1893083c8405ca522,1
229,368c6c730842d78016ad823897a372db,2
229,389d119b48cf3043d311335e499d9c6b,1
229,3db75f31b76375c502f64d550dcd1166,1
229,461f43be3bdf8844e65b62d9ac2c7a5a,1
229,62d8daeee0db3a60c234c2d1bfd10651,1
229,72172e982e8b92155069e4201c92c0bb,1
229,75d6b6963340c6063f7f4cfcccfe6a30,1
229,7a10781637204d8d10485c71a6108a2e,1
229,7c1bd920dbdf22470b68bde975dd3ccf,1
229,7fab1a1472fdd934397068931f63f3ca,1
229,7fb04722aba7a2b632bac8f9819796f3,1
229,88dd63919fc9ab693803578a04a20209,1
229,99a4788cb24856965c36a24e339b6058,1
229,c6336fa91fbd87c359e44f5dca5a90ed,2
229,d189fbf8b5d79a670cebcaaad68d77b2,1
229,d5991653e037ccb7af6ed7d94246b249,1
229,e282624d8c82e04983f125e167eb4521,1
229,f1c7f353075ce59d8a6f3cf58f419c9c,2
229,f7a17d2c51d9df89a4f1711c4ac17f33,1
230,0aabfb375647d9738ad0f7b4ea3653b1,1
230,11875b30b49585209e608f40e8082e65,2
230,154e7e31ebfa092203795c972e5804a6,2
230,186fe07c8b8005ec6a498587ffbc1352,1
230,2136c70bbe723d338fab53da3c03e6dc,1
230,25f86162fee18735fffdb762dcb10d7c,1
230,2a2d22ae30e026f1893083c8405ca522,1
230,2b4609f8948be18874494203496bc318,1
230,34d6306314a47fe15c1efdbc23302020,1
230,363218ba55c610b750224f90bdd34be1,1
230,368c6c730842d78016ad823897a372db,2
230,372645c7439f9661fbbacfd129aa92ec,1
230,389d119b48cf3043d311335e499d9c6b,1
230,53759a2ecddad2bb87a079a1f1519f73,1
230,5f504b3a1c75b73d6151be81eb05bdc9,2
230,62d8daeee0db3a60c234c2d1bfd10651,3
230,72172e982e8b92155069e4201c92c0bb,1
230,764292b2b0f73f77a0272be03fdd45f3,1
230,776ef0ee36e20757c513e64903f1fa8a,1
230,7c1bd920dbdf22470b68bde975dd3ccf,2
230,7d50930301709838d8e90dcac5cfaa84,1
230,7fb04722aba7a2b632bac8f9819796f3,1
230,9545d45c37449ccbc376de3a04c66e71,1
230,a35a9f46dcee0a67c8c7ad8493eb4135,1
230,b0961721fd839e9982420e807758a2a6,1
230,b59fb744c6f3cd1dc23b10f760848d98,3
230,b5e13c9a353102f79c6206ff5cb61a50,1
230,d1c427060a0f73f6b889a5c7c61f2ac4,1
230,e1da6ab77f4859eb17950e5df1c0f815,1
230,e2e426d1332240070b0a836a854d057b,1
230,eb8c629f70275fd1c4f809116cce1efc,3
230,f264c1d9b20b5e4a340254d0405e613b,1
230,f731f8587d4088c174397e010cf892a9,1
231,08574b074924071f4e201e151b152b4e,1
231,0aabfb375647d9738ad0f7b4ea3653b1,1
231,0bcc3eeca39e1064258aa1e932269894,1
231,11dcc970f7a5581e1bf777b6da3f7096,1
231,154e7e31ebfa092203795c972e5804a6,1
231,2028bf1b01cafb2d2b1901fca4083222,1
231,34d6306314a47fe15c1efdbc23302020,2
231,368c6c730842d78016ad823897a372db,2
231,3db75f31b76375c502f64d550dcd1166,1
231,422879e10f46682990de24d770e7f83d,6
231,4ac50dbde931c0a5ed8c33d3dc047351,1
231,4c2394abfbac7ff59ec7a420918562fa,1
231,53b36df67ebb7c41585e8d54d6772e08,2
231,57e089e3103f5cda6a4ce23b77399bdb,1
231,5f504b3a1c75b73d6151be81eb05bdc9,1
231,62d8daeee0db3a60c234c2d1bfd10651,1
231,68bf2e76db1d8e846042e54da87399ca,1
231,6a2909ac21d16b721e4795e7e8ff3e68,1
231,72172e982e8b92155069e4201c92c0bb,1
231,7fb04722aba7a2b632bac8f9819796f3,1
231,81288df52439985f610be64465e53f57,1
231,83b00325c13c44245b2c3a2befa62a0e,1
231,8844bd4b8ca8f93603694ca2bceb77e9,1
231,99a4788cb24856965c36a24e339b6058,1
231,9b9d1c4bd979b93c138044e032f99780,1
231,a8115d34a4b7b74388da609692162c37,1
231,af51d485dc5255ba2e18b21b550156e6,1
231,b0961721fd839e9982420e807758a2a6,1
231,b532349fe46b38fbc7bb3914c1bdae07,3
231,b5e13c9a353102f79c6206ff5cb61a50,1
231,c6336fa91fbd87c359e44f5dca5a90ed,1
231,c6dd917a0be2a704582055949915ab32,1
231,c857b96593773e940454e76efa8eabb3,1
231,d6160fb7873f184099d9bc95e30376af,1
231,f1c7f353075ce59d8a6f3cf58f419c9c,1
231,f264c1d9b20b5e4a340254d0405e613b,1
232,0aabfb375647d9738ad0f7b4ea3653b1,1
232,11875b30b49585209e608f40e8082e65,4
232,154e7e31ebfa092203795c972e5804a6,1
232,22c5ddc22ea8cae84fc9917def682dc6,1
232,25f86162fee18735fffdb762dcb10d7c,1
232,389d119b48cf3043d311335e499d9c6b,1
232,422879e10f46682990de24d770e7f83d,2
232,4520766ec412348b8d4caa5e8a18c464,1
232,4cac1a12a6fe9ffba4a9556dbe582e28,2
232,53b36df67ebb7c41585e8d54d6772e08,1
232,5d66715cc928aadd0074f61332698593,1
232,6c3effec7c8ddba466d4f03f982c7aa3,1
232,75d6b6963340c6063f7f4cfcccfe6a30,1
232,7c1bd920dbdf22470b68bde975dd3ccf,1
232,8844bd4b8ca8f93603694ca2bceb77e9,1
232,952670bc019a73f0933157ec82ff6e4f,1
232,9545d45c37449ccbc376de3a04c66e71,1
232,a02d0123079f4ae96001ba2010d1a2df,1
232,a6ad77b15e566298a4e8ee2011ab1255,6
232,b0961721fd839e9982420e807758a2a6,1
232,b1acb7e8152c90c9619897753a75c973,1
232,c2ece64199af7a53793ed9612a89a8cd,1
232,cec09725da5ed01471d9a505e7389d37,1
232,d6160fb7873f184099d9bc95e30376af,3
232,e2bb00220a167d9e60b6776ac33717bc,1
232,ea44caac707f7f1325182a538007f838,1
232,f1c7f353075ce59d8a6f3cf58f419c9c,3
232,f646af315b0f3a597f69213537ca2199,2
232,f7f59e6186e10983a061ac7bdb3494d6,2
233,06c6e01186af8b98ee1fc9e01f9471e9,1
233,0aabfb375647d9738ad0f7b4ea3653b1,1
233,1491a8ff192d4b5c369b0eaa2fe33ee5,1
233,154e7e31ebfa092203795c972e5804a6,2
233,2028bf1b01cafb2d2b1901fca4083222,2
233,29427de7f8a9ee983d9dbc51cec569b4,1
233,2b4609f8948be18874494203496bc318,2
233,34d6306314a47fe15c1efdbc23302020,1
233,35afc973633aaeb6b877ff57b2793310,2
233,368c6c730842d78016ad823897a372db,2
233,389d119b48cf3043d311335e499d9c6b,3
233,404a57563d487aecbc2b1a01d9b89aab,1
233,422879e10f46682990de24d770e7f83d,2
233,461f43be3bdf8844e65b62d9ac2c7a5a,1
233,53759a2ecddad2bb87a079a1f1519f73,1
233,53b36df67ebb7c41585e8d54d6772e08,2
233,5f504b3a1c75b73d6151be81eb05bdc9,1
233,68bf2e76db1d8e846042e54da87399ca,1
233,6a8631b72a2f8729b91514db87e771c0,1
233,6cdd53843498f92890544667809f1595,1
233,777d2e438a1b645f3aec9bd57e92672c,1
233,7d50930301709838d8e90dcac5cfaa84,1
233,7fb04722aba7a2b632bac8f9819796f3,4
233,880be32f4db1d9f6e2bec38fb6ac23ab,1
233,a92930c327948861c015c919a0bcb4a8,1
233,afeeea6271148ee1bb15173b8187c431,1
233,b1acb7e8152c90c9619897753a75c973,1
233,c4baedd846ed09b85f78a781b522f126,1
233,c6dd917a0be2a704582055949915ab32,1
233,c7b3cf9de7be95b3e09e7a63315685eb,1
233,d6160fb7873f184099d9bc95e30376af,5
233,e0d64dcfaa3b6db5c54ca298ae101d05,1
233,f1c7f353075ce59d8a6f3cf58f419c9c,1
233,f71f42e2381752836563b70beb542f80,1
234,06c6e01186af8b98ee1fc9e01f9471e9,1
234,0aabfb375647d9738ad0f7b4ea3653b1,1
234,154e7e31ebfa092203795c972e5804a6,1
234,1bfb290d7273a442c874dbe74b4abae6,2
234,2b4609f8948be18874494203496bc318,1
234,35afc973633aaeb6b877ff57b2793310,1
234,368c6c730842d78016ad823897a372db,1
234,389d119b48cf3043d311335e499d9c6b,2
234,43423cdffde7fda63d0414ed38c11a73,1
234,473795a355d29305c3ea6b156833adf5,1
234,4aa6014eceb682077f9dc4bffebc05b0,1
234,5bfc7506459ae2a7b4b573fe557a58e1,1
234,6109d0cae3bcb57d579bc0fab6e61814,3
234,6803077179d24889430188e03fafd31a,1
234,6c3effec7c8ddba466d4f03f982c7aa3,1
234,6cdd53843498f92890544667809f1595,1
234,776ef0ee36e20757c513e64903f1fa8a,1
234,7c1bd920dbdf22470b68bde975dd3ccf,1
234,7fab1a1472fdd934397068931f63f3ca,1
234,8aa6223e400af9c97b07c75993142721,1
234,9ecadb84c81da840dbf3564378b586e9,1
234,afeeea6271148ee1bb15173b8187c431,1
234,bb50f2e236e5eea0100680137654686c,1
234,bdb4be6ce2f7f2b5be0a16088028c7fc,2
234,c43ab4269cbf91b373263db4c2973cad,3
234,c6336fa91fbd87c359e44f5dca5a90ed,3
234,e0d64dcfaa3b6db5c54ca298ae101d05,4
234,ec5b3c8bb77ad22278f6e9d719a83de3,2
234,f1c7f353075ce59d8a6f3cf58f419c9c,1
234,f264c1d9b20b5e4a340254d0405e613b,1
234,f4f67ccaece962d013a4e1d7dc3a61f7,1
234,f71f42e2381752836563b70beb542f80,2
234,fb7a100ec8c7b34f60cec22b1a9a10e0,1
235,08574b074924071f4e201e151b152b4e,2
235,0aabfb375647d9738ad0f7b4ea3653b1,1
235,130482add9fd75ccb6c57ba007694a2d,1
235,1612209b0b37fbe80e1e8e1b7d19ca1d,1
235,1bfb290d7273a442c874dbe74b4abae6,1
235,422879e10f46682990de24d770e7f83d,3
235,431d674f9a4fbd0957ecf6ba3fcb6899,1
235,4fcb3d9a5f4871e8362dfedbdb02b064,1
235,53759a2ecddad2bb87a079a1f1519f73,1
235,6a1a04054158fe995e1688d8f79605b2,4
235,6c3effec7c8ddba466d4f03f982c7aa3,1
235,776ef0ee36e20757c513e64903f1fa8a,1
235,7a10781637204d8d10485c71a6108a2e,1
235,7c1bd920dbdf22470b68bde975dd3ccf,1
235,7fb04722aba7a2b632bac8f9819796f3,1
235,82e4ad16521ca131d95e198d507db370,1
235,8aa6223e400af9c97b07c75993142721,1
235,99a4788cb24856965c36a24e339b6058,1
235,a237de12bdf0bfe4fe220bae65a89731,1
235,afeeea6271148ee1bb15173b8187c431,2
235,b0961721fd839e9982420e807758a2a6,4
235,b1acb7e8152c90c9619897753a75c973,1
235,cec09725da5ed01471d9a505e7389d37,2
235,d6160fb7873f184099d9bc95e30376af,2
235,d678178aa4291cd25a755a90188375c8,3
235,d696750e550fd0f733979dd7e5dff921,1
235,eb8c629f70275fd1c4f809116cce1efc,3
235,f646af315b0f3a597f69213537ca2199,1
235,f731f8587d4088c174397e010cf892a9,1
236,07c055536ebf10dfbb6c6db6dbfc36e5,1
236,0bcc3eeca39e1064258aa1e932269894,1
236,11875b30b49585209e608f40e8082e65,1
236,154e7e31ebfa092203795c972e5804a6,1
236,288dbc06591742c5d7fe90fbfb08943e,1
236,2b4609f8948be18874494203496bc318,1
236,35afc973633aaeb6b877ff57b2793310,1
236,380b4664ba5bb18cc9db78ee6bac3558,1
236,386486367c1f9d4f587a8864ccb6902b,1
236,389d119b48cf3043d311335e499d9c6b,2
236,3db75f31b76375c502f64d550dcd1166,1
236,422879e10f46682990de24d770e7f83d,3
236,4520766ec412348b8d4caa5e8a18c464,1
236,542b3d80712d51eefe3a3cd1c5f4e8fe,1
236,5d66715cc928aadd0074f61332698593,1
236,5f504b3a1c75b73d6151be81eb05bdc9,1
236,75d6b6963340c6063f7f4cfcccfe6a30,1
236,98a8c2fa16d7239c606640f5555768e4,2
236,99a4788cb24856965c36a24e339b6058,2
236,9b9d1c4bd979b93c138044e032f99780,1
236,b1acb7e8152c90c9619897753a75c973,1
236,bdb4be6ce2f7f2b5be0a16088028c7fc,1
236,c7fd13b5e515bffdab855d0812842edb,2
236,ca38c039b717207dec906f4fa9a21db7,1
236,ccadfeab525a9eb1569983b66e5075c4,1
236,d6160fb7873f184099d9bc95e30376af,2
237,08574b074924071f4e201e151b152b4e,2
237,0aabfb375647d9738ad0f7b4ea3653b1,1
237,11dcc970f7a5581e1bf777b6da3f7096,1
237,1491a8ff192d4b5c369b0eaa2fe33ee5,1
237,2136c70bbe723d338fab53da3c03e6dc,1
237,288dbc06591742c5d7fe90fbfb08943e,1
237,2a2d22ae30e026f1893083c8405ca522,1
237,35afc973633aaeb6b877ff57b2793310,1
237,368c6c730842d78016ad823897a372db,1
237,4cac1a12a6fe9ffba4a9556dbe582e28,1
237,53b36df67ebb7c41585e8d54d6772e08,7
237,5f504b3a1c75b73d6151be81eb05bdc9,2
237,6c3effec7c8ddba466d4f03f982c7aa3,1
237,72172e982e8b92155069e4201c92c0bb,1
237,764292b2b0f73f77a0272be03fdd45f3,1
237,7a10781637204d8d10485c71a6108a2e,1
237,8844bd4b8ca8f93603694ca2bceb77e9,1
237,952670bc019a73f0933157ec82ff6e4f,1
237,9545d45c37449ccbc376de3a04c66e71,1
237,c6ea63369936552872ae890c82175b4b,1
237,d6160fb7873f184099d9bc95e30376af,1
237,d696750e550fd0f733979dd7e5dff921,1
237,dc404a1496a08f9f5540c8b5d4b92925,1
237,ea44caac707f7f1325182a538007f838,1
237,f1c7f353075ce59d8a6f3cf58f419c9c,3
237,f35927953ed82e19d06ad3aac2f06353,1
238,0bb7cb61f1957f79dac582ab66ccdc1f,1
238,0bcc3eeca39e1064258aa1e932269894,1
238,154e7e31ebfa092203795c972e5804a6,1
238,2028bf1b01cafb2d2b1901fca4083222,1
238,223d34a3d9334039f5ff9511dc044bbb,1
238,2b4609f8948be18874494203496bc318,1
238,31639956e7fac87ecfd9d608040638bd,1
238,368c6c730842d78016ad823897a372db,1
238,422879e10f46682990de24d770e7f83d,2
238,473795a355d29305c3ea6b156833adf5,1
238,53759a2ecddad2bb87a079a1f1519f73,2
238,57f2bc497c1a3ebe41ba7a06d78ed159,1
238,6c3effec7c8ddba466d4f03f982c7aa3,1
238,75c06ee06b201f9b6301d2b5e72993f8,1
238,75d6b6963340c6063f7f4cfcccfe6a30,1
238,776ef0ee36e20757c513e64903f1fa8a,2
238,7814c273ab16783d73a9863ebfa8b141,2
238,7c1bd920dbdf22470b68bde975dd3ccf,1
238,7d854ab97c64ef9df2bbfaf332765786,1
238,7fab1a1472fdd934397068931f63f3ca,1
238,aa280035c50ba62c746480a59045eec4,1
238,aa8d88eb4b9cb38894e33fa624c4287f,1
238,afeeea6271148ee1bb15173b8187c431,5
238,b5e13c9a353102f79c6206ff5cb61a50,1
238,bb50f2e236e5eea0100680137654686c,2
238,d189fbf8b5d79a670cebcaaad68d77b2,1
238,d6160fb7873f184099d9bc95e30376af,2
238,dca8cbb1c9d8a2db0fbc0c36b8d1a7bc,1
238,dd6a505f83dd3c6326aa9856519e0978,1
238,e0d64dcfaa3b6db5c54ca298ae101d05,6
238,e5ae72c62ebfa708624f5029d609b160,1
238,ea44caac707f7f1325182a538007f838,1
238,f1c7f353075ce59d8a6f3cf58f419c9c,1
238,f2e53dd1670f3c376518263b3f71424d,1
239,06c6e01186af8b98ee1fc9e01f9471e9,1
239,0aabfb375647d9738ad0f7b4ea3653b1,1
239,154e7e31ebfa092203795c972e5804a6,2
239,2028bf1b01cafb2d2b1901fca4083222,1
239,2136c70bbe723d338fab53da3c03e6dc,1
239,2423252b2432f1803e4f29e0974c6cf7,1
239,25f86162fee18735fffdb762dcb10d7c,1
239,30ccf4724f5227265f837e9ba0246278,1
239,34d6306314a47fe15c1efdbc23302020,1
239,386486367c1f9d4f587a8864ccb6902b,1
239,389d119b48cf3043d311335e499d9c6b,4
239,431d674f9a4fbd0957ecf6ba3fcb6899,1
239,4520766ec412348b8d4caa5e8a18c464,1
239,64fb265487de2238627ce43fe8a67efc,1
239,66a0a6e02b7f543e5b021ce361f267d4,1
239,776ef0ee36e20757c513e64903f1fa8a,1
239,777d2e438a1b645f3aec9bd57e92672c,2
239,7814c273ab16783d73a9863ebfa8b141,1
239,7a10781637204d8d10485c71a6108a2e,1
239,7d50930301709838d8e90dcac5cfaa84,1
239,7fab1a1472fdd934397068931f63f3ca,1
239,82e4ad16521ca131d95e198d507db370,1
239,9545d45c37449ccbc376de3a04c66e71,1
239,99a4788cb24856965c36a24e339b6058,1
239,a4aa7c1427c31344e5f7cc3d839fe562,1
239,aa8d88eb4b9cb38894e33fa624c4287f,1
239,afeeea6271148ee1bb15173b8187c431,2
239,b0961721fd839e9982420e807758a2a6,1
239,b5e13c9a353102f79c6206ff5cb61a50,3
239,bdb4be6ce2f7f2b5be0a16088028c7fc,2
239,c6336fa91fbd87c359e44f5dca5a90ed,1
239,c7fd13b5e515bffdab855d0812842edb,1
239,d017a2151d543a9885604dc62a3d9dcc,2
239,e94df75b2e9a8b056be0c144a731f55c,1
239,f1c7f353075ce59d8a6f3cf58f419c9c,2
239,f7a17d2c51d9df89a4f1711c4ac17f33,1
240,06c6e01186af8b98ee1fc9e01f9471e9,1
240,154e7e31ebfa092203795c972e5804a6,2
240,1612209b0b37fbe80e1e8e1b7d19ca1d,1
240,2b4609f8948be18874494203496bc318,2
240,368c6c730842d78016ad823897a372db,1
240,380b4664ba5bb18cc9db78ee6bac3558,2
240,431d674f9a4fbd0957ecf6ba3fcb6899,1
240,53b36df67ebb7c41585e8d54d6772e08,1
240,5bfc7506459ae2a7b4b573fe557a58e1,1
240,6a1a04054158fe995e1688d8f79605b2,2
240,7c1bd920dbdf22470b68bde975dd3ccf,4
240,9ecadb84c81da840dbf3564378b586e9,2
240,a9f480bfc49f0b85e8394e1cdf685b4e,1
240,b0961721fd839e9982420e807758a2a6,2
240,b532349fe46b38fbc7bb3914c1bdae07,3
240,b5e13c9a353102f79c6206ff5cb61a50,2
240,c20a3f598c16d77249da67e81caa8317,1
240,c6336fa91fbd87c359e44f5dca5a90ed,2
240,c6ea63369936552872ae890c82175b4b,1
240,cec09725da5ed01471d9a505e7389d37,1
240,d6160fb7873f184099d9bc95e30376af,3
240,e67307ff0f15ade43fcb6e670be7a74c,3
240,ea44caac707f7f1325182a538007f838,2
240,f1c7f353075ce59d8a6f3cf58f419c9c,1
240,f71973c922ccaab05514a36a8bc741b8,1
241,06c6e01186af8b98ee1fc9e01f9471e9,1
241,06f0e85c7892d5df893f332706340af1,2
241,07c055536ebf10dfbb6c6db6dbfc36e5,1
241,0aabfb375647d9738ad0f7b4ea3653b1,1
241,1491a8ff192d4b5c369b0eaa2fe33ee5,1
241,2028bf1b01cafb2d2b1901fca4083222,1
241,25f86162fee18735fffdb762dcb10d7c,1
241,31639956e7fac87ecfd9d608040638bd,1
241,389d119b48cf3043d311335e499d9c6b,2
241,422879e10f46682990de24d770e7f83d,3
241,53759a2ecddad2bb87a079a1f1519f73,2
241,5f504b3a1c75b73d6151be81eb05bdc9,2
241,66a0a6e02b7f543e5b021ce361f267d4,1
241,764292b2b0f73f77a0272be03fdd45f3,2
241,bdb4be6ce2f7f2b5be0a16088028c7fc,1
241,c3ba4e8d3cb30049213b682e751e9d00,1
241,d189fbf8b5d79a670cebcaaad68d77b2,2
241,d6160fb7873f184099d9bc95e30376af,2
241,ec5b3c8bb77ad22278f6e9d719a83de3,1
241,f71973c922ccaab05514a36a8bc741b8,1
242,06c6e01186af8b98ee1fc9e01f9471e9,1
242,08574b074924071f4e201e151b152b4e,2
242,0aabfb375647d9738ad0f7b4ea3653b1,1
242,11dcc970f7a5581e1bf777b6da3f7096,1
242,11fd9d7ba552e1d28872e008acf1e050,1
242,154e7e31ebfa092203795c972e5804a6,1
242,1ec486885049bbb9b79351d150ed18c4,1
242,2028bf1b01cafb2d2b1901fca4083222,1
242,25f86162fee18735fffdb762dcb10d7c,1
242,2b4609f8948be18874494203496bc318,1
242,35ebf08a93899d44e756809e11b14754,1
242,43423cdffde7fda63d0414ed38c11a73,1
242,4fcb3d9a5f4871e8362dfedbdb02b064,1
242,6cdd53843498f92890544667809f1595,1
242,75d6b6963340c6063f7f4cfcccfe6a30,1
242,7814c273ab16783d73a9863ebfa8b141,1
242,7fab1a1472fdd934397068931f63f3ca,3
242,880be32f4db1d9f6e2bec38fb6ac23ab,1
242,8aa6223e400af9c97b07c75993142721,1
242,98a8c2fa16d7239c606640f5555768e4,1
242,a8fe47ad6f852f93cc92c7b408687de3,2
242,ace5d86cf1ac63cdb76f49e5cd23d2f8,1
242,b0961721fd839e9982420e807758a2a6,3
242,c7fd13b5e515bffdab855d0812842edb,3
242,cec09725da5ed01471d9a505e7389d37,1
242,d1c427060a0f73f6b889a5c7c61f2ac4,3
242,e282624d8c82e04983f125e167eb4521,2
242,ed2067a9c1f79553088a3c67b99a9f97,1
242,f40876e0ef3cd5f9132b1f16b04b1346,1
243,06edb72f1e0c64b14c5b79353f7abea3,1
243,07c055536ebf10dfbb6c6db6dbfc36e5,1
243,154e7e31ebfa092203795c972e5804a6,3
243,1bfb290d7273a442c874dbe74b4abae6,1
243,223d34a3d9334039f5ff9511dc044bbb,1
243,2b4609f8948be18874494203496bc318,1
243,35ebf08a93899d44e756809e11b14754,1
243,422879e10f46682990de24d770e7f83d,1
243,431d674f9a4fbd0957ecf6ba3fcb6899,3
243,5f504b3a1c75b73d6151be81eb05bdc9,1
243,7814c273ab16783d73a9863ebfa8b141,1
243,7c1bd920dbdf22470b68bde975dd3ccf,1
243,7fab1a1472fdd934397068931f63f3ca,1
243,914c9e9af640dd56f48764a225b00f89,1
243,a237de12bdf0bfe4fe220bae65a89731,1
243,a6ad77b15e566298a4e8ee2011ab1255,2
243,b0961721fd839e9982420e807758a2a6,2
243,b5e13c9a353102f79c6206ff5cb61a50,1
243,c7fd13b5e515bffdab855d0812842edb,1
243,d189fbf8b5d79a670cebcaaad68d77b2,1
243,d2f5484cbffe4ca766301b21ab9246dd,1
244,07c055536ebf10dfbb6c6db6dbfc36e5,1
244,11875b30b49585209e608f40e8082e65,1
244,283dc451ad3918badb976d56ff887289,1
244,29427de7f8a9ee983d9dbc51cec569b4,1
244,31639956e7fac87ecfd9d608040638bd,1
244,34d6306314a47fe15c1efdbc23302020,1
244,368c6c730842d78016ad823897a372db,1
244,372645c7439f9661fbbacfd129aa92ec,1
244,4c2394abfbac7ff59ec7a420918562fa,1
244,4cd6ba4ea3112de8fc238307c4dc6307,1
244,542b3d80712d51eefe3a3cd1c5f4e8fe,1
244,5f504b3a1c75b73d6151be81eb05bdc9,1
244,6a8631b72a2f8729b91514db87e771c0,1
244,7340a3839a1de1e99d149b8cf052a2ec,1
244,7c1bd920dbdf22470b68bde975dd3ccf,2
244,83b00325c13c44245b2c3a2befa62a0e,1
244,8c591ab0ca519558779df02023177f44,1
244,9545d45c37449ccbc376de3a04c66e71,1
244,98a8c2fa16d7239c606640f5555768e4,1
244,9ecadb84c81da840dbf3564378b586e9,1
244,a8fe47ad6f852f93cc92c7b408687de3,1
244,b5e13c9a353102f79c6206ff5cb61a50,1
244,c4baedd846ed09b85f78a781b522f126,2
244,ca38c039b717207dec906f4fa9a21db7,2
244,db5efde3ad0cc579b130d71c4b2db522,1
244,e251ebd2858be1aa7d9b2087a6992580,1
244,f1c7f353075ce59d8a6f3cf58f419c9c,1
245,06c6e01186af8b98ee1fc9e01f9471e9,1
245,11fd9d7ba552e1d28872e008acf1e050,1
245,130482add9fd75ccb6c57ba007694a2d,1
245,1491a8ff192d4b5c369b0eaa2fe33ee5,2
245,2028bf1b01cafb2d2b1901fca4083222,1
245,29427de7f8a9ee983d9dbc51cec569b4,1
245,2b4609f8948be18874494203496bc318,1
245,368c6c730842d78016ad823897a372db,2
245,389d119b48cf3043d311335e499d9c6b,1
245,422879e10f46682990de24d770e7f83d,1
245,431d674f9a4fbd0957ecf6ba3fcb6899,1
245,44a34214a57dc373dcd80f54c919d006,1
245,4ac50dbde931c0a5ed8c33d3dc047351,1
245,4cac1a12a6fe9ffba4a9556dbe582e28,1
245,4cc8bfa581f41841ce5e24aba773a44a,2
245,53759a2ecddad2bb87a079a1f1519f73,1
245,57e089e3103f5cda6a4ce23b77399bdb,1
245,57f2bc497c1a3ebe41ba7a06d78ed159,1
245,5bfc7506459ae2a7b4b573fe557a58e1,1
245,64fb265487de2238627ce43fe8a67efc,1
245,6c3effec7c8ddba466d4f03f982c7aa3,2
245,776ef0ee36e20757c513e64903f1fa8a,1
245,7fab1a1472fdd934397068931f63f3ca,4
245,81288df52439985f610be64465e53f57,1
245,8d1cfc0463b545928bfb4e589e017bd4,1
245,a237de12bdf0bfe4fe220bae65a89731,1
245,b0961721fd839e9982420e807758a2a6,1
245,b5e13c9a353102f79c6206ff5cb61a50,1
245,b99e4f4fa3f421e0ffbd512d9f152dec,1
245,bce474cc95b6e77657e10939b0b4248c,1
245,bdb4be6ce2f7f2b5be0a16088028c7fc,1
245,c2ece64199af7a53793ed9612a89a8cd,1
245,d017a2151d543a9885604dc62a3d9dcc,1
245,d189fbf8b5d79a670cebcaaad68d77b2,1
245,d1c427060a0f73f6b889a5c7c61f2ac4,1
245,d5991653e037ccb7af6ed7d94246b249,1
245,e4d325bd1eea550509bdbbc5c3301fc1,1
245,e67307ff0f15ade43fcb6e670be7a74c,1
245,ea44caac707f7f1325182a538007f838,1
245,f39a8b27ce90ac582103bf36f09690dd,1
246,06edb72f1e0c64b14c5b79353f7abea3,1
246,0aabfb375647d9738ad0f7b4ea3653b1,1
246,11fd9d7ba552e1d28872e008acf1e050,1
246,1491a8ff192d4b5c369b0eaa2fe33ee5,1
246,154e7e31ebfa092203795c972e5804a6,1
246,2083a6feb4bbb31f6abc92fc24e468c0,1
246,223d34a3d9334039f5ff9511dc044bbb,1
246,2b4609f8948be18874494203496bc318,3
246,34d6306314a47fe15c1efdbc23302020,1
246,36c2fb4fa746273709c373f6d6ec6796,1
246,422879e10f46682990de24d770e7f83d,5
246,431d674f9a4fbd0957ecf6ba3fcb6899,2
246,4fcb3d9a5f4871e8362dfedbdb02b064,1
246,5328338cfaa16ba10561cd970c73ca11,1
246,53759a2ecddad2bb87a079a1f1519f73,2
246,53b36df67ebb7c41585e8d54d6772e08,1
246,5b226d7c52f86ac72457617f78cff95d,1
246,617186c3d97ea56c9c683a8a3974e8c1,2
246,64fb265487de2238627ce43fe8a67efc,1
246,6a2909ac21d16b721e4795e7e8ff3e68,1
246,75d6b6963340c6063f7f4cfcccfe6a30,1
246,764292b2b0f73f77a0272be03fdd45f3,1
246,7814c273ab16783d73a9863ebfa8b141,2
246,7d50930301709838d8e90dcac5cfaa84,1
246,7fb04722aba7a2b632bac8f9819796f3,2
246,8a443635fdf9759915c9be5be2e3b862,1
246,8ed094bfe076c568f6bb10feada3f75d,1
246,952670bc019a73f0933157ec82ff6e4f,1
246,99a4788cb24856965c36a24e339b6058,2
246,a02d0123079f4ae96001ba2010d1a2df,1
246,a4aa7c1427c31344e5f7cc3d839fe562,1
246,a9f480bfc49f0b85e8394e1cdf685b4e,1
246,af51d485dc5255ba2e18b21b550156e6,1
246,b0961721fd839e9982420e807758a2a6,6
246,b1acb7e8152c90c9619897753a75c973,1
246,b623b7cb05ee3248fbe4a6ecbeed79a4,1
246,bb50f2e236e5eea0100680137654686c,1
246,bd6e6fce9ada76ea2db0f1912e8e478f,1
246,c3ba4e8d3cb30049213b682e751e9d00,1
246,d017a2151d543a9885604dc62a3d9dcc,1
246,d189fbf8b5d79a670cebcaaad68d77b2,1
246,d1c427060a0f73f6b889a5c7c61f2ac4,1
246,d5991653e037ccb7af6ed7d94246b249,10
246,d6160fb7873f184099d9bc95e30376af,1
246,dca8cbb1c9d8a2db0fbc0c36b8d1a7bc,1
246,dd6a505f83dd3c6326aa9856519e0978,1
246,e251ebd2858be1aa7d9b2087a6992580,1
246,ea44caac707f7f1325182a538007f838,1
246,f71973c922ccaab05514a36a8bc741b8,1
247,06c6e01186af8b98ee1fc9e01f9471e9,2
247,154e7e31ebfa092203795c972e5804a6,1
247,2028bf1b01cafb2d2b1901fca4083222,2
247,2136c70bbe723d338fab53da3c03e6dc,2
247,22c5ddc22ea8cae84fc9917def682dc6,1
247,283dc451ad3918badb976d56ff887289,1
247,380b4664ba5bb18cc9db78ee6bac3558,1
247,422879e10f46682990de24d770e7f83d,5
247,431d674f9a4fbd0957ecf6ba3fcb6899,2
247,4ac50dbde931c0a5ed8c33d3dc047351,2
247,4cc8bfa581f41841ce5e24aba773a44a,3
247,4cd6ba4ea3112de8fc238307c4dc6307,5
247,5328338cfaa16ba10561cd970c73ca11,1
247,53759a2ecddad2bb87a079a1f1519f73,1
247,63de2743d05ab59d85caa49e49459ac1,2
247,68bf2e76db1d8e846042e54da87399ca,1
247,6a1a04054158fe995e1688d8f79605b2,1
247,6a8631b72a2f8729b91514db87e771c0,1
247,6c3effec7c8ddba466d4f03f982c7aa3,1
247,6cdd53843498f92890544667809f1595,1
247,75d6b6963340c6063f7f4cfcccfe6a30,3
247,764292b2b0f73f77a0272be03fdd45f3,1
247,777d2e438a1b645f3aec9bd57e92672c,1
247,7814c273ab16783d73a9863ebfa8b141,1
247,7c1bd920dbdf22470b68bde975dd3ccf,3
247,7d50930301709838d8e90dcac5cfaa84,1
247,7f064525eaaa1ce9d22c085f7ff5413a,1
247,8844bd4b8ca8f93603694ca2bceb77e9,1
247,952670bc019a73f0933157ec82ff6e4f,1
247,9545d45c37449ccbc376de3a04c66e71,2
247,99a4788cb24856965c36a24e339b6058,1
247,b1acb7e8152c90c9619897753a75c973,1
247,c075b8e131353552218860f1c421e4ef,1
247,c4baedd846ed09b85f78a781b522f126,1
247,c6dd917a0be2a704582055949915ab32,1
247,e282624d8c82e04983f125e167eb4521,1
247,e4ca5b20cfe1a020e15e36fe14e880ee,1
247,ea44caac707f7f1325182a538007f838,1
247,ed2067a9c1f79553088a3c67b99a9f97,1
248,1ec486885049bbb9b79351d150ed18c4,1
248,2028bf1b01cafb2d2b1901fca4083222,2
248,288dbc06591742c5d7fe90fbfb08943e,1
248,29427de7f8a9ee983d9dbc51cec569b4,1
248,35afc973633aaeb6b877ff57b2793310,1
248,368c6c730842d78016ad823897a372db,1
248,422879e10f46682990de24d770e7f83d,1
248,4c2394abfbac7ff59ec7a420918562fa,1
248,4cac1a12a6fe9ffba4a9556dbe582e28,2
248,4cc8bfa581f41841ce5e24aba773a44a,1
248,57f2bc497c1a3ebe41ba7a06d78ed159,1
248,63de2743d05ab59d85caa49e49459ac1,1
248,656e0eca68dcecf6a31b8ececfabe3e8,2
248,6a1a04054158fe995e1688d8f79605b2,1
248,77cc62dc80ebe12a0452d1ce0565acdc,1
248,7c1bd920dbdf22470b68bde975dd3ccf,1
248,83b00325c13c44245b2c3a2befa62a0e,1
248,87d780fa7d2cf3710aa02dc4ca8db985,1
248,88dd63919fc9ab693803578a04a20209,3
248,8a443635fdf9759915c9be5be2e3b862,1
248,99a4788cb24856965c36a24e339b6058,1
248,9b9d1c4bd979b93c138044e032f99780,1
248,a4aa7c1427c31344e5f7cc3d839fe562,2
248,a6ad77b15e566298a4e8ee2011ab1255,7
248,a9f480bfc49f0b85e8394e1cdf685b4e,1
248,aa280035c50ba62c746480a59045eec4,1
248,b0961721fd839e9982420e807758a2a6,3
248,b1acb7e8152c90c9619897753a75c973,1
248,b5e13c9a353102f79c6206ff5cb61a50,1
248,b623b7cb05ee3248fbe4a6ecbeed79a4,2
248,bb42f37fc3d9130e4a4339d24a47dd7c,1
248,c6336fa91fbd87c359e44f5dca5a90ed,1
248,d017a2151d543a9885604dc62a3d9dcc,1
248,d1c427060a0f73f6b889a5c7c61f2ac4,1
248,d2f5484cbffe4ca766301b21ab9246dd,1
248,d6160fb7873f184099d9bc95e30376af,1
248,ee406bf28024d97771c4b1e8b7e8e219,1
248,f1c7f353075ce59d8a6f3cf58f419c9c,3
248,f35927953ed82e19d06ad3aac2f06353,1
248,f7f59e6186e10983a061ac7bdb3494d6,2
248,fe6a9515d655fa7936b8a7c841039f34,2
249,0a4093a4af429dc0a9334300e5c13ae5,1
249,154e7e31ebfa092203795c972e5804a6,1
249,2a2d22ae30e026f1893083c8405ca522,1
249,30ccf4724f5227265f837e9ba0246278,1
249,32e18e89237933ebdaaebd78a27e7fa1,5
249,389d119b48cf3043d311335e499d9c6b,1
249,422879e10f46682990de24d770e7f83d,1
249,431d674f9a4fbd0957ecf6ba3fcb6899,1
249,4cc8bfa581f41841ce5e24aba773a44a,1
249,583f158587cdecda3e8bdea694021e39,1
249,63de2743d05ab59d85caa49e49459ac1,1
249,64fb265487de2238627ce43fe8a67efc,1
249,68bf2e76db1d8e846042e54da87399ca,1
249,6cdd53843498f92890544667809f1595,1
249,72172e982e8b92155069e4201c92c0bb,2
249,75d6b6963340c6063f7f4cfcccfe6a30,2
249,7c1bd920dbdf22470b68bde975dd3ccf,1
249,7d50930301709838d8e90dcac5cfaa84,1
249,7f064525eaaa1ce9d22c085f7ff5413a,1
249,a50acd33ba7a8da8e9db65094fa990a4,1
249,b0961721fd839e9982420e807758a2a6,1
249,b623b7cb05ee3248fbe4a6ecbeed79a4,1
249,c20a3f598c16d77249da67e81caa8317,1
249,c403e106353e1aa40efe783ecb39ed7a,1
249,c6ea63369936552872ae890c82175b4b,1
249,c73628b1c3144b2e0c9c88072f21a213,1
249,d1c427060a0f73f6b889a5c7c61f2ac4,1
249,e9a69340883a438c3f91739d14d3a56d,1
249,eb8c629f70275fd1c4f809116cce1efc,1
249,f1c7f353075ce59d8a6f3cf58f419c9c,1
249,f2e53dd1670f3c376518263b3f71424d,1
249,f7f59e6186e10983a061ac7bdb3494d6,1
250,0152f69b6cf919bcdaf117aa8c43e5a2,1
250,06c6e01186af8b98ee1fc9e01f9471e9,1
250,0705b33fb285827a578fce4899f1b921,2
250,0a57f7d2c983bcf8188589a5fea4a8da,1
250,11dcc970f7a5581e1bf777b6da3f7096,1
250,2028bf1b01cafb2d2b1901fca4083222,2
250,2b4609f8948be18874494203496bc318,2
250,362b773250263786dd58670d2df42c3b,3
250,380b4664ba5bb18cc9db78ee6bac3558,1
250,422879e10f46682990de24d770e7f83d,1
250,4520766ec412348b8d4caa5e8a18c464,1
250,7814c273ab16783d73a9863ebfa8b141,1
250,880be32f4db1d9f6e2bec38fb6ac23ab,1
250,8a443635fdf9759915c9be5be2e3b862,1
250,99a4788cb24856965c36a24e339b6058,3
250,9b9d1c4bd979b93c138044e032f99780,1
250,b0961721fd839e9982420e807758a2a6,2
250,bd6e6fce9ada76ea2db0f1912e8e478f,1
250,c6336fa91fbd87c359e44f5dca5a90ed,1
250,c6dd917a0be2a704582055949915ab32,1
250,c6ea63369936552872ae890c82175b4b,2
250,d6160fb7873f184099d9bc95e30376af,1
250,e0d64dcfaa3b6db5c54ca298ae101d05,1
250,ea44caac707f7f1325182a538007f838,1
250,ee406bf28024d97771c4b1e8b7e8e219,1
250,f1c7f353075ce59d8a6f3cf58f419c9c,9
251,06c6e01186af8b98ee1fc9e01f9471e9,1
251,154e7e31ebfa092203795c972e5804a6,1
251,223d34a3d9334039f5ff9511dc044bbb,1
251,22c5ddc22ea8cae84fc9917def682dc6,1
251,25f86162fee18735fffdb762dcb10d7c,1
251,2a2d22ae30e026f1893083c8405ca522,1
251,35afc973633aaeb6b877ff57b2793310,1
251,422879e10f46682990de24d770e7f83d,2
251,43423cdffde7fda63d0414ed38c11a73,1
251,53b36df67ebb7c41585e8d54d6772e08,2
251,542b3d80712d51eefe3a3cd1c5f4e8fe,1
251,5f504b3a1c75b73d6151be81eb05bdc9,1
251,62d8daeee0db3a60c234c2d1bfd10651,1
251,6a1a04054158fe995e1688d8f79605b2,1
251,75d6b6963340c6063f7f4cfcccfe6a30,1
251,777d2e438a1b645f3aec9bd57e92672c,1
251,7a10781637204d8d10485c71a6108a2e,1
251,99a4788cb24856965c36a24e339b6058,2
251,a4aa7c1427c31344e5f7cc3d839fe562,1
251,a50acd33ba7a8da8e9db65094fa990a4,1
251,a8fe47ad6f852f93cc92c7b408687de3,2
251,bd6e6fce9ada76ea2db0f1912e8e478f,1
251,c7fd13b5e515bffdab855d0812842edb,2
251,d6160fb7873f184099d9bc95e30376af,2
251,e9a69340883a438c3f91739d14d3a56d,1
251,ee406bf28024d97771c4b1e8b7e8e219,1
251,f1c7f353075ce59d8a6f3cf58f419c9c,1
251,fb7a100ec8c7b34f60cec22b1a9a10e0,1
252,11875b30b49585209e608f40e8082e65,1
252,130482add9fd75ccb6c57ba007694a2d,1
252,154e7e31ebfa092203795c972e5804a6,1
252,2028bf1b01cafb2d2b1901fca4083222,1
252,24c66f106f642621e524291a895c9032,1
252,2b4609f8948be18874494203496bc318,1
252,2ffdf10e724b958c0f7ea69e97d32f64,1
252,35afc973633aaeb6b877ff57b2793310,4
252,362b773250263786dd58670d2df42c3b,1
252,368c6c730842d78016ad823897a372db,2
252,386486367c1f9d4f587a8864ccb6902b,1
252,43423cdffde7fda63d0414ed38c11a73,2
252,461f43be3bdf8844e65b62d9ac2c7a5a,1
252,51ce083cd2b9078656a94655ab45b8a4,2
252,53759a2ecddad2bb87a079a1f1519f73,4
252,53b36df67ebb7c41585e8d54d6772e08,1
252,5411e9269501a870cabf632f05655131,1
252,54d9ac713e253fa1fae9c8003b011c2a,1
252,57e089e3103f5cda6a4ce23b77399bdb,1
252,595fac2a385ac33a80bd5114aec74eb8,1
252,5b226d7c52f86ac72457617f78cff95d,4
252,5f504b3a1c75b73d6151be81eb05bdc9,1
252,62d8daeee0db3a60c234c2d1bfd10651,1
252,63de2743d05ab59d85caa49e49459ac1,1
252,6cdd53843498f92890544667809f1595,1
252,7c1bd920dbdf22470b68bde975dd3ccf,1
252,83b00325c13c44245b2c3a2befa62a0e,1
252,880be32f4db1d9f6e2bec38fb6ac23ab,3
252,8c292ca193d326152e335d77176746f0,1
252,99a4788cb24856965c36a24e339b6058,2
252,a42d9c825894f96fc6ed02610891454d,1
252,a4aa7c1427c31344e5f7cc3d839fe562,1
252,b623b7cb05ee3248fbe4a6ecbeed79a4,1
252,c403e106353e1aa40efe783ecb39ed7a,3
252,c4baedd846ed09b85f78a781b522f126,1
252,c6336fa91fbd87c359e44f5dca5a90ed,1
252,c6ea63369936552872ae890c82175b4b,1
252,cc971e0365873137b8bef2ebad633e6f,1
252,d285360f29ac7fd97640bf0baef03de0,1
252,d2f5484cbffe4ca766301b21ab9246dd,1
252,d6160fb7873f184099d9bc95e30376af,1
252,e4d325bd1eea550509bdbbc5c3301fc1,1
252,ea44caac707f7f1325182a538007f838,1
252,ed2067a9c1f79553088a3c67b99a9f97,1
252,fe077ec80df6b4ee60bb4498d5ab1962,1
253,06f0e85c7892d5df893f332706340af1,1
253,154e7e31ebfa092203795c972e5804a6,2
253,1bfb290d7273a442c874dbe74b4abae6,4
253,29427de7f8a9ee983d9dbc51cec569b4,2
253,2b4609f8948be18874494203496bc318,1
253,36c2fb4fa746273709c373f6d6ec6796,1
253,3eef0cb94ba82de806bb30ab743c7655,2
253,422879e10f46682990de24d770e7f83d,1
253,431d674f9a4fbd0957ecf6ba3fcb6899,2
253,461f43be3bdf8844e65b62d9ac2c7a5a,1
253,4914f8796af2ecd359fd8f44b9b92339,1
253,5b226d7c52f86ac72457617f78cff95d,2
253,617186c3d97ea56c9c683a8a3974e8c1,1
253,656e0eca68dcecf6a31b8ececfabe3e8,2
253,66a0a6e02b7f543e5b021ce361f267d4,1
253,6a1a04054158fe995e1688d8f79605b2,1
253,75c06ee06b201f9b6301d2b5e72993f8,2
253,764292b2b0f73f77a0272be03fdd45f3,1
253,7c1bd920dbdf22470b68bde975dd3ccf,1
253,99a4788cb24856965c36a24e339b6058,1
253,9ecadb84c81da840dbf3564378b586e9,3
253,a42d9c825894f96fc6ed02610891454d,1
253,b0961721fd839e9982420e807758a2a6,2
253,b59fb744c6f3cd1dc23b10f760848d98,1
253,bb50f2e236e5eea0100680137654686c,1
253,bdb4be6ce2f7f2b5be0a16088028c7fc,1
253,be0dbdc3d67d55727a65d4cd696ca73c,1
253,c7fd13b5e515bffdab855d0812842edb,2
253,ccadfeab525a9eb1569983b66e5075c4,1
253,d017a2151d543a9885604dc62a3d9dcc,1
253,d189fbf8b5d79a670cebcaaad68d77b2,1
253,d696750e550fd0f733979dd7e5dff921,1
253,e0d64dcfaa3b6db5c54ca298ae101d05,2
253,f1c7f353075ce59d8a6f3cf58f419c9c,1
253,fe6a9515d655fa7936b8a7c841039f34,1
254,017692475c1c954ff597feda05131d73,1
254,06f0e85c7892d5df893f332706340af1,1
254,07c055536ebf10dfbb6c6db6dbfc36e5,1
254,0a57f7d2c983bcf8188589a5fea4a8da,2
254,1491a8ff192d4b5c369b0eaa2fe33ee5,1
254,154e7e31ebfa092203795c972e5804a6,1
254,186fe07c8b8005ec6a498587ffbc1352,1
254,2028bf1b01cafb2d2b1901fca4083222,1
254,2136c70bbe723d338fab53da3c03e6dc,1
254,24c66f106f642621e524291a895c9032,2
254,288dbc06591742c5d7fe90fbfb08943e,1
254,2b4609f8948be18874494203496bc318,1
254,31639956e7fac87ecfd9d608040638bd,1
254,461f43be3bdf8844e65b62d9ac2c7a5a,1
254,4aa6014eceb682077f9dc4bffebc05b0,1
254,4ac50dbde931c0a5ed8c33d3dc047351,1
254,4cc8bfa581f41841ce5e24aba773a44a,1
254,5f504b3a1c75b73d6151be81eb05bdc9,3
254,66a0a6e02b7f543e5b021ce361f267d4,1
254,68bf2e76db1d8e846042e54da87399ca,1
254,6a23ae3187f1dac41b7210a8c7739d6b,2
254,72172e982e8b92155069e4201c92c0bb,1
254,7814c273ab16783d73a9863ebfa8b141,1
254,7c1bd920dbdf22470b68bde975dd3ccf,1
254,7f064525eaaa1ce9d22c085f7ff5413a,1
254,827c4a77226a3e7ef259d61eaa775df9,2
254,83b00325c13c44245b2c3a2befa62a0e,1
254,880be32f4db1d9f6e2bec38fb6ac23ab,1
254,8c591ab0ca519558779df02023177f44,1
254,99a4788cb24856965c36a24e339b6058,2
254,b0961721fd839e9982420e807758a2a6,1
254,b532349fe46b38fbc7bb3914c1bdae07,3
254,b5e13c9a353102f79c6206ff5cb61a50,3
254,b623b7cb05ee3248fbe4a6ecbeed79a4,2
254,be0dbdc3d67d55727a65d4cd696ca73c,1
254,c6336fa91fbd87c359e44f5dca5a90ed,2
254,dca8cbb1c9d8a2db0fbc0c36b8d1a7bc,1
254,f1c7f353075ce59d8a6f3cf58f419c9c,3
254,fc1d8637c0268af3db482c14b7ef8e75,1
255,08574b074924071f4e201e151b152b4e,1
255,11dcc970f7a5581e1bf777b6da3f7096,1
255,22c5ddc22ea8cae84fc9917def682dc6,1
255,24c66f106f642621e524291a895c9032,1
255,35afc973633aaeb6b877ff57b2793310,1
255,380b4664ba5bb18cc9db78ee6bac3558,1
255,389d119b48cf3043d311335e499d9c6b,1
255,422879e10f46682990de24d770e7f83d,2
255,4c2394abfbac7ff59ec7a420918562fa,1
255,4cd6ba4ea3112de8fc238307c4dc6307,1
255,64fb265487de2238627ce43fe8a67efc,1
255,657247f6f60543b93e3cc708a8e6329c,1
255,6cdd53843498f92890544667809f1595,1
255,7a10781637204d8d10485c71a6108a2e,2
255,880be32f4db1d9f6e2bec38fb6ac23ab,3
255,b5e13c9a353102f79c6206ff5cb61a50,1
255,bb50f2e236e5eea0100680137654686c,1
255,bd6e6fce9ada76ea2db0f1912e8e478f,1
255,c4baedd846ed09b85f78a781b522f126,1
255,c6336fa91fbd87c359e44f5dca5a90ed,1
255,c6ea63369936552872ae890c82175b4b,1
255,d1c427060a0f73f6b889a5c7c61f2ac4,1
255,d3c044bd42d84a79e3b0c42662806a48,7
255,dc52f0f5d3ec37a93eaf956cde4e5d2c,1
255,e5eadf9be70a4a9fa514019542fc330a,1
255,ed2067a9c1f79553088a3c67b99a9f97,1
255,f1c7f353075ce59d8a6f3cf58f419c9c,6
255,fe6a9515d655fa7936b8a7c841039f34,1
256,0a57f7d2c983bcf8188589a5fea4a8da,2
256,11dcc970f7a5581e1bf777b6da3f7096,1
256,154e7e31ebfa092203795c972e5804a6,1
256,1612209b0b37fbe80e1e8e1b7d19ca1d,1
256,2136c70bbe723d338fab53da3c03e6dc,1
256,223d34a3d9334039f5ff9511dc044bbb,1
256,2b4609f8948be18874494203496bc318,1
256,30ccf4724f5227265f837e9ba0246278,1
256,389d119b48cf3043d311335e499d9c6b,2
256,422879e10f46682990de24d770e7f83d,1
256,4520766ec412348b8d4caa5e8a18c464,1
256,52c80cedd4e90108bf4fa6a206ef6b03,2
256,53759a2ecddad2bb87a079a1f1519f73,2
256,617186c3d97ea56c9c683a8a3974e8c1,1
256,7a10781637204d8d10485c71a6108a2e,1
256,99a4788cb24856965c36a24e339b6058,2
256,a237de12bdf0bfe4fe220bae65a89731,1
256,b0961721fd839e9982420e807758a2a6,1
256,b99e4f4fa3f421e0ffbd512d9f152dec,1
256,bb50f2e236e5eea0100680137654686c,1
256,bd6e6fce9ada76ea2db0f1912e8e478f,1
256,c6dd917a0be2a704582055949915ab32,1
256,c6ea63369936552872ae890c82175b4b,2
256,d7d5562fce331ad958ca6f57057b3526,1
256,e0d64dcfaa3b6db5c54ca298ae101d05,4
256,ed2067a9c1f79553088a3c67b99a9f97,1
256,f731f8587d4088c174397e010cf892a9,1
257,0152f69b6cf919bcdaf117aa8c43e5a2,1
257,3db75f31b76375c502f64d550dcd1166,1
257,431d674f9a4fbd0957ecf6ba3fcb6899,1
257,53b36df67ebb7c41585e8d54d6772e08,1
257,542b3d80712d51eefe3a3cd1c5f4e8fe,1
257,68a058d125ba1544e726898f0b8c0523,1
257,6cdd53843498f92890544667809f1595,1
257,99a4788cb24856965c36a24e339b6058,3
257,a6ad77b15e566298a4e8ee2011ab1255,1
257,b532349fe46b38fbc7bb3914c1bdae07,3
257,ca38c039b717207dec906f4fa9a21db7,1
257,d3c044bd42d84a79e3b0c42662806a48,8
257,dc404a1496a08f9f5540c8b5d4b92925,1
257,e0d64dcfaa3b6db5c54ca298ae101d05,2
257,eb8c629f70275fd1c4f809116cce1efc,2
258,0152f69b6cf919bcdaf117aa8c43e5a2,1
258,0502d1a36be75bd36b452f31c6ed264a,2
258,060cb19345d90064d1015407193c233d,1
258,0a57f7d2c983bcf8188589a5fea4a8da,3
258,154e7e31ebfa092203795c972e5804a6,2
258,22c5ddc22ea8cae84fc9917def682dc6,1
258,25f86162fee18735fffdb762dcb10d7c,1
258,2b4609f8948be18874494203496bc318,1
258,35afc973633aaeb6b877ff57b2793310,1
258,36c2fb4fa746273709c373f6d6ec6796,2
258,461f43be3bdf8844e65b62d9ac2c7a5a,1
258,53b36df67ebb7c41585e8d54d6772e08,2
258,5f504b3a1c75b73d6151be81eb05bdc9,1
258,617186c3d97ea56c9c683a8a3974e8c1,1
258,64fb265487de2238627ce43fe8a67efc,1
258,7c1bd920dbdf22470b68bde975dd3ccf,2
258,817e1c2d22418c36386406ccacfa53e8,1
258,82e4ad16521ca131d95e198d507db370,1
258,a8fe47ad6f852f93cc92c7b408687de3,2
258,b0961721fd839e9982420e807758a2a6,1
258,c4baedd846ed09b85f78a781b522f126,1
258,c857b96593773e940454e76efa8eabb3,1
258,ccadfeab525a9eb1569983b66e5075c4,9
258,d3c044bd42d84a79e3b0c42662806a48,2
258,e0d64dcfaa3b6db5c54ca298ae101d05,2
258,e2bb00220a167d9e60b6776ac33717bc,1
258,e2e426d1332240070b0a836a854d057b,1
258,e4d325bd1eea550509bdbbc5c3301fc1,1
258,e5eadf9be70a4a9fa514019542fc330a,2
258,f39a8b27ce90ac582103bf36f09690dd,2
258,fb7a100ec8c7b34f60cec22b1a9a10e0,1
259,0a57f7d2c983bcf8188589a5fea4a8da,1
259,0aabfb375647d9738ad0f7b4ea3653b1,1
259,0bcc3eeca39e1064258aa1e932269894,1
259,2083a6feb4bbb31f6abc92fc24e468c0,2
259,2b4609f8948be18874494203496bc318,1
259,2ffdf10e724b958c0f7ea69e97d32f64,1
259,368c6c730842d78016ad823897a372db,1
259,386486367c1f9d4f587a8864ccb6902b,1
259,389d119b48cf3043d311335e499d9c6b,1
259,461f43be3bdf8844e65b62d9ac2c7a5a,1
259,4c2394abfbac7ff59ec7a420918562fa,1
259,53b36df67ebb7c41585e8d54d6772e08,1
259,542b3d80712d51eefe3a3cd1c5f4e8fe,4
259,5d66715cc928aadd0074f61332698593,1
259,5f504b3a1c75b73d6151be81eb05bdc9,1
259,617186c3d97ea56c9c683a8a3974e8c1,1
259,6a8631b72a2f8729b91514db87e771c0,1
259,72172e982e8b92155069e4201c92c0bb,1
259,75d6b6963340c6063f7f4cfcccfe6a30,1
259,7c1bd920dbdf22470b68bde975dd3ccf,2
259,8844bd4b8ca8f93603694ca2bceb77e9,1
259,8a443635fdf9759915c9be5be2e3b862,2
259,a50acd33ba7a8da8e9db65094fa990a4,1
259,a8fe47ad6f852f93cc92c7b408687de3,1
259,b532349fe46b38fbc7bb3914c1bdae07,3
259,b5e13c9a353102f79c6206ff5cb61a50,1
259,bb50f2e236e5eea0100680137654686c,2
259,c3ba4e8d3cb30049213b682e751e9d00,1
259,cec09725da5ed01471d9a505e7389d37,1
259,d1c427060a0f73f6b889a5c7c61f2ac4,1
259,d6160fb7873f184099d9bc95e30376af,1
259,dc404a1496a08f9f5540c8b5d4b92925,2
259,e0d64dcfaa3b6db5c54ca298ae101d05,3
260,017692475c1c954ff597feda05131d73,1
260,07c055536ebf10dfbb6c6db6dbfc36e5,1
260,08574b074924071f4e201e151b152b4e,1
260,0a57f7d2c983bcf8188589a5fea4a8da,1
260,1491a8ff192d4b5c369b0eaa2fe33ee5,2
260,154e7e31ebfa092203795c972e5804a6,3
260,2028bf1b01cafb2d2b1901fca4083222,1
260,23bcd6822a33df5534f9b290216eec1f,1
260,35afc973633aaeb6b877ff57b2793310,1
260,362b773250263786dd58670d2df42c3b,2
260,389d119b48cf3043d311335e499d9c6b,2
260,422879e10f46682990de24d770e7f83d,2
260,461f43be3bdf8844e65b62d9ac2c7a5a,1
260,53759a2ecddad2bb87a079a1f1519f73,2
260,53b36df67ebb7c41585e8d54d6772e08,1
260,542b3d80712d51eefe3a3cd1c5f4e8fe,1
260,569ffd16f8032478cbeb9800f2e94ba0,1
260,5b226d7c52f86ac72457617f78cff95d,1
260,617186c3d97ea56c9c683a8a3974e8c1,1
260,68bf2e76db1d8e846042e54da87399ca,1
260,6a1a04054158fe995e1688d8f79605b2,1
260,72d3bf1d3a790f8874096fcf860e3eff,1
260,75d6b6963340c6063f7f4cfcccfe6a30,2
260,764292b2b0f73f77a0272be03fdd45f3,1
260,79366d6a24de9351b7ca6e3cf75a68ec,2
260,7a10781637204d8d10485c71a6108a2e,2
260,7c1bd920dbdf22470b68bde975dd3ccf,3
260,7c4a8bec217df1de0df2b5aaf8175b65,1
260,83b00325c13c44245b2c3a2befa62a0e,1
260,8c591ab0ca519558779df02023177f44,1
260,952670bc019a73f0933157ec82ff6e4f,1
260,a8fe47ad6f852f93cc92c7b408687de3,1
260,b1acb7e8152c90c9619897753a75c973,1
260,b5e13c9a353102f79c6206ff5cb61a50,3
260,c7fd13b5e515bffdab855d0812842edb,1
260,c857b96593773e940454e76efa8eabb3,1
260,ccadfeab525a9eb1569983b66e5075c4,1
260,d017a2151d543a9885604dc62a3d9dcc,1
260,f646af315b0f3a597f69213537ca2199,1
260,f71f42e2381752836563b70beb542f80,1
260,fb55982be901439613a95940feefd9ee,1
261,186fe07c8b8005ec6a498587ffbc1352,1
261,1ec486885049bbb9b79351d150ed18c4,1
261,2028bf1b01cafb2d2b1901fca4083222,1
261,23bcd6822a33df5534f9b290216eec1f,1
261,2a2d22ae30e026f1893083c8405ca522,1
261,2b4609f8948be18874494203496bc318,2
261,32e18e89237933ebdaaebd78a27e7fa1,1
261,35afc973633aaeb6b877ff57b2793310,1
261,362b773250263786dd58670d2df42c3b,1
261,368c6c730842d78016ad823897a372db,3
261,386486367c1f9d4f587a8864ccb6902b,1
261,43423cdffde7fda63d0414ed38c11a73,2
261,461f43be3bdf8844e65b62d9ac2c7a5a,1
261,4aa6014eceb682077f9dc4bffebc05b0,1
261,4fcb3d9a5f4871e8362dfedbdb02b064,2
261,53759a2ecddad2bb87a079a1f1519f73,4
261,617186c3d97ea56c9c683a8a3974e8c1,1
261,6a1a04054158fe995e1688d8f79605b2,2
261,6c3effec7c8ddba466d4f03f982c7aa3,2
261,72d3bf1d3a790f8874096fcf860e3eff,2
261,7a10781637204d8d10485c71a6108a2e,1
261,7c1bd920dbdf22470b68bde975dd3ccf,1
261,7fb04722aba7a2b632bac8f9819796f3,1
261,83b00325c13c44245b2c3a2befa62a0e,1
261,94475071013412139f862c0bd7e3bb37,1
261,952670bc019a73f0933157ec82ff6e4f,1
261,b0961721fd839e9982420e807758a2a6,3
261,b5e13c9a353102f79c6206ff5cb61a50,1
261,b623b7cb05ee3248fbe4a6ecbeed79a4,3
261,bd6e6fce9ada76ea2db0f1912e8e478f,1
261,c6ea63369936552872ae890c82175b4b,1
261,d3c044bd42d84a79e3b0c42662806a48,1
261,d5991653e037ccb7af6ed7d94246b249,1
261,ea44caac707f7f1325182a538007f838,1
261,ed2067a9c1f79553088a3c67b99a9f97,1
261,ee406bf28024d97771c4b1e8b7e8e219,1
261,f264c1d9b20b5e4a340254d0405e613b,1
261,f39a8b27ce90ac582103bf36f09690dd,1
262,07c055536ebf10dfbb6c6db6dbfc36e5,1
262,0a4093a4af429dc0a9334300e5c13ae5,1
262,0a57f7d2c983bcf8188589a5fea4a8da,2
262,0aabfb375647d9738ad0f7b4ea3653b1,1
262,11fd9d7ba552e1d28872e008acf1e050,1
262,2136c70bbe723d338fab53da3c03e6dc,2
262,29427de7f8a9ee983d9dbc51cec569b4,1
262,2a5806f10d0f00e5ad032dd2e3c8806e,1
262,2b4609f8948be18874494203496bc318,1
262,43423cdffde7fda63d0414ed38c11a73,1
262,461f43be3bdf8844e65b62d9ac2c7a5a,2
262,4cc8bfa581f41841ce5e24aba773a44a,1
262,4fcb3d9a5f4871e8362dfedbdb02b064,1
262,53759a2ecddad2bb87a079a1f1519f73,1
262,53b36df67ebb7c41585e8d54d6772e08,1
262,6cdd53843498f92890544667809f1595,1
262,75d6b6963340c6063f7f4cfcccfe6a30,1
262,7fb04722aba7a2b632bac8f9819796f3,2
262,83b00325c13c44245b2c3a2befa62a0e,1
262,b0961721fd839e9982420e807758a2a6,1
262,bb50f2e236e5eea0100680137654686c,2
262,bd6e6fce9ada76ea2db0f1912e8e478f,1
262,c2ece64199af7a53793ed9612a89a8cd,1
262,c6336fa91fbd87c359e44f5dca5a90ed,1
262,ca38c039b717207dec906f4fa9a21db7,1
262,d1c427060a0f73f6b889a5c7c61f2ac4,1
262,d3c044bd42d84a79e3b0c42662806a48,2
262,d6160fb7873f184099d9bc95e30376af,1
262,ea44caac707f7f1325182a538007f838,2
262,ee406bf28024d97771c4b1e8b7e8e219,1
262,f71f42e2381752836563b70beb542f80,2
262,f7a17d2c51d9df89a4f1711c4ac17f33,1
263,06c6e01186af8b98ee1fc9e01f9471e9,1
263,08574b074924071f4e201e151b152b4e,1
263,0aabfb375647d9738ad0f7b4ea3653b1,1
263,2028bf1b01cafb2d2b1901fca4083222,2
263,389d119b48cf3043d311335e499d9c6b,1
263,404a57563d487aecbc2b1a01d9b89aab,4
263,422879e10f46682990de24d770e7f83d,2
263,431d674f9a4fbd0957ecf6ba3fcb6899,1
263,4cac1a12a6fe9ffba4a9556dbe582e28,1
263,4cc8bfa581f41841ce5e24aba773a44a,1
263,5d66715cc928aadd0074f61332698593,1
263,617186c3d97ea56c9c683a8a3974e8c1,1
263,6a8631b72a2f8729b91514db87e771c0,2
263,75d6b6963340c6063f7f4cfcccfe6a30,1
263,79366d6a24de9351b7ca6e3cf75a68ec,1
263,a8fe47ad6f852f93cc92c7b408687de3,1
263,bb50f2e236e5eea0100680137654686c,1
263,d63c1011f49d98b976c352955b1c4bea,1
263,e282624d8c82e04983f125e167eb4521,1
263,e2e426d1332240070b0a836a854d057b,1
263,ea44caac707f7f1325182a538007f838,1
263,f1fe595ee7ef768b41bd9b246d13432d,1
263,fe6a9515d655fa7936b8a7c841039f34,2
264,06c6e01186af8b98ee1fc9e01f9471e9,1
264,0bcc3eeca39e1064258aa1e932269894,2
264,2083a6feb4bbb31f6abc92fc24e468c0,1
264,362b773250263786dd58670d2df42c3b,4
264,386486367c1f9d4f587a8864ccb6902b,1
264,422879e10f46682990de24d770e7f83d,1
264,461f43be3bdf8844e65b62d9ac2c7a5a,1
264,4cac1a12a6fe9ffba4a9556dbe582e28,1
264,53759a2ecddad2bb87a079a1f1519f73,1
264,6a1a04054158fe995e1688d8f79605b2,2
264,6c3effec7c8ddba466d4f03f982c7aa3,1
264,776ef0ee36e20757c513e64903f1fa8a,1
264,880be32f4db1d9f6e2bec38fb6ac23ab,1
264,8c591ab0ca519558779df02023177f44,1
264,a9f480bfc49f0b85e8394e1cdf685b4e,1
264,b5e13c9a353102f79c6206ff5cb61a50,1
264,bdb4be6ce2f7f2b5be0a16088028c7fc,1
264,c4baedd846ed09b85f78a781b522f126,1
264,d017a2151d543a9885604dc62a3d9dcc,1
264,d1c427060a0f73f6b889a5c7c61f2ac4,1
264,d5b703c271f43f9c588a6f512a00f77e,1
264,d6160fb7873f184099d9bc95e30376af,1
264,d63c1011f49d98b976c352955b1c4bea,1
264,d696750e550fd0f733979dd7e5dff921,1
264,ed2067a9c1f79553088a3c67b99a9f97,1
264,f1fe595ee7ef768b41bd9b246d13432d,1
264,f71f42e2381752836563b70beb542f80,1
264,f908d3bf313a1308bfb2a46ea2685347,1
264,fb7a100ec8c7b34f60cec22b1a9a10e0,1
265,1612209b0b37fbe80e1e8e1b7d19ca1d,1
265,2423252b2432f1803e4f29e0974c6cf7,1
265,25f86162fee18735fffdb762dcb10d7c,1
265,2b4609f8948be18874494203496bc318,1
265,368c6c730842d78016ad823897a372db,3
265,386486367c1f9d4f587a8864ccb6902b,4
265,389d119b48cf3043d311335e499d9c6b,1
265,4520766ec412348b8d4caa5e8a18c464,1
265,4cd6ba4ea3112de8fc238307c4dc6307,1
265,5411e9269501a870cabf632f05655131,1
265,6a1a04054158fe995e1688d8f79605b2,1
265,6c3effec7c8ddba466d4f03f982c7aa3,1
265,764292b2b0f73f77a0272be03fdd45f3,1
265,7c1bd920dbdf22470b68bde975dd3ccf,1
265,880be32f4db1d9f6e2bec38fb6ac23ab,1
265,8c292ca193d326152e335d77176746f0,1
265,99a4788cb24856965c36a24e339b6058,1
265,a4aa7c1427c31344e5f7cc3d839fe562,1
265,a50acd33ba7a8da8e9db65094fa990a4,1
265,a8fe47ad6f852f93cc92c7b408687de3,1
265,b0961721fd839e9982420e807758a2a6,2
265,b5e13c9a353102f79c6206ff5cb61a50,1
265,b84520a57891e7a8ae2c68741dcc7146,1
265,c4baedd846ed09b85f78a781b522f126,1
265,c6dd917a0be2a704582055949915ab32,1
265,ca5c923962558430573f83661dbe36d6,1
265,d3c044bd42d84a79e3b0c42662806a48,1
265,d6160fb7873f184099d9bc95e30376af,1
265,e282624d8c82e04983f125e167eb4521,2
265,ed2067a9c1f79553088a3c67b99a9f97,1
265,f731f8587d4088c174397e010cf892a9,1
265,f908d3bf313a1308bfb2a46ea2685347,1
265,fe01b643060a6446e59f58e3021e66b3,2
266,0aabfb375647d9738ad0f7b4ea3653b1,3
266,0bcc3eeca39e1064258aa1e932269894,3
266,10717ff440b2320081989126e858b220,1
266,130482add9fd75ccb6c57ba007694a2d,1
266,154e7e31ebfa092203795c972e5804a6,1
266,223d34a3d9334039f5ff9511dc044bbb,1
266,31639956e7fac87ecfd9d608040638bd,1
266,31a2f42a87890f87d77daebdfabc182e,1
266,389d119b48cf3043d311335e499d9c6b,3
266,422879e10f46682990de24d770e7f83d,1
266,53759a2ecddad2bb87a079a1f1519f73,1
266,5b226d7c52f86ac72457617f78cff95d,3
266,5f504b3a1c75b73d6151be81eb05bdc9,1
266,617186c3d97ea56c9c683a8a3974e8c1,1
266,64fb265487de2238627ce43fe8a67efc,1
266,6c3effec7c8ddba466d4f03f982c7aa3,1
266,6f3b5b605d91b7439c5e3f5a8dffeea7,1
266,7340a3839a1de1e99d149b8cf052a2ec,1
266,75c06ee06b201f9b6301d2b5e72993f8,1
266,77cc62dc80ebe12a0452d1ce0565acdc,1
266,7a10781637204d8d10485c71a6108a2e,1
266,7c1bd920dbdf22470b68bde975dd3ccf,2
266,83b00325c13c44245b2c3a2befa62a0e,1
266,8c591ab0ca519558779df02023177f44,1
266,a42d9c825894f96fc6ed02610891454d,1
266,a9516a079e37a9c9c36b9b78b10169e8,1
266,c4baedd846ed09b85f78a781b522f126,1
266,d3c044bd42d84a79e3b0c42662806a48,3
266,d7d5562fce331ad958ca6f57057b3526,1
266,e2e426d1332240070b0a836a854d057b,1
266,e5eadf9be70a4a9fa514019542fc330a,1
266,ec2d43cc59763ec91694573b31f1c29a,3
266,f7a17d2c51d9df89a4f1711c4ac17f33,1
266,fe01b643060a6446e59f58e3021e66b3,2
267,08574b074924071f4e201e151b152b4e,3
267,2136c70bbe723d338fab53da3c03e6dc,1
267,2423252b2432f1803e4f29e0974c6cf7,3
267,363218ba55c610b750224f90bdd34be1,1
267,368c6c730842d78016ad823897a372db,2
267,389d119b48cf3043d311335e499d9c6b,2
267,422879e10f46682990de24d770e7f83d,2
267,43423cdffde7fda63d0414ed38c11a73,1
267,4cc8bfa581f41841ce5e24aba773a44a,1
267,5328338cfaa16ba10561cd970c73ca11,1
267,53b36df67ebb7c41585e8d54d6772e08,1
267,569ffd16f8032478cbeb9800f2e94ba0,6
267,5b226d7c52f86ac72457617f78cff95d,2
267,617186c3d97ea56c9c683a8a3974e8c1,1
267,657247f6f60543b93e3cc708a8e6329c,1
267,6803077179d24889430188e03fafd31a,1
267,6cdd53843498f92890544667809f1595,2
267,75d6b6963340c6063f7f4cfcccfe6a30,1
267,7c1bd920dbdf22470b68bde975dd3ccf,2
267,8c591ab0ca519558779df02023177f44,1
267,99a4788cb24856965c36a24e339b6058,1
267,a4aa7c1427c31344e5f7cc3d839fe562,1
267,a50acd33ba7a8da8e9db65094fa990a4,1
267,a9f480bfc49f0b85e8394e1cdf685b4e,1
267,aa280035c50ba62c746480a59045eec4,1
267,afeeea6271148ee1bb15173b8187c431,1
267,b0961721fd839e9982420e807758a2a6,1
267,b5e13c9a353102f79c6206ff5cb61a50,1
267,b92a7304ebad1ca5b393b53b2de5c70a,1
267,c4baedd846ed09b85f78a781b522f126,1
267,d6160fb7873f184099d9bc95e30376af,1
267,e0d64dcfaa3b6db5c54ca298ae101d05,1
267,e1da6ab77f4859eb17950e5df1c0f815,2
267,e2c3ed9aaddfd2312a6a5fe9b3ddadd3,1
267,ec2d43cc59763ec91694573b31f1c29a,1
267,ee406bf28024d97771c4b1e8b7e8e219,1
267,fe01b643060a6446e59f58e3021e66b3,2
267,fe6a9515d655fa7936b8a7c841039f34,1
268,08574b074924071f4e201e151b152b4e,1
268,0aabfb375647d9738ad0f7b4ea3653b1,2
268,0bcc3eeca39e1064258aa1e932269894,2
268,154e7e31ebfa092203795c972e5804a6,1
268,2b0ee2d07306f7c9ac55a43166e9bb4b,1
268,30ccf4724f5227265f837e9ba0246278,1
268,368c6c730842d78016ad823897a372db,4
268,389d119b48cf3043d311335e499d9c6b,1
268,4ac50dbde931c0a5ed8c33d3dc047351,1
268,4cc8bfa581f41841ce5e24aba773a44a,1
268,5328338cfaa16ba10561cd970c73ca11,1
268,53759a2ecddad2bb87a079a1f1519f73,2
268,5b226d7c52f86ac72457617f78cff95d,1
268,5f504b3a1c75b73d6151be81eb05bdc9,1
268,601a360bd2a916ecef0e88de72a6531a,1
268,63de2743d05ab59d85caa49e49459ac1,1
268,6a1a04054158fe995e1688d8f79605b2,1
268,764292b2b0f73f77a0272be03fdd45f3,1
268,7c4a8bec217df1de0df2b5aaf8175b65,1
268,7f064525eaaa1ce9d22c085f7ff5413a,1
268,83b00325c13c44245b2c3a2befa62a0e,1
268,84f456958365164420cfc80fbe4c7fab,1
268,914c9e9af640dd56f48764a225b00f89,1
268,98a8c2fa16d7239c606640f5555768e4,1
268,ace5d86cf1ac63cdb76f49e5cd23d2f8,1
268,b0961721fd839e9982420e807758a2a6,2
268,b5e13c9a353102f79c6206ff5cb61a50,1
268,bdb4be6ce2f7f2b5be0a16088028c7fc,1
268,cc971e0365873137b8bef2ebad633e6f,2
268,d1c427060a0f73f6b889a5c7c61f2ac4,1
268,d2f5484cbffe4ca766301b21ab9246dd,1
268,d7d5562fce331ad958ca6f57057b3526,1
268,ec2d43cc59763ec91694573b31f1c29a,1
268,ed2067a9c1f79553088a3c67b99a9f97,1
268,f7f59e6186e10983a061ac7bdb3494d6,2
268,fb7a100ec8c7b34f60cec22b1a9a10e0,1
268,fe01b643060a6446e59f58e3021e66b3,3
269,11fd9d7ba552e1d28872e008acf1e050,1
269,130482add9fd75ccb6c57ba007694a2d,1
269,154e7e31ebfa092203795c972e5804a6,1
269,2136c70bbe723d338fab53da3c03e6dc,1
269,288dbc06591742c5d7fe90fbfb08943e,1
269,2a2d22ae30e026f1893083c8405ca522,1
269,2b4609f8948be18874494203496bc318,1
269,35afc973633aaeb6b877ff57b2793310,1
269,36c2fb4fa746273709c373f6d6ec6796,1
269,372645c7439f9661fbbacfd129aa92ec,1
269,389d119b48cf3043d311335e499d9c6b,1
269,422879e10f46682990de24d770e7f83d,6
269,461f43be3bdf8844e65b62d9ac2c7a5a,1
269,4cac1a12a6fe9ffba4a9556dbe582e28,1
269,4cc8bfa581f41841ce5e24aba773a44a,1
269,53759a2ecddad2bb87a079a1f1519f73,1
269,5411e9269501a870cabf632f05655131,1
269,57e089e3103f5cda6a4ce23b77399bdb,1
269,583f158587cdecda3e8bdea694021e39,1
269,601a360bd2a916ecef0e88de72a6531a,2
269,617186c3d97ea56c9c683a8a3974e8c1,1
269,64fb265487de2238627ce43fe8a67efc,2
269,6a1a04054158fe995e1688d8f79605b2,2
269,6cdd53843498f92890544667809f1595,1
269,6f3b5b605d91b7439c5e3f5a8dffeea7,1
269,72172e982e8b92155069e4201c92c0bb,1
269,75d6b6963340c6063f7f4cfcccfe6a30,1
269,764292b2b0f73f77a0272be03fdd45f3,1
269,777d2e438a1b645f3aec9bd57e92672c,1
269,7c1bd920dbdf22470b68bde975dd3ccf,1
269,7fb04722aba7a2b632bac8f9819796f3,1
269,817e1c2d22418c36386406ccacfa53e8,1
269,84f456958365164420cfc80fbe4c7fab,1
269,8d1cfc0463b545928bfb4e589e017bd4,1
269,b5e13c9a353102f79c6206ff5cb61a50,3
269,cec09725da5ed01471d9a505e7389d37,1
269,d017a2151d543a9885604dc62a3d9dcc,1
269,d5b703c271f43f9c588a6f512a00f77e,2
269,d6160fb7873f184099d9bc95e30376af,2
269,ea44caac707f7f1325182a538007f838,1
269,f71f42e2381752836563b70beb542f80,1
270,06edb72f1e0c64b14c5b79353f7abea3,1
270,0705b33fb285827a578fce4899f1b921,1
270,154e7e31ebfa092203795c972e5804a6,1
270,2136c70bbe723d338fab53da3c03e6dc,1
270,31639956e7fac87ecfd9d608040638bd,1
270,31a2f42a87890f87d77daebdfabc182e,2
270,3225c54bb2785c33f49f50398fcdb88c,1
270,389d119b48cf3043d311335e499d9c6b,2
270,422879e10f46682990de24d770e7f83d,4
270,42a2c92a0979a949ca4ea89ec5c7b934,2
270,4914f8796af2ecd359fd8f44b9b92339,1
270,4cc8bfa581f41841ce5e24aba773a44a,1
270,53759a2ecddad2bb87a079a1f1519f73,3
270,5411e9269501a870cabf632f05655131,1
270,583f158587cdecda3e8bdea694021e39,2
270,6803077179d24889430188e03fafd31a,1
270,6a1a04054158fe995e1688d8f79605b2,2
270,764292b2b0f73f77a0272be03fdd45f3,1
270,777d2e438a1b645f3aec9bd57e92672c,1
270,7c4a8bec217df1de0df2b5aaf8175b65,2
270,84f456958365164420cfc80fbe4c7fab,1
270,9545d45c37449ccbc376de3a04c66e71,1
270,a4aa7c1427c31344e5f7cc3d839fe562,1
270,a5341e3f8155dbb3e62323d3ea289729,1
270,a92930c327948861c015c919a0bcb4a8,1
270,aa280035c50ba62c746480a59045eec4,1
270,ace5d86cf1ac63cdb76f49e5cd23d2f8,1
270,b623b7cb05ee3248fbe4a6ecbeed79a4,1
270,c72edc98e7d77f0c4c04ec80730c05f5,1
270,cc971e0365873137b8bef2ebad633e6f,1
270,d285360f29ac7fd97640bf0baef03de0,1
270,dd6a505f83dd3c6326aa9856519e0978,2
270,ec2d43cc59763ec91694573b31f1c29a,1
270,ed2067a9c1f79553088a3c67b99a9f97,2
270,f264c1d9b20b5e4a340254d0405e613b,1
270,f71973c922ccaab05514a36a8bc741b8,1
270,fe6a9515d655fa7936b8a7c841039f34,1
270,fe9dfbe7f974621789683b7b78be2a16,1
271,036734b5a58d5d4f46b0616ddc047ced,1
271,08574b074924071f4e201e151b152b4e,1
271,154e7e31ebfa092203795c972e5804a6,1
271,1600dcf1cea8c0c83702e07b577ab231,2
271,29427de7f8a9ee983d9dbc51cec569b4,2
271,30ccf4724f5227265f837e9ba0246278,1
271,362b773250263786dd58670d2df42c3b,1
271,422879e10f46682990de24d770e7f83d,4
271,4aa6014eceb682077f9dc4bffebc05b0,1
271,66a0a6e02b7f543e5b021ce361f267d4,1
271,7c1bd920dbdf22470b68bde975dd3ccf,1
271,82e4ad16521ca131d95e198d507db370,1
271,9545d45c37449ccbc376de3a04c66e71,1
271,9b9d1c4bd979b93c138044e032f99780,1
271,a237de12bdf0bfe4fe220bae65a89731,2
271,aca2eb7d00ea1a7b8ebd4e68314663af,1
271,b532349fe46b38fbc7bb3914c1bdae07,1
271,bdb4be6ce2f7f2b5be0a16088028c7fc,2
271,cd48f265a63e13b762601f5f794c5fca,1
271,d3c044bd42d84a79e3b0c42662806a48,1
271,d6160fb7873f184099d9bc95e30376af,1
271,e0cf79767c5b016251fe139915c59a26,1
271,ec2d43cc59763ec91694573b31f1c29a,2
271,ed2067a9c1f79553088a3c67b99a9f97,1
271,ee0c1cf2fbeae95205b4aa506f1469f0,1
272,08574b074924071f4e201e151b152b4e,2
272,0bcc3eeca39e1064258aa1e932269894,1
272,2b4609f8948be18874494203496bc318,2
272,389d119b48cf3043d311335e499d9c6b,1
272,422879e10f46682990de24d770e7f83d,1
272,42a2c92a0979a949ca4ea89ec5c7b934,2
272,431d674f9a4fbd0957ecf6ba3fcb6899,1
272,4ae634441e444ca4bc85903cafe98d73,1
272,4cc8bfa581f41841ce5e24aba773a44a,1
272,601a360bd2a916ecef0e88de72a6531a,1
272,6109d0cae3bcb57d579bc0fab6e61814,1
272,6a1a04054158fe995e1688d8f79605b2,2
272,72d3bf1d3a790f8874096fcf860e3eff,1
272,79366d6a24de9351b7ca6e3cf75a68ec,1
272,7c1bd920dbdf22470b68bde975dd3ccf,1
272,880be32f4db1d9f6e2bec38fb6ac23ab,1
272,9d8a0e115e802d845b4ce1eb794d1260,1
272,a92930c327948861c015c919a0bcb4a8,1
272,b0961721fd839e9982420e807758a2a6,3
272,c2ece64199af7a53793ed9612a89a8cd,1
272,c73628b1c3144b2e0c9c88072f21a213,1
272,ca38c039b717207dec906f4fa9a21db7,1
272,d285360f29ac7fd97640bf0baef03de0,1
272,d3c044bd42d84a79e3b0c42662806a48,3
272,e2c3ed9aaddfd2312a6a5fe9b3ddadd3,1
272,ec2d43cc59763ec91694573b31f1c29a,1
272,ed2067a9c1f79553088a3c67b99a9f97,1
272,ee406bf28024d97771c4b1e8b7e8e219,1
272,f40876e0ef3cd5f9132b1f16b04b1346,1
272,f819f0c84a64f02d3a5606ca95edd272,1
272,fe01b643060a6446e59f58e3021e66b3,2
272,fe6a9515d655fa7936b8a7c841039f34,1
273,08574b074924071f4e201e151b152b4e,1
273,0bcc3eeca39e1064258aa1e932269894,1
273,154e7e31ebfa092203795c972e5804a6,1
273,2028bf1b01cafb2d2b1901fca4083222,3
273,223d34a3d9334039f5ff9511dc044bbb,1
273,22c5ddc22ea8cae84fc9917def682dc6,2
273,29427de7f8a9ee983d9dbc51cec569b4,1
273,2b4609f8948be18874494203496bc318,1
273,35afc973633aaeb6b877ff57b2793310,1
273,362b773250263786dd58670d2df42c3b,3
273,368c6c730842d78016ad823897a372db,3
273,386486367c1f9d4f587a8864ccb6902b,1
273,389d119b48cf3043d311335e499d9c6b,3
273,3db75f31b76375c502f64d550dcd1166,1
273,42a2c92a0979a949ca4ea89ec5c7b934,1
273,431d674f9a4fbd0957ecf6ba3fcb6899,1
273,44a34214a57dc373dcd80f54c919d006,1
273,461f43be3bdf8844e65b62d9ac2c7a5a,1
273,4c2394abfbac7ff59ec7a420918562fa,1
273,4cac1a12a6fe9ffba4a9556dbe582e28,1
273,53759a2ecddad2bb87a079a1f1519f73,1
273,53ea9da485f6aed8a6f03a85831fe021,1
273,5bfc7506459ae2a7b4b573fe557a58e1,1
273,617186c3d97ea56c9c683a8a3974e8c1,1
273,62d8daeee0db3a60c234c2d1bfd10651,1
273,6a1a04054158fe995e1688d8f79605b2,1
273,72d3bf1d3a790f8874096fcf860e3eff,1
273,75d6b6963340c6063f7f4cfcccfe6a30,2
273,7c1bd920dbdf22470b68bde975dd3ccf,1
273,83b00325c13c44245b2c3a2befa62a0e,1
273,84f456958365164420cfc80fbe4c7fab,1
273,98a8c2fa16d7239c606640f5555768e4,1
273,99f265229d46f700208ad7cb1ff48aae,1
273,9b9d1c4bd979b93c138044e032f99780,1
273,c43ab4269cbf91b373263db4c2973cad,1
273,c4baedd846ed09b85f78a781b522f126,3
273,c6336fa91fbd87c359e44f5dca5a90ed,1
273,c92f0e7b9d49a9543558d6532772441b,1
273,d1c427060a0f73f6b889a5c7c61f2ac4,2
273,e59dd207c69d86e890febadc796d1078,1
273,ec2d43cc59763ec91694573b31f1c29a,1
273,ee406bf28024d97771c4b1e8b7e8e219,1
273,f264c1d9b20b5e4a340254d0405e613b,1
273,f4f67ccaece962d013a4e1d7dc3a61f7,1
273,f646af315b0f3a597f69213537ca2199,2
274,0aabfb375647d9738ad0f7b4ea3653b1,1
274,0bcc3eeca39e1064258aa1e932269894,1
274,11fd9d7ba552e1d28872e008acf1e050,2
274,154e7e31ebfa092203795c972e5804a6,1
274,1a080577618e7fe4d9ddd8fb2b47a964,1
274,23bcd6822a33df5534f9b290216eec1f,1
274,29427de7f8a9ee983d9dbc51cec569b4,1
274,30469bb5ea377eae7121981e2f0778e4,1
274,35afc973633aaeb6b877ff57b2793310,1
274,362b773250263786dd58670d2df42c3b,3
274,3db75f31b76375c502f64d550dcd1166,1
274,422879e10f46682990de24d770e7f83d,1
274,4520766ec412348b8d4caa5e8a18c464,1
274,4cc8bfa581f41841ce5e24aba773a44a,1
274,53759a2ecddad2bb87a079a1f1519f73,1
274,553e0e7590d3116a072507a3635d2877,1
274,6109d0cae3bcb57d579bc0fab6e61814,2
274,6a1a04054158fe995e1688d8f79605b2,1
274,777d2e438a1b645f3aec9bd57e92672c,1
274,7c4a8bec217df1de0df2b5aaf8175b65,1
274,7fb04722aba7a2b632bac8f9819796f3,1
274,84f456958365164420cfc80fbe4c7fab,1
274,8844bd4b8ca8f93603694ca2bceb77e9,1
274,9d8a0e115e802d845b4ce1eb794d1260,2
274,a35a9f46dcee0a67c8c7ad8493eb4135,1
274,b5e13c9a353102f79c6206ff5cb61a50,1
274,bb50f2e236e5eea0100680137654686c,1
274,c6336fa91fbd87c359e44f5dca5a90ed,1
274,d1c427060a0f73f6b889a5c7c61f2ac4,1
274,d285360f29ac7fd97640bf0baef03de0,4
274,d3c044bd42d84a79e3b0c42662806a48,1
274,d7d5562fce331ad958ca6f57057b3526,1
274,dd6a505f83dd3c6326aa9856519e0978,1
274,e2e426d1332240070b0a836a854d057b,1
274,e59dd207c69d86e890febadc796d1078,1
274,ed2067a9c1f79553088a3c67b99a9f97,1
274,f264c1d9b20b5e4a340254d0405e613b,1
274,f819f0c84a64f02d3a5606ca95edd272,1
274,fb7a100ec8c7b34f60cec22b1a9a10e0,1
274,fe01b643060a6446e59f58e3021e66b3,1
275,08574b074924071f4e201e151b152b4e,1
275,130482add9fd75ccb6c57ba007694a2d,1
275,154e7e31ebfa092203795c972e5804a6,2
275,2028bf1b01cafb2d2b1901fca4083222,1
275,2423252b2432f1803e4f29e0974c6cf7,1
275,2b4609f8948be18874494203496bc318,3
275,389d119b48cf3043d311335e499d9c6b,2
275,422879e10f46682990de24d770e7f83d,2
275,431d674f9a4fbd0957ecf6ba3fcb6899,2
275,53759a2ecddad2bb87a079a1f1519f73,1
275,5411e9269501a870cabf632f05655131,1
275,5d66715cc928aadd0074f61332698593,1
275,601a360bd2a916ecef0e88de72a6531a,1
275,62d8daeee0db3a60c234c2d1bfd10651,1
275,87d780fa7d2cf3710aa02dc4ca8db985,1
275,99a4788cb24856965c36a24e339b6058,1
275,a50acd33ba7a8da8e9db65094fa990a4,1
275,aca2eb7d00ea1a7b8ebd4e68314663af,1
275,c6dd917a0be2a704582055949915ab32,1
275,d1c427060a0f73f6b889a5c7c61f2ac4,1
275,e2c3ed9aaddfd2312a6a5fe9b3ddadd3,2
275,fb55982be901439613a95940feefd9ee,1
276,0aabfb375647d9738ad0f7b4ea3653b1,2
276,0bcc3eeca39e1064258aa1e932269894,2
276,2028bf1b01cafb2d2b1901fca4083222,2
276,2083a6feb4bbb31f6abc92fc24e468c0,1
276,2a5806f10d0f00e5ad032dd2e3c8806e,1
276,2b4609f8948be18874494203496bc318,1
276,31639956e7fac87ecfd9d608040638bd,1
276,35afc973633aaeb6b877ff57b2793310,1
276,3db75f31b76375c502f64d550dcd1166,1
276,41db6d8062fcd38410c699743ccc0265,1
276,422879e10f46682990de24d770e7f83d,1
276,4520766ec412348b8d4caa5e8a18c464,1
276,53ea9da485f6aed8a6f03a85831fe021,1
276,6109d0cae3bcb57d579bc0fab6e61814,1
276,6c3effec7c8ddba466d4f03f982c7aa3,1
276,7c1bd920dbdf22470b68bde975dd3ccf,1
276,83b00325c13c44245b2c3a2befa62a0e,2
276,a02d0123079f4ae96001ba2010d1a2df,1
276,a50acd33ba7a8da8e9db65094fa990a4,1
276,af2d506fb01b724e03591349ad36b67e,1
276,b0961721fd839e9982420e807758a2a6,2
276,d1c427060a0f73f6b889a5c7c61f2ac4,1
276,dca8cbb1c9d8a2db0fbc0c36b8d1a7bc,1
276,e2c3ed9aaddfd2312a6a5fe9b3ddadd3,1
276,ec2d43cc59763ec91694573b31f1c29a,1
276,ee406bf28024d97771c4b1e8b7e8e219,1
276,f731f8587d4088c174397e010cf892a9,1
276,f819f0c84a64f02d3a5606ca95edd272,1
276,fe01b643060a6446e59f58e3021e66b3,2
276,fe6a9515d655fa7936b8a7c841039f34,1
277,017692475c1c954ff597feda05131d73,1
277,036734b5a58d5d4f46b0616ddc047ced,1
277,060cb19345d90064d1015407193c233d,1
277,0cf41187284d7f099adc8415a743ebbd,1
277,2a5806f10d0f00e5ad032dd2e3c8806e,1
277,2b4609f8948be18874494203496bc318,1
277,30469bb5ea377eae7121981e2f0778e4,1
277,389d119b48cf3043d311335e499d9c6b,2
277,4520766ec412348b8d4caa5e8a18c464,1
277,52c80cedd4e90108bf4fa6a206ef6b03,2
277,53759a2ecddad2bb87a079a1f1519f73,1
277,5b226d7c52f86ac72457617f78cff95d,1
277,5f504b3a1c75b73d6151be81eb05bdc9,1
277,601a360bd2a916ecef0e88de72a6531a,1
277,6c3effec7c8ddba466d4f03f982c7aa3,1
277,921d31a1daa51460b7a95ea5f3ab64d5,1
277,9d8a0e115e802d845b4ce1eb794d1260,1
277,a35a9f46dcee0a67c8c7ad8493eb4135,1
277,a9516a079e37a9c9c36b9b78b10169e8,1
277,b0961721fd839e9982420e807758a2a6,1
277,b623b7cb05ee3248fbe4a6ecbeed79a4,2
277,c43ab4269cbf91b373263db4c2973cad,1
277,d5991653e037ccb7af6ed7d94246b249,2
277,d5b703c271f43f9c588a6f512a00f77e,1
277,d63c1011f49d98b976c352955b1c4bea,1
277,dc404a1496a08f9f5540c8b5d4b92925,1
277,dc52f0f5d3ec37a93eaf956cde4e5d2c,1
277,ec2d43cc59763ec91694573b31f1c29a,3
277,fe01b643060a6446e59f58e3021e66b3,3
277,fe6a9515d655fa7936b8a7c841039f34,1
278,0aabfb375647d9738ad0f7b4ea3653b1,3
278,154e7e31ebfa092203795c972e5804a6,1
278,2028bf1b01cafb2d2b1901fca4083222,3
278,22c5ddc22ea8cae84fc9917def682dc6,1
278,23bcd6822a33df5534f9b290216eec1f,1
278,29427de7f8a9ee983d9dbc51cec569b4,1
278,2a2d22ae30e026f1893083c8405ca522,1
278,42a2c92a0979a949ca4ea89ec5c7b934,1
278,52c80cedd4e90108bf4fa6a206ef6b03,1
278,569ffd16f8032478cbeb9800f2e94ba0,2
278,5bfc7506459ae2a7b4b573fe557a58e1,1
278,5d66715cc928aadd0074f61332698593,1
278,601a360bd2a916ecef0e88de72a6531a,1
278,764292b2b0f73f77a0272be03fdd45f3,1
278,8317b177579dd27ff068b83205e2169b,1
278,a50acd33ba7a8da8e9db65094fa990a4,1
278,b532349fe46b38fbc7bb3914c1bdae07,3
278,b99e4f4fa3f421e0ffbd512d9f152dec,1
278,bd6e6fce9ada76ea2db0f1912e8e478f,1
278,bdb4be6ce2f7f2b5be0a16088028c7fc,1
278,d04857e7b4b708ee8b8b9921163edba3,1
278,d1c427060a0f73f6b889a5c7c61f2ac4,1
278,d3c044bd42d84a79e3b0c42662806a48,1
278,dc404a1496a08f9f5540c8b5d4b92925,1
278,ec2d43cc59763ec91694573b31f1c29a,1
278,f7a17d2c51d9df89a4f1711c4ac17f33,1
278,fe01b643060a6446e59f58e3021e66b3,1
278,fe6a9515d655fa7936b8a7c841039f34,2
279,0aabfb375647d9738ad0f7b4ea3653b1,1
279,11dcc970f7a5581e1bf777b6da3f7096,1
279,186fe07c8b8005ec6a498587ffbc1352,1
279,2028bf1b01cafb2d2b1901fca4083222,1
279,2136c70bbe723d338fab53da3c03e6dc,1
279,223d34a3d9334039f5ff9511dc044bbb,1
279,2a2d22ae30e026f1893083c8405ca522,2
279,2b4609f8948be18874494203496bc318,1
279,3225c54bb2785c33f49f50398fcdb88c,1
279,368c6c730842d78016ad823897a372db,3
279,461f43be3bdf8844e65b62d9ac2c7a5a,1
279,601a360bd2a916ecef0e88de72a6531a,1
279,66a0a6e02b7f543e5b021ce361f267d4,1
279,6a1a04054158fe995e1688d8f79605b2,1
279,6c3effec7c8ddba466d4f03f982c7aa3,1
279,6cdd53843498f92890544667809f1595,2
279,7fb04722aba7a2b632bac8f9819796f3,1
279,8c591ab0ca519558779df02023177f44,1
279,99a4788cb24856965c36a24e339b6058,2
279,a9516a079e37a9c9c36b9b78b10169e8,1
279,ace5d86cf1ac63cdb76f49e5cd23d2f8,1
279,bb42f37fc3d9130e4a4339d24a47dd7c,1
279,bb50f2e236e5eea0100680137654686c,1
279,bdb4be6ce2f7f2b5be0a16088028c7fc,2
279,c403e106353e1aa40efe783ecb39ed7a,1
279,c43ab4269cbf91b373263db4c2973cad,1
279,c4baedd846ed09b85f78a781b522f126,1
279,c7fd13b5e515bffdab855d0812842edb,1
279,d1c427060a0f73f6b889a5c7c61f2ac4,1
279,d285360f29ac7fd97640bf0baef03de0,1
279,d3c044bd42d84a79e3b0c42662806a48,1
279,dca8cbb1c9d8a2db0fbc0c36b8d1a7bc,1
279,ec2d43cc59763ec91694573b31f1c29a,3
279,ee0c1cf2fbeae95205b4aa506f1469f0,1
279,f7a17d2c51d9df89a4f1711c4ac17f33,1
279,fb55982be901439613a95940feefd9ee,1
280,0a57f7d2c983bcf8188589a5fea4a8da,2
280,154e7e31ebfa092203795c972e5804a6,3
280,2028bf1b01cafb2d2b1901fca4083222,1
280,223d34a3d9334039f5ff9511dc044bbb,1
280,2423252b2432f1803e4f29e0974c6cf7,1
280,29427de7f8a9ee983d9dbc51cec569b4,1
280,2b4609f8948be18874494203496bc318,3
280,363218ba55c610b750224f90bdd34be1,1
280,422879e10f46682990de24d770e7f83d,6
280,42a2c92a0979a949ca4ea89ec5c7b934,2
280,431d674f9a4fbd0957ecf6ba3fcb6899,2
280,43423cdffde7fda63d0414ed38c11a73,1
280,461f43be3bdf8844e65b62d9ac2c7a5a,4
280,53ea9da485f6aed8a6f03a85831fe021,1
280,569ffd16f8032478cbeb9800f2e94ba0,4
280,5bfc7506459ae2a7b4b573fe557a58e1,1
280,5d66715cc928aadd0074f61332698593,1
280,68a058d125ba1544e726898f0b8c0523,1
280,6cdd53843498f92890544667809f1595,1
280,75d6b6963340c6063f7f4cfcccfe6a30,1
280,79366d6a24de9351b7ca6e3cf75a68ec,1
280,7c4a8bec217df1de0df2b5aaf8175b65,1
280,817e1c2d22418c36386406ccacfa53e8,1
280,83b00325c13c44245b2c3a2befa62a0e,2
280,98a8c2fa16d7239c606640f5555768e4,2
280,99a4788cb24856965c36a24e339b6058,1
280,9b9d1c4bd979b93c138044e032f99780,1
280,a4aa7c1427c31344e5f7cc3d839fe562,1
280,a8fe47ad6f852f93cc92c7b408687de3,1
280,b1acb7e8152c90c9619897753a75c973,1
280,b532349fe46b38fbc7bb3914c1bdae07,4
280,c6336fa91fbd87c359e44f5dca5a90ed,1
280,cc971e0365873137b8bef2ebad633e6f,1
280,d04857e7b4b708ee8b8b9921163edba3,1
280,e0d64dcfaa3b6db5c54ca298ae101d05,2
280,e1da6ab77f4859eb17950e5df1c0f815,2
280,e2e426d1332240070b0a836a854d057b,1
280,e59dd207c69d86e890febadc796d1078,1
280,ec2d43cc59763ec91694573b31f1c29a,1
280,ec5b3c8bb77ad22278f6e9d719a83de3,1
280,f1fe595ee7ef768b41bd9b246d13432d,1
280,f40876e0ef3cd5f9132b1f16b04b1346,1
280,f731f8587d4088c174397e010cf892a9,1
280,fe01b643060a6446e59f58e3021e66b3,2
281,036734b5a58d5d4f46b0616ddc047ced,1
281,06edb72f1e0c64b14c5b79353f7abea3,1
281,0a57f7d2c983bcf8188589a5fea4a8da,5
281,0aabfb375647d9738ad0f7b4ea3653b1,2
281,11fd9d7ba552e1d28872e008acf1e050,1
281,2b4609f8948be18874494203496bc318,1
281,36c2fb4fa746273709c373f6d6ec6796,1
281,386486367c1f9d4f587a8864ccb6902b,1
281,389d119b48cf3043d311335e499d9c6b,2
281,422879e10f46682990de24d770e7f83d,3
281,44a34214a57dc373dcd80f54c919d006,3
281,4ac50dbde931c0a5ed8c33d3dc047351,1
281,4cac1a12a6fe9ffba4a9556dbe582e28,1
281,4fcb3d9a5f4871e8362dfedbdb02b064,1
281,500870614ddcf5bd84f7d26861026c8a,1
281,5f504b3a1c75b73d6151be81eb05bdc9,2
281,657247f6f60543b93e3cc708a8e6329c,1
281,6c3effec7c8ddba466d4f03f982c7aa3,1
281,6dde44b4172999f35f08654d06bad633,2
281,72172e982e8b92155069e4201c92c0bb,1
281,75d6b6963340c6063f7f4cfcccfe6a30,2
281,7814c273ab16783d73a9863ebfa8b141,1
281,7c4a8bec217df1de0df2b5aaf8175b65,1
281,7f064525eaaa1ce9d22c085f7ff5413a,1
281,7f4e034245e45549110139d1de248f83,1
281,7fb04722aba7a2b632bac8f9819796f3,2
281,817e1c2d22418c36386406ccacfa53e8,1
281,83b00325c13c44245b2c3a2befa62a0e,1
281,84f456958365164420cfc80fbe4c7fab,1
281,9545d45c37449ccbc376de3a04c66e71,1
281,9d8a0e115e802d845b4ce1eb794d1260,1
281,b1acb7e8152c90c9619897753a75c973,1
281,c4baedd846ed09b85f78a781b522f126,1
281,cc971e0365873137b8bef2ebad633e6f,1
281,cd48f265a63e13b762601f5f794c5fca,3
281,d017a2151d543a9885604dc62a3d9dcc,2
281,d04857e7b4b708ee8b8b9921163edba3,1
281,d1c427060a0f73f6b889a5c7c61f2ac4,1
281,d5991653e037ccb7af6ed7d94246b249,5
281,e0d64dcfaa3b6db5c54ca298ae101d05,1
281,e59dd207c69d86e890febadc796d1078,1
281,ea44caac707f7f1325182a538007f838,1
281,ec2d43cc59763ec91694573b31f1c29a,1
281,ec5b3c8bb77ad22278f6e9d719a83de3,1
281,f1fe595ee7ef768b41bd9b246d13432d,1
281,f35927953ed82e19d06ad3aac2f06353,1
282,0a57f7d2c983bcf8188589a5fea4a8da,4
282,154e7e31ebfa092203795c972e5804a6,3
282,23bcd6822a33df5534f9b290216eec1f,1
282,368c6c730842d78016ad823897a372db,1
282,3db75f31b76375c502f64d550dcd1166,1
282,422879e10f46682990de24d770e7f83d,1
282,431d674f9a4fbd0957ecf6ba3fcb6899,1
282,4413a608a42bd21bbf9d5abbd58c249a,1
282,44a34214a57dc373dcd80f54c919d006,1
282,4520766ec412348b8d4caa5e8a18c464,1
282,461f43be3bdf8844e65b62d9ac2c7a5a,1
282,601a360bd2a916ecef0e88de72a6531a,2
282,6109d0cae3bcb57d579bc0fab6e61814,1
282,629e019a6f298a83aeecc7877964f935,1
282,6c3effec7c8ddba466d4f03f982c7aa3,1
282,6cdd53843498f92890544667809f1595,1
282,6dde44b4172999f35f08654d06bad633,1
282,777d2e438a1b645f3aec9bd57e92672c,1
282,7a10781637204d8d10485c71a6108a2e,2
282,7fb04722aba7a2b632bac8f9819796f3,1
282,8aa6223e400af9c97b07c75993142721,1
282,952670bc019a73f0933157ec82ff6e4f,1
282,9b9d1c4bd979b93c138044e032f99780,1
282,9d8a0e115e802d845b4ce1eb794d1260,1
282,a42d9c825894f96fc6ed02610891454d,1
282,a50acd33ba7a8da8e9db65094fa990a4,1
282,b532349fe46b38fbc7bb3914c1bdae07,3
282,b623b7cb05ee3248fbe4a6ecbeed79a4,1
282,c73628b1c3144b2e0c9c88072f21a213,1
282,c92f0e7b9d49a9543558d6532772441b,1
282,ca38c039b717207dec906f4fa9a21db7,1
282,d1c427060a0f73f6b889a5c7c61f2ac4,1
282,d5991653e037ccb7af6ed7d94246b249,2
282,dc404a1496a08f9f5540c8b5d4b92925,2
282,ec2d43cc59763ec91694573b31f1c29a,2
282,ed2067a9c1f79553088a3c67b99a9f97,1
282,f1fe595ee7ef768b41bd9b246d13432d,1
282,f4d705aa95ccca448e5b0deb6e5290ba,1
282,fb7a100ec8c7b34f60cec22b1a9a10e0,1
283,08574b074924071f4e201e151b152b4e,2
283,0a57f7d2c983bcf8188589a5fea4a8da,3
283,0aabfb375647d9738ad0f7b4ea3653b1,1
283,1491a8ff192d4b5c369b0eaa2fe33ee5,1
283,2a2d22ae30e026f1893083c8405ca522,1
283,2a5806f10d0f00e5ad032dd2e3c8806e,1
283,2b4609f8948be18874494203496bc318,1
283,35afc973633aaeb6b877ff57b2793310,2
283,368c6c730842d78016ad823897a372db,1
283,386486367c1f9d4f587a8864ccb6902b,1
283,42a2c92a0979a949ca4ea89ec5c7b934,2
283,4b96786612ebe7463132fce2c4dca136,1
283,4cc8bfa581f41841ce5e24aba773a44a,1
283,500870614ddcf5bd84f7d26861026c8a,1
283,5328338cfaa16ba10561cd970c73ca11,1
283,53759a2ecddad2bb87a079a1f1519f73,1
283,595fac2a385ac33a80bd5114aec74eb8,1
283,64fb265487de2238627ce43fe8a67efc,1
283,656e0eca68dcecf6a31b8ececfabe3e8,1
283,7340a3839a1de1e99d149b8cf052a2ec,1
283,75c06ee06b201f9b6301d2b5e72993f8,1
283,75d6b6963340c6063f7f4cfcccfe6a30,1
283,764292b2b0f73f77a0272be03fdd45f3,1
283,7814c273ab16783d73a9863ebfa8b141,1
283,7a10781637204d8d10485c71a6108a2e,2
283,7c1bd920dbdf22470b68bde975dd3ccf,1
283,7c4a8bec217df1de0df2b5aaf8175b65,1
283,7fb04722aba7a2b632bac8f9819796f3,1
283,8ed094bfe076c568f6bb10feada3f75d,2
283,99a4788cb24856965c36a24e339b6058,2
283,b92a7304ebad1ca5b393b53b2de5c70a,1
283,bdb4be6ce2f7f2b5be0a16088028c7fc,1
283,c4baedd846ed09b85f78a781b522f126,2
283,d189fbf8b5d79a670cebcaaad68d77b2,1
283,d1c427060a0f73f6b889a5c7c61f2ac4,1
283,dc404a1496a08f9f5540c8b5d4b92925,1
283,ec2d43cc59763ec91694573b31f1c29a,1
283,ee0c1cf2fbeae95205b4aa506f1469f0,1
283,f71f42e2381752836563b70beb542f80,1
283,f731f8587d4088c174397e010cf892a9,1
283,f908d3bf313a1308bfb2a46ea2685347,1
284,06f0e85c7892d5df893f332706340af1,1
284,2028bf1b01cafb2d2b1901fca4083222,1
284,223d34a3d9334039f5ff9511dc044bbb,1
284,22c5ddc22ea8cae84fc9917def682dc6,1
284,29427de7f8a9ee983d9dbc51cec569b4,1
284,2b0ee2d07306f7c9ac55a43166e9bb4b,1
284,2b4609f8948be18874494203496bc318,1
284,368c6c730842d78016ad823897a372db,1
284,4413a608a42bd21bbf9d5abbd58c249a,1
284,500870614ddcf5bd84f7d26861026c8a,1
284,53759a2ecddad2bb87a079a1f1519f73,2
284,5411e9269501a870cabf632f05655131,1
284,5bfc7506459ae2a7b4b573fe557a58e1,1
284,5f504b3a1c75b73d6151be81eb05bdc9,1
284,65266b2da20d04dbe00c5c2d3bb7859e,1
284,66a0a6e02b7f543e5b021ce361f267d4,1
284,6c3effec7c8ddba466d4f03f982c7aa3,1
284,6cdd53843498f92890544667809f1595,1
284,75c06ee06b201f9b6301d2b5e72993f8,1
284,7814c273ab16783d73a9863ebfa8b141,1
284,7a10781637204d8d10485c71a6108a2e,1
284,7c1bd920dbdf22470b68bde975dd3ccf,1
284,8c591ab0ca519558779df02023177f44,1
284,98a8c2fa16d7239c606640f5555768e4,1
284,a237de12bdf0bfe4fe220bae65a89731,1
284,a4aa7c1427c31344e5f7cc3d839fe562,2
284,c1f5307decb89342351bec53668cffd9,1
284,d1c427060a0f73f6b889a5c7c61f2ac4,2
284,f819f0c84a64f02d3a5606ca95edd272,1
285,08574b074924071f4e201e151b152b4e,2
285,0aabfb375647d9738ad0f7b4ea3653b1,1
285,154e7e31ebfa092203795c972e5804a6,1
285,24c66f106f642621e524291a895c9032,2
285,2b4609f8948be18874494203496bc318,1
285,368c6c730842d78016ad823897a372db,3
285,389d119b48cf3043d311335e499d9c6b,1
285,42a2c92a0979a949ca4ea89ec5c7b934,1
285,4413a608a42bd21bbf9d5abbd58c249a,1
285,461f43be3bdf8844e65b62d9ac2c7a5a,2
285,500870614ddcf5bd84f7d26861026c8a,1
285,53ea9da485f6aed8a6f03a85831fe021,2
285,542b3d80712d51eefe3a3cd1c5f4e8fe,1
285,5bfc7506459ae2a7b4b573fe557a58e1,1
285,6109d0cae3bcb57d579bc0fab6e61814,1
285,6c3effec7c8ddba466d4f03f982c7aa3,1
285,75c06ee06b201f9b6301d2b5e72993f8,1
285,7b85e3deef35afd6ebed5461ee8f0641,1
285,7c1bd920dbdf22470b68bde975dd3ccf,1
285,7c4a8bec217df1de0df2b5aaf8175b65,1
285,7fb04722aba7a2b632bac8f9819796f3,1
285,98a8c2fa16d7239c606640f5555768e4,1
285,9b9d1c4bd979b93c138044e032f99780,1
285,a19b6951c75da43aad691622dd2f6abe,2
285,b1acb7e8152c90c9619897753a75c973,1
285,b532349fe46b38fbc7bb3914c1bdae07,1
285,dfb97c88e066dc22165f31648efe1312,1
285,ec2d43cc59763ec91694573b31f1c29a,1
285,f71f42e2381752836563b70beb542f80,2
285,fe6a9515d655fa7936b8a7c841039f34,3
286,08574b074924071f4e201e151b152b4e,1
286,0a57f7d2c983bcf8188589a5fea4a8da,1
286,0aabfb375647d9738ad0f7b4ea3653b1,1
286,165f86fe8b799a708a20ee4ba125c289,1
286,2136c70bbe723d338fab53da3c03e6dc,1
286,24c66f106f642621e524291a895c9032,1
286,25f86162fee18735fffdb762dcb10d7c,1
286,2a2d22ae30e026f1893083c8405ca522,1
286,35afc973633aaeb6b877ff57b2793310,1
286,368c6c730842d78016ad823897a372db,4
286,431d674f9a4fbd0957ecf6ba3fcb6899,3
286,44d097d59e8430f88a67517cd0c4f865,1
286,461f43be3bdf8844e65b62d9ac2c7a5a,1
286,4c2394abfbac7ff59ec7a420918562fa,1
286,500870614ddcf5bd84f7d26861026c8a,1
286,52c80cedd4e90108bf4fa6a206ef6b03,1
286,5328338cfaa16ba10561cd970c73ca11,1
286,542b3d80712d51eefe3a3cd1c5f4e8fe,1
286,57e089e3103f5cda6a4ce23b77399bdb,1
286,617186c3d97ea56c9c683a8a3974e8c1,1
286,6a1a04054158fe995e1688d8f79605b2,1
286,6c3effec7c8ddba466d4f03f982c7aa3,1
286,7814c273ab16783d73a9863ebfa8b141,1
286,7a10781637204d8d10485c71a6108a2e,1
286,7b85e3deef35afd6ebed5461ee8f0641,1
286,84f456958365164420cfc80fbe4c7fab,1
286,8aa6223e400af9c97b07c75993142721,1
286,99a4788cb24856965c36a24e339b6058,1
286,9ecadb84c81da840dbf3564378b586e9,2
286,a92930c327948861c015c919a0bcb4a8,1
286,bdb4be6ce2f7f2b5be0a16088028c7fc,1
286,c403e106353e1aa40efe783ecb39ed7a,1
286,d1c427060a0f73f6b889a5c7c61f2ac4,1
286,dca8cbb1c9d8a2db0fbc0c36b8d1a7bc,1
286,e2bb00220a167d9e60b6776ac33717bc,1
286,e2c3ed9aaddfd2312a6a5fe9b3ddadd3,1
286,fe75529a267b76ac6e96f0c322a899a4,1
287,06f0e85c7892d5df893f332706340af1,2
287,0a57f7d2c983bcf8188589a5fea4a8da,1
287,0aabfb375647d9738ad0f7b4ea3653b1,2
287,11dcc970f7a5581e1bf777b6da3f7096,1
287,11fd9d7ba552e1d28872e008acf1e050,1
287,154e7e31ebfa092203795c972e5804a6,1
287,165f86fe8b799a708a20ee4ba125c289,1
287,1a080577618e7fe4d9ddd8fb2b47a964,1
287,2028bf1b01cafb2d2b1901fca4083222,1
287,2b4609f8948be18874494203496bc318,2
287,362b773250263786dd58670d2df42c3b,1
287,36c2fb4fa746273709c373f6d6ec6796,1
287,386486367c1f9d4f587a8864ccb6902b,1
287,389d119b48cf3043d311335e499d9c6b,1
287,43423cdffde7fda63d0414ed38c11a73,1
287,4413a608a42bd21bbf9d5abbd58c249a,1
287,461f43be3bdf8844e65b62d9ac2c7a5a,1
287,500870614ddcf5bd84f7d26861026c8a,1
287,53ea9da485f6aed8a6f03a85831fe021,1
287,617186c3d97ea56c9c683a8a3974e8c1,1
287,6a8631b72a2f8729b91514db87e771c0,1
287,7fb04722aba7a2b632bac8f9819796f3,2
287,87283a98b24f9f1ac3a31b631073cf47,1
287,99a4788cb24856965c36a24e339b6058,1
287,9ecadb84c81da840dbf3564378b586e9,3
287,b532349fe46b38fbc7bb3914c1bdae07,3
287,bd6e6fce9ada76ea2db0f1912e8e478f,2
287,d04857e7b4b708ee8b8b9921163edba3,1
287,d1c427060a0f73f6b889a5c7c61f2ac4,1
287,d2085f7e0f9533605386960fc7e987ec,2
287,d696750e550fd0f733979dd7e5dff921,1
287,dc52f0f5d3ec37a93eaf956cde4e5d2c,1
287,ee406bf28024d97771c4b1e8b7e8e219,1
287,f1fe595ee7ef768b41bd9b246d13432d,1
287,fe6a9515d655fa7936b8a7c841039f34,1
288,0502d1a36be75bd36b452f31c6ed264a,1
288,0aabfb375647d9738ad0f7b4ea3653b1,2
288,154e7e31ebfa092203795c972e5804a6,1
288,1ec486885049bbb9b79351d150ed18c4,1
288,22c5ddc22ea8cae84fc9917def682dc6,1
288,283dc451ad3918badb976d56ff887289,1
288,2b4609f8948be18874494203496bc318,1
288,30469bb5ea377eae7121981e2f0778e4,1
288,31639956e7fac87ecfd9d608040638bd,2
288,368c6c730842d78016ad823897a372db,1
288,41db6d8062fcd38410c699743ccc0265,1
288,422879e10f46682990de24d770e7f83d,2
288,431d674f9a4fbd0957ecf6ba3fcb6899,1
288,4413a608a42bd21bbf9d5abbd58c249a,1
288,4cac1a12a6fe9ffba4a9556dbe582e28,1
288,500870614ddcf5bd84f7d26861026c8a,2
288,53759a2ecddad2bb87a079a1f1519f73,1
288,53ea9da485f6aed8a6f03a85831fe021,1
288,617186c3d97ea56c9c683a8a3974e8c1,1
288,7fb04722aba7a2b632bac8f9819796f3,1
288,84f456958365164420cfc80fbe4c7fab,1
288,87d780fa7d2cf3710aa02dc4ca8db985,1
288,8c591ab0ca519558779df02023177f44,2
288,99a4788cb24856965c36a24e339b6058,1
288,a237de12bdf0bfe4fe220bae65a89731,1
288,a42d9c825894f96fc6ed02610891454d,1
288,b532349fe46b38fbc7bb3914c1bdae07,2
288,c075b8e131353552218860f1c421e4ef,1
288,cc971e0365873137b8bef2ebad633e6f,1
288,d1c427060a0f73f6b889a5c7c61f2ac4,1
288,d5991653e037ccb7af6ed7d94246b249,4
288,e2c3ed9aaddfd2312a6a5fe9b3ddadd3,2
288,e8316a4667e5870c85e906b1f062bde1,1
288,f39a8b27ce90ac582103bf36f09690dd,1
288,f7a17d2c51d9df89a4f1711c4ac17f33,1
288,f819f0c84a64f02d3a5606ca95edd272,1
288,fe6a9515d655fa7936b8a7c841039f34,1
289,0aabfb375647d9738ad0f7b4ea3653b1,3
289,130482add9fd75ccb6c57ba007694a2d,1
289,1600dcf1cea8c0c83702e07b577ab231,1
289,165f86fe8b799a708a20ee4ba125c289,1
289,2136c70bbe723d338fab53da3c03e6dc,1
289,2b0ee2d07306f7c9ac55a43166e9bb4b,1
289,362b773250263786dd58670d2df42c3b,1
289,389d119b48cf3043d311335e499d9c6b,2
289,3db75f31b76375c502f64d550dcd1166,1
289,42a2c92a0979a949ca4ea89ec5c7b934,1
289,431d674f9a4fbd0957ecf6ba3fcb6899,1
289,43423cdffde7fda63d0414ed38c11a73,6
289,461f43be3bdf8844e65b62d9ac2c7a5a,1
289,4cac1a12a6fe9ffba4a9556dbe582e28,1
289,53759a2ecddad2bb87a079a1f1519f73,1
289,5411e9269501a870cabf632f05655131,1
289,617186c3d97ea56c9c683a8a3974e8c1,2
289,656e0eca68dcecf6a31b8ececfabe3e8,1
289,6a8631b72a2f8729b91514db87e771c0,2
289,6cdd53843498f92890544667809f1595,1
289,75c06ee06b201f9b6301d2b5e72993f8,1
289,75d6b6963340c6063f7f4cfcccfe6a30,1
289,7b85e3deef35afd6ebed5461ee8f0641,1
289,7c1bd920dbdf22470b68bde975dd3ccf,2
289,8c292ca193d326152e335d77176746f0,1
289,8ed094bfe076c568f6bb10feada3f75d,4
289,a237de12bdf0bfe4fe220bae65a89731,2
289,b1acb7e8152c90c9619897753a75c973,1
289,b92a7304ebad1ca5b393b53b2de5c70a,1
289,bdb4be6ce2f7f2b5be0a16088028c7fc,1
289,c4baedd846ed09b85f78a781b522f126,1
289,c6336fa91fbd87c359e44f5dca5a90ed,1
289,c7fd13b5e515bffdab855d0812842edb,1
289,ccadfeab525a9eb1569983b66e5075c4,1
289,ce6f74096c84567f22728c84f3d6e7fc,1
289,d017a2151d543a9885604dc62a3d9dcc,1
289,d285360f29ac7fd97640bf0baef03de0,1
289,d5b703c271f43f9c588a6f512a00f77e,1
289,dca8cbb1c9d8a2db0fbc0c36b8d1a7bc,2
289,e2c3ed9aaddfd2312a6a5fe9b3ddadd3,1
289,fb7a100ec8c7b34f60cec22b1a9a10e0,1
289,fe6a9515d655fa7936b8a7c841039f34,1
289,fe75529a267b76ac6e96f0c322a899a4,1
290,1491a8ff192d4b5c369b0eaa2fe33ee5,1
290,165f86fe8b799a708a20ee4ba125c289,3
290,2028bf1b01cafb2d2b1901fca4083222,1
290,2136c70bbe723d338fab53da3c03e6dc,1
290,2423252b2432f1803e4f29e0974c6cf7,1
290,283dc451ad3918badb976d56ff887289,1
290,2a2d22ae30e026f1893083c8405ca522,1
290,2b4609f8948be18874494203496bc318,2
290,362b773250263786dd58670d2df42c3b,1
290,368c6c730842d78016ad823897a372db,1
290,380b4664ba5bb18cc9db78ee6bac3558,1
290,389d119b48cf3043d311335e499d9c6b,2
290,42a2c92a0979a949ca4ea89ec5c7b934,1
290,431d674f9a4fbd0957ecf6ba3fcb6899,1
290,4413a608a42bd21bbf9d5abbd58c249a,2
290,4c2394abfbac7ff59ec7a420918562fa,1
290,52c80cedd4e90108bf4fa6a206ef6b03,1
290,53759a2ecddad2bb87a079a1f1519f73,2
290,5f504b3a1c75b73d6151be81eb05bdc9,2
290,64fb265487de2238627ce43fe8a67efc,1
290,68a058d125ba1544e726898f0b8c0523,1
290,7a10781637204d8d10485c71a6108a2e,1
290,7c1bd920dbdf22470b68bde975dd3ccf,2
290,7c4a8bec217df1de0df2b5aaf8175b65,2
290,7fb04722aba7a2b632bac8f9819796f3,1
290,817e1c2d22418c36386406ccacfa53e8,1
290,880be32f4db1d9f6e2bec38fb6ac23ab,1
290,8c591ab0ca519558779df02023177f44,2
290,8ed094bfe076c568f6bb10feada3f75d,1
290,98a8c2fa16d7239c606640f5555768e4,1
290,b532349fe46b38fbc7bb3914c1bdae07,8
290,b623b7cb05ee3248fbe4a6ecbeed79a4,1
290,ca38c039b717207dec906f4fa9a21db7,1
290,d2085f7e0f9533605386960fc7e987ec,2
290,eb8c629f70275fd1c4f809116cce1efc,1
290,ec2d43cc59763ec91694573b31f1c29a,1
290,f1fe595ee7ef768b41bd9b246d13432d,1
290,f731f8587d4088c174397e010cf892a9,1
290,f819f0c84a64f02d3a5606ca95edd272,1
290,fb7a100ec8c7b34f60cec22b1a9a10e0,1
290,fe01b643060a6446e59f58e3021e66b3,1
291,06edb72f1e0c64b14c5b79353f7abea3,1
291,1491a8ff192d4b5c369b0eaa2fe33ee5,1
291,154e7e31ebfa092203795c972e5804a6,1
291,165f86fe8b799a708a20ee4ba125c289,1
291,362b773250263786dd58670d2df42c3b,1
291,422879e10f46682990de24d770e7f83d,1
291,42a2c92a0979a949ca4ea89ec5c7b934,2
291,43423cdffde7fda63d0414ed38c11a73,6
291,461f43be3bdf8844e65b62d9ac2c7a5a,2
291,595fac2a385ac33a80bd5114aec74eb8,1
291,6dde44b4172999f35f08654d06bad633,2
291,75c06ee06b201f9b6301d2b5e72993f8,1
291,764292b2b0f73f77a0272be03fdd45f3,1
291,87283a98b24f9f1ac3a31b631073cf47,1
291,880be32f4db1d9f6e2bec38fb6ac23ab,1
291,8c591ab0ca519558779df02023177f44,1
291,99a4788cb24856965c36a24e339b6058,1
291,aa8d88eb4b9cb38894e33fa624c4287f,1
291,b0961721fd839e9982420e807758a2a6,1
291,b59fb744c6f3cd1dc23b10f760848d98,1
291,b84520a57891e7a8ae2c68741dcc7146,1
291,bdb4be6ce2f7f2b5be0a16088028c7fc,2
291,c7fd13b5e515bffdab855d0812842edb,2
291,ca38c039b717207dec906f4fa9a21db7,1
291,ccadfeab525a9eb1569983b66e5075c4,1
291,d1c427060a0f73f6b889a5c7c61f2ac4,1
291,d285360f29ac7fd97640bf0baef03de0,1
291,d5991653e037ccb7af6ed7d94246b249,1
291,d6fe3b4ddecd4a8393c6a1385de3bfb6,1
291,e2e426d1332240070b0a836a854d057b,1
291,ec2d43cc59763ec91694573b31f1c29a,1
291,f71f42e2381752836563b70beb542f80,1
291,ff29d8cb1cd0cd5ea37b80dac9939e1c,1
292,017692475c1c954ff597feda05131d73,1
292,165f86fe8b799a708a20ee4ba125c289,2
292,2028bf1b01cafb2d2b1901fca4083222,1
292,2423252b2432f1803e4f29e0974c6cf7,1
292,422879e10f46682990de24d770e7f83d,1
292,4413a608a42bd21bbf9d5abbd58c249a,1
292,63de2743d05ab59d85caa49e49459ac1,1
292,68a058d125ba1544e726898f0b8c0523,1
292,6cdd53843498f92890544667809f1595,1
292,87d780fa7d2cf3710aa02dc4ca8db985,1
292,880be32f4db1d9f6e2bec38fb6ac23ab,1
292,98a8c2fa16d7239c606640f5555768e4,1
292,a5341e3f8155dbb3e62323d3ea289729,1
292,b5e13c9a353102f79c6206ff5cb61a50,1
292,b8b426747049f2d3d6e00b486d47dedb,1
292,bdb4be6ce2f7f2b5be0a16088028c7fc,1
292,c4baedd846ed09b85f78a781b522f126,2
292,dca8cbb1c9d8a2db0fbc0c36b8d1a7bc,1
292,ec2d43cc59763ec91694573b31f1c29a,1
292,ec5b3c8bb77ad22278f6e9d719a83de3,3
292,f1fe595ee7ef768b41bd9b246d13432d,1
292,f71f42e2381752836563b70beb542f80,1
292,f7a17d2c51d9df89a4f1711c4ac17f33,1
293,0bcc3eeca39e1064258aa1e932269894,1
293,130482add9fd75ccb6c57ba007694a2d,1
293,154e7e31ebfa092203795c972e5804a6,5
293,2028bf1b01cafb2d2b1901fca4083222,1
293,2136c70bbe723d338fab53da3c03e6dc,3
293,2b4609f8948be18874494203496bc318,1
293,368c6c730842d78016ad823897a372db,5
293,389d119b48cf3043d311335e499d9c6b,2
293,422879e10f46682990de24d770e7f83d,1
293,42a2c92a0979a949ca4ea89ec5c7b934,1
293,43423cdffde7fda63d0414ed38c11a73,1
293,4413a608a42bd21bbf9d5abbd58c249a,2
293,44a34214a57dc373dcd80f54c919d006,1
293,461f43be3bdf8844e65b62d9ac2c7a5a,1
293,52c80cedd4e90108bf4fa6a206ef6b03,1
293,5411e9269501a870cabf632f05655131,1
293,5b226d7c52f86ac72457617f78cff95d,2
293,64fb265487de2238627ce43fe8a67efc,1
293,7c1bd920dbdf22470b68bde975dd3ccf,1
293,7fb04722aba7a2b632bac8f9819796f3,1
293,827c4a77226a3e7ef259d61eaa775df9,3
293,8aa6223e400af9c97b07c75993142721,1
293,9ecadb84c81da840dbf3564378b586e9,3
293,b5e13c9a353102f79c6206ff5cb61a50,1
293,b92a7304ebad1ca5b393b53b2de5c70a,1
293,c73628b1c3144b2e0c9c88072f21a213,1
293,ca5c923962558430573f83661dbe36d6,1
293,ec2d43cc59763ec91694573b31f1c29a,1
293,f71f42e2381752836563b70beb542f80,1
293,f9259c9e7c0f12c70f7a81409680a5ff,1
293,fe6a9515d655fa7936b8a7c841039f34,1
293,fe75529a267b76ac6e96f0c322a899a4,1
294,0aabfb375647d9738ad0f7b4ea3653b1,2
294,11dcc970f7a5581e1bf777b6da3f7096,1
294,1600dcf1cea8c0c83702e07b577ab231,1
294,165f86fe8b799a708a20ee4ba125c289,1
294,2028bf1b01cafb2d2b1901fca4083222,1
294,2136c70bbe723d338fab53da3c03e6dc,1
294,29427de7f8a9ee983d9dbc51cec569b4,2
294,389d119b48cf3043d311335e499d9c6b,3
294,422879e10f46682990de24d770e7f83d,2
294,43423cdffde7fda63d0414ed38c11a73,1
294,4413a608a42bd21bbf9d5abbd58c249a,1
294,5328338cfaa16ba10561cd970c73ca11,1
294,656e0eca68dcecf6a31b8ececfabe3e8,1
294,6c3effec7c8ddba466d4f03f982c7aa3,1
294,764292b2b0f73f77a0272be03fdd45f3,1
294,86c43103446290e7efacad3701cd654d,1
294,99a4788cb24856965c36a24e339b6058,1
294,9d8a0e115e802d845b4ce1eb794d1260,1
294,a02d0123079f4ae96001ba2010d1a2df,1
294,a237de12bdf0bfe4fe220bae65a89731,1
294,b99e4f4fa3f421e0ffbd512d9f152dec,1
294,be0dbdc3d67d55727a65d4cd696ca73c,1
294,c4baedd846ed09b85f78a781b522f126,1
294,cd48f265a63e13b762601f5f794c5fca,1
294,ce6f74096c84567f22728c84f3d6e7fc,1
294,d5991653e037ccb7af6ed7d94246b249,2
294,d5b703c271f43f9c588a6f512a00f77e,1
294,d696750e550fd0f733979dd7e5dff921,1
294,dd6a505f83dd3c6326aa9856519e0978,1
294,e2e426d1332240070b0a836a854d057b,1
294,e5ae72c62ebfa708624f5029d609b160,1
294,ed2067a9c1f79553088a3c67b99a9f97,1
294,f39a8b27ce90ac582103bf36f09690dd,1
294,fe6a9515d655fa7936b8a7c841039f34,1
295,07c055536ebf10dfbb6c6db6dbfc36e5,2
295,0aabfb375647d9738ad0f7b4ea3653b1,2
295,154e7e31ebfa092203795c972e5804a6,2
295,165f86fe8b799a708a20ee4ba125c289,2
295,22c5ddc22ea8cae84fc9917def682dc6,2
295,23bcd6822a33df5534f9b290216eec1f,1
295,2a2d22ae30e026f1893083c8405ca522,1
295,2b0ee2d07306f7c9ac55a43166e9bb4b,1
295,35afc973633aaeb6b877ff57b2793310,1
295,363218ba55c610b750224f90bdd34be1,1
295,368c6c730842d78016ad823897a372db,4
295,36c2fb4fa746273709c373f6d6ec6796,1
295,36f60d45225e60c7da4558b070ce4b60,1
295,380b4664ba5bb18cc9db78ee6bac3558,1
295,431d674f9a4fbd0957ecf6ba3fcb6899,2
295,474bb6b54fc608ca71059a6c4f7ecda3,3
295,4cac1a12a6fe9ffba4a9556dbe582e28,1
295,53759a2ecddad2bb87a079a1f1519f73,1
295,617186c3d97ea56c9c683a8a3974e8c1,1
295,656e0eca68dcecf6a31b8ececfabe3e8,1
295,6c3effec7c8ddba466d4f03f982c7aa3,1
295,7b85e3deef35afd6ebed5461ee8f0641,1
295,7c1bd920dbdf22470b68bde975dd3ccf,1
295,8c591ab0ca519558779df02023177f44,3
295,8ed094bfe076c568f6bb10feada3f75d,2
295,99a4788cb24856965c36a24e339b6058,1
295,9d8a0e115e802d845b4ce1eb794d1260,1
295,a50acd33ba7a8da8e9db65094fa990a4,1
295,a59fb60fddcc72a9878b7ed5cb69d8e4,1
295,aba86c093ccdbac75b09111d57e50004,5
295,aca2eb7d00ea1a7b8ebd4e68314663af,3
295,b0961721fd839e9982420e807758a2a6,1
295,b59fb744c6f3cd1dc23b10f760848d98,1
295,b99e4f4fa3f421e0ffbd512d9f152dec,1
295,c4baedd846ed09b85f78a781b522f126,3
295,c6336fa91fbd87c359e44f5dca5a90ed,3
295,d04857e7b4b708ee8b8b9921163edba3,1
295,d285360f29ac7fd97640bf0baef03de0,1
295,e2bb00220a167d9e60b6776ac33717bc,1
295,ec2d43cc59763ec91694573b31f1c29a,1
295,f35927953ed82e19d06ad3aac2f06353,1
295,fb55982be901439613a95940feefd9ee,1
295,fb7a100ec8c7b34f60cec22b1a9a10e0,1
295,fe01b643060a6446e59f58e3021e66b3,2
295,ff29d8cb1cd0cd5ea37b80dac9939e1c,1
296,08574b074924071f4e201e151b152b4e,2
296,165f86fe8b799a708a20ee4ba125c289,1
296,223d34a3d9334039f5ff9511dc044bbb,1
296,35afc973633aaeb6b877ff57b2793310,1
296,368c6c730842d78016ad823897a372db,1
296,386486367c1f9d4f587a8864ccb6902b,2
296,422879e10f46682990de24d770e7f83d,1
296,4413a608a42bd21bbf9d5abbd58c249a,1
296,53759a2ecddad2bb87a079a1f1519f73,1
296,5f504b3a1c75b73d6151be81eb05bdc9,1
296,72172e982e8b92155069e4201c92c0bb,1
296,7a10781637204d8d10485c71a6108a2e,1
296,99a4788cb24856965c36a24e339b6058,5
296,9d8a0e115e802d845b4ce1eb794d1260,1
296,a50acd33ba7a8da8e9db65094fa990a4,1
296,a8fe47ad6f852f93cc92c7b408687de3,1
296,bb50f2e236e5eea0100680137654686c,1
296,c2ece64199af7a53793ed9612a89a8cd,1
296,c3ba4e8d3cb30049213b682e751e9d00,1
296,d1c427060a0f73f6b889a5c7c61f2ac4,2
296,d285360f29ac7fd97640bf0baef03de0,1
296,d5991653e037ccb7af6ed7d94246b249,6
296,e282624d8c82e04983f125e167eb4521,1
296,ea44caac707f7f1325182a538007f838,1
296,ec2d43cc59763ec91694573b31f1c29a,2
297,0aabfb375647d9738ad0f7b4ea3653b1,1
297,10717ff440b2320081989126e858b220,1
297,165f86fe8b799a708a20ee4ba125c289,1
297,167b4b8c4bd0c401bea62f5e050d70a4,1
297,2028bf1b01cafb2d2b1901fca4083222,2
297,29427de7f8a9ee983d9dbc51cec569b4,1
297,2b4609f8948be18874494203496bc318,1
297,35afc973633aaeb6b877ff57b2793310,1
297,362b773250263786dd58670d2df42c3b,2
297,41db6d8062fcd38410c699743ccc0265,1
297,422879e10f46682990de24d770e7f83d,4
297,42a2c92a0979a949ca4ea89ec5c7b934,3
297,4cac1a12a6fe9ffba4a9556dbe582e28,1
297,53759a2ecddad2bb87a079a1f1519f73,2
297,5f504b3a1c75b73d6151be81eb05bdc9,1
297,64fb265487de2238627ce43fe8a67efc,1
297,6c3effec7c8ddba466d4f03f982c7aa3,2
297,6dde44b4172999f35f08654d06bad633,2
297,817e1c2d22418c36386406ccacfa53e8,1
297,827c4a77226a3e7ef259d61eaa775df9,1
297,8d1cfc0463b545928bfb4e589e017bd4,1
297,99a4788cb24856965c36a24e339b6058,2
297,a50acd33ba7a8da8e9db65094fa990a4,1
297,d285360f29ac7fd97640bf0baef03de0,1
297,dc52f0f5d3ec37a93eaf956cde4e5d2c,1
297,eb8c629f70275fd1c4f809116cce1efc,2
297,ec2d43cc59763ec91694573b31f1c29a,1
298,0bcc3eeca39e1064258aa1e932269894,2
298,154e7e31ebfa092203795c972e5804a6,2
298,165f86fe8b799a708a20ee4ba125c289,1
298,167b4b8c4bd0c401bea62f5e050d70a4,2
298,2136c70bbe723d338fab53da3c03e6dc,2
298,223d34a3d9334039f5ff9511dc044bbb,1
298,35afc973633aaeb6b877ff57b2793310,3
298,368c6c730842d78016ad823897a372db,2
298,386486367c1f9d4f587a8864ccb6902b,1
298,3b60d513e90300a4e9833e5cda1f1d61,1
298,3db75f31b76375c502f64d550dcd1166,1
298,42a2c92a0979a949ca4ea89ec5c7b934,1
298,461f43be3bdf8844e65b62d9ac2c7a5a,1
298,5f504b3a1c75b73d6151be81eb05bdc9,1
298,617186c3d97ea56c9c683a8a3974e8c1,1
298,68bf2e76db1d8e846042e54da87399ca,1
298,6c3effec7c8ddba466d4f03f982c7aa3,1
298,75d6b6963340c6063f7f4cfcccfe6a30,1
298,764292b2b0f73f77a0272be03fdd45f3,1
298,7c4a8bec217df1de0df2b5aaf8175b65,1
298,7fb04722aba7a2b632bac8f9819796f3,1
298,83b00325c13c44245b2c3a2befa62a0e,1
298,84f456958365164420cfc80fbe4c7fab,1
298,99a4788cb24856965c36a24e339b6058,1
298,a50acd33ba7a8da8e9db65094fa990a4,2
298,a92930c327948861c015c919a0bcb4a8,1
298,b623b7cb05ee3248fbe4a6ecbeed79a4,2
298,c3ba4e8d3cb30049213b682e751e9d00,1
298,c5b72065154ec27c2d1ed8a654c3348f,1
298,c7fd13b5e515bffdab855d0812842edb,1
298,d017a2151d543a9885604dc62a3d9dcc,1
298,d1c427060a0f73f6b889a5c7c61f2ac4,1
298,dfb97c88e066dc22165f31648efe1312,1
298,ec2d43cc59763ec91694573b31f1c29a,2
298,ecbe1ef7e2903ff8b1d704ba78fa264d,2
298,f40876e0ef3cd5f9132b1f16b04b1346,1
298,f6fa93875f4a7dac03e0a22143f4d815,1
298,f71973c922ccaab05514a36a8bc741b8,1
298,f819f0c84a64f02d3a5606ca95edd272,1
298,fb7a100ec8c7b34f60cec22b1a9a10e0,1
298,fe01b643060a6446e59f58e3021e66b3,2
298,fe75529a267b76ac6e96f0c322a899a4,1
299,06f0e85c7892d5df893f332706340af1,1
299,07c055536ebf10dfbb6c6db6dbfc36e5,2
299,165f86fe8b799a708a20ee4ba125c289,2
299,167b4b8c4bd0c401bea62f5e050d70a4,1
299,2028bf1b01cafb2d2b1901fca4083222,1
299,25f86162fee18735fffdb762dcb10d7c,1
299,283dc451ad3918badb976d56ff887289,1
299,2b0ee2d07306f7c9ac55a43166e9bb4b,1
299,368c6c730842d78016ad823897a372db,2
299,389d119b48cf3043d311335e499d9c6b,2
299,3db75f31b76375c502f64d550dcd1166,1
299,422879e10f46682990de24d770e7f83d,2
299,42a2c92a0979a949ca4ea89ec5c7b934,3
299,4413a608a42bd21bbf9d5abbd58c249a,2
299,461f43be3bdf8844e65b62d9ac2c7a5a,1
299,4c2394abfbac7ff59ec7a420918562fa,1
299,53759a2ecddad2bb87a079a1f1519f73,2
299,595fac2a385ac33a80bd5114aec74eb8,1
299,5d66715cc928aadd0074f61332698593,1
299,6dde44b4172999f35f08654d06bad633,8
299,764292b2b0f73f77a0272be03fdd45f3,1
299,7b85e3deef35afd6ebed5461ee8f0641,1
299,7fb04722aba7a2b632bac8f9819796f3,2
299,83b00325c13c44245b2c3a2befa62a0e,1
299,86c43103446290e7efacad3701cd654d,1
299,99a4788cb24856965c36a24e339b6058,1
299,9bb8ca338e5588c361e34eae02e8fad6,1
299,b623b7cb05ee3248fbe4a6ecbeed79a4,1
299,bdb4be6ce2f7f2b5be0a16088028c7fc,2
299,dd6a505f83dd3c6326aa9856519e0978,1
299,ec2d43cc59763ec91694573b31f1c29a,1
299,f819f0c84a64f02d3a5606ca95edd272,1
299,fe6a9515d655fa7936b8a7c841039f34,1
300,08574b074924071f4e201e151b152b4e,1
300,0aabfb375647d9738ad0f7b4ea3653b1,2
300,154e7e31ebfa092203795c972e5804a6,2
300,165f86fe8b799a708a20ee4ba125c289,1
300,16ed6a6e3fce23b741650437fe58d65b,1
300,24c66f106f642621e524291a895c9032,1
300,2a2d22ae30e026f1893083c8405ca522,1
300,362b773250263786dd58670d2df42c3b,1
300,368c6c730842d78016ad823897a372db,3
300,380b4664ba5bb18cc9db78ee6bac3558,1
300,386486367c1f9d4f587a8864ccb6902b,2
300,389d119b48cf3043d311335e499d9c6b,4
300,4413a608a42bd21bbf9d5abbd58c249a,2
300,473795a355d29305c3ea6b156833adf5,1
300,53759a2ecddad2bb87a079a1f1519f73,2
300,57e089e3103f5cda6a4ce23b77399bdb,1
300,7b85e3deef35afd6ebed5461ee8f0641,1
300,87d780fa7d2cf3710aa02dc4ca8db985,1
300,9545d45c37449ccbc376de3a04c66e71,1
300,9bb8ca338e5588c361e34eae02e8fad6,1
300,a02d0123079f4ae96001ba2010d1a2df,1
300,a237de12bdf0bfe4fe220bae65a89731,1
300,ace5d86cf1ac63cdb76f49e5cd23d2f8,1
300,bd6e6fce9ada76ea2db0f1912e8e478f,1
300,bdb4be6ce2f7f2b5be0a16088028c7fc,1
300,c403e106353e1aa40efe783ecb39ed7a,1
300,c4baedd846ed09b85f78a781b522f126,1
300,c92f0e7b9d49a9543558d6532772441b,1
300,d5991653e037ccb7af6ed7d94246b249,1
300,e0cf79767c5b016251fe139915c59a26,1
300,e94df75b2e9a8b056be0c144a731f55c,1
300,ec2d43cc59763ec91694573b31f1c29a,1
300,f40876e0ef3cd5f9132b1f16b04b1346,1
300,f819f0c84a64f02d3a5606ca95edd272,1
300,f908d3bf313a1308bfb2a46ea2685347,1
300,f9259c9e7c0f12c70f7a81409680a5ff,1
300,fe6a9515d655fa7936b8a7c841039f34,2
301,08574b074924071f4e201e151b152b4e,1
301,165f86fe8b799a708a20ee4ba125c289,1
301,2136c70bbe723d338fab53da3c03e6dc,1
301,35ebf08a93899d44e756809e11b14754,1
301,368c6c730842d78016ad823897a372db,2
301,422879e10f46682990de24d770e7f83d,2
301,4520766ec412348b8d4caa5e8a18c464,1
301,461f43be3bdf8844e65b62d9ac2c7a5a,3
301,4fcb3d9a5f4871e8362dfedbdb02b064,1
301,50fd2b788dc166edd20512370dac54df,1
301,52c80cedd4e90108bf4fa6a206ef6b03,1
301,595fac2a385ac33a80bd5114aec74eb8,1
301,5b226d7c52f86ac72457617f78cff95d,1
301,5f504b3a1c75b73d6151be81eb05bdc9,1
301,64fb265487de2238627ce43fe8a67efc,2
301,68a058d125ba1544e726898f0b8c0523,1
301,6dde44b4172999f35f08654d06bad633,3
301,777d2e438a1b645f3aec9bd57e92672c,2
301,7a10781637204d8d10485c71a6108a2e,1
301,82e4ad16521ca131d95e198d507db370,1
301,880be32f4db1d9f6e2bec38fb6ac23ab,1
301,8983a3b149303c013fceabef902e835a,1
301,8aa6223e400af9c97b07c75993142721,1
301,9545d45c37449ccbc376de3a04c66e71,1
301,99f265229d46f700208ad7cb1ff48aae,1
301,a8fe47ad6f852f93cc92c7b408687de3,1
301,b532349fe46b38fbc7bb3914c1bdae07,6
301,b5e13c9a353102f79c6206ff5cb61a50,1
301,b92a7304ebad1ca5b393b53b2de5c70a,1
301,bd6e6fce9ada76ea2db0f1912e8e478f,1
301,c075b8e131353552218860f1c421e4ef,1
301,c72edc98e7d77f0c4c04ec80730c05f5,1
301,d1c427060a0f73f6b889a5c7c61f2ac4,1
301,d5991653e037ccb7af6ed7d94246b249,1
301,dfb97c88e066dc22165f31648efe1312,1
301,ea44caac707f7f1325182a538007f838,1
301,ec2d43cc59763ec91694573b31f1c29a,2
301,f1fe595ee7ef768b41bd9b246d13432d,1
301,f731f8587d4088c174397e010cf892a9,1
301,fe01b643060a6446e59f58e3021e66b3,1
302,017692475c1c954ff597feda05131d73,1
302,060cb19345d90064d1015407193c233d,1
302,08574b074924071f4e201e151b152b4e,4
302,0aabfb375647d9738ad0f7b4ea3653b1,1
302,154e7e31ebfa092203795c972e5804a6,1
302,165f86fe8b799a708a20ee4ba125c289,1
302,186fe07c8b8005ec6a498587ffbc1352,1
302,2136c70bbe723d338fab53da3c03e6dc,2
302,2a2d22ae30e026f1893083c8405ca522,2
302,2a5806f10d0f00e5ad032dd2e3c8806e,1
302,2b4609f8948be18874494203496bc318,1
302,368c6c730842d78016ad823897a372db,1
302,389d119b48cf3043d311335e499d9c6b,2
302,422879e10f46682990de24d770e7f83d,1
302,4413a608a42bd21bbf9d5abbd58c249a,1
302,461f43be3bdf8844e65b62d9ac2c7a5a,2
302,4c2394abfbac7ff59ec7a420918562fa,1
302,52c80cedd4e90108bf4fa6a206ef6b03,2
302,53759a2ecddad2bb87a079a1f1519f73,2
302,5b226d7c52f86ac72457617f78cff95d,1
302,5f504b3a1c75b73d6151be81eb05bdc9,1
302,6cc44821f36f3156c782da72dd634e47,3
302,6dde44b4172999f35f08654d06bad633,1
302,72172e982e8b92155069e4201c92c0bb,1
302,75c06ee06b201f9b6301d2b5e72993f8,1
302,777d2e438a1b645f3aec9bd57e92672c,1
302,7b85e3deef35afd6ebed5461ee8f0641,1
302,7c1bd920dbdf22470b68bde975dd3ccf,1
302,83b00325c13c44245b2c3a2befa62a0e,1
302,86c43103446290e7efacad3701cd654d,1
302,97017430754804328eb9597b7f85da03,1
302,99a4788cb24856965c36a24e339b6058,2
302,9ecadb84c81da840dbf3564378b586e9,1
302,a8fe47ad6f852f93cc92c7b408687de3,1
302,a9516a079e37a9c9c36b9b78b10169e8,1
302,ace5d86cf1ac63cdb76f49e5cd23d2f8,1
302,bb50f2e236e5eea0100680137654686c,1
302,bdb4be6ce2f7f2b5be0a16088028c7fc,2
302,d017a2151d543a9885604dc62a3d9dcc,1
302,d2f5484cbffe4ca766301b21ab9246dd,1
302,dc52f0f5d3ec37a93eaf956cde4e5d2c,1
302,eb8c629f70275fd1c4f809116cce1efc,1
302,ec2d43cc59763ec91694573b31f1c29a,1
302,ed2067a9c1f79553088a3c67b99a9f97,1
302,ee406bf28024d97771c4b1e8b7e8e219,1
302,f40876e0ef3cd5f9132b1f16b04b1346,1
302,f71f42e2381752836563b70beb542f80,1
302,f819f0c84a64f02d3a5606ca95edd272,1
302,fe6a9515d655fa7936b8a7c841039f34,1
302,fe9dfbe7f974621789683b7b78be2a16,1
303,036734b5a58d5d4f46b0616ddc047ced,1
303,06f0e85c7892d5df893f332706340af1,1
303,07c055536ebf10dfbb6c6db6dbfc36e5,2
303,154e7e31ebfa092203795c972e5804a6,1
303,165f86fe8b799a708a20ee4ba125c289,1
303,167b4b8c4bd0c401bea62f5e050d70a4,1
303,2136c70bbe723d338fab53da3c03e6dc,1
303,24c66f106f642621e524291a895c9032,1
303,283dc451ad3918badb976d56ff887289,1
303,29427de7f8a9ee983d9dbc51cec569b4,1
303,35afc973633aaeb6b877ff57b2793310,2
303,368c6c730842d78016ad823897a372db,2
303,386486367c1f9d4f587a8864ccb6902b,1
303,389d119b48cf3043d311335e499d9c6b,1
303,42a2c92a0979a949ca4ea89ec5c7b934,1
303,431d674f9a4fbd0957ecf6ba3fcb6899,2
303,4413a608a42bd21bbf9d5abbd58c249a,1
303,44d097d59e8430f88a67517cd0c4f865,1
303,53ea9da485f6aed8a6f03a85831fe021,1
303,542b3d80712d51eefe3a3cd1c5f4e8fe,1
303,553e0e7590d3116a072507a3635d2877,1
303,64fb265487de2238627ce43fe8a67efc,1
303,657247f6f60543b93e3cc708a8e6329c,1
303,6a23ae3187f1dac41b7210a8c7739d6b,3
303,7c1bd920dbdf22470b68bde975dd3ccf,1
303,7ce94ab189134e2d3c05f496d635419c,1
303,7f064525eaaa1ce9d22c085f7ff5413a,1
303,87283a98b24f9f1ac3a31b631073cf47,1
303,9545d45c37449ccbc376de3a04c66e71,1
303,99f265229d46f700208ad7cb1ff48aae,2
303,a02d0123079f4ae96001ba2010d1a2df,1
303,a5f6ba3fe91a2e73f10b612131cb2404,1
303,b0961721fd839e9982420e807758a2a6,2
303,b532349fe46b38fbc7bb3914c1bdae07,1
303,c2ece64199af7a53793ed9612a89a8cd,1
303,d04857e7b4b708ee8b8b9921163edba3,1
303,e2e426d1332240070b0a836a854d057b,1
303,ea44caac707f7f1325182a538007f838,1
303,ec2d43cc59763ec91694573b31f1c29a,4
303,f2e53dd1670f3c376518263b3f71424d,5
303,f39a8b27ce90ac582103bf36f09690dd,1
303,f646af315b0f3a597f69213537ca2199,1
303,f71973c922ccaab05514a36a8bc741b8,1
303,f9259c9e7c0f12c70f7a81409680a5ff,1
303,fb7a100ec8c7b34f60cec22b1a9a10e0,3
303,fe6a9515d655fa7936b8a7c841039f34,1
304,11fd9d7ba552e1d28872e008acf1e050,1
304,154e7e31ebfa092203795c972e5804a6,1
304,165f86fe8b799a708a20ee4ba125c289,1
304,22c5ddc22ea8cae84fc9917def682dc6,1
304,25f86162fee18735fffdb762dcb10d7c,1
304,2b0ee2d07306f7c9ac55a43166e9bb4b,1
304,368c6c730842d78016ad823897a372db,1
304,389d119b48cf3043d311335e499d9c6b,8
304,422879e10f46682990de24d770e7f83d,1
304,42a2c92a0979a949ca4ea89ec5c7b934,1
304,4914f8796af2ecd359fd8f44b9b92339,1
304,4aa6014eceb682077f9dc4bffebc05b0,1
304,4cac1a12a6fe9ffba4a9556dbe582e28,1
304,53759a2ecddad2bb87a079a1f1519f73,1
304,5411e9269501a870cabf632f05655131,2
304,542b3d80712d51eefe3a3cd1c5f4e8fe,1
304,57e089e3103f5cda6a4ce23b77399bdb,1
304,629e019a6f298a83aeecc7877964f935,1
304,656e0eca68dcecf6a31b8ececfabe3e8,1
304,6c3effec7c8ddba466d4f03f982c7aa3,1
304,6cdd53843498f92890544667809f1595,1
304,75c06ee06b201f9b6301d2b5e72993f8,1
304,7b85e3deef35afd6ebed5461ee8f0641,1
304,7c1bd920dbdf22470b68bde975dd3ccf,1
304,8c591ab0ca519558779df02023177f44,3
304,99a4788cb24856965c36a24e339b6058,1
304,9ecadb84c81da840dbf3564378b586e9,2
304,a50acd33ba7a8da8e9db65094fa990a4,2
304,a9516a079e37a9c9c36b9b78b10169e8,2
304,af51d485dc5255ba2e18b21b550156e6,1
304,b5e13c9a353102f79c6206ff5cb61a50,1
304,bb50f2e236e5eea0100680137654686c,1
304,c2ece64199af7a53793ed9612a89a8cd,1
304,d017a2151d543a9885604dc62a3d9dcc,2
304,d1c427060a0f73f6b889a5c7c61f2ac4,1
304,d5b703c271f43f9c588a6f512a00f77e,1
304,e2e426d1332240070b0a836a854d057b,1
304,f40876e0ef3cd5f9132b1f16b04b1346,1
305,154e7e31ebfa092203795c972e5804a6,1
305,165f86fe8b799a708a20ee4ba125c289,3
305,22c5ddc22ea8cae84fc9917def682dc6,1
305,2ffdf10e724b958c0f7ea69e97d32f64,2
305,389d119b48cf3043d311335e499d9c6b,1
305,422879e10f46682990de24d770e7f83d,2
305,4cac1a12a6fe9ffba4a9556dbe582e28,1
305,500870614ddcf5bd84f7d26861026c8a,1
305,52c80cedd4e90108bf4fa6a206ef6b03,1
305,53759a2ecddad2bb87a079a1f1519f73,1
305,53b36df67ebb7c41585e8d54d6772e08,2
305,5411e9269501a870cabf632f05655131,1
305,601a360bd2a916ecef0e88de72a6531a,1
305,656e0eca68dcecf6a31b8ececfabe3e8,1
305,6c3effec7c8ddba466d4f03f982c7aa3,1
305,764292b2b0f73f77a0272be03fdd45f3,1
305,7c4a8bec217df1de0df2b5aaf8175b65,1
305,9d8a0e115e802d845b4ce1eb794d1260,1
305,a5f6ba3fe91a2e73f10b612131cb2404,1
305,aca2eb7d00ea1a7b8ebd4e68314663af,4
305,ace5d86cf1ac63cdb76f49e5cd23d2f8,3
305,afeeea6271148ee1bb15173b8187c431,2
305,b532349fe46b38fbc7bb3914c1bdae07,1
305,b5e13c9a353102f79c6206ff5cb61a50,1
305,c4baedd846ed09b85f78a781b522f126,2
305,cc5447118c174dcc6456c84ccb29e6f7,1
305,d017a2151d543a9885604dc62a3d9dcc,1
305,d5991653e037ccb7af6ed7d94246b249,1
305,dca8cbb1c9d8a2db0fbc0c36b8d1a7bc,1
305,dfb97c88e066dc22165f31648efe1312,1
305,e2e426d1332240070b0a836a854d057b,1
305,e4d325bd1eea550509bdbbc5c3301fc1,1
305,f1fe595ee7ef768b41bd9b246d13432d,1
306,08574b074924071f4e201e151b152b4e,1
306,165f86fe8b799a708a20ee4ba125c289,4
306,1a080577618e7fe4d9ddd8fb2b47a964,1
306,23bcd6822a33df5534f9b290216eec1f,1
306,2b4609f8948be18874494203496bc318,2
306,2ffdf10e724b958c0f7ea69e97d32f64,1
306,368c6c730842d78016ad823897a372db,2
306,422879e10f46682990de24d770e7f83d,1
306,42a2c92a0979a949ca4ea89ec5c7b934,4
306,4ac50dbde931c0a5ed8c33d3dc047351,1
306,53759a2ecddad2bb87a079a1f1519f73,1
306,53ea9da485f6aed8a6f03a85831fe021,1
306,5d66715cc928aadd0074f61332698593,1
306,7d854ab97c64ef9df2bbfaf332765786,1
306,8317b177579dd27ff068b83205e2169b,2
306,84f456958365164420cfc80fbe4c7fab,1
306,99a4788cb24856965c36a24e339b6058,1
306,9ecadb84c81da840dbf3564378b586e9,3
306,a50acd33ba7a8da8e9db65094fa990a4,1
306,a92930c327948861c015c919a0bcb4a8,1
306,aca2eb7d00ea1a7b8ebd4e68314663af,1
306,ace5d86cf1ac63cdb76f49e5cd23d2f8,1
306,b532349fe46b38fbc7bb3914c1bdae07,2
306,b5e13c9a353102f79c6206ff5cb61a50,1
306,bb42f37fc3d9130e4a4339d24a47dd7c,1
306,bee2e070c39f3dd2f6883a17a5f0da45,2
306,c5b72065154ec27c2d1ed8a654c3348f,2
306,d3c044bd42d84a79e3b0c42662806a48,2
306,e03102efbc2229024c89be731f0aedcb,1
306,ec2d43cc59763ec91694573b31f1c29a,1
306,ec5b3c8bb77ad22278f6e9d719a83de3,1
306,ee0c1cf2fbeae95205b4aa506f1469f0,1
306,f4d705aa95ccca448e5b0deb6e5290ba,1
306,f71f42e2381752836563b70beb542f80,1
306,f819f0c84a64f02d3a5606ca95edd272,1
306,f9259c9e7c0f12c70f7a81409680a5ff,2
306,fb55982be901439613a95940feefd9ee,1
307,017692475c1c954ff597feda05131d73,1
307,036734b5a58d5d4f46b0616ddc047ced,1
307,165f86fe8b799a708a20ee4ba125c289,1
307,2b4609f8948be18874494203496bc318,1
307,2ffdf10e724b958c0f7ea69e97d32f64,1
307,380b4664ba5bb18cc9db78ee6bac3558,2
307,389d119b48cf3043d311335e499d9c6b,1
307,42a2c92a0979a949ca4ea89ec5c7b934,2
307,461f43be3bdf8844e65b62d9ac2c7a5a,1
307,474bb6b54fc608ca71059a6c4f7ecda3,1
307,4914f8796af2ecd359fd8f44b9b92339,1
307,4aa6014eceb682077f9dc4bffebc05b0,1
307,4ac50dbde931c0a5ed8c33d3dc047351,1
307,53b36df67ebb7c41585e8d54d6772e08,1
307,5411e9269501a870cabf632f05655131,1
307,5b3b5f9ae84ca9ead3138b199420cc94,1
307,5d66715cc928aadd0074f61332698593,1
307,64fb265487de2238627ce43fe8a67efc,1
307,75d6b6963340c6063f7f4cfcccfe6a30,1
307,764292b2b0f73f77a0272be03fdd45f3,1
307,7c1bd920dbdf22470b68bde975dd3ccf,1
307,7f064525eaaa1ce9d22c085f7ff5413a,1
307,8844bd4b8ca8f93603694ca2bceb77e9,1
307,88dd63919fc9ab693803578a04a20209,1
307,9ecadb84c81da840dbf3564378b586e9,1
307,a50acd33ba7a8da8e9db65094fa990a4,1
307,a62e25e09e05e6faf31d90c6ec1aa3d1,1
307,aca2eb7d00ea1a7b8ebd4e68314663af,3
307,b59fb744c6f3cd1dc23b10f760848d98,3
307,b5e13c9a353102f79c6206ff5cb61a50,1
307,d285360f29ac7fd97640bf0baef03de0,2
307,db5efde3ad0cc579b130d71c4b2db522,1
307,dc52f0f5d3ec37a93eaf956cde4e5d2c,1
307,e0cf79767c5b016251fe139915c59a26,1
307,ed2067a9c1f79553088a3c67b99a9f97,1
307,f4d705aa95ccca448e5b0deb6e5290ba,1
307,f7a17d2c51d9df89a4f1711c4ac17f33,1
307,f9259c9e7c0f12c70f7a81409680a5ff,1
308,08574b074924071f4e201e151b152b4e,2
308,165f86fe8b799a708a20ee4ba125c289,1
308,167b4b8c4bd0c401bea62f5e050d70a4,2
308,23bcd6822a33df5534f9b290216eec1f,1
308,25f86162fee18735fffdb762dcb10d7c,1
308,2b4609f8948be18874494203496bc318,1
308,2ffdf10e724b958c0f7ea69e97d32f64,1
308,422879e10f46682990de24d770e7f83d,2
308,42a2c92a0979a949ca4ea89ec5c7b934,4
308,461f43be3bdf8844e65b62d9ac2c7a5a,2
308,474bb6b54fc608ca71059a6c4f7ecda3,3
308,4cac1a12a6fe9ffba4a9556dbe582e28,2
308,53759a2ecddad2bb87a079a1f1519f73,1
308,5411e9269501a870cabf632f05655131,2
308,542b3d80712d51eefe3a3cd1c5f4e8fe,2
308,5a848e4ab52fd5445cdc07aab1c40e48,1
308,5b226d7c52f86ac72457617f78cff95d,1
308,5d66715cc928aadd0074f61332698593,1
308,601a360bd2a916ecef0e88de72a6531a,1
308,82e4ad16521ca131d95e198d507db370,1
308,b5e13c9a353102f79c6206ff5cb61a50,1
308,b99e4f4fa3f421e0ffbd512d9f152dec,1
308,c4baedd846ed09b85f78a781b522f126,1
308,ca38c039b717207dec906f4fa9a21db7,1
308,ccadfeab525a9eb1569983b66e5075c4,1
308,d3c044bd42d84a79e3b0c42662806a48,2
308,d5991653e037ccb7af6ed7d94246b249,1
308,d5b703c271f43f9c588a6f512a00f77e,1
308,e8316a4667e5870c85e906b1f062bde1,2
308,ec2d43cc59763ec91694573b31f1c29a,3
308,ee406bf28024d97771c4b1e8b7e8e219,1
308,f4d705aa95ccca448e5b0deb6e5290ba,1
308,fe01b643060a6446e59f58e3021e66b3,1
309,130482add9fd75ccb6c57ba007694a2d,1
309,154e7e31ebfa092203795c972e5804a6,1
309,23bcd6822a33df5534f9b290216eec1f,1
309,389d119b48cf3043d311335e499d9c6b,1
309,42a2c92a0979a949ca4ea89ec5c7b934,2
309,461f43be3bdf8844e65b62d9ac2c7a5a,1
309,5328338cfaa16ba10561cd970c73ca11,1
309,601a360bd2a916ecef0e88de72a6531a,1
309,64fb265487de2238627ce43fe8a67efc,1
309,657247f6f60543b93e3cc708a8e6329c,1
309,72172e982e8b92155069e4201c92c0bb,1
309,764292b2b0f73f77a0272be03fdd45f3,3
309,8317b177579dd27ff068b83205e2169b,1
309,83b00325c13c44245b2c3a2befa62a0e,1
309,8c591ab0ca519558779df02023177f44,1
309,9545d45c37449ccbc376de3a04c66e71,2
309,9ad75bd7267e5c724cb42c71ac56ca72,1
309,9bb8ca338e5588c361e34eae02e8fad6,1
309,aca2eb7d00ea1a7b8ebd4e68314663af,1
309,b114bf337c0626166abe574eee9e3f32,1
309,b532349fe46b38fbc7bb3914c1bdae07,3
309,b84520a57891e7a8ae2c68741dcc7146,1
309,bb50f2e236e5eea0100680137654686c,1
309,bd6e6fce9ada76ea2db0f1912e8e478f,1
309,bdb4be6ce2f7f2b5be0a16088028c7fc,1
309,c2ece64199af7a53793ed9612a89a8cd,1
309,c403e106353e1aa40efe783ecb39ed7a,1
309,ca38c039b717207dec906f4fa9a21db7,1
309,db5efde3ad0cc579b130d71c4b2db522,1
309,dc52f0f5d3ec37a93eaf956cde4e5d2c,1
309,ec2d43cc59763ec91694573b31f1c29a,2
309,f39a8b27ce90ac582103bf36f09690dd,1
309,f4d705aa95ccca448e5b0deb6e5290ba,1
309,f71f42e2381752836563b70beb542f80,2
309,fb55982be901439613a95940feefd9ee,1
310,08574b074924071f4e201e151b152b4e,1
310,154e7e31ebfa092203795c972e5804a6,1
310,1dec4c88c685d5a07bf01dcb0f8bf9f8,1
310,2028bf1b01cafb2d2b1901fca4083222,1
310,2136c70bbe723d338fab53da3c03e6dc,1
310,35afc973633aaeb6b877ff57b2793310,2
310,389d119b48cf3043d311335e499d9c6b,5
310,3db75f31b76375c502f64d550dcd1166,1
310,422879e10f46682990de24d770e7f83d,2
310,42a2c92a0979a949ca4ea89ec5c7b934,2
310,53759a2ecddad2bb87a079a1f1519f73,1
310,5403528d987ad26e8d7cb25940411987,1
310,5411e9269501a870cabf632f05655131,1
310,542b3d80712d51eefe3a3cd1c5f4e8fe,1
310,595fac2a385ac33a80bd5114aec74eb8,1
310,65266b2da20d04dbe00c5c2d3bb7859e,1
310,6a2909ac21d16b721e4795e7e8ff3e68,1
310,6c3effec7c8ddba466d4f03f982c7aa3,1
310,6cdd53843498f92890544667809f1595,1
310,7a10781637204d8d10485c71a6108a2e,1
310,7c1bd920dbdf22470b68bde975dd3ccf,1
310,84f456958365164420cfc80fbe4c7fab,1
310,8c591ab0ca519558779df02023177f44,1
310,9545d45c37449ccbc376de3a04c66e71,1
310,a4aa7c1427c31344e5f7cc3d839fe562,1
310,a50acd33ba7a8da8e9db65094fa990a4,1
310,a62e25e09e05e6faf31d90c6ec1aa3d1,1
310,b114bf337c0626166abe574eee9e3f32,1
310,c4baedd846ed09b85f78a781b522f126,2
310,c5b72065154ec27c2d1ed8a654c3348f,1
310,d285360f29ac7fd97640bf0baef03de0,1
310,d692d19cee022f7acab76373f297ad6a,2
310,d7d5562fce331ad958ca6f57057b3526,1
310,e5ae72c62ebfa708624f5029d609b160,1
310,f264c1d9b20b5e4a340254d0405e613b,1
310,f731f8587d4088c174397e010cf892a9,2
310,fe75529a267b76ac6e96f0c322a899a4,1
311,06edb72f1e0c64b14c5b79353f7abea3,1
311,06f0e85c7892d5df893f332706340af1,1
311,0bcc3eeca39e1064258aa1e932269894,2
311,154e7e31ebfa092203795c972e5804a6,1
311,165f86fe8b799a708a20ee4ba125c289,1
311,2136c70bbe723d338fab53da3c03e6dc,1
311,25f86162fee18735fffdb762dcb10d7c,2
311,2a5806f10d0f00e5ad032dd2e3c8806e,1
311,2b0ee2d07306f7c9ac55a43166e9bb4b,1
311,2b4609f8948be18874494203496bc318,1
311,368c6c730842d78016ad823897a372db,2
311,380b4664ba5bb18cc9db78ee6bac3558,1
311,389d119b48cf3043d311335e499d9c6b,3
311,404a57563d487aecbc2b1a01d9b89aab,1
311,422879e10f46682990de24d770e7f83d,2
311,4413a608a42bd21bbf9d5abbd58c249a,1
311,473795a355d29305c3ea6b156833adf5,2
311,4b96786612ebe7463132fce2c4dca136,1
311,52c80cedd4e90108bf4fa6a206ef6b03,1
311,53759a2ecddad2bb87a079a1f1519f73,4
311,5411e9269501a870cabf632f05655131,1
311,5d66715cc928aadd0074f61332698593,1
311,629e019a6f298a83aeecc7877964f935,1
311,657247f6f60543b93e3cc708a8e6329c,1
311,75c06ee06b201f9b6301d2b5e72993f8,1
311,76d1a1a9d21ab677a61c3ae34b1b352f,2
311,7c1bd920dbdf22470b68bde975dd3ccf,1
311,7fb04722aba7a2b632bac8f9819796f3,1
311,8983a3b149303c013fceabef902e835a,1
311,8c591ab0ca519558779df02023177f44,6
311,9d8a0e115e802d845b4ce1eb794d1260,1
311,a237de12bdf0bfe4fe220bae65a89731,3
311,aca2eb7d00ea1a7b8ebd4e68314663af,5
311,b99e4f4fa3f421e0ffbd512d9f152dec,1
311,bee2e070c39f3dd2f6883a17a5f0da45,2
311,c4baedd846ed09b85f78a781b522f126,2
311,c5b72065154ec27c2d1ed8a654c3348f,1
311,ca5c923962558430573f83661dbe36d6,1
311,db5efde3ad0cc579b130d71c4b2db522,1
311,dc404a1496a08f9f5540c8b5d4b92925,1
311,dd6a505f83dd3c6326aa9856519e0978,1
311,dfb97c88e066dc22165f31648efe1312,1
311,e0d64dcfaa3b6db5c54ca298ae101d05,1
311,ee0c1cf2fbeae95205b4aa506f1469f0,1
311,f264c1d9b20b5e4a340254d0405e613b,1
311,f71f42e2381752836563b70beb542f80,2
311,fe077ec80df6b4ee60bb4498d5ab1962,1
312,154e7e31ebfa092203795c972e5804a6,1
312,165f86fe8b799a708a20ee4ba125c289,3
312,2136c70bbe723d338fab53da3c03e6dc,1
312,2b4609f8948be18874494203496bc318,1
312,389d119b48cf3043d311335e499d9c6b,1
312,3db75f31b76375c502f64d550dcd1166,1
312,422879e10f46682990de24d770e7f83d,1
312,461f43be3bdf8844e65b62d9ac2c7a5a,1
312,57e089e3103f5cda6a4ce23b77399bdb,1
312,595fac2a385ac33a80bd5114aec74eb8,1
312,601a360bd2a916ecef0e88de72a6531a,1
312,656e0eca68dcecf6a31b8ececfabe3e8,1
312,7a10781637204d8d10485c71a6108a2e,2
312,7d854ab97c64ef9df2bbfaf332765786,1
312,84f456958365164420cfc80fbe4c7fab,2
312,8c292ca193d326152e335d77176746f0,1
312,8c591ab0ca519558779df02023177f44,1
312,9d8a0e115e802d845b4ce1eb794d1260,1
312,a62e25e09e05e6faf31d90c6ec1aa3d1,1
312,aca2eb7d00ea1a7b8ebd4e68314663af,6
312,b0961721fd839e9982420e807758a2a6,1
312,b8b426747049f2d3d6e00b486d47dedb,1
312,bdb4be6ce2f7f2b5be0a16088028c7fc,1
312,c3097e07a0a5de0d4b4c836d90c5a284,1
312,c5b72065154ec27c2d1ed8a654c3348f,1
312,c7fd13b5e515bffdab855d0812842edb,9
312,d1c427060a0f73f6b889a5c7c61f2ac4,1
312,db5efde3ad0cc579b130d71c4b2db522,2
312,dc404a1496a08f9f5540c8b5d4b92925,3
312,dd0dcee76f9c12fff4bc0eb641d57c7f,1
312,dfb97c88e066dc22165f31648efe1312,1
312,e2c3ed9aaddfd2312a6a5fe9b3ddadd3,1
312,f71f42e2381752836563b70beb542f80,1
312,fe01b643060a6446e59f58e3021e66b3,2
313,08574b074924071f4e201e151b152b4e,2
313,154e7e31ebfa092203795c972e5804a6,2
313,19421075ae0b585f2dc13ff149e2119d,1
313,2b4609f8948be18874494203496bc318,1
313,2ffdf10e724b958c0f7ea69e97d32f64,1
313,368c6c730842d78016ad823897a372db,1
313,389d119b48cf3043d311335e499d9c6b,1
313,4cc8bfa581f41841ce5e24aba773a44a,1
313,5411e9269501a870cabf632f05655131,2
313,595fac2a385ac33a80bd5114aec74eb8,1
313,601a360bd2a916ecef0e88de72a6531a,1
313,6cdd53843498f92890544667809f1595,1
313,764292b2b0f73f77a0272be03fdd45f3,1
313,7c1bd920dbdf22470b68bde975dd3ccf,1
313,8317b177579dd27ff068b83205e2169b,1
313,880be32f4db1d9f6e2bec38fb6ac23ab,1
313,914c9e9af640dd56f48764a225b00f89,1
313,98a8c2fa16d7239c606640f5555768e4,2
313,9d8a0e115e802d845b4ce1eb794d1260,1
313,a62e25e09e05e6faf31d90c6ec1aa3d1,1
313,aca2eb7d00ea1a7b8ebd4e68314663af,5
313,af51d485dc5255ba2e18b21b550156e6,1
313,bee2e070c39f3dd2f6883a17a5f0da45,1
313,c5b72065154ec27c2d1ed8a654c3348f,1
313,d017a2151d543a9885604dc62a3d9dcc,2
313,d1c427060a0f73f6b889a5c7c61f2ac4,1
313,d285360f29ac7fd97640bf0baef03de0,1
313,d5991653e037ccb7af6ed7d94246b249,1
313,d696750e550fd0f733979dd7e5dff921,1
313,db5efde3ad0cc579b130d71c4b2db522,1
313,dc404a1496a08f9f5540c8b5d4b92925,2
313,e0cf79767c5b016251fe139915c59a26,1
313,e2c3ed9aaddfd2312a6a5fe9b3ddadd3,3
313,ea44caac707f7f1325182a538007f838,1
313,f1fe595ee7ef768b41bd9b246d13432d,1
313,f2e53dd1670f3c376518263b3f71424d,2
313,fe6a9515d655fa7936b8a7c841039f34,2
314,017692475c1c954ff597feda05131d73,1
314,0aabfb375647d9738ad0f7b4ea3653b1,2
314,154e7e31ebfa092203795c972e5804a6,1
314,167b4b8c4bd0c401bea62f5e050d70a4,1
314,2136c70bbe723d338fab53da3c03e6dc,1
314,223d34a3d9334039f5ff9511dc044bbb,1
314,22c5ddc22ea8cae84fc9917def682dc6,1
314,23bcd6822a33df5534f9b290216eec1f,1
314,283dc451ad3918badb976d56ff887289,1
314,368c6c730842d78016ad823897a372db,2
314,389d119b48cf3043d311335e499d9c6b,3
314,44a34214a57dc373dcd80f54c919d006,1
314,461f43be3bdf8844e65b62d9ac2c7a5a,1
314,474bb6b54fc608ca71059a6c4f7ecda3,2
314,4c2394abfbac7ff59ec7a420918562fa,1
314,52c80cedd4e90108bf4fa6a206ef6b03,1
314,53759a2ecddad2bb87a079a1f1519f73,2
314,5a848e4ab52fd5445cdc07aab1c40e48,1
314,5bfc7506459ae2a7b4b573fe557a58e1,1
314,6803077179d24889430188e03fafd31a,1
314,6a8631b72a2f8729b91514db87e771c0,1
314,6c3effec7c8ddba466d4f03f982c7aa3,1
314,71a5f1c2a5fd9889ef26b5ac22aec9c6,1
314,86c43103446290e7efacad3701cd654d,1
314,87a71ae93900ab55fcf685c8040769b3,1
314,99a4788cb24856965c36a24e339b6058,2
314,99f265229d46f700208ad7cb1ff48aae,1
314,aca2eb7d00ea1a7b8ebd4e68314663af,4
314,b532349fe46b38fbc7bb3914c1bdae07,3
314,c4baedd846ed09b85f78a781b522f126,1
314,c6dd917a0be2a704582055949915ab32,1
314,dc404a1496a08f9f5540c8b5d4b92925,3
314,e03102efbc2229024c89be731f0aedcb,1
314,e8316a4667e5870c85e906b1f062bde1,1
314,ee6c49af1a2de55aa0e076257ab4ab99,1
314,f39a8b27ce90ac582103bf36f09690dd,1
315,0502d1a36be75bd36b452f31c6ed264a,1
315,0aabfb375647d9738ad0f7b4ea3653b1,4
315,2028bf1b01cafb2d2b1901fca4083222,1
315,223d34a3d9334039f5ff9511dc044bbb,1
315,22c5ddc22ea8cae84fc9917def682dc6,1
315,363218ba55c610b750224f90bdd34be1,1
315,422879e10f46682990de24d770e7f83d,1
315,4298b7e67dc399c200662b569563a2b2,4
315,42a2c92a0979a949ca4ea89ec5c7b934,2
315,461f43be3bdf8844e65b62d9ac2c7a5a,1
315,4c2394abfbac7ff59ec7a420918562fa,1
315,53759a2ecddad2bb87a079a1f1519f73,2
315,5b226d7c52f86ac72457617f78cff95d,1
315,601a360bd2a916ecef0e88de72a6531a,2
315,617186c3d97ea56c9c683a8a3974e8c1,1
315,629e019a6f298a83aeecc7877964f935,1
315,72172e982e8b92155069e4201c92c0bb,1
315,72d3bf1d3a790f8874096fcf860e3eff,1
315,75d6b6963340c6063f7f4cfcccfe6a30,1
315,764292b2b0f73f77a0272be03fdd45f3,1
315,777d2e438a1b645f3aec9bd57e92672c,1
315,7c1bd920dbdf22470b68bde975dd3ccf,1
315,86c43103446290e7efacad3701cd654d,1
315,8c591ab0ca519558779df02023177f44,1
315,9545d45c37449ccbc376de3a04c66e71,1
315,a62e25e09e05e6faf31d90c6ec1aa3d1,1
315,aca2eb7d00ea1a7b8ebd4e68314663af,1
315,b532349fe46b38fbc7bb3914c1bdae07,3
315,bb50f2e236e5eea0100680137654686c,1
315,bdb4be6ce2f7f2b5be0a16088028c7fc,1
315,c4baedd846ed09b85f78a781b522f126,1
315,c6336fa91fbd87c359e44f5dca5a90ed,2
315,c72edc98e7d77f0c4c04ec80730c05f5,1
315,c8cfa622661e047ea2499f8bce4731a5,1
315,cac9e5692471a0700418aa3400b9b2b1,1
315,d1c427060a0f73f6b889a5c7c61f2ac4,1
315,d285360f29ac7fd97640bf0baef03de0,1
315,dc404a1496a08f9f5540c8b5d4b92925,2
315,e0d64dcfaa3b6db5c54ca298ae101d05,2
315,e2e426d1332240070b0a836a854d057b,1
315,e59dd207c69d86e890febadc796d1078,1
315,ec2d43cc59763ec91694573b31f1c29a,1
315,ec5b3c8bb77ad22278f6e9d719a83de3,1
315,f4d705aa95ccca448e5b0deb6e5290ba,1
315,f71f42e2381752836563b70beb542f80,1
315,f819f0c84a64f02d3a5606ca95edd272,1
315,fb55982be901439613a95940feefd9ee,1
315,fe9dfbe7f974621789683b7b78be2a16,1
316,036734b5a58d5d4f46b0616ddc047ced,1
316,0502d1a36be75bd36b452f31c6ed264a,1
316,0aabfb375647d9738ad0f7b4ea3653b1,2
316,11dcc970f7a5581e1bf777b6da3f7096,1
316,11fd9d7ba552e1d28872e008acf1e050,1
316,154e7e31ebfa092203795c972e5804a6,1
316,165f86fe8b799a708a20ee4ba125c289,1
316,2136c70bbe723d338fab53da3c03e6dc,1
316,223d34a3d9334039f5ff9511dc044bbb,2
316,35afc973633aaeb6b877ff57b2793310,1
316,380b4664ba5bb18cc9db78ee6bac3558,1
316,389d119b48cf3043d311335e499d9c6b,2
316,3b60d513e90300a4e9833e5cda1f1d61,1
316,422879e10f46682990de24d770e7f83d,1
316,42a2c92a0979a949ca4ea89ec5c7b934,1
316,461f43be3bdf8844e65b62d9ac2c7a5a,1
316,4c2394abfbac7ff59ec7a420918562fa,1
316,52c80cedd4e90108bf4fa6a206ef6b03,1
316,53759a2ecddad2bb87a079a1f1519f73,4
316,53ea9da485f6aed8a6f03a85831fe021,1
316,55b71bf300a2765a382eaec566df531f,1
316,57d79905de06d8897872c551bfd09358,1
316,5a848e4ab52fd5445cdc07aab1c40e48,1
316,5b3b5f9ae84ca9ead3138b199420cc94,1
316,6803077179d24889430188e03fafd31a,1
316,6a8631b72a2f8729b91514db87e771c0,1
316,72172e982e8b92155069e4201c92c0bb,1
316,777d2e438a1b645f3aec9bd57e92672c,1
316,7b85e3deef35afd6ebed5461ee8f0641,1
316,7c1bd920dbdf22470b68bde975dd3ccf,1
316,7ce94ab189134e2d3c05f496d635419c,1
316,817e1c2d22418c36386406ccacfa53e8,1
316,84f456958365164420cfc80fbe4c7fab,1
316,8c292ca193d326152e335d77176746f0,2
316,9545d45c37449ccbc376de3a04c66e71,1
316,9ad75bd7267e5c724cb42c71ac56ca72,1
316,a5341e3f8155dbb3e62323d3ea289729,2
316,a62e25e09e05e6faf31d90c6ec1aa3d1,2
316,aca2eb7d00ea1a7b8ebd4e68314663af,2
316,b92a7304ebad1ca5b393b53b2de5c70a,1
316,bd6e6fce9ada76ea2db0f1912e8e478f,1
316,bdb4be6ce2f7f2b5be0a16088028c7fc,1
316,c8cfa622661e047ea2499f8bce4731a5,1
316,d017a2151d543a9885604dc62a3d9dcc,1
316,d696750e550fd0f733979dd7e5dff921,1
316,dc404a1496a08f9f5540c8b5d4b92925,2
316,e0d64dcfaa3b6db5c54ca298ae101d05,1
316,e94df75b2e9a8b056be0c144a731f55c,1
316,eb8c629f70275fd1c4f809116cce1efc,1
316,ec2d43cc59763ec91694573b31f1c29a,1
316,ee406bf28024d97771c4b1e8b7e8e219,1
316,f1fe595ee7ef768b41bd9b246d13432d,1
316,f35927953ed82e19d06ad3aac2f06353,1
316,f71f42e2381752836563b70beb542f80,1
317,07c055536ebf10dfbb6c6db6dbfc36e5,1
317,0aabfb375647d9738ad0f7b4ea3653b1,1
317,130482add9fd75ccb6c57ba007694a2d,1
317,154e7e31ebfa092203795c972e5804a6,1
317,2136c70bbe723d338fab53da3c03e6dc,2
317,22c5ddc22ea8cae84fc9917def682dc6,1
317,2b4609f8948be18874494203496bc318,1
317,368c6c730842d78016ad823897a372db,2
317,389d119b48cf3043d311335e499d9c6b,3
317,42a2c92a0979a949ca4ea89ec5c7b934,3
317,4413a608a42bd21bbf9d5abbd58c249a,1
317,461f43be3bdf8844e65b62d9ac2c7a5a,2
317,4914f8796af2ecd359fd8f44b9b92339,1
317,4c2394abfbac7ff59ec7a420918562fa,2
317,53759a2ecddad2bb87a079a1f1519f73,7
317,53ea9da485f6aed8a6f03a85831fe021,1
317,5411e9269501a870cabf632f05655131,1
317,57e089e3103f5cda6a4ce23b77399bdb,1
317,601a360bd2a916ecef0e88de72a6531a,1
317,656e0eca68dcecf6a31b8ececfabe3e8,1
317,6c3effec7c8ddba466d4f03f982c7aa3,1
317,75c06ee06b201f9b6301d2b5e72993f8,1
317,764292b2b0f73f77a0272be03fdd45f3,1
317,777d2e438a1b645f3aec9bd57e92672c,1
317,7c1bd920dbdf22470b68bde975dd3ccf,1
317,7c4a8bec217df1de0df2b5aaf8175b65,1
317,7ce94ab189134e2d3c05f496d635419c,1
317,84f456958365164420cfc80fbe4c7fab,2
317,8a443635fdf9759915c9be5be2e3b862,1
317,8aa6223e400af9c97b07c75993142721,1
317,8c292ca193d326152e335d77176746f0,2
317,99a4788cb24856965c36a24e339b6058,1
317,a02d0123079f4ae96001ba2010d1a2df,1
317,b0961721fd839e9982420e807758a2a6,2
317,bd6e6fce9ada76ea2db0f1912e8e478f,2
317,c5b72065154ec27c2d1ed8a654c3348f,2
317,c72edc98e7d77f0c4c04ec80730c05f5,1
317,ca5c923962558430573f83661dbe36d6,1
317,cac9e5692471a0700418aa3400b9b2b1,2
317,d2085f7e0f9533605386960fc7e987ec,2
317,d5991653e037ccb7af6ed7d94246b249,1
317,dd0dcee76f9c12fff4bc0eb641d57c7f,1
317,e0d64dcfaa3b6db5c54ca298ae101d05,2
317,e9def91e99c8ecb7c5cef5e31506a056,1
317,eb8c629f70275fd1c4f809116cce1efc,3
317,ee0c1cf2fbeae95205b4aa506f1469f0,2
317,ee406bf28024d97771c4b1e8b7e8e219,1
317,f1fe595ee7ef768b41bd9b246d13432d,1
317,f264c1d9b20b5e4a340254d0405e613b,1
317,f71973c922ccaab05514a36a8bc741b8,2
317,f71f42e2381752836563b70beb542f80,1
318,036734b5a58d5d4f46b0616ddc047ced,3
318,07c055536ebf10dfbb6c6db6dbfc36e5,1
318,0bcc3eeca39e1064258aa1e932269894,2
318,154e7e31ebfa092203795c972e5804a6,5
318,165f86fe8b799a708a20ee4ba125c289,2
318,23bcd6822a33df5534f9b290216eec1f,1
318,2b4609f8948be18874494203496bc318,1
318,30469bb5ea377eae7121981e2f0778e4,1
318,35afc973633aaeb6b877ff57b2793310,1
318,368c6c730842d78016ad823897a372db,2
318,389d119b48cf3043d311335e499d9c6b,3
318,3e5201fe0d1ba474d9b90152c83c706c,2
318,404a57563d487aecbc2b1a01d9b89aab,1
318,422879e10f46682990de24d770e7f83d,9
318,431d674f9a4fbd0957ecf6ba3fcb6899,1
318,461f43be3bdf8844e65b62d9ac2c7a5a,1
318,4c2394abfbac7ff59ec7a420918562fa,3
318,53759a2ecddad2bb87a079a1f1519f73,3
318,553e0e7590d3116a072507a3635d2877,1
318,57f2bc497c1a3ebe41ba7a06d78ed159,1
318,5a848e4ab52fd5445cdc07aab1c40e48,2
318,5b226d7c52f86ac72457617f78cff95d,1
318,5d66715cc928aadd0074f61332698593,1
318,617186c3d97ea56c9c683a8a3974e8c1,2
318,6a8631b72a2f8729b91514db87e771c0,1
318,6c3effec7c8ddba466d4f03f982c7aa3,1
318,6cdd53843498f92890544667809f1595,1
318,75d6b6963340c6063f7f4cfcccfe6a30,1
318,764292b2b0f73f77a0272be03fdd45f3,1
318,7a10781637204d8d10485c71a6108a2e,4
318,7c1bd920dbdf22470b68bde975dd3ccf,3
318,7c4a8bec217df1de0df2b5aaf8175b65,1
318,7ce94ab189134e2d3c05f496d635419c,1
318,7fb04722aba7a2b632bac8f9819796f3,1
318,827c4a77226a3e7ef259d61eaa775df9,1
318,84f456958365164420cfc80fbe4c7fab,3
318,88dd63919fc9ab693803578a04a20209,1
318,8c591ab0ca519558779df02023177f44,1
318,99a4788cb24856965c36a24e339b6058,1
318,9ecadb84c81da840dbf3564378b586e9,3
318,a237de12bdf0bfe4fe220bae65a89731,1
318,a62e25e09e05e6faf31d90c6ec1aa3d1,1
318,b532349fe46b38fbc7bb3914c1bdae07,5
318,bb50f2e236e5eea0100680137654686c,1
318,c1f5307decb89342351bec53668cffd9,1
318,c5b72065154ec27c2d1ed8a654c3348f,2
318,c6dd917a0be2a704582055949915ab32,1
318,c92f0e7b9d49a9543558d6532772441b,1
318,cc5447118c174dcc6456c84ccb29e6f7,2
318,cc971e0365873137b8bef2ebad633e6f,1
318,d5991653e037ccb7af6ed7d94246b249,1
318,d696750e550fd0f733979dd7e5dff921,1
318,db5efde3ad0cc579b130d71c4b2db522,1
318,dc404a1496a08f9f5540c8b5d4b92925,2
318,e0d64dcfaa3b6db5c54ca298ae101d05,3
318,e2c3ed9aaddfd2312a6a5fe9b3ddadd3,1
318,e2e426d1332240070b0a836a854d057b,1
318,e9def91e99c8ecb7c5cef5e31506a056,2
318,ec2d43cc59763ec91694573b31f1c29a,1
318,f4d705aa95ccca448e5b0deb6e5290ba,1
318,f9259c9e7c0f12c70f7a81409680a5ff,1
319,036734b5a58d5d4f46b0616ddc047ced,2
319,044f05bc9de36e8a693a83e4bc79dd0d,1
319,06f0e85c7892d5df893f332706340af1,1
319,08574b074924071f4e201e151b152b4e,1
319,0a4093a4af429dc0a9334300e5c13ae5,1
319,0aabfb375647d9738ad0f7b4ea3653b1,5
319,0bcc3eeca39e1064258aa1e932269894,8
319,130482add9fd75ccb6c57ba007694a2d,1
319,154e7e31ebfa092203795c972e5804a6,2
319,167b4b8c4bd0c401bea62f5e050d70a4,2
319,186fe07c8b8005ec6a498587ffbc1352,2
319,19421075ae0b585f2dc13ff149e2119d,2
319,1dec4c88c685d5a07bf01dcb0f8bf9f8,1
319,2028bf1b01cafb2d2b1901fca4083222,6
319,2083a6feb4bbb31f6abc92fc24e468c0,3
319,223d34a3d9334039f5ff9511dc044bbb,3
319,22c5ddc22ea8cae84fc9917def682dc6,2
319,23bcd6822a33df5534f9b290216eec1f,2
319,2423252b2432f1803e4f29e0974c6cf7,1
319,24c66f106f642621e524291a895c9032,1
319,25f86162fee18735fffdb762dcb10d7c,2
319,283dc451ad3918badb976d56ff887289,3
319,2a2d22ae30e026f1893083c8405ca522,2
319,2b0ee2d07306f7c9ac55a43166e9bb4b,1
319,2b4609f8948be18874494203496bc318,6
319,2ffdf10e724b958c0f7ea69e97d32f64,1
319,30469bb5ea377eae7121981e2f0778e4,1
319,3225c54bb2785c33f49f50398fcdb88c,1
319,35afc973633aaeb6b877ff57b2793310,3
319,368c6c730842d78016ad823897a372db,23
319,36c2fb4fa746273709c373f6d6ec6796,1
319,389d119b48cf3043d311335e499d9c6b,14
319,3e5201fe0d1ba474d9b90152c83c706c,5
319,41db6d8062fcd38410c699743ccc0265,1
319,422879e10f46682990de24d770e7f83d,25
319,42a2c92a0979a949ca4ea89ec5c7b934,1
319,431d674f9a4fbd0957ecf6ba3fcb6899,1
319,44a34214a57dc373dcd80f54c919d006,1
319,44d097d59e8430f88a67517cd0c4f865,1
319,461f43be3bdf8844e65b62d9ac2c7a5a,3
319,4914f8796af2ecd359fd8f44b9b92339,2
319,4b96786612ebe7463132fce2c4dca136,1
319,4c2394abfbac7ff59ec7a420918562fa,6
319,4cac1a12a6fe9ffba4a9556dbe582e28,3
319,4cc8bfa581f41841ce5e24aba773a44a,1
319,4ce9ab528124f89e091b17d11aa2e97c,2
319,4fcb3d9a5f4871e8362dfedbdb02b064,2
319,52c80cedd4e90108bf4fa6a206ef6b03,1
319,5328338cfaa16ba10561cd970c73ca11,2
319,53759a2ecddad2bb87a079a1f1519f73,18
319,553e0e7590d3116a072507a3635d2877,1
319,566a4f2c4385f36d15c00dfcaae132d1,2
319,57d79905de06d8897872c551bfd09358,1
319,5b226d7c52f86ac72457617f78cff95d,1
319,5b3b5f9ae84ca9ead3138b199420cc94,1
319,5f504b3a1c75b73d6151be81eb05bdc9,2
319,601a360bd2a916ecef0e88de72a6531a,1
319,617186c3d97ea56c9c683a8a3974e8c1,1
319,629e019a6f298a83aeecc7877964f935,1
319,68bf2e76db1d8e846042e54da87399ca,2
319,6a23ae3187f1dac41b7210a8c7739d6b,2
319,6a2909ac21d16b721e4795e7e8ff3e68,2
319,6bbe55cf8f85c87b6eebb775a53402f4,3
319,6c3effec7c8ddba466d4f03f982c7aa3,6
319,6cc44821f36f3156c782da72dd634e47,2
319,6cdd53843498f92890544667809f1595,6
319,719d571299707561c34ba04ab867b32a,1
319,71a5f1c2a5fd9889ef26b5ac22aec9c6,1
319,72d3bf1d3a790f8874096fcf860e3eff,2
319,75c06ee06b201f9b6301d2b5e72993f8,1
319,75d6b6963340c6063f7f4cfcccfe6a30,3
319,764292b2b0f73f77a0272be03fdd45f3,2
319,7814c273ab16783d73a9863ebfa8b141,2
319,7c1bd920dbdf22470b68bde975dd3ccf,2
319,7c4a8bec217df1de0df2b5aaf8175b65,2
319,7f064525eaaa1ce9d22c085f7ff5413a,1
319,7fb04722aba7a2b632bac8f9819796f3,3
319,83b00325c13c44245b2c3a2befa62a0e,1
319,84f456958365164420cfc80fbe4c7fab,2
319,8844bd4b8ca8f93603694ca2bceb77e9,2
319,88dd63919fc9ab693803578a04a20209,1
319,8c591ab0ca519558779df02023177f44,3
319,93c902b021a9e594f658ab1b0351602a,1
319,99a4788cb24856965c36a24e339b6058,12
319,9ad75bd7267e5c724cb42c71ac56ca72,6
319,9bb8ca338e5588c361e34eae02e8fad6,5
319,9ecadb84c81da840dbf3564378b586e9,18
319,a02d0123079f4ae96001ba2010d1a2df,3
319,a19b6951c75da43aad691622dd2f6abe,6
319,a237de12bdf0bfe4fe220bae65a89731,2
319,a50acd33ba7a8da8e9db65094fa990a4,3
319,a62e25e09e05e6faf31d90c6ec1aa3d1,2
319,a6ad77b15e566298a4e8ee2011ab1255,2
319,aca2eb7d00ea1a7b8ebd4e68314663af,2
319,acc444eb5ad26f79d5a11baa6a03c439,1
319,b0961721fd839e9982420e807758a2a6,3
319,b60856ce32d90658dbf99b9485327c25,1
319,bb50f2e236e5eea0100680137654686c,1
319,bee2e070c39f3dd2f6883a17a5f0da45,2
319,c1f5307decb89342351bec53668cffd9,1
319,c211ff3068fcd2f8898192976d8b3a32,1
319,c2ece64199af7a53793ed9612a89a8cd,2
319,c4baedd846ed09b85f78a781b522f126,3
319,c5b72065154ec27c2d1ed8a654c3348f,4
319,c6dd917a0be2a704582055949915ab32,1
319,c72edc98e7d77f0c4c04ec80730c05f5,3
319,c7fd13b5e515bffdab855d0812842edb,3
319,c92f0e7b9d49a9543558d6532772441b,1
319,c94d19d021d4a8fbae5a45f904aeea90,1
319,ca38c039b717207dec906f4fa9a21db7,1
319,cac9e5692471a0700418aa3400b9b2b1,2
319,cc971e0365873137b8bef2ebad633e6f,2
319,d017a2151d543a9885604dc62a3d9dcc,4
319,d1c427060a0f73f6b889a5c7c61f2ac4,4
319,d2f5484cbffe4ca766301b21ab9246dd,1
319,d5991653e037ccb7af6ed7d94246b249,1
319,d5b703c271f43f9c588a6f512a00f77e,2
319,d63c1011f49d98b976c352955b1c4bea,1
319,d678178aa4291cd25a755a90188375c8,2
319,d696750e550fd0f733979dd7e5dff921,1
319,db5efde3ad0cc579b130d71c4b2db522,1
319,e0d64dcfaa3b6db5c54ca298ae101d05,6
319,e1da6ab77f4859eb17950e5df1c0f815,1
319,e282624d8c82e04983f125e167eb4521,1
319,e2c3ed9aaddfd2312a6a5fe9b3ddadd3,9
319,e2e426d1332240070b0a836a854d057b,1
319,e9def91e99c8ecb7c5cef5e31506a056,3
319,ea44caac707f7f1325182a538007f838,1
319,ec2d43cc59763ec91694573b31f1c29a,4
319,ee0c1cf2fbeae95205b4aa506f1469f0,5
319,ef66e63137bdd1b2e44aa968646fc1e3,4
319,f1fe595ee7ef768b41bd9b246d13432d,1
319,f35927953ed82e19d06ad3aac2f06353,1
319,f4f67ccaece962d013a4e1d7dc3a61f7,2
319,f646af315b0f3a597f69213537ca2199,4
319,f6fa93875f4a7dac03e0a22143f4d815,2
319,f71f42e2381752836563b70beb542f80,5
319,f731f8587d4088c174397e010cf892a9,1
319,f7a17d2c51d9df89a4f1711c4ac17f33,1
319,f908d3bf313a1308bfb2a46ea2685347,1
319,f9259c9e7c0f12c70f7a81409680a5ff,4
319,fb7a100ec8c7b34f60cec22b1a9a10e0,1
319,fbc1488c1a1e72ba175f53ab29a248e8,1
319,fe01b643060a6446e59f58e3021e66b3,7
319,fe9dfbe7f974621789683b7b78be2a16,2
320,06edb72f1e0c64b14c5b79353f7abea3,4
320,07c055536ebf10dfbb6c6db6dbfc36e5,1
320,08574b074924071f4e201e151b152b4e,1
320,0a57f7d2c983bcf8188589a5fea4a8da,1
320,0aabfb375647d9738ad0f7b4ea3653b1,2
320,0bcc3eeca39e1064258aa1e932269894,3
320,130482add9fd75ccb6c57ba007694a2d,2
320,154e7e31ebfa092203795c972e5804a6,1
320,1dec4c88c685d5a07bf01dcb0f8bf9f8,1
320,223d34a3d9334039f5ff9511dc044bbb,4
320,23bcd6822a33df5534f9b290216eec1f,1
320,24c66f106f642621e524291a895c9032,3
320,2a2d22ae30e026f1893083c8405ca522,1
320,2b4609f8948be18874494203496bc318,2
320,2ffdf10e724b958c0f7ea69e97d32f64,1
320,368c6c730842d78016ad823897a372db,5
320,389d119b48cf3043d311335e499d9c6b,16
320,3db75f31b76375c502f64d550dcd1166,4
320,3e5201fe0d1ba474d9b90152c83c706c,2
320,422879e10f46682990de24d770e7f83d,11
320,431d674f9a4fbd0957ecf6ba3fcb6899,5
320,461f43be3bdf8844e65b62d9ac2c7a5a,1
320,474bb6b54fc608ca71059a6c4f7ecda3,1
320,4c2394abfbac7ff59ec7a420918562fa,1
320,4cc8bfa581f41841ce5e24aba773a44a,1
320,4fcb3d9a5f4871e8362dfedbdb02b064,2
320,50fd2b788dc166edd20512370dac54df,1
320,52c80cedd4e90108bf4fa6a206ef6b03,1
320,53759a2ecddad2bb87a079a1f1519f73,15
320,57e089e3103f5cda6a4ce23b77399bdb,1
320,5b3b5f9ae84ca9ead3138b199420cc94,1
320,5d66715cc928aadd0074f61332698593,1
320,617186c3d97ea56c9c683a8a3974e8c1,1
320,66a0a6e02b7f543e5b021ce361f267d4,1
320,6c3effec7c8ddba466d4f03f982c7aa3,5
320,75d6b6963340c6063f7f4cfcccfe6a30,1
320,777d2e438a1b645f3aec9bd57e92672c,1
320,7814c273ab16783d73a9863ebfa8b141,2
320,7ce94ab189134e2d3c05f496d635419c,1
320,7fb04722aba7a2b632bac8f9819796f3,1
320,84f456958365164420cfc80fbe4c7fab,1
320,8844bd4b8ca8f93603694ca2bceb77e9,1
320,9ad75bd7267e5c724cb42c71ac56ca72,4
320,9d8a0e115e802d845b4ce1eb794d1260,1
320,9ecadb84c81da840dbf3564378b586e9,6
320,a19b6951c75da43aad691622dd2f6abe,3
320,a237de12bdf0bfe4fe220bae65a89731,1
320,a4aa7c1427c31344e5f7cc3d839fe562,1
320,a5341e3f8155dbb3e62323d3ea289729,2
320,a62e25e09e05e6faf31d90c6ec1aa3d1,1
320,a8075470f960215ffb67624782f80fec,1
320,aca2eb7d00ea1a7b8ebd4e68314663af,1
320,ace5d86cf1ac63cdb76f49e5cd23d2f8,1
320,afeeea6271148ee1bb15173b8187c431,1
320,b0961721fd839e9982420e807758a2a6,1
320,b532349fe46b38fbc7bb3914c1bdae07,4
320,b59fb744c6f3cd1dc23b10f760848d98,1
320,b5e13c9a353102f79c6206ff5cb61a50,3
320,b60856ce32d90658dbf99b9485327c25,1
320,b623b7cb05ee3248fbe4a6ecbeed79a4,1
320,c4baedd846ed09b85f78a781b522f126,6
320,ca38c039b717207dec906f4fa9a21db7,1
320,cac9e5692471a0700418aa3400b9b2b1,1
320,d04857e7b4b708ee8b8b9921163edba3,1
320,d1c427060a0f73f6b889a5c7c61f2ac4,2
320,d5991653e037ccb7af6ed7d94246b249,2
320,d678178aa4291cd25a755a90188375c8,2
320,d696750e550fd0f733979dd7e5dff921,1
320,dd0dcee76f9c12fff4bc0eb641d57c7f,1
320,e0cf79767c5b016251fe139915c59a26,1
320,e2c3ed9aaddfd2312a6a5fe9b3ddadd3,2
320,e2e426d1332240070b0a836a854d057b,1
320,e9def91e99c8ecb7c5cef5e31506a056,1
320,eb8c629f70275fd1c4f809116cce1efc,4
320,ec2d43cc59763ec91694573b31f1c29a,3
320,ee0c1cf2fbeae95205b4aa506f1469f0,1
320,ee406bf28024d97771c4b1e8b7e8e219,3
320,f2e53dd1670f3c376518263b3f71424d,1
320,f646af315b0f3a597f69213537ca2199,2
320,f9259c9e7c0f12c70f7a81409680a5ff,1
320,fb55982be901439613a95940feefd9ee,1
320,fe01b643060a6446e59f58e3021e66b3,1
320,fe6a9515d655fa7936b8a7c841039f34,1
320,fe75529a267b76ac6e96f0c322a899a4,1
321,06f0e85c7892d5df893f332706340af1,2
321,0aabfb375647d9738ad0f7b4ea3653b1,3
321,130482add9fd75ccb6c57ba007694a2d,1
321,1dec4c88c685d5a07bf01dcb0f8bf9f8,1
321,223d34a3d9334039f5ff9511dc044bbb,2
321,22c5ddc22ea8cae84fc9917def682dc6,1
321,2423252b2432f1803e4f29e0974c6cf7,1
321,2b4609f8948be18874494203496bc318,1
321,362b773250263786dd58670d2df42c3b,1
321,363218ba55c610b750224f90bdd34be1,1
321,368c6c730842d78016ad823897a372db,5
321,36c2fb4fa746273709c373f6d6ec6796,1
321,389d119b48cf3043d311335e499d9c6b,7
321,3e442d09f9dfef002aadf31960869f65,1
321,3e5201fe0d1ba474d9b90152c83c706c,2
321,422879e10f46682990de24d770e7f83d,12
321,42a2c92a0979a949ca4ea89ec5c7b934,2
321,431d674f9a4fbd0957ecf6ba3fcb6899,1
321,461f43be3bdf8844e65b62d9ac2c7a5a,1
321,4b96786612ebe7463132fce2c4dca136,2
321,4c2394abfbac7ff59ec7a420918562fa,7
321,52c80cedd4e90108bf4fa6a206ef6b03,3
321,53759a2ecddad2bb87a079a1f1519f73,7
321,5a848e4ab52fd5445cdc07aab1c40e48,1
321,5b3b5f9ae84ca9ead3138b199420cc94,1
321,657247f6f60543b93e3cc708a8e6329c,1
321,6c3effec7c8ddba466d4f03f982c7aa3,1
321,704ef63ad0ac345842ea734060a83db2,1
321,78efe838c04bbc568be034082200ac20,1
321,79366d6a24de9351b7ca6e3cf75a68ec,1
321,7b85e3deef35afd6ebed5461ee8f0641,1
321,7c1bd920dbdf22470b68bde975dd3ccf,2
321,7ce94ab189134e2d3c05f496d635419c,1
321,7fb04722aba7a2b632bac8f9819796f3,3
321,84f456958365164420cfc80fbe4c7fab,2
321,8844bd4b8ca8f93603694ca2bceb77e9,2
321,9545d45c37449ccbc376de3a04c66e71,1
321,99a4788cb24856965c36a24e339b6058,5
321,9ad75bd7267e5c724cb42c71ac56ca72,2
321,9bb8ca338e5588c361e34eae02e8fad6,1
321,a19b6951c75da43aad691622dd2f6abe,3
321,a50acd33ba7a8da8e9db65094fa990a4,1
321,afeeea6271148ee1bb15173b8187c431,1
321,b5e13c9a353102f79c6206ff5cb61a50,4
321,bdc3291ab242ec1effc8eb0987850268,1
321,c3097e07a0a5de0d4b4c836d90c5a284,1
321,c72edc98e7d77f0c4c04ec80730c05f5,1
321,c7fd13b5e515bffdab855d0812842edb,2
321,cadb69af336c16aba5c5223599821245,1
321,cec09725da5ed01471d9a505e7389d37,1
321,d017a2151d543a9885604dc62a3d9dcc,2
321,d1c427060a0f73f6b889a5c7c61f2ac4,1
321,dd6a505f83dd3c6326aa9856519e0978,1
321,e0cf79767c5b016251fe139915c59a26,1
321,e9def91e99c8ecb7c5cef5e31506a056,1
321,ec2d43cc59763ec91694573b31f1c29a,1
321,ec5b3c8bb77ad22278f6e9d719a83de3,1
321,f2e53dd1670f3c376518263b3f71424d,1
321,f40876e0ef3cd5f9132b1f16b04b1346,1
321,f9259c9e7c0f12c70f7a81409680a5ff,1
321,fb55982be901439613a95940feefd9ee,1
321,fb7a100ec8c7b34f60cec22b1a9a10e0,1
322,044f05bc9de36e8a693a83e4bc79dd0d,1
322,06edb72f1e0c64b14c5b79353f7abea3,3
322,07c055536ebf10dfbb6c6db6dbfc36e5,1
322,08574b074924071f4e201e151b152b4e,1
322,0aabfb375647d9738ad0f7b4ea3653b1,1
322,0bcc3eeca39e1064258aa1e932269894,1
322,154e7e31ebfa092203795c972e5804a6,2
322,165f86fe8b799a708a20ee4ba125c289,1
322,1ec486885049bbb9b79351d150ed18c4,2
322,2028bf1b01cafb2d2b1901fca4083222,2
322,223d34a3d9334039f5ff9511dc044bbb,2
322,22c5ddc22ea8cae84fc9917def682dc6,1
322,23bcd6822a33df5534f9b290216eec1f,2
322,2b4609f8948be18874494203496bc318,1
322,35afc973633aaeb6b877ff57b2793310,3
322,368c6c730842d78016ad823897a372db,2
322,389d119b48cf3043d311335e499d9c6b,6
322,422879e10f46682990de24d770e7f83d,5
322,42a2c92a0979a949ca4ea89ec5c7b934,1
322,431d674f9a4fbd0957ecf6ba3fcb6899,2
322,44d097d59e8430f88a67517cd0c4f865,1
322,461f43be3bdf8844e65b62d9ac2c7a5a,2
322,4b96786612ebe7463132fce2c4dca136,2
322,4c2394abfbac7ff59ec7a420918562fa,5
322,4fcb3d9a5f4871e8362dfedbdb02b064,1
322,52c80cedd4e90108bf4fa6a206ef6b03,1
322,53759a2ecddad2bb87a079a1f1519f73,4
322,553e0e7590d3116a072507a3635d2877,1
322,595fac2a385ac33a80bd5114aec74eb8,2
322,5b226d7c52f86ac72457617f78cff95d,2
322,5b3b5f9ae84ca9ead3138b199420cc94,3
322,6109d0cae3bcb57d579bc0fab6e61814,1
322,64fb265487de2238627ce43fe8a67efc,1
322,657247f6f60543b93e3cc708a8e6329c,1
322,6c3effec7c8ddba466d4f03f982c7aa3,2
322,71a5f1c2a5fd9889ef26b5ac22aec9c6,1
322,75d6b6963340c6063f7f4cfcccfe6a30,1
322,764292b2b0f73f77a0272be03fdd45f3,1
322,7814c273ab16783d73a9863ebfa8b141,1
322,7b85e3deef35afd6ebed5461ee8f0641,1
322,7c1bd920dbdf22470b68bde975dd3ccf,1
322,7ce94ab189134e2d3c05f496d635419c,3
322,7fb04722aba7a2b632bac8f9819796f3,1
322,827c4a77226a3e7ef259d61eaa775df9,3
322,84f456958365164420cfc80fbe4c7fab,4
322,87d780fa7d2cf3710aa02dc4ca8db985,1
322,8844bd4b8ca8f93603694ca2bceb77e9,1
322,8ed094bfe076c568f6bb10feada3f75d,1
322,93c902b021a9e594f658ab1b0351602a,1
322,99a4788cb24856965c36a24e339b6058,3
322,9ad75bd7267e5c724cb42c71ac56ca72,3
322,9bb8ca338e5588c361e34eae02e8fad6,2
322,a237de12bdf0bfe4fe220bae65a89731,1
322,a50acd33ba7a8da8e9db65094fa990a4,1
322,a5f6ba3fe91a2e73f10b612131cb2404,1
322,a8fe47ad6f852f93cc92c7b408687de3,1
322,afeeea6271148ee1bb15173b8187c431,2
322,b5e13c9a353102f79c6206ff5cb61a50,1
322,bb42f37fc3d9130e4a4339d24a47dd7c,1
322,bb50f2e236e5eea0100680137654686c,1
322,bdb4be6ce2f7f2b5be0a16088028c7fc,1
322,bdc3291ab242ec1effc8eb0987850268,3
322,bee2e070c39f3dd2f6883a17a5f0da45,3
322,c1f5307decb89342351bec53668cffd9,1
322,c2ece64199af7a53793ed9612a89a8cd,1
322,c4baedd846ed09b85f78a781b522f126,2
322,c5b72065154ec27c2d1ed8a654c3348f,1
322,c72edc98e7d77f0c4c04ec80730c05f5,1
322,c8cfa622661e047ea2499f8bce4731a5,1
322,cc5447118c174dcc6456c84ccb29e6f7,1
322,ccadfeab525a9eb1569983b66e5075c4,1
322,d1c427060a0f73f6b889a5c7c61f2ac4,2
322,d696750e550fd0f733979dd7e5dff921,1
322,db5efde3ad0cc579b130d71c4b2db522,1
322,dd0dcee76f9c12fff4bc0eb641d57c7f,2
322,e0cf79767c5b016251fe139915c59a26,1
322,e9def91e99c8ecb7c5cef5e31506a056,1
322,ea44caac707f7f1325182a538007f838,1
322,ee0c1cf2fbeae95205b4aa506f1469f0,2
322,f264c1d9b20b5e4a340254d0405e613b,1
322,f71973c922ccaab05514a36a8bc741b8,1
322,f7a17d2c51d9df89a4f1711c4ac17f33,1
322,fe6a9515d655fa7936b8a7c841039f34,1
323,06f0e85c7892d5df893f332706340af1,2
323,0aabfb375647d9738ad0f7b4ea3653b1,3
323,11dcc970f7a5581e1bf777b6da3f7096,1
323,154e7e31ebfa092203795c972e5804a6,1
323,1a758361b1c10b3ffe3d3373332de319,2
323,223d34a3d9334039f5ff9511dc044bbb,1
323,22c5ddc22ea8cae84fc9917def682dc6,1
323,25f86162fee18735fffdb762dcb10d7c,5
323,2a5806f10d0f00e5ad032dd2e3c8806e,1
323,2b4609f8948be18874494203496bc318,2
323,3225c54bb2785c33f49f50398fcdb88c,1
323,35afc973633aaeb6b877ff57b2793310,3
323,368c6c730842d78016ad823897a372db,5
323,389d119b48cf3043d311335e499d9c6b,1
323,422879e10f46682990de24d770e7f83d,2
323,42a2c92a0979a949ca4ea89ec5c7b934,2
323,431d674f9a4fbd0957ecf6ba3fcb6899,4
323,4b96786612ebe7463132fce2c4dca136,1
323,4c2394abfbac7ff59ec7a420918562fa,3
323,50fd2b788dc166edd20512370dac54df,1
323,53b36df67ebb7c41585e8d54d6772e08,5
323,55b71bf300a2765a382eaec566df531f,1
323,57d79905de06d8897872c551bfd09358,1
323,595fac2a385ac33a80bd5114aec74eb8,1
323,5a848e4ab52fd5445cdc07aab1c40e48,2
323,5d66715cc928aadd0074f61332698593,1
323,5dee2c14e1989141e15d341d4c62d72a,1
323,64fb265487de2238627ce43fe8a67efc,1
323,656e0eca68dcecf6a31b8ececfabe3e8,2
323,6a2909ac21d16b721e4795e7e8ff3e68,1
323,6cdd53843498f92890544667809f1595,1
323,71a5f1c2a5fd9889ef26b5ac22aec9c6,1
323,75c06ee06b201f9b6301d2b5e72993f8,1
323,777d2e438a1b645f3aec9bd57e92672c,1
323,77cc62dc80ebe12a0452d1ce0565acdc,1
323,7c1bd920dbdf22470b68bde975dd3ccf,3
323,7ce94ab189134e2d3c05f496d635419c,3
323,82e4ad16521ca131d95e198d507db370,1
323,84f456958365164420cfc80fbe4c7fab,1
323,8c591ab0ca519558779df02023177f44,2
323,8ed094bfe076c568f6bb10feada3f75d,1
323,914c9e9af640dd56f48764a225b00f89,1
323,9545d45c37449ccbc376de3a04c66e71,1
323,98d61056e0568ba048e5d78038790e77,1
323,9bb8ca338e5588c361e34eae02e8fad6,1
323,a02d0123079f4ae96001ba2010d1a2df,1
323,a50acd33ba7a8da8e9db65094fa990a4,1
323,a5341e3f8155dbb3e62323d3ea289729,2
323,a62e25e09e05e6faf31d90c6ec1aa3d1,1
323,aca2eb7d00ea1a7b8ebd4e68314663af,6
323,ace5d86cf1ac63cdb76f49e5cd23d2f8,1
323,b5e13c9a353102f79c6206ff5cb61a50,2
323,bdb4be6ce2f7f2b5be0a16088028c7fc,1
323,c211ff3068fcd2f8898192976d8b3a32,1
323,c4baedd846ed09b85f78a781b522f126,2
323,c5b72065154ec27c2d1ed8a654c3348f,1
323,c6dd917a0be2a704582055949915ab32,1
323,c7b3cf9de7be95b3e09e7a63315685eb,2
323,c94d19d021d4a8fbae5a45f904aeea90,1
323,cadb69af336c16aba5c5223599821245,1
323,cc5447118c174dcc6456c84ccb29e6f7,1
323,d017a2151d543a9885604dc62a3d9dcc,1
323,d1c427060a0f73f6b889a5c7c61f2ac4,1
323,d3c044bd42d84a79e3b0c42662806a48,2
323,d5991653e037ccb7af6ed7d94246b249,2
323,dc404a1496a08f9f5540c8b5d4b92925,1
323,dd0dcee76f9c12fff4bc0eb641d57c7f,1
323,e0d64dcfaa3b6db5c54ca298ae101d05,1
323,e1da6ab77f4859eb17950e5df1c0f815,1
323,e2e426d1332240070b0a836a854d057b,2
323,e59dd207c69d86e890febadc796d1078,2
323,e94df75b2e9a8b056be0c144a731f55c,1
323,e9def91e99c8ecb7c5cef5e31506a056,2
323,ec2d43cc59763ec91694573b31f1c29a,1
323,ee0c1cf2fbeae95205b4aa506f1469f0,3
323,ef66e63137bdd1b2e44aa968646fc1e3,2
323,f40876e0ef3cd5f9132b1f16b04b1346,3
323,f731f8587d4088c174397e010cf892a9,2
323,f9259c9e7c0f12c70f7a81409680a5ff,1
323,fb7a100ec8c7b34f60cec22b1a9a10e0,1
323,fbc1488c1a1e72ba175f53ab29a248e8,1
323,fe9dfbe7f974621789683b7b78be2a16,1
324,0502d1a36be75bd36b452f31c6ed264a,1
324,0bcc3eeca39e1064258aa1e932269894,2
324,0cf41187284d7f099adc8415a743ebbd,1
324,2028bf1b01cafb2d2b1901fca4083222,3
324,283dc451ad3918badb976d56ff887289,1
324,2b4609f8948be18874494203496bc318,2
324,2b7aa376a6e728560bddb5558cc48e89,1
324,35afc973633aaeb6b877ff57b2793310,1
324,368c6c730842d78016ad823897a372db,3
324,422879e10f46682990de24d770e7f83d,3
324,42a2c92a0979a949ca4ea89ec5c7b934,3
324,431d674f9a4fbd0957ecf6ba3fcb6899,1
324,44a34214a57dc373dcd80f54c919d006,1
324,461f43be3bdf8844e65b62d9ac2c7a5a,1
324,4914f8796af2ecd359fd8f44b9b92339,1
324,4c2394abfbac7ff59ec7a420918562fa,2
324,53759a2ecddad2bb87a079a1f1519f73,2
324,53b36df67ebb7c41585e8d54d6772e08,7
324,5a848e4ab52fd5445cdc07aab1c40e48,2
324,5b3b5f9ae84ca9ead3138b199420cc94,3
324,5d66715cc928aadd0074f61332698593,1
324,5dee2c14e1989141e15d341d4c62d72a,1
324,62d8daeee0db3a60c234c2d1bfd10651,1
324,64fb265487de2238627ce43fe8a67efc,1
324,6a2909ac21d16b721e4795e7e8ff3e68,4
324,6cc44821f36f3156c782da72dd634e47,1
324,704ef63ad0ac345842ea734060a83db2,1
324,75c06ee06b201f9b6301d2b5e72993f8,1
324,7a10781637204d8d10485c71a6108a2e,3
324,7b85e3deef35afd6ebed5461ee8f0641,2
324,7c1bd920dbdf22470b68bde975dd3ccf,2
324,7c4a8bec217df1de0df2b5aaf8175b65,1
324,7ce94ab189134e2d3c05f496d635419c,2
324,82e4ad16521ca131d95e198d507db370,1
324,84f456958365164420cfc80fbe4c7fab,1
324,8c591ab0ca519558779df02023177f44,1
324,97017430754804328eb9597b7f85da03,2
324,99a4788cb24856965c36a24e339b6058,2
324,9ad75bd7267e5c724cb42c71ac56ca72,1
324,9d8a0e115e802d845b4ce1eb794d1260,1
324,a8075470f960215ffb67624782f80fec,1
324,aadff88486740e0b0ebe2be6c09476ae,1
324,aca2eb7d00ea1a7b8ebd4e68314663af,2
324,b114bf337c0626166abe574eee9e3f32,2
324,b1acb7e8152c90c9619897753a75c973,1
324,b623b7cb05ee3248fbe4a6ecbeed79a4,4
324,b92a7304ebad1ca5b393b53b2de5c70a,1
324,bb50f2e236e5eea0100680137654686c,4
324,c4baedd846ed09b85f78a781b522f126,4
324,d017a2151d543a9885604dc62a3d9dcc,1
324,d285360f29ac7fd97640bf0baef03de0,1
324,d3c044bd42d84a79e3b0c42662806a48,1
324,db5efde3ad0cc579b130d71c4b2db522,1
324,dc404a1496a08f9f5540c8b5d4b92925,2
324,dfb97c88e066dc22165f31648efe1312,1
324,e0d64dcfaa3b6db5c54ca298ae101d05,2
324,e1da6ab77f4859eb17950e5df1c0f815,2
324,eb8c629f70275fd1c4f809116cce1efc,3
324,ee0c1cf2fbeae95205b4aa506f1469f0,1
324,ee406bf28024d97771c4b1e8b7e8e219,1
324,f4f67ccaece962d013a4e1d7dc3a61f7,1
324,f646af315b0f3a597f69213537ca2199,1
324,f7a17d2c51d9df89a4f1711c4ac17f33,1
324,fb7a100ec8c7b34f60cec22b1a9a10e0,2
325,060cb19345d90064d1015407193c233d,1
325,06edb72f1e0c64b14c5b79353f7abea3,3
325,0a4093a4af429dc0a9334300e5c13ae5,1
325,0aabfb375647d9738ad0f7b4ea3653b1,1
325,1491a8ff192d4b5c369b0eaa2fe33ee5,1
325,1dec4c88c685d5a07bf01dcb0f8bf9f8,1
325,2028bf1b01cafb2d2b1901fca4083222,4
325,2a5806f10d0f00e5ad032dd2e3c8806e,1
325,2b0ee2d07306f7c9ac55a43166e9bb4b,2
325,2b4609f8948be18874494203496bc318,1
325,368c6c730842d78016ad823897a372db,1
325,389d119b48cf3043d311335e499d9c6b,2
325,422879e10f46682990de24d770e7f83d,1
325,42a2c92a0979a949ca4ea89ec5c7b934,2
325,4c2394abfbac7ff59ec7a420918562fa,2
325,4ce9ab528124f89e091b17d11aa2e97c,1
325,5a848e4ab52fd5445cdc07aab1c40e48,3
325,5b3b5f9ae84ca9ead3138b199420cc94,3
325,5dee2c14e1989141e15d341d4c62d72a,1
325,617186c3d97ea56c9c683a8a3974e8c1,1
325,62d8daeee0db3a60c234c2d1bfd10651,1
325,6cc44821f36f3156c782da72dd634e47,1
325,704ef63ad0ac345842ea734060a83db2,1
325,71a5f1c2a5fd9889ef26b5ac22aec9c6,1
325,75d6b6963340c6063f7f4cfcccfe6a30,2
325,7b85e3deef35afd6ebed5461ee8f0641,1
325,7c1bd920dbdf22470b68bde975dd3ccf,1
325,7c4a8bec217df1de0df2b5aaf8175b65,1
325,7ce94ab189134e2d3c05f496d635419c,2
325,817e1c2d22418c36386406ccacfa53e8,1
325,87d780fa7d2cf3710aa02dc4ca8db985,1
325,8844bd4b8ca8f93603694ca2bceb77e9,5
325,8c591ab0ca519558779df02023177f44,1
325,94475071013412139f862c0bd7e3bb37,1
325,99a4788cb24856965c36a24e339b6058,1
325,9bb8ca338e5588c361e34eae02e8fad6,1
325,a237de12bdf0bfe4fe220bae65a89731,1
325,a4aa7c1427c31344e5f7cc3d839fe562,1
325,a62e25e09e05e6faf31d90c6ec1aa3d1,1
325,aca2eb7d00ea1a7b8ebd4e68314663af,1
325,b5e13c9a353102f79c6206ff5cb61a50,2
325,b623b7cb05ee3248fbe4a6ecbeed79a4,1
325,b99e4f4fa3f421e0ffbd512d9f152dec,1
325,bee2e070c39f3dd2f6883a17a5f0da45,1
325,c1f5307decb89342351bec53668cffd9,1
325,c3ba4e8d3cb30049213b682e751e9d00,1
325,c4baedd846ed09b85f78a781b522f126,1
325,c72edc98e7d77f0c4c04ec80730c05f5,1
325,c7b3cf9de7be95b3e09e7a63315685eb,1
325,d285360f29ac7fd97640bf0baef03de0,1
325,d678178aa4291cd25a755a90188375c8,2
325,dc404a1496a08f9f5540c8b5d4b92925,3
325,dfb97c88e066dc22165f31648efe1312,1
325,e282624d8c82e04983f125e167eb4521,1
325,e53e557d5a159f5aa2c5e995dfdf244b,1
325,eb8c629f70275fd1c4f809116cce1efc,1
325,f264c1d9b20b5e4a340254d0405e613b,1
325,f71f42e2381752836563b70beb542f80,1
325,fb55982be901439613a95940feefd9ee,3
325,fb7a100ec8c7b34f60cec22b1a9a10e0,1
326,11fd9d7ba552e1d28872e008acf1e050,1
326,186fe07c8b8005ec6a498587ffbc1352,1
326,22c5ddc22ea8cae84fc9917def682dc6,1
326,2b4609f8948be18874494203496bc318,2
326,362b773250263786dd58670d2df42c3b,5
326,368c6c730842d78016ad823897a372db,2
326,389d119b48cf3043d311335e499d9c6b,2
326,42a2c92a0979a949ca4ea89ec5c7b934,1
326,431d674f9a4fbd0957ecf6ba3fcb6899,1
326,44a34214a57dc373dcd80f54c919d006,1
326,461f43be3bdf8844e65b62d9ac2c7a5a,1
326,4914f8796af2ecd359fd8f44b9b92339,1
326,4c2394abfbac7ff59ec7a420918562fa,4
326,53b36df67ebb7c41585e8d54d6772e08,1
326,5411e9269501a870cabf632f05655131,1
326,595fac2a385ac33a80bd5114aec74eb8,1
326,5a848e4ab52fd5445cdc07aab1c40e48,2
326,5b3b5f9ae84ca9ead3138b199420cc94,1
326,5d66715cc928aadd0074f61332698593,2
326,617186c3d97ea56c9c683a8a3974e8c1,3
326,656e0eca68dcecf6a31b8ececfabe3e8,1
326,6cc44821f36f3156c782da72dd634e47,1
326,719d571299707561c34ba04ab867b32a,2
326,75d6b6963340c6063f7f4cfcccfe6a30,1
326,7a10781637204d8d10485c71a6108a2e,2
326,7b85e3deef35afd6ebed5461ee8f0641,1
326,7ce94ab189134e2d3c05f496d635419c,1
326,84f456958365164420cfc80fbe4c7fab,2
326,8aa6223e400af9c97b07c75993142721,1
326,8c591ab0ca519558779df02023177f44,1
326,99a4788cb24856965c36a24e339b6058,1
326,a42d9c825894f96fc6ed02610891454d,1
326,a6ad77b15e566298a4e8ee2011ab1255,1
326,a92930c327948861c015c919a0bcb4a8,1
326,aca2eb7d00ea1a7b8ebd4e68314663af,5
326,afeeea6271148ee1bb15173b8187c431,1
326,b1acb7e8152c90c9619897753a75c973,1
326,b5e13c9a353102f79c6206ff5cb61a50,1
326,b623b7cb05ee3248fbe4a6ecbeed79a4,1
326,bdb4be6ce2f7f2b5be0a16088028c7fc,1
326,c2ece64199af7a53793ed9612a89a8cd,1
326,c3097e07a0a5de0d4b4c836d90c5a284,1
326,c4baedd846ed09b85f78a781b522f126,1
326,d285360f29ac7fd97640bf0baef03de0,4
326,d696750e550fd0f733979dd7e5dff921,1
326,dc404a1496a08f9f5540c8b5d4b92925,1
326,dd0dcee76f9c12fff4bc0eb641d57c7f,1
326,e2bb00220a167d9e60b6776ac33717bc,1
326,e4d325bd1eea550509bdbbc5c3301fc1,1
326,e53e557d5a159f5aa2c5e995dfdf244b,1
326,e8316a4667e5870c85e906b1f062bde1,1
326,e9def91e99c8ecb7c5cef5e31506a056,2
326,f646af315b0f3a597f69213537ca2199,1
326,f71f42e2381752836563b70beb542f80,2
326,fe75529a267b76ac6e96f0c322a899a4,2
327,06edb72f1e0c64b14c5b79353f7abea3,1
327,0a4093a4af429dc0a9334300e5c13ae5,1
327,130482add9fd75ccb6c57ba007694a2d,1
327,165f86fe8b799a708a20ee4ba125c289,1
327,1ec486885049bbb9b79351d150ed18c4,1
327,2423252b2432f1803e4f29e0974c6cf7,1
327,2b4609f8948be18874494203496bc318,1
327,362b773250263786dd58670d2df42c3b,1
327,368c6c730842d78016ad823897a372db,2
327,389d119b48cf3043d311335e499d9c6b,1
327,422879e10f46682990de24d770e7f83d,1
327,42a2c92a0979a949ca4ea89ec5c7b934,2
327,4413a608a42bd21bbf9d5abbd58c249a,1
327,4520766ec412348b8d4caa5e8a18c464,1
327,4b96786612ebe7463132fce2c4dca136,1
327,4c2394abfbac7ff59ec7a420918562fa,3
327,52c80cedd4e90108bf4fa6a206ef6b03,1
327,53b36df67ebb7c41585e8d54d6772e08,1
327,595fac2a385ac33a80bd5114aec74eb8,1
327,5b3b5f9ae84ca9ead3138b199420cc94,1
327,6109d0cae3bcb57d579bc0fab6e61814,1
327,64fb265487de2238627ce43fe8a67efc,1
327,65266b2da20d04dbe00c5c2d3bb7859e,1
327,6a2909ac21d16b721e4795e7e8ff3e68,1
327,72d3bf1d3a790f8874096fcf860e3eff,2
327,84f456958365164420cfc80fbe4c7fab,1
327,8844bd4b8ca8f93603694ca2bceb77e9,1
327,94475071013412139f862c0bd7e3bb37,2
327,97017430754804328eb9597b7f85da03,1
327,98d61056e0568ba048e5d78038790e77,1
327,aca2eb7d00ea1a7b8ebd4e68314663af,1
327,afeeea6271148ee1bb15173b8187c431,1
327,b1acb7e8152c90c9619897753a75c973,1
327,b5e13c9a353102f79c6206ff5cb61a50,3
327,bee2e070c39f3dd2f6883a17a5f0da45,1
327,c72edc98e7d77f0c4c04ec80730c05f5,1
327,d04857e7b4b708ee8b8b9921163edba3,1
327,d04e48982547095af81c231c3d581cb6,1
327,d1c427060a0f73f6b889a5c7c61f2ac4,1
327,d2085f7e0f9533605386960fc7e987ec,4
327,e03102efbc2229024c89be731f0aedcb,1
327,e53e557d5a159f5aa2c5e995dfdf244b,2
327,e9def91e99c8ecb7c5cef5e31506a056,2
327,f4f67ccaece962d013a4e1d7dc3a61f7,1
327,f819f0c84a64f02d3a5606ca95edd272,1
327,f908d3bf313a1308bfb2a46ea2685347,1
328,017692475c1c954ff597feda05131d73,1
328,060cb19345d90064d1015407193c233d,1
328,11fd9d7ba552e1d28872e008acf1e050,1
328,130482add9fd75ccb6c57ba007694a2d,1
328,154e7e31ebfa092203795c972e5804a6,1
328,165f86fe8b799a708a20ee4ba125c289,2
328,1ec486885049bbb9b79351d150ed18c4,1
328,2423252b2432f1803e4f29e0974c6cf7,1
328,2a5806f10d0f00e5ad032dd2e3c8806e,1
328,2b4609f8948be18874494203496bc318,1
328,2ffdf10e724b958c0f7ea69e97d32f64,1
328,30ccf4724f5227265f837e9ba0246278,1
328,35afc973633aaeb6b877ff57b2793310,1
328,422879e10f46682990de24d770e7f83d,1
328,42a2c92a0979a949ca4ea89ec5c7b934,1
328,44a34214a57dc373dcd80f54c919d006,1
328,4520766ec412348b8d4caa5e8a18c464,1
328,4914f8796af2ecd359fd8f44b9b92339,1
328,4aa6014eceb682077f9dc4bffebc05b0,1
328,4c2394abfbac7ff59ec7a420918562fa,3
328,4fcb3d9a5f4871e8362dfedbdb02b064,1
328,53759a2ecddad2bb87a079a1f1519f73,3
328,5411e9269501a870cabf632f05655131,2
328,5a848e4ab52fd5445cdc07aab1c40e48,1
328,5b3b5f9ae84ca9ead3138b199420cc94,2
328,617186c3d97ea56c9c683a8a3974e8c1,1
328,6a8631b72a2f8729b91514db87e771c0,1
328,6cdd53843498f92890544667809f1595,1
328,73bcea88583002fe12b7399af4ae60da,1
328,75d6b6963340c6063f7f4cfcccfe6a30,1
328,764292b2b0f73f77a0272be03fdd45f3,1
328,7a10781637204d8d10485c71a6108a2e,3
328,87d780fa7d2cf3710aa02dc4ca8db985,2
328,8c591ab0ca519558779df02023177f44,1
328,94475071013412139f862c0bd7e3bb37,2
328,9545d45c37449ccbc376de3a04c66e71,1
328,99a4788cb24856965c36a24e339b6058,3
328,aca2eb7d00ea1a7b8ebd4e68314663af,1
328,afeeea6271148ee1bb15173b8187c431,4
328,b5e13c9a353102f79c6206ff5cb61a50,3
328,b623b7cb05ee3248fbe4a6ecbeed79a4,1
328,bb50f2e236e5eea0100680137654686c,1
328,bdc3291ab242ec1effc8eb0987850268,1
328,d017a2151d543a9885604dc62a3d9dcc,1
328,d285360f29ac7fd97640bf0baef03de0,1
328,e03102efbc2229024c89be731f0aedcb,1
328,e0d64dcfaa3b6db5c54ca298ae101d05,1
328,ea44caac707f7f1325182a538007f838,1
328,ec2d43cc59763ec91694573b31f1c29a,1
328,ee0c1cf2fbeae95205b4aa506f1469f0,2
328,f4f67ccaece962d013a4e1d7dc3a61f7,1
328,f6fa93875f4a7dac03e0a22143f4d815,1
328,fbc1488c1a1e72ba175f53ab29a248e8,1
328,fc1d8637c0268af3db482c14b7ef8e75,1
329,08574b074924071f4e201e151b152b4e,1
329,0a57f7d2c983bcf8188589a5fea4a8da,1
329,0bcc3eeca39e1064258aa1e932269894,1
329,154e7e31ebfa092203795c972e5804a6,1
329,165f86fe8b799a708a20ee4ba125c289,1
329,2028bf1b01cafb2d2b1901fca4083222,1
329,22c5ddc22ea8cae84fc9917def682dc6,1
329,2423252b2432f1803e4f29e0974c6cf7,2
329,2b0ee2d07306f7c9ac55a43166e9bb4b,3
329,30ac6df06dc59ad72cf2f158fc2d904c,1
329,3225c54bb2785c33f49f50398fcdb88c,1
329,368c6c730842d78016ad823897a372db,1
329,389d119b48cf3043d311335e499d9c6b,5
329,422879e10f46682990de24d770e7f83d,4
329,42a2c92a0979a949ca4ea89ec5c7b934,1
329,431d674f9a4fbd0957ecf6ba3fcb6899,2
329,4413a608a42bd21bbf9d5abbd58c249a,3
329,474bb6b54fc608ca71059a6c4f7ecda3,1
329,4b96786612ebe7463132fce2c4dca136,2
329,4c2394abfbac7ff59ec7a420918562fa,2
329,4cac1a12a6fe9ffba4a9556dbe582e28,1
329,4ce9ab528124f89e091b17d11aa2e97c,1
329,4fcb3d9a5f4871e8362dfedbdb02b064,2
329,52c80cedd4e90108bf4fa6a206ef6b03,2
329,53759a2ecddad2bb87a079a1f1519f73,2
329,53b36df67ebb7c41585e8d54d6772e08,1
329,57e089e3103f5cda6a4ce23b77399bdb,1
329,5a848e4ab52fd5445cdc07aab1c40e48,2
329,64fb265487de2238627ce43fe8a67efc,1
329,657247f6f60543b93e3cc708a8e6329c,1
329,72d3bf1d3a790f8874096fcf860e3eff,2
329,75d6b6963340c6063f7f4cfcccfe6a30,2
329,764292b2b0f73f77a0272be03fdd45f3,1
329,76d1a1a9d21ab677a61c3ae34b1b352f,2
329,79366d6a24de9351b7ca6e3cf75a68ec,1
329,7a10781637204d8d10485c71a6108a2e,1
329,7b85e3deef35afd6ebed5461ee8f0641,1
329,7c1bd920dbdf22470b68bde975dd3ccf,2
329,7f72a8900b3d2fc8fa2635b7836d6e6e,2
329,8c591ab0ca519558779df02023177f44,1
329,9545d45c37449ccbc376de3a04c66e71,1
329,97017430754804328eb9597b7f85da03,1
329,99a4788cb24856965c36a24e339b6058,3
329,a4aa7c1427c31344e5f7cc3d839fe562,3
329,a5341e3f8155dbb3e62323d3ea289729,1
329,aca2eb7d00ea1a7b8ebd4e68314663af,1
329,ace5d86cf1ac63cdb76f49e5cd23d2f8,1
329,b5e13c9a353102f79c6206ff5cb61a50,4
329,b60856ce32d90658dbf99b9485327c25,1
329,bdc3291ab242ec1effc8eb0987850268,2
329,bee2e070c39f3dd2f6883a17a5f0da45,3
329,c1f5307decb89342351bec53668cffd9,1
329,c4baedd846ed09b85f78a781b522f126,1
329,c5b72065154ec27c2d1ed8a654c3348f,1
329,c8cfa622661e047ea2499f8bce4731a5,1
329,cc5447118c174dcc6456c84ccb29e6f7,1
329,ccadfeab525a9eb1569983b66e5075c4,1
329,d04e48982547095af81c231c3d581cb6,1
329,d1c427060a0f73f6b889a5c7c61f2ac4,1
329,d285360f29ac7fd97640bf0baef03de0,1
329,e0d64dcfaa3b6db5c54ca298ae101d05,1
329,e53e557d5a159f5aa2c5e995dfdf244b,1
329,e9def91e99c8ecb7c5cef5e31506a056,1
329,ee406bf28024d97771c4b1e8b7e8e219,1
329,f1fe595ee7ef768b41bd9b246d13432d,1
329,f39a8b27ce90ac582103bf36f09690dd,1
329,f4f67ccaece962d013a4e1d7dc3a61f7,2
329,f646af315b0f3a597f69213537ca2199,2
329,f819f0c84a64f02d3a5606ca95edd272,1
329,fb55982be901439613a95940feefd9ee,4
330,06edb72f1e0c64b14c5b79353f7abea3,2
330,0bcc3eeca39e1064258aa1e932269894,1
330,154e7e31ebfa092203795c972e5804a6,2
330,165f86fe8b799a708a20ee4ba125c289,3
330,19421075ae0b585f2dc13ff149e2119d,3
330,1a080577618e7fe4d9ddd8fb2b47a964,1
330,1ec486885049bbb9b79351d150ed18c4,2
330,2a5806f10d0f00e5ad032dd2e3c8806e,1
330,30ccf4724f5227265f837e9ba0246278,1
330,362b773250263786dd58670d2df42c3b,3
330,36f60d45225e60c7da4558b070ce4b60,1
330,389d119b48cf3043d311335e499d9c6b,1
330,3eef0cb94ba82de806bb30ab743c7655,1
330,422879e10f46682990de24d770e7f83d,1
330,42a2c92a0979a949ca4ea89ec5c7b934,1
330,4413a608a42bd21bbf9d5abbd58c249a,1
330,461f43be3bdf8844e65b62d9ac2c7a5a,1
330,4ce9ab528124f89e091b17d11aa2e97c,1
330,52c80cedd4e90108bf4fa6a206ef6b03,2
330,53759a2ecddad2bb87a079a1f1519f73,1
330,595fac2a385ac33a80bd5114aec74eb8,1
330,5a848e4ab52fd5445cdc07aab1c40e48,2
330,5b3b5f9ae84ca9ead3138b199420cc94,1
330,5f504b3a1c75b73d6151be81eb05bdc9,1
330,601a360bd2a916ecef0e88de72a6531a,1
330,617186c3d97ea56c9c683a8a3974e8c1,1
330,629e019a6f298a83aeecc7877964f935,1
330,63de2743d05ab59d85caa49e49459ac1,1
330,68a058d125ba1544e726898f0b8c0523,1
330,72d3bf1d3a790f8874096fcf860e3eff,1
330,78efe838c04bbc568be034082200ac20,1
330,84f456958365164420cfc80fbe4c7fab,1
330,8844bd4b8ca8f93603694ca2bceb77e9,2
330,99f265229d46f700208ad7cb1ff48aae,1
330,a5341e3f8155dbb3e62323d3ea289729,1
330,a62e25e09e05e6faf31d90c6ec1aa3d1,2
330,aca2eb7d00ea1a7b8ebd4e68314663af,2
330,b5e13c9a353102f79c6206ff5cb61a50,1
330,b623b7cb05ee3248fbe4a6ecbeed79a4,2
330,c4baedd846ed09b85f78a781b522f126,1
330,cac9e5692471a0700418aa3400b9b2b1,1
330,d017a2151d543a9885604dc62a3d9dcc,1
330,d1c427060a0f73f6b889a5c7c61f2ac4,1
330,d2085f7e0f9533605386960fc7e987ec,1
330,d285360f29ac7fd97640bf0baef03de0,1
330,d692d19cee022f7acab76373f297ad6a,1
330,d696750e550fd0f733979dd7e5dff921,1
330,d7d5562fce331ad958ca6f57057b3526,1
330,dc404a1496a08f9f5540c8b5d4b92925,1
330,e0cf79767c5b016251fe139915c59a26,1
330,e4d325bd1eea550509bdbbc5c3301fc1,2
330,e53e557d5a159f5aa2c5e995dfdf244b,1
330,e8316a4667e5870c85e906b1f062bde1,1
330,ec2d43cc59763ec91694573b31f1c29a,1
330,ee0c1cf2fbeae95205b4aa506f1469f0,1
330,f39a8b27ce90ac582103bf36f09690dd,2
331,08574b074924071f4e201e151b152b4e,4
331,154e7e31ebfa092203795c972e5804a6,1
331,1600dcf1cea8c0c83702e07b577ab231,1
331,165f86fe8b799a708a20ee4ba125c289,1
331,1dec4c88c685d5a07bf01dcb0f8bf9f8,1
331,2028bf1b01cafb2d2b1901fca4083222,1
331,2423252b2432f1803e4f29e0974c6cf7,2
331,2b4609f8948be18874494203496bc318,1
331,389d119b48cf3043d311335e499d9c6b,1
331,42a2c92a0979a949ca4ea89ec5c7b934,1
331,4520766ec412348b8d4caa5e8a18c464,1
331,4b96786612ebe7463132fce2c4dca136,1
331,4c2394abfbac7ff59ec7a420918562fa,3
331,4cac1a12a6fe9ffba4a9556dbe582e28,1
331,4fcb3d9a5f4871e8362dfedbdb02b064,1
331,52c80cedd4e90108bf4fa6a206ef6b03,1
331,53759a2ecddad2bb87a079a1f1519f73,2
331,5411e9269501a870cabf632f05655131,1
331,57d79905de06d8897872c551bfd09358,1
331,595fac2a385ac33a80bd5114aec74eb8,1
331,5a848e4ab52fd5445cdc07aab1c40e48,1
331,5b3b5f9ae84ca9ead3138b199420cc94,1
331,5f504b3a1c75b73d6151be81eb05bdc9,1
331,617186c3d97ea56c9c683a8a3974e8c1,1
331,6a8631b72a2f8729b91514db87e771c0,1
331,6cc44821f36f3156c782da72dd634e47,1
331,719d571299707561c34ba04ab867b32a,1
331,75d6b6963340c6063f7f4cfcccfe6a30,2
331,7c1bd920dbdf22470b68bde975dd3ccf,1
331,7ce94ab189134e2d3c05f496d635419c,1
331,82e4ad16521ca131d95e198d507db370,1
331,89321f94e35fc6d7903d36f74e351d40,1
331,8c292ca193d326152e335d77176746f0,2
331,8c591ab0ca519558779df02023177f44,3
331,99a4788cb24856965c36a24e339b6058,3
331,99f265229d46f700208ad7cb1ff48aae,1
331,aca2eb7d00ea1a7b8ebd4e68314663af,5
331,ad88641611c35ebd59ecda07a9f17099,1
331,afeeea6271148ee1bb15173b8187c431,2
331,b1d207586fca400a2370d50a9ba1da98,1
331,b5e13c9a353102f79c6206ff5cb61a50,1
331,b623b7cb05ee3248fbe4a6ecbeed79a4,6
331,b8b426747049f2d3d6e00b486d47dedb,1
331,bd6e6fce9ada76ea2db0f1912e8e478f,1
331,bdb4be6ce2f7f2b5be0a16088028c7fc,1
331,bdc3291ab242ec1effc8eb0987850268,3
331,c4baedd846ed09b85f78a781b522f126,1
331,cadb69af336c16aba5c5223599821245,1
331,cd48f265a63e13b762601f5f794c5fca,1
331,ec2d43cc59763ec91694573b31f1c29a,1
331,ee0c1cf2fbeae95205b4aa506f1469f0,2
331,ee406bf28024d97771c4b1e8b7e8e219,1
331,f71f42e2381752836563b70beb542f80,1
331,f819f0c84a64f02d3a5606ca95edd272,1
331,fb55982be901439613a95940feefd9ee,1
331,fe9dfbe7f974621789683b7b78be2a16,1
332,036734b5a58d5d4f46b0616ddc047ced,1
332,0a4093a4af429dc0a9334300e5c13ae5,1
332,19421075ae0b585f2dc13ff149e2119d,1
332,1dec4c88c685d5a07bf01dcb0f8bf9f8,1
332,2028bf1b01cafb2d2b1901fca4083222,1
332,24c66f106f642621e524291a895c9032,1
332,2b4609f8948be18874494203496bc318,3
332,362b773250263786dd58670d2df42c3b,1
332,368c6c730842d78016ad823897a372db,3
332,389d119b48cf3043d311335e499d9c6b,1
332,422879e10f46682990de24d770e7f83d,1
332,4914f8796af2ecd359fd8f44b9b92339,1
332,4c2394abfbac7ff59ec7a420918562fa,2
332,4ce9ab528124f89e091b17d11aa2e97c,1
332,52c80cedd4e90108bf4fa6a206ef6b03,1
332,53759a2ecddad2bb87a079a1f1519f73,2
332,5403528d987ad26e8d7cb25940411987,1
332,5411e9269501a870cabf632f05655131,1
332,595fac2a385ac33a80bd5114aec74eb8,1
332,5b3b5f9ae84ca9ead3138b199420cc94,1
332,5d66715cc928aadd0074f61332698593,1
332,65266b2da20d04dbe00c5c2d3bb7859e,1
332,679a3e5e1d2bb68982be5734c6e55e63,1
332,6a2909ac21d16b721e4795e7e8ff3e68,1
332,7fb04722aba7a2b632bac8f9819796f3,1
332,82e4ad16521ca131d95e198d507db370,1
332,87a71ae93900ab55fcf685c8040769b3,3
332,8c292ca193d326152e335d77176746f0,1
332,8c591ab0ca519558779df02023177f44,3
332,99f265229d46f700208ad7cb1ff48aae,3
332,a62e25e09e05e6faf31d90c6ec1aa3d1,2
332,a9516a079e37a9c9c36b9b78b10169e8,1
332,aca2eb7d00ea1a7b8ebd4e68314663af,3
332,b1acb7e8152c90c9619897753a75c973,1
332,b1d207586fca400a2370d50a9ba1da98,1
332,b623b7cb05ee3248fbe4a6ecbeed79a4,15
332,bb50f2e236e5eea0100680137654686c,1
332,bdb4be6ce2f7f2b5be0a16088028c7fc,1
332,bdc3291ab242ec1effc8eb0987850268,3
332,c4baedd846ed09b85f78a781b522f126,1
332,c8cfa622661e047ea2499f8bce4731a5,1
332,cac9e5692471a0700418aa3400b9b2b1,2
332,cadb69af336c16aba5c5223599821245,2
332,d1c427060a0f73f6b889a5c7c61f2ac4,2
332,dc52f0f5d3ec37a93eaf956cde4e5d2c,1
332,e0cf79767c5b016251fe139915c59a26,1
332,e9def91e99c8ecb7c5cef5e31506a056,1
332,ee0c1cf2fbeae95205b4aa506f1469f0,1
332,f264c1d9b20b5e4a340254d0405e613b,1
332,fe6a9515d655fa7936b8a7c841039f34,1
333,0cf41187284d7f099adc8415a743ebbd,1
333,154e7e31ebfa092203795c972e5804a6,2
333,165f86fe8b799a708a20ee4ba125c289,6
333,19421075ae0b585f2dc13ff149e2119d,1
333,1dec4c88c685d5a07bf01dcb0f8bf9f8,2
333,2136c70bbe723d338fab53da3c03e6dc,2
333,24c66f106f642621e524291a895c9032,1
333,362b773250263786dd58670d2df42c3b,1
333,368c6c730842d78016ad823897a372db,1
333,3eef0cb94ba82de806bb30ab743c7655,2
333,422879e10f46682990de24d770e7f83d,1
333,42a2c92a0979a949ca4ea89ec5c7b934,1
333,4520766ec412348b8d4caa5e8a18c464,1
333,4c2394abfbac7ff59ec7a420918562fa,1
333,4cc8bfa581f41841ce5e24aba773a44a,1
333,4fcb3d9a5f4871e8362dfedbdb02b064,1
333,52c80cedd4e90108bf4fa6a206ef6b03,1
333,53759a2ecddad2bb87a079a1f1519f73,2
333,5a848e4ab52fd5445cdc07aab1c40e48,2
333,6109d0cae3bcb57d579bc0fab6e61814,1
333,617186c3d97ea56c9c683a8a3974e8c1,1
333,65266b2da20d04dbe00c5c2d3bb7859e,2
333,679a3e5e1d2bb68982be5734c6e55e63,1
333,719d571299707561c34ba04ab867b32a,1
333,75c06ee06b201f9b6301d2b5e72993f8,1
333,7c1bd920dbdf22470b68bde975dd3ccf,1
333,7ce94ab189134e2d3c05f496d635419c,1
333,82e4ad16521ca131d95e198d507db370,1
333,8c292ca193d326152e335d77176746f0,1
333,8c591ab0ca519558779df02023177f44,2
333,99f265229d46f700208ad7cb1ff48aae,1
333,9ad75bd7267e5c724cb42c71ac56ca72,1
333,a50acd33ba7a8da8e9db65094fa990a4,2
333,a92930c327948861c015c919a0bcb4a8,2
333,aca2eb7d00ea1a7b8ebd4e68314663af,2
333,b60856ce32d90658dbf99b9485327c25,2
333,b623b7cb05ee3248fbe4a6ecbeed79a4,2
333,bdc3291ab242ec1effc8eb0987850268,2
333,c4baedd846ed09b85f78a781b522f126,1
333,cac9e5692471a0700418aa3400b9b2b1,1
333,cc5447118c174dcc6456c84ccb29e6f7,1
333,cd48f265a63e13b762601f5f794c5fca,1
333,d017a2151d543a9885604dc62a3d9dcc,1
333,e44f675b60b3a3a2453ec36421e06f0f,2
333,ee406bf28024d97771c4b1e8b7e8e219,1
333,f35927953ed82e19d06ad3aac2f06353,1
333,fbc1488c1a1e72ba175f53ab29a248e8,1
333,fe6a9515d655fa7936b8a7c841039f34,1
333,fe9dfbe7f974621789683b7b78be2a16,1
334,08574b074924071f4e201e151b152b4e,1
334,0a57f7d2c983bcf8188589a5fea4a8da,1
334,0bcc3eeca39e1064258aa1e932269894,2
334,154e7e31ebfa092203795c972e5804a6,1
334,165f86fe8b799a708a20ee4ba125c289,3
334,1dec4c88c685d5a07bf01dcb0f8bf9f8,1
334,2028bf1b01cafb2d2b1901fca4083222,1
334,24c66f106f642621e524291a895c9032,2
334,25e2023ed83352bde98dc1490d14c3d8,1
334,362b773250263786dd58670d2df42c3b,2
334,368c6c730842d78016ad823897a372db,1
334,389d119b48cf3043d311335e499d9c6b,1
334,404a57563d487aecbc2b1a01d9b89aab,1
334,422879e10f46682990de24d770e7f83d,1
334,4c2394abfbac7ff59ec7a420918562fa,1
334,542b3d80712d51eefe3a3cd1c5f4e8fe,2
334,57d79905de06d8897872c551bfd09358,1
334,5a848e4ab52fd5445cdc07aab1c40e48,3
334,5b3b5f9ae84ca9ead3138b199420cc94,1
334,6bbe55cf8f85c87b6eebb775a53402f4,1
334,73bcea88583002fe12b7399af4ae60da,2
334,7ce94ab189134e2d3c05f496d635419c,2
334,84f456958365164420cfc80fbe4c7fab,1
334,ad88641611c35ebd59ecda07a9f17099,1
334,afeeea6271148ee1bb15173b8187c431,2
334,b623b7cb05ee3248fbe4a6ecbeed79a4,1
334,bb50f2e236e5eea0100680137654686c,1
334,bd6e6fce9ada76ea2db0f1912e8e478f,1
334,c1f5307decb89342351bec53668cffd9,1
334,cc5447118c174dcc6456c84ccb29e6f7,1
334,cc971e0365873137b8bef2ebad633e6f,1
334,d017a2151d543a9885604dc62a3d9dcc,1
334,d1c427060a0f73f6b889a5c7c61f2ac4,2
334,e44f675b60b3a3a2453ec36421e06f0f,2
334,e9def91e99c8ecb7c5cef5e31506a056,1
334,ee0c1cf2fbeae95205b4aa506f1469f0,1
334,fb55982be901439613a95940feefd9ee,2
334,fbc1488c1a1e72ba175f53ab29a248e8,1
335,130482add9fd75ccb6c57ba007694a2d,1
335,154e7e31ebfa092203795c972e5804a6,1
335,165f86fe8b799a708a20ee4ba125c289,1
335,167b4b8c4bd0c401bea62f5e050d70a4,1
335,2028bf1b01cafb2d2b1901fca4083222,2
335,362b773250263786dd58670d2df42c3b,1
335,380b4664ba5bb18cc9db78ee6bac3558,1
335,389d119b48cf3043d311335e499d9c6b,1
335,422879e10f46682990de24d770e7f83d,3
335,44a34214a57dc373dcd80f54c919d006,1
335,4aa6014eceb682077f9dc4bffebc05b0,1
335,4fcb3d9a5f4871e8362dfedbdb02b064,1
335,53759a2ecddad2bb87a079a1f1519f73,5
335,5a848e4ab52fd5445cdc07aab1c40e48,1
335,601a360bd2a916ecef0e88de72a6531a,1
335,629e019a6f298a83aeecc7877964f935,2
335,657247f6f60543b93e3cc708a8e6329c,1
335,68a058d125ba1544e726898f0b8c0523,1
335,6a8631b72a2f8729b91514db87e771c0,1
335,6bbe55cf8f85c87b6eebb775a53402f4,2
335,777d2e438a1b645f3aec9bd57e92672c,1
335,7a10781637204d8d10485c71a6108a2e,1
335,82e4ad16521ca131d95e198d507db370,1
335,8317b177579dd27ff068b83205e2169b,1
335,8c292ca193d326152e335d77176746f0,1
335,8c591ab0ca519558779df02023177f44,3
335,97017430754804328eb9597b7f85da03,2
335,99f265229d46f700208ad7cb1ff48aae,1
335,9bb8ca338e5588c361e34eae02e8fad6,1
335,9d8a0e115e802d845b4ce1eb794d1260,2
335,a42d9c825894f96fc6ed02610891454d,2
335,ab1f9387c0627dd24000bfbc54fdeee0,1
335,aca2eb7d00ea1a7b8ebd4e68314663af,1
335,af51d485dc5255ba2e18b21b550156e6,1
335,afeeea6271148ee1bb15173b8187c431,2
335,b1d207586fca400a2370d50a9ba1da98,1
335,bd6e6fce9ada76ea2db0f1912e8e478f,2
335,bdb4be6ce2f7f2b5be0a16088028c7fc,1
335,ccadfeab525a9eb1569983b66e5075c4,1
335,d1c427060a0f73f6b889a5c7c61f2ac4,1
335,e53e557d5a159f5aa2c5e995dfdf244b,1
335,e9def91e99c8ecb7c5cef5e31506a056,2
335,ee0c1cf2fbeae95205b4aa506f1469f0,1
335,f39a8b27ce90ac582103bf36f09690dd,1
335,f908d3bf313a1308bfb2a46ea2685347,1
335,fc1d8637c0268af3db482c14b7ef8e75,1
335,fe6a9515d655fa7936b8a7c841039f34,1
336,08574b074924071f4e201e151b152b4e,1
336,0aabfb375647d9738ad0f7b4ea3653b1,1
336,0bcc3eeca39e1064258aa1e932269894,1
336,19421075ae0b585f2dc13ff149e2119d,1
336,1dec4c88c685d5a07bf01dcb0f8bf9f8,1
336,2028bf1b01cafb2d2b1901fca4083222,5
336,2136c70bbe723d338fab53da3c03e6dc,1
336,2423252b2432f1803e4f29e0974c6cf7,2
336,24c66f106f642621e524291a895c9032,1
336,25c38557cf793876c5abdd5931f922db,1
336,25e2023ed83352bde98dc1490d14c3d8,5
336,29427de7f8a9ee983d9dbc51cec569b4,1
336,3225c54bb2785c33f49f50398fcdb88c,1
336,368c6c730842d78016ad823897a372db,1
336,422879e10f46682990de24d770e7f83d,2
336,4914f8796af2ecd359fd8f44b9b92339,2
336,4aa6014eceb682077f9dc4bffebc05b0,1
336,4c2394abfbac7ff59ec7a420918562fa,2
336,4cc8bfa581f41841ce5e24aba773a44a,1
336,53ea9da485f6aed8a6f03a85831fe021,1
336,5411e9269501a870cabf632f05655131,1
336,542b3d80712d51eefe3a3cd1c5f4e8fe,1
336,57d79905de06d8897872c551bfd09358,1
336,5a848e4ab52fd5445cdc07aab1c40e48,2
336,5b226d7c52f86ac72457617f78cff95d,2
336,5d66715cc928aadd0074f61332698593,1
336,6cdd53843498f92890544667809f1595,2
336,72d3bf1d3a790f8874096fcf860e3eff,1
336,73bcea88583002fe12b7399af4ae60da,1
336,764292b2b0f73f77a0272be03fdd45f3,1
336,7a10781637204d8d10485c71a6108a2e,4
336,7c1bd920dbdf22470b68bde975dd3ccf,2
336,7f72a8900b3d2fc8fa2635b7836d6e6e,2
336,8317b177579dd27ff068b83205e2169b,3
336,94475071013412139f862c0bd7e3bb37,1
336,99a4788cb24856965c36a24e339b6058,1
336,9b9d1c4bd979b93c138044e032f99780,1
336,a62e25e09e05e6faf31d90c6ec1aa3d1,1
336,aca2eb7d00ea1a7b8ebd4e68314663af,1
336,ace5d86cf1ac63cdb76f49e5cd23d2f8,1
336,b92a7304ebad1ca5b393b53b2de5c70a,1
336,bb50f2e236e5eea0100680137654686c,1
336,bdc3291ab242ec1effc8eb0987850268,1
336,c72edc98e7d77f0c4c04ec80730c05f5,1
336,cc971e0365873137b8bef2ebad633e6f,1
336,ccadfeab525a9eb1569983b66e5075c4,1
336,dca8cbb1c9d8a2db0fbc0c36b8d1a7bc,1
336,dfb97c88e066dc22165f31648efe1312,2
336,e0d64dcfaa3b6db5c54ca298ae101d05,1
336,e44f675b60b3a3a2453ec36421e06f0f,1
336,e4d325bd1eea550509bdbbc5c3301fc1,1
336,ee0c1cf2fbeae95205b4aa506f1469f0,1
336,f40876e0ef3cd5f9132b1f16b04b1346,3
336,fb55982be901439613a95940feefd9ee,3
337,08574b074924071f4e201e151b152b4e,1
337,0a57f7d2c983bcf8188589a5fea4a8da,1
337,0aabfb375647d9738ad0f7b4ea3653b1,1
337,18b0e642cbae7251e60a64aa07dd9eb9,1
337,1a080577618e7fe4d9ddd8fb2b47a964,1
337,2028bf1b01cafb2d2b1901fca4083222,2
337,24c66f106f642621e524291a895c9032,1
337,25e2023ed83352bde98dc1490d14c3d8,3
337,2b4609f8948be18874494203496bc318,1
337,362b773250263786dd58670d2df42c3b,3
337,368c6c730842d78016ad823897a372db,1
337,380b4664ba5bb18cc9db78ee6bac3558,1
337,42a2c92a0979a949ca4ea89ec5c7b934,2
337,4c2394abfbac7ff59ec7a420918562fa,2
337,4fcb3d9a5f4871e8362dfedbdb02b064,2
337,50fd2b788dc166edd20512370dac54df,2
337,53759a2ecddad2bb87a079a1f1519f73,1
337,53b36df67ebb7c41585e8d54d6772e08,1
337,553e0e7590d3116a072507a3635d2877,1
337,566a4f2c4385f36d15c00dfcaae132d1,1
337,569ffd16f8032478cbeb9800f2e94ba0,1
337,595fac2a385ac33a80bd5114aec74eb8,2
337,5a848e4ab52fd5445cdc07aab1c40e48,1
337,5b3b5f9ae84ca9ead3138b199420cc94,1
337,6a2909ac21d16b721e4795e7e8ff3e68,1
337,6a8631b72a2f8729b91514db87e771c0,1
337,6c3effec7c8ddba466d4f03f982c7aa3,2
337,704ef63ad0ac345842ea734060a83db2,2
337,719d571299707561c34ba04ab867b32a,1
337,71a5f1c2a5fd9889ef26b5ac22aec9c6,1
337,72d3bf1d3a790f8874096fcf860e3eff,1
337,75d6b6963340c6063f7f4cfcccfe6a30,1
337,79366d6a24de9351b7ca6e3cf75a68ec,1
337,7a10781637204d8d10485c71a6108a2e,3
337,7ce94ab189134e2d3c05f496d635419c,2
337,7f064525eaaa1ce9d22c085f7ff5413a,1
337,817e1c2d22418c36386406ccacfa53e8,1
337,87d780fa7d2cf3710aa02dc4ca8db985,1
337,8c292ca193d326152e335d77176746f0,3
337,9bb8ca338e5588c361e34eae02e8fad6,1
337,a62e25e09e05e6faf31d90c6ec1aa3d1,3
337,aadff88486740e0b0ebe2be6c09476ae,1
337,aba86c093ccdbac75b09111d57e50004,1
337,aca2eb7d00ea1a7b8ebd4e68314663af,4
337,afeeea6271148ee1bb15173b8187c431,1
337,bdb4be6ce2f7f2b5be0a16088028c7fc,2
337,bdc3291ab242ec1effc8eb0987850268,2
337,c3ba4e8d3cb30049213b682e751e9d00,3
337,c403e106353e1aa40efe783ecb39ed7a,1
337,c6dd917a0be2a704582055949915ab32,2
337,cc5447118c174dcc6456c84ccb29e6f7,1
337,ce6f74096c84567f22728c84f3d6e7fc,1
337,d696750e550fd0f733979dd7e5dff921,1
337,dc52f0f5d3ec37a93eaf956cde4e5d2c,2
337,dd0dcee76f9c12fff4bc0eb641d57c7f,1
337,dfb97c88e066dc22165f31648efe1312,1
337,e9def91e99c8ecb7c5cef5e31506a056,1
337,f35927953ed82e19d06ad3aac2f06353,1
337,f40876e0ef3cd5f9132b1f16b04b1346,1
337,f908d3bf313a1308bfb2a46ea2685347,1
337,fb55982be901439613a95940feefd9ee,1
337,fb7a100ec8c7b34f60cec22b1a9a10e0,1
338,154e7e31ebfa092203795c972e5804a6,2
338,24c66f106f642621e524291a895c9032,2
338,25e2023ed83352bde98dc1490d14c3d8,3
338,2b4609f8948be18874494203496bc318,1
338,30469bb5ea377eae7121981e2f0778e4,1
338,3225c54bb2785c33f49f50398fcdb88c,1
338,362b773250263786dd58670d2df42c3b,1
338,422879e10f46682990de24d770e7f83d,16
338,42a2c92a0979a949ca4ea89ec5c7b934,1
338,44a34214a57dc373dcd80f54c919d006,6
338,4520766ec412348b8d4caa5e8a18c464,1
338,4914f8796af2ecd359fd8f44b9b92339,1
338,4b96786612ebe7463132fce2c4dca136,3
338,4c2394abfbac7ff59ec7a420918562fa,3
338,4ce9ab528124f89e091b17d11aa2e97c,1
338,53759a2ecddad2bb87a079a1f1519f73,5
338,542b3d80712d51eefe3a3cd1c5f4e8fe,1
338,595fac2a385ac33a80bd5114aec74eb8,1
338,629e019a6f298a83aeecc7877964f935,1
338,6cdd53843498f92890544667809f1595,3
338,704ef63ad0ac345842ea734060a83db2,2
338,73bcea88583002fe12b7399af4ae60da,1
338,76d1a1a9d21ab677a61c3ae34b1b352f,1
338,781afe929e3016a667f5f439afd55fce,1
338,7a10781637204d8d10485c71a6108a2e,4
338,7ce94ab189134e2d3c05f496d635419c,1
338,8317b177579dd27ff068b83205e2169b,1
338,8844bd4b8ca8f93603694ca2bceb77e9,2
338,8aa6223e400af9c97b07c75993142721,1
338,8c292ca193d326152e335d77176746f0,1
338,93c902b021a9e594f658ab1b0351602a,1
338,9bb8ca338e5588c361e34eae02e8fad6,1
338,a62e25e09e05e6faf31d90c6ec1aa3d1,1
338,aca2eb7d00ea1a7b8ebd4e68314663af,1
338,b1d207586fca400a2370d50a9ba1da98,1
338,bb50f2e236e5eea0100680137654686c,1
338,bdc3291ab242ec1effc8eb0987850268,1
338,c211ff3068fcd2f8898192976d8b3a32,1
338,c4baedd846ed09b85f78a781b522f126,2
338,ce6f74096c84567f22728c84f3d6e7fc,1
338,d04857e7b4b708ee8b8b9921163edba3,1
338,d1c427060a0f73f6b889a5c7c61f2ac4,2
338,e0cf79767c5b016251fe139915c59a26,1
338,e44f675b60b3a3a2453ec36421e06f0f,1
338,f2e53dd1670f3c376518263b3f71424d,1
338,fb55982be901439613a95940feefd9ee,2
338,fe01b643060a6446e59f58e3021e66b3,3
339,036734b5a58d5d4f46b0616ddc047ced,1
339,0aabfb375647d9738ad0f7b4ea3653b1,1
339,130482add9fd75ccb6c57ba007694a2d,1
339,1a758361b1c10b3ffe3d3373332de319,1
339,1dec4c88c685d5a07bf01dcb0f8bf9f8,3
339,2028bf1b01cafb2d2b1901fca4083222,1
339,2136c70bbe723d338fab53da3c03e6dc,1
339,24c66f106f642621e524291a895c9032,3
339,2b4609f8948be18874494203496bc318,1
339,368c6c730842d78016ad823897a372db,5
339,389d119b48cf3043d311335e499d9c6b,3
339,4413a608a42bd21bbf9d5abbd58c249a,3
339,4c2394abfbac7ff59ec7a420918562fa,1
339,4cac1a12a6fe9ffba4a9556dbe582e28,1
339,5411e9269501a870cabf632f05655131,2
339,617186c3d97ea56c9c683a8a3974e8c1,1
339,629e019a6f298a83aeecc7877964f935,1
339,6bbe55cf8f85c87b6eebb775a53402f4,1
339,6c3effec7c8ddba466d4f03f982c7aa3,2
339,6cdd53843498f92890544667809f1595,1
339,72d3bf1d3a790f8874096fcf860e3eff,1
339,7340a3839a1de1e99d149b8cf052a2ec,1
339,75d6b6963340c6063f7f4cfcccfe6a30,3
339,764292b2b0f73f77a0272be03fdd45f3,1
339,7ce94ab189134e2d3c05f496d635419c,2
339,7f72a8900b3d2fc8fa2635b7836d6e6e,1
339,87d780fa7d2cf3710aa02dc4ca8db985,2
339,97017430754804328eb9597b7f85da03,1
339,98a8c2fa16d7239c606640f5555768e4,1
339,aca2eb7d00ea1a7b8ebd4e68314663af,1
339,b60856ce32d90658dbf99b9485327c25,1
339,c4baedd846ed09b85f78a781b522f126,1
339,c6dd917a0be2a704582055949915ab32,1
339,cc5447118c174dcc6456c84ccb29e6f7,1
339,db5efde3ad0cc579b130d71c4b2db522,1
339,dc52f0f5d3ec37a93eaf956cde4e5d2c,1
339,e0d64dcfaa3b6db5c54ca298ae101d05,1
339,e44f675b60b3a3a2453ec36421e06f0f,1
339,ec2d43cc59763ec91694573b31f1c29a,1
339,f264c1d9b20b5e4a340254d0405e613b,1
339,f9259c9e7c0f12c70f7a81409680a5ff,1
339,fb7a100ec8c7b34f60cec22b1a9a10e0,1
339,fe01b643060a6446e59f58e3021e66b3,2
340,036734b5a58d5d4f46b0616ddc047ced,1
340,0aabfb375647d9738ad0f7b4ea3653b1,1
340,0bcc3eeca39e1064258aa1e932269894,2
340,130482add9fd75ccb6c57ba007694a2d,1
340,154e7e31ebfa092203795c972e5804a6,1
340,165f86fe8b799a708a20ee4ba125c289,1
340,167b4b8c4bd0c401bea62f5e050d70a4,1
340,177d3d5bb9d4d29222a222e3b3554f41,1
340,186fe07c8b8005ec6a498587ffbc1352,1
340,1dec4c88c685d5a07bf01dcb0f8bf9f8,1
340,2028bf1b01cafb2d2b1901fca4083222,2
340,2083a6feb4bbb31f6abc92fc24e468c0,2
340,24c66f106f642621e524291a895c9032,2
340,25f86162fee18735fffdb762dcb10d7c,1
340,2b0ee2d07306f7c9ac55a43166e9bb4b,1
340,2b4609f8948be18874494203496bc318,2
340,3225c54bb2785c33f49f50398fcdb88c,1
340,389d119b48cf3043d311335e499d9c6b,1
340,4fcb3d9a5f4871e8362dfedbdb02b064,2
340,5328338cfaa16ba10561cd970c73ca11,1
340,5b3b5f9ae84ca9ead3138b199420cc94,1
340,617186c3d97ea56c9c683a8a3974e8c1,2
340,657247f6f60543b93e3cc708a8e6329c,1
340,679a3e5e1d2bb68982be5734c6e55e63,1
340,6a8631b72a2f8729b91514db87e771c0,1
340,6c3effec7c8ddba466d4f03f982c7aa3,1
340,73bcea88583002fe12b7399af4ae60da,1
340,75c06ee06b201f9b6301d2b5e72993f8,1
340,764292b2b0f73f77a0272be03fdd45f3,1
340,79366d6a24de9351b7ca6e3cf75a68ec,1
340,7c4a8bec217df1de0df2b5aaf8175b65,1
340,7f4e034245e45549110139d1de248f83,1
340,8317b177579dd27ff068b83205e2169b,1
340,84f456958365164420cfc80fbe4c7fab,2
340,9d8a0e115e802d845b4ce1eb794d1260,1
340,a4aa7c1427c31344e5f7cc3d839fe562,1
340,a62e25e09e05e6faf31d90c6ec1aa3d1,1
340,aca2eb7d00ea1a7b8ebd4e68314663af,5
340,bb50f2e236e5eea0100680137654686c,1
340,c1f5307decb89342351bec53668cffd9,1
340,c211ff3068fcd2f8898192976d8b3a32,1
340,c403e106353e1aa40efe783ecb39ed7a,1
340,c4baedd846ed09b85f78a781b522f126,1
340,ca5c923962558430573f83661dbe36d6,1
340,cac9e5692471a0700418aa3400b9b2b1,1
340,cc971e0365873137b8bef2ebad633e6f,1
340,d285360f29ac7fd97640bf0baef03de0,2
340,d696750e550fd0f733979dd7e5dff921,1
340,ec2d43cc59763ec91694573b31f1c29a,1
340,ee406bf28024d97771c4b1e8b7e8e219,1
340,f2e53dd1670f3c376518263b3f71424d,1
340,f4f67ccaece962d013a4e1d7dc3a61f7,1
340,fb55982be901439613a95940feefd9ee,3
340,fe01b643060a6446e59f58e3021e66b3,1
340,fe75529a267b76ac6e96f0c322a899a4,1
341,0502d1a36be75bd36b452f31c6ed264a,1
341,08a58dc963320d6073623382b9ceb920,1
341,0a57f7d2c983bcf8188589a5fea4a8da,1
341,0aabfb375647d9738ad0f7b4ea3653b1,1
341,177d3d5bb9d4d29222a222e3b3554f41,1
341,1dec4c88c685d5a07bf01dcb0f8bf9f8,1
341,24c66f106f642621e524291a895c9032,2
341,2b4609f8948be18874494203496bc318,1
341,3225c54bb2785c33f49f50398fcdb88c,2
341,389d119b48cf3043d311335e499d9c6b,1
341,4413a608a42bd21bbf9d5abbd58c249a,1
341,4c2394abfbac7ff59ec7a420918562fa,1
341,4cc8bfa581f41841ce5e24aba773a44a,1
341,5411e9269501a870cabf632f05655131,1
341,595fac2a385ac33a80bd5114aec74eb8,1
341,5a848e4ab52fd5445cdc07aab1c40e48,1
341,5b226d7c52f86ac72457617f78cff95d,1
341,6a8631b72a2f8729b91514db87e771c0,3
341,719d571299707561c34ba04ab867b32a,3
341,75c06ee06b201f9b6301d2b5e72993f8,1
341,75d6b6963340c6063f7f4cfcccfe6a30,1
341,76d1a1a9d21ab677a61c3ae34b1b352f,1
341,8317b177579dd27ff068b83205e2169b,1
341,93c902b021a9e594f658ab1b0351602a,1
341,a04087ab6a96ffa041f8a2701a72b616,2
341,b1d207586fca400a2370d50a9ba1da98,1
341,c4baedd846ed09b85f78a781b522f126,3
341,cac9e5692471a0700418aa3400b9b2b1,1
341,ce6f74096c84567f22728c84f3d6e7fc,1
341,d285360f29ac7fd97640bf0baef03de0,1
341,e4d325bd1eea550509bdbbc5c3301fc1,1
341,e9def91e99c8ecb7c5cef5e31506a056,1
341,ee0c1cf2fbeae95205b4aa506f1469f0,2
341,f35927953ed82e19d06ad3aac2f06353,1
342,0aabfb375647d9738ad0f7b4ea3653b1,1
342,154e7e31ebfa092203795c972e5804a6,1
342,165f86fe8b799a708a20ee4ba125c289,1
342,186fe07c8b8005ec6a498587ffbc1352,1
342,2a2d22ae30e026f1893083c8405ca522,1
342,35afc973633aaeb6b877ff57b2793310,2
342,368c6c730842d78016ad823897a372db,2
342,4413a608a42bd21bbf9d5abbd58c249a,1
342,461f43be3bdf8844e65b62d9ac2c7a5a,1
342,4c2394abfbac7ff59ec7a420918562fa,1
342,53759a2ecddad2bb87a079a1f1519f73,3
342,5411e9269501a870cabf632f05655131,1
342,55782cb82e0efe052da0a3da237da3b2,2
342,5a848e4ab52fd5445cdc07aab1c40e48,1
342,617186c3d97ea56c9c683a8a3974e8c1,1
342,6a2909ac21d16b721e4795e7e8ff3e68,2
342,6a8631b72a2f8729b91514db87e771c0,1
342,6cc44821f36f3156c782da72dd634e47,1
342,72d3bf1d3a790f8874096fcf860e3eff,3
342,7340a3839a1de1e99d149b8cf052a2ec,1
342,75d6b6963340c6063f7f4cfcccfe6a30,1
342,7814c273ab16783d73a9863ebfa8b141,1
342,7c4a8bec217df1de0df2b5aaf8175b65,2
342,7ce94ab189134e2d3c05f496d635419c,2
342,8317b177579dd27ff068b83205e2169b,1
342,99a4788cb24856965c36a24e339b6058,1
342,a8fe47ad6f852f93cc92c7b408687de3,2
342,aadff88486740e0b0ebe2be6c09476ae,1
342,c4baedd846ed09b85f78a781b522f126,1
342,cac9e5692471a0700418aa3400b9b2b1,1
342,d285360f29ac7fd97640bf0baef03de0,1
342,d696750e550fd0f733979dd7e5dff921,1
342,d7d5562fce331ad958ca6f57057b3526,1
343,0502d1a36be75bd36b452f31c6ed264a,1
343,0a57f7d2c983bcf8188589a5fea4a8da,6
343,0aabfb375647d9738ad0f7b4ea3653b1,1
343,154e7e31ebfa092203795c972e5804a6,1
343,1612209b0b37fbe80e1e8e1b7d19ca1d,1
343,165f86fe8b799a708a20ee4ba125c289,1
343,1dec4c88c685d5a07bf01dcb0f8bf9f8,2
343,2028bf1b01cafb2d2b1901fca4083222,2
343,23bcd6822a33df5534f9b290216eec1f,1
343,2423252b2432f1803e4f29e0974c6cf7,2
343,25c38557cf793876c5abdd5931f922db,1
343,29427de7f8a9ee983d9dbc51cec569b4,1
343,2b4609f8948be18874494203496bc318,1
343,362b773250263786dd58670d2df42c3b,1
343,422879e10f46682990de24d770e7f83d,1
343,461f43be3bdf8844e65b62d9ac2c7a5a,1
343,4c2394abfbac7ff59ec7a420918562fa,2
343,57d79905de06d8897872c551bfd09358,1
343,595fac2a385ac33a80bd5114aec74eb8,2
343,5a848e4ab52fd5445cdc07aab1c40e48,2
343,617186c3d97ea56c9c683a8a3974e8c1,1
343,62d8daeee0db3a60c234c2d1bfd10651,1
343,679a3e5e1d2bb68982be5734c6e55e63,1
343,6a8631b72a2f8729b91514db87e771c0,1
343,6c3effec7c8ddba466d4f03f982c7aa3,1
343,719d571299707561c34ba04ab867b32a,1
343,73bcea88583002fe12b7399af4ae60da,1
343,75d6b6963340c6063f7f4cfcccfe6a30,1
343,78efe838c04bbc568be034082200ac20,1
343,7c1bd920dbdf22470b68bde975dd3ccf,1
343,7f4e034245e45549110139d1de248f83,1
343,82e4ad16521ca131d95e198d507db370,1
343,8c5876b1c7768217964f353bc7e64393,1
343,9545d45c37449ccbc376de3a04c66e71,1
343,99a4788cb24856965c36a24e339b6058,1
343,ab1f9387c0627dd24000bfbc54fdeee0,1
343,b99e4f4fa3f421e0ffbd512d9f152dec,3
343,c4baedd846ed09b85f78a781b522f126,3
343,c5b72065154ec27c2d1ed8a654c3348f,1
343,c72edc98e7d77f0c4c04ec80730c05f5,1
343,cac9e5692471a0700418aa3400b9b2b1,2
343,cc971e0365873137b8bef2ebad633e6f,1
343,ce6f74096c84567f22728c84f3d6e7fc,1
343,d2085f7e0f9533605386960fc7e987ec,1
343,ec2d43cc59763ec91694573b31f1c29a,1
343,f39a8b27ce90ac582103bf36f09690dd,1
343,fb55982be901439613a95940feefd9ee,1
344,017692475c1c954ff597feda05131d73,1
344,0a4093a4af429dc0a9334300e5c13ae5,2
344,0a57f7d2c983bcf8188589a5fea4a8da,1
344,165f86fe8b799a708a20ee4ba125c289,2
344,186fe07c8b8005ec6a498587ffbc1352,1
344,1dec4c88c685d5a07bf01dcb0f8bf9f8,2
344,2028bf1b01cafb2d2b1901fca4083222,1
344,22c5ddc22ea8cae84fc9917def682dc6,1
344,23bcd6822a33df5534f9b290216eec1f,1
344,2b4609f8948be18874494203496bc318,3
344,30469bb5ea377eae7121981e2f0778e4,1
344,3225c54bb2785c33f49f50398fcdb88c,1
344,368c6c730842d78016ad823897a372db,1
344,43423cdffde7fda63d0414ed38c11a73,1
344,4413a608a42bd21bbf9d5abbd58c249a,2
344,461f43be3bdf8844e65b62d9ac2c7a5a,2
344,4914f8796af2ecd359fd8f44b9b92339,2
344,4c2394abfbac7ff59ec7a420918562fa,2
344,51f876eb62be778c757503cf7f8a3b74,6
344,52c80cedd4e90108bf4fa6a206ef6b03,1
344,595fac2a385ac33a80bd5114aec74eb8,1
344,5a848e4ab52fd5445cdc07aab1c40e48,1
344,5b226d7c52f86ac72457617f78cff95d,1
344,629e019a6f298a83aeecc7877964f935,1
344,62d8daeee0db3a60c234c2d1bfd10651,1
344,7a10781637204d8d10485c71a6108a2e,3
344,7f064525eaaa1ce9d22c085f7ff5413a,1
344,8844bd4b8ca8f93603694ca2bceb77e9,1
344,8c292ca193d326152e335d77176746f0,1
344,ab1f9387c0627dd24000bfbc54fdeee0,1
344,b60856ce32d90658dbf99b9485327c25,1
344,d1c427060a0f73f6b889a5c7c61f2ac4,1
344,e03102efbc2229024c89be731f0aedcb,2
344,e44f675b60b3a3a2453ec36421e06f0f,1
344,ec2d43cc59763ec91694573b31f1c29a,1
344,f1fe595ee7ef768b41bd9b246d13432d,1
344,fb55982be901439613a95940feefd9ee,1
345,0152f69b6cf919bcdaf117aa8c43e5a2,1
345,044f05bc9de36e8a693a83e4bc79dd0d,1
345,0bcc3eeca39e1064258aa1e932269894,1
345,0cf41187284d7f099adc8415a743ebbd,2
345,165f86fe8b799a708a20ee4ba125c289,1
345,25c38557cf793876c5abdd5931f922db,1
345,363218ba55c610b750224f90bdd34be1,3
345,368c6c730842d78016ad823897a372db,4
345,422879e10f46682990de24d770e7f83d,5
345,43423cdffde7fda63d0414ed38c11a73,1
345,4aa6014eceb682077f9dc4bffebc05b0,1
345,4c2394abfbac7ff59ec7a420918562fa,1
345,52c80cedd4e90108bf4fa6a206ef6b03,1
345,553e0e7590d3116a072507a3635d2877,1
345,566a4f2c4385f36d15c00dfcaae132d1,2
345,57d79905de06d8897872c551bfd09358,1
345,5a848e4ab52fd5445cdc07aab1c40e48,3
345,6c3effec7c8ddba466d4f03f982c7aa3,1
345,6cc44821f36f3156c782da72dd634e47,1
345,781afe929e3016a667f5f439afd55fce,1
345,7a10781637204d8d10485c71a6108a2e,1
345,97017430754804328eb9597b7f85da03,1
345,99a4788cb24856965c36a24e339b6058,1
345,99f265229d46f700208ad7cb1ff48aae,2
345,a04087ab6a96ffa041f8a2701a72b616,1
345,a42d9c825894f96fc6ed02610891454d,1
345,a92930c327948861c015c919a0bcb4a8,1
345,aadff88486740e0b0ebe2be6c09476ae,1
345,b1d207586fca400a2370d50a9ba1da98,1
345,b60856ce32d90658dbf99b9485327c25,1
345,bb42f37fc3d9130e4a4339d24a47dd7c,1
345,bdc3291ab242ec1effc8eb0987850268,1
345,bee2e070c39f3dd2f6883a17a5f0da45,1
345,c4baedd846ed09b85f78a781b522f126,1
345,c5b72065154ec27c2d1ed8a654c3348f,1
345,d1c427060a0f73f6b889a5c7c61f2ac4,2
345,dfb97c88e066dc22165f31648efe1312,1
345,e53e557d5a159f5aa2c5e995dfdf244b,4
345,ee0c1cf2fbeae95205b4aa506f1469f0,1
345,fb55982be901439613a95940feefd9ee,1
346,06edb72f1e0c64b14c5b79353f7abea3,1
346,1600dcf1cea8c0c83702e07b577ab231,1
346,165f86fe8b799a708a20ee4ba125c289,1
346,1a080577618e7fe4d9ddd8fb2b47a964,1
346,1dec4c88c685d5a07bf01dcb0f8bf9f8,1
346,24c66f106f642621e524291a895c9032,1
346,25e2023ed83352bde98dc1490d14c3d8,1
346,25f86162fee18735fffdb762dcb10d7c,1
346,2b0ee2d07306f7c9ac55a43166e9bb4b,1
346,368c6c730842d78016ad823897a372db,1
346,389d119b48cf3043d311335e499d9c6b,1
346,3b60d513e90300a4e9833e5cda1f1d61,1
346,3e442d09f9dfef002aadf31960869f65,1
346,3e5201fe0d1ba474d9b90152c83c706c,1
346,43423cdffde7fda63d0414ed38c11a73,1
346,4aa6014eceb682077f9dc4bffebc05b0,1
346,4c2394abfbac7ff59ec7a420918562fa,2
346,57d79905de06d8897872c551bfd09358,1
346,6c3effec7c8ddba466d4f03f982c7aa3,2
346,75d6b6963340c6063f7f4cfcccfe6a30,1
346,97017430754804328eb9597b7f85da03,1
346,a42d9c825894f96fc6ed02610891454d,1
346,ab1f9387c0627dd24000bfbc54fdeee0,1
346,aca2eb7d00ea1a7b8ebd4e68314663af,2
346,b1d207586fca400a2370d50a9ba1da98,2
346,b8b426747049f2d3d6e00b486d47dedb,1
346,bee2e070c39f3dd2f6883a17a5f0da45,1
346,c3ba4e8d3cb30049213b682e751e9d00,1
346,c4baedd846ed09b85f78a781b522f126,2
346,cadb69af336c16aba5c5223599821245,1
346,cd48f265a63e13b762601f5f794c5fca,1
346,d017a2151d543a9885604dc62a3d9dcc,2
346,d1c427060a0f73f6b889a5c7c61f2ac4,1
346,dd0dcee76f9c12fff4bc0eb641d57c7f,2
346,eb8c629f70275fd1c4f809116cce1efc,2
346,ec2d43cc59763ec91694573b31f1c29a,1
346,fb55982be901439613a95940feefd9ee,5
347,036734b5a58d5d4f46b0616ddc047ced,1
347,06edb72f1e0c64b14c5b79353f7abea3,1
347,0aabfb375647d9738ad0f7b4ea3653b1,2
347,1a080577618e7fe4d9ddd8fb2b47a964,1
347,24c66f106f642621e524291a895c9032,2
347,25e2023ed83352bde98dc1490d14c3d8,3
347,368c6c730842d78016ad823897a372db,6
347,42a2c92a0979a949ca4ea89ec5c7b934,1
347,44a34214a57dc373dcd80f54c919d006,1
347,4c2394abfbac7ff59ec7a420918562fa,1
347,51f876eb62be778c757503cf7f8a3b74,2
347,62d8daeee0db3a60c234c2d1bfd10651,1
347,704ef63ad0ac345842ea734060a83db2,1
347,82e4ad16521ca131d95e198d507db370,1
347,8a443635fdf9759915c9be5be2e3b862,1
347,99f265229d46f700208ad7cb1ff48aae,1
347,a19b6951c75da43aad691622dd2f6abe,2
347,aca2eb7d00ea1a7b8ebd4e68314663af,1
347,c3097e07a0a5de0d4b4c836d90c5a284,1
347,cd48f265a63e13b762601f5f794c5fca,1
347,d1c427060a0f73f6b889a5c7c61f2ac4,2
347,d696750e550fd0f733979dd7e5dff921,2
347,dc52f0f5d3ec37a93eaf956cde4e5d2c,1
347,ec2d43cc59763ec91694573b31f1c29a,1
347,f4f67ccaece962d013a4e1d7dc3a61f7,1
347,f7a17d2c51d9df89a4f1711c4ac17f33,1
347,fb55982be901439613a95940feefd9ee,1
348,0a57f7d2c983bcf8188589a5fea4a8da,3
348,154e7e31ebfa092203795c972e5804a6,3
348,1dec4c88c685d5a07bf01dcb0f8bf9f8,1
348,24c66f106f642621e524291a895c9032,1
348,3354a4e684f5e7199f9407db70ccd92b,1
348,35afc973633aaeb6b877ff57b2793310,1
348,389d119b48cf3043d311335e499d9c6b,2
348,422879e10f46682990de24d770e7f83d,1
348,42a2c92a0979a949ca4ea89ec5c7b934,2
348,4aa6014eceb682077f9dc4bffebc05b0,1
348,52c80cedd4e90108bf4fa6a206ef6b03,1
348,553e0e7590d3116a072507a3635d2877,1
348,657247f6f60543b93e3cc708a8e6329c,1
348,72172e982e8b92155069e4201c92c0bb,1
348,75d6b6963340c6063f7f4cfcccfe6a30,1
348,9ad75bd7267e5c724cb42c71ac56ca72,1
348,a04087ab6a96ffa041f8a2701a72b616,1
348,a42d9c825894f96fc6ed02610891454d,1
348,a8075470f960215ffb67624782f80fec,1
348,b1d207586fca400a2370d50a9ba1da98,2
348,bee2e070c39f3dd2f6883a17a5f0da45,1
348,cec09725da5ed01471d9a505e7389d37,1
348,d1c427060a0f73f6b889a5c7c61f2ac4,4
348,d63c1011f49d98b976c352955b1c4bea,1
348,d7d5562fce331ad958ca6f57057b3526,1
348,e5ae72c62ebfa708624f5029d609b160,1
348,ec2d43cc59763ec91694573b31f1c29a,1
348,f908d3bf313a1308bfb2a46ea2685347,1
348,fb55982be901439613a95940feefd9ee,1
348,ff29d8cb1cd0cd5ea37b80dac9939e1c,1
349,017692475c1c954ff597feda05131d73,1
349,036734b5a58d5d4f46b0616ddc047ced,1
349,154e7e31ebfa092203795c972e5804a6,1
349,2028bf1b01cafb2d2b1901fca4083222,1
349,4ac50dbde931c0a5ed8c33d3dc047351,1
349,4c2394abfbac7ff59ec7a420918562fa,2
349,52c80cedd4e90108bf4fa6a206ef6b03,1
349,5328338cfaa16ba10561cd970c73ca11,1
349,6803077179d24889430188e03fafd31a,1
349,6c3effec7c8ddba466d4f03f982c7aa3,1
349,764292b2b0f73f77a0272be03fdd45f3,1
349,8c5876b1c7768217964f353bc7e64393,1
349,9ecadb84c81da840dbf3564378b586e9,2
349,aca2eb7d00ea1a7b8ebd4e68314663af,1
349,bce474cc95b6e77657e10939b0b4248c,1
349,cd48f265a63e13b762601f5f794c5fca,1
349,e44f675b60b3a3a2453ec36421e06f0f,1
349,f40876e0ef3cd5f9132b1f16b04b1346,1
349,fb7a100ec8c7b34f60cec22b1a9a10e0,1
350,036734b5a58d5d4f46b0616ddc047ced,1
350,08574b074924071f4e201e151b152b4e,1
350,0aabfb375647d9738ad0f7b4ea3653b1,1
350,165f86fe8b799a708a20ee4ba125c289,1
350,19421075ae0b585f2dc13ff149e2119d,1
350,35afc973633aaeb6b877ff57b2793310,1
350,368c6c730842d78016ad823897a372db,1
350,3e5201fe0d1ba474d9b90152c83c706c,2
350,422879e10f46682990de24d770e7f83d,1
350,42a2c92a0979a949ca4ea89ec5c7b934,1
350,43423cdffde7fda63d0414ed38c11a73,1
350,4b96786612ebe7463132fce2c4dca136,2
350,4c2394abfbac7ff59ec7a420918562fa,1
350,52c80cedd4e90108bf4fa6a206ef6b03,1
350,629e019a6f298a83aeecc7877964f935,1
350,6a23ae3187f1dac41b7210a8c7739d6b,4
350,6c3effec7c8ddba466d4f03f982c7aa3,1
350,7a10781637204d8d10485c71a6108a2e,1
350,7c1bd920dbdf22470b68bde975dd3ccf,1
350,8c5876b1c7768217964f353bc7e64393,1
350,93c902b021a9e594f658ab1b0351602a,1
350,9545d45c37449ccbc376de3a04c66e71,1
350,a62e25e09e05e6faf31d90c6ec1aa3d1,1
350,a8fe47ad6f852f93cc92c7b408687de3,1
350,aca2eb7d00ea1a7b8ebd4e68314663af,3
350,c211ff3068fcd2f8898192976d8b3a32,3
350,c4baedd846ed09b85f78a781b522f126,2
350,c5b72065154ec27c2d1ed8a654c3348f,1
350,cd48f265a63e13b762601f5f794c5fca,1
350,dc52f0f5d3ec37a93eaf956cde4e5d2c,1
350,e44f675b60b3a3a2453ec36421e06f0f,1
350,e53e557d5a159f5aa2c5e995dfdf244b,1
350,e9def91e99c8ecb7c5cef5e31506a056,1
350,ed2067a9c1f79553088a3c67b99a9f97,3
350,f4d705aa95ccca448e5b0deb6e5290ba,1
350,fb55982be901439613a95940feefd9ee,1
350,fc1d8637c0268af3db482c14b7ef8e75,1
351,036734b5a58d5d4f46b0616ddc047ced,2
351,06edb72f1e0c64b14c5b79353f7abea3,1
351,0a57f7d2c983bcf8188589a5fea4a8da,1
351,0bcc3eeca39e1064258aa1e932269894,1
351,154e7e31ebfa092203795c972e5804a6,1
351,165f86fe8b799a708a20ee4ba125c289,1
351,2028bf1b01cafb2d2b1901fca4083222,1
351,29427de7f8a9ee983d9dbc51cec569b4,1
351,422879e10f46682990de24d770e7f83d,1
351,4c2394abfbac7ff59ec7a420918562fa,4
351,50fd2b788dc166edd20512370dac54df,1
351,5a848e4ab52fd5445cdc07aab1c40e48,3
351,629e019a6f298a83aeecc7877964f935,1
351,6c3effec7c8ddba466d4f03f982c7aa3,2
351,75d6b6963340c6063f7f4cfcccfe6a30,2
351,764292b2b0f73f77a0272be03fdd45f3,1
351,76d1a1a9d21ab677a61c3ae34b1b352f,1
351,7a10781637204d8d10485c71a6108a2e,2
351,817e1c2d22418c36386406ccacfa53e8,1
351,8c5876b1c7768217964f353bc7e64393,1
351,99a4788cb24856965c36a24e339b6058,1
351,9ad75bd7267e5c724cb42c71ac56ca72,1
351,a04087ab6a96ffa041f8a2701a72b616,2
351,a62e25e09e05e6faf31d90c6ec1aa3d1,1
351,aca2eb7d00ea1a7b8ebd4e68314663af,3
351,b1d207586fca400a2370d50a9ba1da98,2
351,bb42f37fc3d9130e4a4339d24a47dd7c,1
351,c4baedd846ed09b85f78a781b522f126,2
351,ccadfeab525a9eb1569983b66e5075c4,1
351,cec09725da5ed01471d9a505e7389d37,1
351,d1c427060a0f73f6b889a5c7c61f2ac4,1
351,d5991653e037ccb7af6ed7d94246b249,2
351,d678178aa4291cd25a755a90188375c8,2
351,e0cf79767c5b016251fe139915c59a26,1
351,e0d64dcfaa3b6db5c54ca298ae101d05,1
351,e53e557d5a159f5aa2c5e995dfdf244b,1
351,e9def91e99c8ecb7c5cef5e31506a056,1
351,eb8c629f70275fd1c4f809116cce1efc,1
351,ec2d43cc59763ec91694573b31f1c29a,2
351,f35927953ed82e19d06ad3aac2f06353,1
351,f4f67ccaece962d013a4e1d7dc3a61f7,1
351,fb55982be901439613a95940feefd9ee,1
352,08574b074924071f4e201e151b152b4e,2
352,2028bf1b01cafb2d2b1901fca4083222,1
352,2ffdf10e724b958c0f7ea69e97d32f64,1
352,30ccf4724f5227265f837e9ba0246278,1
352,368c6c730842d78016ad823897a372db,1
352,36f60d45225e60c7da4558b070ce4b60,1
352,389d119b48cf3043d311335e499d9c6b,4
352,422879e10f46682990de24d770e7f83d,4
352,4b96786612ebe7463132fce2c4dca136,1
352,4c2394abfbac7ff59ec7a420918562fa,2
352,4fcb3d9a5f4871e8362dfedbdb02b064,1
352,53759a2ecddad2bb87a079a1f1519f73,7
352,55782cb82e0efe052da0a3da237da3b2,1
352,57d79905de06d8897872c551bfd09358,1
352,5a848e4ab52fd5445cdc07aab1c40e48,1
352,5b3b5f9ae84ca9ead3138b199420cc94,1
352,5d66715cc928aadd0074f61332698593,2
352,617186c3d97ea56c9c683a8a3974e8c1,1
352,6803077179d24889430188e03fafd31a,1
352,6cc44821f36f3156c782da72dd634e47,1
352,75d6b6963340c6063f7f4cfcccfe6a30,1
352,777d2e438a1b645f3aec9bd57e92672c,1
352,7a10781637204d8d10485c71a6108a2e,1
352,921d31a1daa51460b7a95ea5f3ab64d5,1
352,99a4788cb24856965c36a24e339b6058,1
352,a92930c327948861c015c919a0bcb4a8,1
352,afeeea6271148ee1bb15173b8187c431,1
352,b1d207586fca400a2370d50a9ba1da98,11
352,c211ff3068fcd2f8898192976d8b3a32,1
352,ccadfeab525a9eb1569983b66e5075c4,1
352,d017a2151d543a9885604dc62a3d9dcc,2
352,d1c427060a0f73f6b889a5c7c61f2ac4,1
352,e03102efbc2229024c89be731f0aedcb,1
352,ea44caac707f7f1325182a538007f838,1
352,ee0c1cf2fbeae95205b4aa506f1469f0,1
353,036734b5a58d5d4f46b0616ddc047ced,1
353,0a57f7d2c983bcf8188589a5fea4a8da,3
353,0aabfb375647d9738ad0f7b4ea3653b1,4
353,25f86162fee18735fffdb762dcb10d7c,1
353,2b4609f8948be18874494203496bc318,1
353,363218ba55c610b750224f90bdd34be1,1
353,368c6c730842d78016ad823897a372db,3
353,389d119b48cf3043d311335e499d9c6b,3
353,422879e10f46682990de24d770e7f83d,4
353,42ec84ace63b58b8c5a7ba7be01d5fb8,1
353,43423cdffde7fda63d0414ed38c11a73,1
353,44d097d59e8430f88a67517cd0c4f865,1
353,4c2394abfbac7ff59ec7a420918562fa,1
353,51ce083cd2b9078656a94655ab45b8a4,1
353,51f876eb62be778c757503cf7f8a3b74,1
353,52c80cedd4e90108bf4fa6a206ef6b03,1
353,53759a2ecddad2bb87a079a1f1519f73,1
353,566a4f2c4385f36d15c00dfcaae132d1,1
353,569ffd16f8032478cbeb9800f2e94ba0,2
353,5a848e4ab52fd5445cdc07aab1c40e48,2
353,601a360bd2a916ecef0e88de72a6531a,1
353,629e019a6f298a83aeecc7877964f935,1
353,657247f6f60543b93e3cc708a8e6329c,1
353,7c1bd920dbdf22470b68bde975dd3ccf,1
353,7d854ab97c64ef9df2bbfaf332765786,1
353,87a71ae93900ab55fcf685c8040769b3,1
353,8a443635fdf9759915c9be5be2e3b862,1
353,a04087ab6a96ffa041f8a2701a72b616,1
353,a50acd33ba7a8da8e9db65094fa990a4,1
353,a62e25e09e05e6faf31d90c6ec1aa3d1,1
353,a9f480bfc49f0b85e8394e1cdf685b4e,1
353,b1d207586fca400a2370d50a9ba1da98,3
353,b5e13c9a353102f79c6206ff5cb61a50,1
353,c3ba4e8d3cb30049213b682e751e9d00,1
353,c4baedd846ed09b85f78a781b522f126,1
353,c5b72065154ec27c2d1ed8a654c3348f,1
353,cec09725da5ed01471d9a505e7389d37,1
353,d1c427060a0f73f6b889a5c7c61f2ac4,1
353,e0cf79767c5b016251fe139915c59a26,2
353,fb55982be901439613a95940feefd9ee,1
354,044f05bc9de36e8a693a83e4bc79dd0d,1
354,0a57f7d2c983bcf8188589a5fea4a8da,1
354,0bcc3eeca39e1064258aa1e932269894,1
354,2028bf1b01cafb2d2b1901fca4083222,1
354,2423252b2432f1803e4f29e0974c6cf7,1
354,31639956e7fac87ecfd9d608040638bd,2
354,3225c54bb2785c33f49f50398fcdb88c,1
354,368c6c730842d78016ad823897a372db,1
354,36c2fb4fa746273709c373f6d6ec6796,2
354,389d119b48cf3043d311335e499d9c6b,3
354,422879e10f46682990de24d770e7f83d,2
354,42ec84ace63b58b8c5a7ba7be01d5fb8,1
354,4914f8796af2ecd359fd8f44b9b92339,1
354,4c2394abfbac7ff59ec7a420918562fa,1
354,5328338cfaa16ba10561cd970c73ca11,1
354,53759a2ecddad2bb87a079a1f1519f73,4
354,566a4f2c4385f36d15c00dfcaae132d1,1
354,6c3effec7c8ddba466d4f03f982c7aa3,1
354,7a10781637204d8d10485c71a6108a2e,1
354,82e4ad16521ca131d95e198d507db370,1
354,8c5876b1c7768217964f353bc7e64393,1
354,99a4788cb24856965c36a24e339b6058,1
354,a0b7d5a992ccda646f2d34e418fff5a0,1
354,a5f6ba3fe91a2e73f10b612131cb2404,1
354,aca2eb7d00ea1a7b8ebd4e68314663af,2
354,ad88641611c35ebd59ecda07a9f17099,1
354,b1d207586fca400a2370d50a9ba1da98,1
354,b99e4f4fa3f421e0ffbd512d9f152dec,1
354,c4baedd846ed09b85f78a781b522f126,2
354,c92f0e7b9d49a9543558d6532772441b,2
354,cd48f265a63e13b762601f5f794c5fca,1
354,e9def91e99c8ecb7c5cef5e31506a056,1
354,ee0c1cf2fbeae95205b4aa506f1469f0,1
354,ee406bf28024d97771c4b1e8b7e8e219,2
354,f264c1d9b20b5e4a340254d0405e613b,1
354,fb55982be901439613a95940feefd9ee,1
355,08a58dc963320d6073623382b9ceb920,1
355,0aabfb375647d9738ad0f7b4ea3653b1,2
355,368c6c730842d78016ad823897a372db,7
355,389d119b48cf3043d311335e499d9c6b,1
355,3e5201fe0d1ba474d9b90152c83c706c,1
355,4aa6014eceb682077f9dc4bffebc05b0,1
355,4c2394abfbac7ff59ec7a420918562fa,1
355,52c80cedd4e90108bf4fa6a206ef6b03,1
355,53759a2ecddad2bb87a079a1f1519f73,2
355,553e0e7590d3116a072507a3635d2877,1
355,6c3effec7c8ddba466d4f03f982c7aa3,3
355,764292b2b0f73f77a0272be03fdd45f3,1
355,9ad75bd7267e5c724cb42c71ac56ca72,2
355,9b9d1c4bd979b93c138044e032f99780,1
355,9ecadb84c81da840dbf3564378b586e9,2
355,a92930c327948861c015c919a0bcb4a8,1
355,ab1f9387c0627dd24000bfbc54fdeee0,1
355,aca2eb7d00ea1a7b8ebd4e68314663af,1
355,b0961721fd839e9982420e807758a2a6,1
355,b1d207586fca400a2370d50a9ba1da98,2
355,ca38c039b717207dec906f4fa9a21db7,1
355,cac9e5692471a0700418aa3400b9b2b1,1
355,cd48f265a63e13b762601f5f794c5fca,1
355,d017a2151d543a9885604dc62a3d9dcc,1
355,d692d19cee022f7acab76373f297ad6a,1
355,e4ca5b20cfe1a020e15e36fe14e880ee,2
355,fb55982be901439613a95940feefd9ee,1
356,165f86fe8b799a708a20ee4ba125c289,2
356,2028bf1b01cafb2d2b1901fca4083222,1
356,3e5201fe0d1ba474d9b90152c83c706c,1
356,422879e10f46682990de24d770e7f83d,1
356,4c2394abfbac7ff59ec7a420918562fa,1
356,5a848e4ab52fd5445cdc07aab1c40e48,1
356,764292b2b0f73f77a0272be03fdd45f3,1
356,78efe838c04bbc568be034082200ac20,1
356,7a10781637204d8d10485c71a6108a2e,1
356,7d854ab97c64ef9df2bbfaf332765786,1
356,8317b177579dd27ff068b83205e2169b,1
356,99a4788cb24856965c36a24e339b6058,1
356,a04087ab6a96ffa041f8a2701a72b616,1
356,a9f480bfc49f0b85e8394e1cdf685b4e,2
356,aadff88486740e0b0ebe2be6c09476ae,1
356,aca2eb7d00ea1a7b8ebd4e68314663af,1
356,af51d485dc5255ba2e18b21b550156e6,1
356,b1d207586fca400a2370d50a9ba1da98,3
356,b99e4f4fa3f421e0ffbd512d9f152dec,1
356,ca38c039b717207dec906f4fa9a21db7,1
356,cac9e5692471a0700418aa3400b9b2b1,1
356,cc5447118c174dcc6456c84ccb29e6f7,1
356,cd48f265a63e13b762601f5f794c5fca,1
356,d017a2151d543a9885604dc62a3d9dcc,1
356,f40876e0ef3cd5f9132b1f16b04b1346,2
356,f71f42e2381752836563b70beb542f80,1
356,f731f8587d4088c174397e010cf892a9,1
356,f908d3bf313a1308bfb2a46ea2685347,1
357,0a57f7d2c983bcf8188589a5fea4a8da,1
357,165f86fe8b799a708a20ee4ba125c289,1
357,2b4609f8948be18874494203496bc318,1
357,368c6c730842d78016ad823897a372db,1
357,3e5201fe0d1ba474d9b90152c83c706c,1
357,43423cdffde7fda63d0414ed38c11a73,1
357,5403528d987ad26e8d7cb25940411987,1
357,6c3effec7c8ddba466d4f03f982c7aa3,2
357,776ef0ee36e20757c513e64903f1fa8a,1
357,7a10781637204d8d10485c71a6108a2e,1
357,8c292ca193d326152e335d77176746f0,1
357,99a4788cb24856965c36a24e339b6058,1
357,a5341e3f8155dbb3e62323d3ea289729,1
357,c211ff3068fcd2f8898192976d8b3a32,1
357,c4baedd846ed09b85f78a781b522f126,1
357,f264c1d9b20b5e4a340254d0405e613b,1
358,06edb72f1e0c64b14c5b79353f7abea3,2
358,0a4093a4af429dc0a9334300e5c13ae5,1
358,10717ff440b2320081989126e858b220,1
358,154e7e31ebfa092203795c972e5804a6,2
358,165f86fe8b799a708a20ee4ba125c289,1
358,2136c70bbe723d338fab53da3c03e6dc,1
358,36f60d45225e60c7da4558b070ce4b60,1
358,42a2c92a0979a949ca4ea89ec5c7b934,1
358,4413a608a42bd21bbf9d5abbd58c249a,2
358,4fcb3d9a5f4871e8362dfedbdb02b064,1
358,50fd2b788dc166edd20512370dac54df,1
358,595fac2a385ac33a80bd5114aec74eb8,2
358,5a848e4ab52fd5445cdc07aab1c40e48,4
358,5d66715cc928aadd0074f61332698593,1
358,629e019a6f298a83aeecc7877964f935,1
358,657247f6f60543b93e3cc708a8e6329c,1
358,6a8631b72a2f8729b91514db87e771c0,1
358,6cdd53843498f92890544667809f1595,1
358,72172e982e8b92155069e4201c92c0bb,2
358,7c1bd920dbdf22470b68bde975dd3ccf,1
358,7d854ab97c64ef9df2bbfaf332765786,1
358,8562e2c780a345b609e1b802d7e3e4ae,1
358,8a443635fdf9759915c9be5be2e3b862,1
358,8aa6223e400af9c97b07c75993142721,1
358,9ad75bd7267e5c724cb42c71ac56ca72,1
358,a50acd33ba7a8da8e9db65094fa990a4,1
358,a62e25e09e05e6faf31d90c6ec1aa3d1,2
358,ab1f9387c0627dd24000bfbc54fdeee0,2
358,aca2eb7d00ea1a7b8ebd4e68314663af,2
358,b99e4f4fa3f421e0ffbd512d9f152dec,1
358,c3097e07a0a5de0d4b4c836d90c5a284,1
358,c4baedd846ed09b85f78a781b522f126,1
358,cac9e5692471a0700418aa3400b9b2b1,1
358,dd0dcee76f9c12fff4bc0eb641d57c7f,1
358,e0cf79767c5b016251fe139915c59a26,1
358,e4ca5b20cfe1a020e15e36fe14e880ee,1
358,ee0c1cf2fbeae95205b4aa506f1469f0,1
358,fb55982be901439613a95940feefd9ee,2
358,fc1d8637c0268af3db482c14b7ef8e75,1
358,ff29d8cb1cd0cd5ea37b80dac9939e1c,1
359,0152f69b6cf919bcdaf117aa8c43e5a2,1
359,0502d1a36be75bd36b452f31c6ed264a,1
359,165f86fe8b799a708a20ee4ba125c289,1
359,25c38557cf793876c5abdd5931f922db,1
359,2b0ee2d07306f7c9ac55a43166e9bb4b,1
359,30469bb5ea377eae7121981e2f0778e4,1
359,36c2fb4fa746273709c373f6d6ec6796,1
359,36f60d45225e60c7da4558b070ce4b60,1
359,3eef0cb94ba82de806bb30ab743c7655,1
359,43423cdffde7fda63d0414ed38c11a73,1
359,44a34214a57dc373dcd80f54c919d006,1
359,473795a355d29305c3ea6b156833adf5,1
359,474bb6b54fc608ca71059a6c4f7ecda3,1
359,4c2394abfbac7ff59ec7a420918562fa,1
359,4fcb3d9a5f4871e8362dfedbdb02b064,1
359,50fd2b788dc166edd20512370dac54df,2
359,52c80cedd4e90108bf4fa6a206ef6b03,1
359,566a4f2c4385f36d15c00dfcaae132d1,1
359,5d66715cc928aadd0074f61332698593,1
359,5dee2c14e1989141e15d341d4c62d72a,2
359,656e0eca68dcecf6a31b8ececfabe3e8,1
359,6803077179d24889430188e03fafd31a,1
359,69455f41626a745aea9ee9164cb9eafd,1
359,6a2909ac21d16b721e4795e7e8ff3e68,1
359,7340a3839a1de1e99d149b8cf052a2ec,1
359,7814c273ab16783d73a9863ebfa8b141,1
359,827c4a77226a3e7ef259d61eaa775df9,6
359,83b00325c13c44245b2c3a2befa62a0e,1
359,8c5876b1c7768217964f353bc7e64393,2
359,8c591ab0ca519558779df02023177f44,1
359,99a4788cb24856965c36a24e339b6058,1
359,9bb8ca338e5588c361e34eae02e8fad6,1
359,a62e25e09e05e6faf31d90c6ec1aa3d1,2
359,a92930c327948861c015c919a0bcb4a8,1
359,ab1f9387c0627dd24000bfbc54fdeee0,1
359,aca2eb7d00ea1a7b8ebd4e68314663af,1
359,bb42f37fc3d9130e4a4339d24a47dd7c,1
359,c8cfa622661e047ea2499f8bce4731a5,1
359,cadb69af336c16aba5c5223599821245,1
359,cd48f265a63e13b762601f5f794c5fca,1
359,d678178aa4291cd25a755a90188375c8,2
359,dd0dcee76f9c12fff4bc0eb641d57c7f,1
359,e282624d8c82e04983f125e167eb4521,1
359,e4ca5b20cfe1a020e15e36fe14e880ee,1
359,e53e557d5a159f5aa2c5e995dfdf244b,1
359,e8316a4667e5870c85e906b1f062bde1,3
359,f2e53dd1670f3c376518263b3f71424d,1
359,f40876e0ef3cd5f9132b1f16b04b1346,1
359,f4f67ccaece962d013a4e1d7dc3a61f7,1
359,f7f59e6186e10983a061ac7bdb3494d6,1
359,fb55982be901439613a95940feefd9ee,2
359,ff29d8cb1cd0cd5ea37b80dac9939e1c,2
360,0502d1a36be75bd36b452f31c6ed264a,3
360,0a57f7d2c983bcf8188589a5fea4a8da,3
360,13db47eae724e2848e12b71a617a3a41,1
360,154e7e31ebfa092203795c972e5804a6,1
360,2028bf1b01cafb2d2b1901fca4083222,1
360,283dc451ad3918badb976d56ff887289,1
360,35ebf08a93899d44e756809e11b14754,1
360,36f60d45225e60c7da4558b070ce4b60,1
360,4413a608a42bd21bbf9d5abbd58c249a,1
360,473795a355d29305c3ea6b156833adf5,2
360,4c2394abfbac7ff59ec7a420918562fa,1
360,4fe644d766c7566dbc46fb851363cb3b,1
360,5411e9269501a870cabf632f05655131,4
360,553e0e7590d3116a072507a3635d2877,1
360,595fac2a385ac33a80bd5114aec74eb8,1
360,5d66715cc928aadd0074f61332698593,1
360,629e019a6f298a83aeecc7877964f935,1
360,657247f6f60543b93e3cc708a8e6329c,1
360,6cdd53843498f92890544667809f1595,1
360,72172e982e8b92155069e4201c92c0bb,1
360,79366d6a24de9351b7ca6e3cf75a68ec,1
360,84f456958365164420cfc80fbe4c7fab,2
360,8c292ca193d326152e335d77176746f0,2
360,8c5876b1c7768217964f353bc7e64393,1
360,98d61056e0568ba048e5d78038790e77,2
360,99a4788cb24856965c36a24e339b6058,2
360,9ad75bd7267e5c724cb42c71ac56ca72,2
360,9bb8ca338e5588c361e34eae02e8fad6,1
360,a9f480bfc49f0b85e8394e1cdf685b4e,1
360,ab1f9387c0627dd24000bfbc54fdeee0,1
360,aca2eb7d00ea1a7b8ebd4e68314663af,16
360,ad88641611c35ebd59ecda07a9f17099,1
360,b1d207586fca400a2370d50a9ba1da98,1
360,b38b25d838ae0b8385e8cc68b9017644,1
360,b5e13c9a353102f79c6206ff5cb61a50,1
360,c3097e07a0a5de0d4b4c836d90c5a284,1
360,c4baedd846ed09b85f78a781b522f126,2
360,c6336fa91fbd87c359e44f5dca5a90ed,1
360,cd48f265a63e13b762601f5f794c5fca,2
360,d04857e7b4b708ee8b8b9921163edba3,1
360,d63c1011f49d98b976c352955b1c4bea,1
360,dd6a505f83dd3c6326aa9856519e0978,1
360,e2bb00220a167d9e60b6776ac33717bc,1
360,e4ca5b20cfe1a020e15e36fe14e880ee,1
360,e53e557d5a159f5aa2c5e995dfdf244b,1
360,e5eadf9be70a4a9fa514019542fc330a,1
360,ec2d43cc59763ec91694573b31f1c29a,1
360,ee406bf28024d97771c4b1e8b7e8e219,2
360,f1fe595ee7ef768b41bd9b246d13432d,1
360,f6fa93875f4a7dac03e0a22143f4d815,1
360,fb55982be901439613a95940feefd9ee,2
360,ff29d8cb1cd0cd5ea37b80dac9939e1c,2
361,044f05bc9de36e8a693a83e4bc79dd0d,1
361,06edb72f1e0c64b14c5b79353f7abea3,2
361,0a57f7d2c983bcf8188589a5fea4a8da,6
361,154e7e31ebfa092203795c972e5804a6,1
361,165f86fe8b799a708a20ee4ba125c289,3
361,1ec486885049bbb9b79351d150ed18c4,1
361,36c2fb4fa746273709c373f6d6ec6796,2
361,42a2c92a0979a949ca4ea89ec5c7b934,2
361,473795a355d29305c3ea6b156833adf5,1
361,4aa6014eceb682077f9dc4bffebc05b0,2
361,4c2394abfbac7ff59ec7a420918562fa,2
361,50fd2b788dc166edd20512370dac54df,2
361,53759a2ecddad2bb87a079a1f1519f73,1
361,54d9ac713e253fa1fae9c8003b011c2a,1
361,566a4f2c4385f36d15c00dfcaae132d1,1
361,583f158587cdecda3e8bdea694021e39,2
361,5a848e4ab52fd5445cdc07aab1c40e48,1
361,5b3b5f9ae84ca9ead3138b199420cc94,2
361,6a2909ac21d16b721e4795e7e8ff3e68,1
361,6c3effec7c8ddba466d4f03f982c7aa3,2
361,6cdd53843498f92890544667809f1595,2
361,719d571299707561c34ba04ab867b32a,1
361,79366d6a24de9351b7ca6e3cf75a68ec,1
361,7a10781637204d8d10485c71a6108a2e,1
361,84f456958365164420cfc80fbe4c7fab,1
361,8c591ab0ca519558779df02023177f44,1
361,ab1f9387c0627dd24000bfbc54fdeee0,1
361,aca2eb7d00ea1a7b8ebd4e68314663af,13
361,ad88641611c35ebd59ecda07a9f17099,2
361,b60856ce32d90658dbf99b9485327c25,1
361,c92f0e7b9d49a9543558d6532772441b,1
361,cac9e5692471a0700418aa3400b9b2b1,1
361,d04857e7b4b708ee8b8b9921163edba3,1
361,d04bbac48960ecb7ea311b00ca6e1cb7,1
361,d04e48982547095af81c231c3d581cb6,1
361,d1c427060a0f73f6b889a5c7c61f2ac4,1
361,d2085f7e0f9533605386960fc7e987ec,6
361,d7d5562fce331ad958ca6f57057b3526,1
361,e44f675b60b3a3a2453ec36421e06f0f,1
361,e5ae72c62ebfa708624f5029d609b160,1
361,e5eadf9be70a4a9fa514019542fc330a,1
361,ea44caac707f7f1325182a538007f838,1
361,f1fe595ee7ef768b41bd9b246d13432d,1
361,f40876e0ef3cd5f9132b1f16b04b1346,1
361,fb55982be901439613a95940feefd9ee,2
362,0a4093a4af429dc0a9334300e5c13ae5,1
362,154e7e31ebfa092203795c972e5804a6,2
362,165f86fe8b799a708a20ee4ba125c289,2
362,16ed6a6e3fce23b741650437fe58d65b,1
362,25f86162fee18735fffdb762dcb10d7c,1
362,29427de7f8a9ee983d9dbc51cec569b4,1
362,2a5806f10d0f00e5ad032dd2e3c8806e,1
362,2b7aa376a6e728560bddb5558cc48e89,2
362,3225c54bb2785c33f49f50398fcdb88c,1
362,368c6c730842d78016ad823897a372db,1
362,36f60d45225e60c7da4558b070ce4b60,1
362,43423cdffde7fda63d0414ed38c11a73,2
362,44a34214a57dc373dcd80f54c919d006,1
362,473795a355d29305c3ea6b156833adf5,1
362,4c2394abfbac7ff59ec7a420918562fa,1
362,4fe644d766c7566dbc46fb851363cb3b,1
362,53759a2ecddad2bb87a079a1f1519f73,1
362,5411e9269501a870cabf632f05655131,1
362,54d9ac713e253fa1fae9c8003b011c2a,1
362,553e0e7590d3116a072507a3635d2877,1
362,583f158587cdecda3e8bdea694021e39,1
362,595fac2a385ac33a80bd5114aec74eb8,1
362,5a848e4ab52fd5445cdc07aab1c40e48,2
362,5d66715cc928aadd0074f61332698593,1
362,656e0eca68dcecf6a31b8ececfabe3e8,1
362,6803077179d24889430188e03fafd31a,1
362,6a2909ac21d16b721e4795e7e8ff3e68,1
362,6c3effec7c8ddba466d4f03f982c7aa3,1
362,777d2e438a1b645f3aec9bd57e92672c,1
362,78efe838c04bbc568be034082200ac20,1
362,79366d6a24de9351b7ca6e3cf75a68ec,1
362,7f4e034245e45549110139d1de248f83,2
362,83b00325c13c44245b2c3a2befa62a0e,1
362,87a71ae93900ab55fcf685c8040769b3,1
362,8c5876b1c7768217964f353bc7e64393,1
362,93c902b021a9e594f658ab1b0351602a,1
362,98d61056e0568ba048e5d78038790e77,1
362,99a4788cb24856965c36a24e339b6058,2
362,a04087ab6a96ffa041f8a2701a72b616,1
362,a0b7d5a992ccda646f2d34e418fff5a0,1
362,a19b6951c75da43aad691622dd2f6abe,2
362,a5341e3f8155dbb3e62323d3ea289729,1
362,ac44def10e24998cdee20a208d691127,1
362,aca2eb7d00ea1a7b8ebd4e68314663af,8
362,b5e13c9a353102f79c6206ff5cb61a50,4
362,b92a7304ebad1ca5b393b53b2de5c70a,1
362,b99e4f4fa3f421e0ffbd512d9f152dec,1
362,cac9e5692471a0700418aa3400b9b2b1,1
362,d04857e7b4b708ee8b8b9921163edba3,1
362,d6fe3b4ddecd4a8393c6a1385de3bfb6,1
362,dd6a505f83dd3c6326aa9856519e0978,1
362,dfb97c88e066dc22165f31648efe1312,1
362,e03102efbc2229024c89be731f0aedcb,2
362,e53e557d5a159f5aa2c5e995dfdf244b,1
362,ec2d43cc59763ec91694573b31f1c29a,2
362,ee0c1cf2fbeae95205b4aa506f1469f0,1
362,f40876e0ef3cd5f9132b1f16b04b1346,1
362,fb55982be901439613a95940feefd9ee,3
363,0a4093a4af429dc0a9334300e5c13ae5,1
363,10717ff440b2320081989126e858b220,1
363,130482add9fd75ccb6c57ba007694a2d,1
363,165f86fe8b799a708a20ee4ba125c289,1
363,19421075ae0b585f2dc13ff149e2119d,1
363,2028bf1b01cafb2d2b1901fca4083222,2
363,23bcd6822a33df5534f9b290216eec1f,1
363,2a2d22ae30e026f1893083c8405ca522,1
363,35ebf08a93899d44e756809e11b14754,3
363,389d119b48cf3043d311335e499d9c6b,2
363,422879e10f46682990de24d770e7f83d,1
363,4aa6014eceb682077f9dc4bffebc05b0,1
363,4c2394abfbac7ff59ec7a420918562fa,1
363,4fe644d766c7566dbc46fb851363cb3b,1
363,52c80cedd4e90108bf4fa6a206ef6b03,1
363,53759a2ecddad2bb87a079a1f1519f73,1
363,5411e9269501a870cabf632f05655131,2
363,54d9ac713e253fa1fae9c8003b011c2a,1
363,5dee2c14e1989141e15d341d4c62d72a,1
363,68a058d125ba1544e726898f0b8c0523,1
363,6a2909ac21d16b721e4795e7e8ff3e68,2
363,6cc44821f36f3156c782da72dd634e47,2
363,6cdd53843498f92890544667809f1595,1
363,704ef63ad0ac345842ea734060a83db2,2
363,764292b2b0f73f77a0272be03fdd45f3,1
363,7814c273ab16783d73a9863ebfa8b141,1
363,7a10781637204d8d10485c71a6108a2e,1
363,7ce94ab189134e2d3c05f496d635419c,2
363,7d854ab97c64ef9df2bbfaf332765786,1
363,a04087ab6a96ffa041f8a2701a72b616,1
363,a35a9f46dcee0a67c8c7ad8493eb4135,1
363,a50acd33ba7a8da8e9db65094fa990a4,1
363,a5341e3f8155dbb3e62323d3ea289729,1
363,a62e25e09e05e6faf31d90c6ec1aa3d1,1
363,aadff88486740e0b0ebe2be6c09476ae,1
363,abc3432ff825d8e524db1d4eac6d2099,1
363,aca2eb7d00ea1a7b8ebd4e68314663af,2
363,c1f5307decb89342351bec53668cffd9,1
363,cd48f265a63e13b762601f5f794c5fca,2
363,d04e48982547095af81c231c3d581cb6,1
363,d678178aa4291cd25a755a90188375c8,2
363,dd0dcee76f9c12fff4bc0eb641d57c7f,1
363,dfb97c88e066dc22165f31648efe1312,1
363,e03102efbc2229024c89be731f0aedcb,1
363,e0cf79767c5b016251fe139915c59a26,2
363,e44f675b60b3a3a2453ec36421e06f0f,1
363,e4ca5b20cfe1a020e15e36fe14e880ee,1
363,ec2d43cc59763ec91694573b31f1c29a,1
363,ee0c1cf2fbeae95205b4aa506f1469f0,1
363,ee406bf28024d97771c4b1e8b7e8e219,3
363,f6fa93875f4a7dac03e0a22143f4d815,1
363,fb55982be901439613a95940feefd9ee,2
363,ff29d8cb1cd0cd5ea37b80dac9939e1c,1
364,0502d1a36be75bd36b452f31c6ed264a,1
364,06edb72f1e0c64b14c5b79353f7abea3,1
364,0a57f7d2c983bcf8188589a5fea4a8da,1
364,0bcc3eeca39e1064258aa1e932269894,2
364,154e7e31ebfa092203795c972e5804a6,1
364,25c38557cf793876c5abdd5931f922db,1
364,283dc451ad3918badb976d56ff887289,1
364,29427de7f8a9ee983d9dbc51cec569b4,1
364,2b4609f8948be18874494203496bc318,1
364,363218ba55c610b750224f90bdd34be1,1
364,36f60d45225e60c7da4558b070ce4b60,1
364,3e5201fe0d1ba474d9b90152c83c706c,1
364,3eef0cb94ba82de806bb30ab743c7655,3
364,473795a355d29305c3ea6b156833adf5,1
364,4aa6014eceb682077f9dc4bffebc05b0,1
364,4c2394abfbac7ff59ec7a420918562fa,1
364,4fcb3d9a5f4871e8362dfedbdb02b064,1
364,4fe644d766c7566dbc46fb851363cb3b,1
364,53759a2ecddad2bb87a079a1f1519f73,1
364,5403528d987ad26e8d7cb25940411987,1
364,54d9ac713e253fa1fae9c8003b011c2a,1
364,553e0e7590d3116a072507a3635d2877,2
364,566a4f2c4385f36d15c00dfcaae132d1,1
364,5a848e4ab52fd5445cdc07aab1c40e48,3
364,5dee2c14e1989141e15d341d4c62d72a,1
364,601a360bd2a916ecef0e88de72a6531a,1
364,656e0eca68dcecf6a31b8ececfabe3e8,1
364,657247f6f60543b93e3cc708a8e6329c,1
364,6803077179d24889430188e03fafd31a,1
364,6c3effec7c8ddba466d4f03f982c7aa3,2
364,72d3bf1d3a790f8874096fcf860e3eff,1
364,78efe838c04bbc568be034082200ac20,2
364,7a10781637204d8d10485c71a6108a2e,2
364,7c1bd920dbdf22470b68bde975dd3ccf,1
364,7ce94ab189134e2d3c05f496d635419c,2
364,8c292ca193d326152e335d77176746f0,2
364,93c902b021a9e594f658ab1b0351602a,1
364,94475071013412139f862c0bd7e3bb37,1
364,97017430754804328eb9597b7f85da03,3
364,99a4788cb24856965c36a24e339b6058,3
364,9ad75bd7267e5c724cb42c71ac56ca72,2
364,a04087ab6a96ffa041f8a2701a72b616,1
364,a12c9204f6f9e90ad1d8ba5571fbfed2,1
364,aadff88486740e0b0ebe2be6c09476ae,1
364,aba86c093ccdbac75b09111d57e50004,1
364,aca2eb7d00ea1a7b8ebd4e68314663af,7
364,ad88641611c35ebd59ecda07a9f17099,2
364,b38b25d838ae0b8385e8cc68b9017644,1
364,b8b426747049f2d3d6e00b486d47dedb,2
364,c4baedd846ed09b85f78a781b522f126,1
364,c8cfa622661e047ea2499f8bce4731a5,1
364,cd48f265a63e13b762601f5f794c5fca,1
364,d04e48982547095af81c231c3d581cb6,1
364,d1c427060a0f73f6b889a5c7c61f2ac4,5
364,d63c1011f49d98b976c352955b1c4bea,3
364,dd0dcee76f9c12fff4bc0eb641d57c7f,1
364,dd6a505f83dd3c6326aa9856519e0978,1
364,e0cf79767c5b016251fe139915c59a26,2
364,e5ae72c62ebfa708624f5029d609b160,2
364,ea44caac707f7f1325182a538007f838,1
364,f40876e0ef3cd5f9132b1f16b04b1346,1
364,f646af315b0f3a597f69213537ca2199,4
364,f7a17d2c51d9df89a4f1711c4ac17f33,1
364,fb55982be901439613a95940feefd9ee,5
365,08a58dc963320d6073623382b9ceb920,1
365,0a4093a4af429dc0a9334300e5c13ae5,1
365,0bcc3eeca39e1064258aa1e932269894,2
365,0cf41187284d7f099adc8415a743ebbd,1
365,10717ff440b2320081989126e858b220,1
365,11fd9d7ba552e1d28872e008acf1e050,1
365,19421075ae0b585f2dc13ff149e2119d,1
365,2028bf1b01cafb2d2b1901fca4083222,1
365,2b4609f8948be18874494203496bc318,1
365,368c6c730842d78016ad823897a372db,1
365,36f60d45225e60c7da4558b070ce4b60,2
365,389d119b48cf3043d311335e499d9c6b,1
365,4413a608a42bd21bbf9d5abbd58c249a,1
365,473795a355d29305c3ea6b156833adf5,2
365,474bb6b54fc608ca71059a6c4f7ecda3,1
365,4aa6014eceb682077f9dc4bffebc05b0,3
365,4ac50dbde931c0a5ed8c33d3dc047351,1
365,4c2394abfbac7ff59ec7a420918562fa,1
365,4fcb3d9a5f4871e8362dfedbdb02b064,1
365,50fd2b788dc166edd20512370dac54df,1
365,53759a2ecddad2bb87a079a1f1519f73,1
365,5411e9269501a870cabf632f05655131,9
365,54d9ac713e253fa1fae9c8003b011c2a,5
365,55b71bf300a2765a382eaec566df531f,1
365,57d79905de06d8897872c551bfd09358,1
365,5a848e4ab52fd5445cdc07aab1c40e48,1
365,617186c3d97ea56c9c683a8a3974e8c1,1
365,634256dbcd184b3757ffd7632c9fe52a,1
365,657247f6f60543b93e3cc708a8e6329c,1
365,6a2909ac21d16b721e4795e7e8ff3e68,1
365,72d3bf1d3a790f8874096fcf860e3eff,1
365,75c06ee06b201f9b6301d2b5e72993f8,1
365,79366d6a24de9351b7ca6e3cf75a68ec,1
365,7ce94ab189134e2d3c05f496d635419c,3
365,8c292ca193d326152e335d77176746f0,1
365,909b87db6cb3a7ab26bd03cc59860136,1
365,91b08d34d0ba4db44da2dc382867ba49,1
365,93c902b021a9e594f658ab1b0351602a,1
365,a04087ab6a96ffa041f8a2701a72b616,1
365,a62e25e09e05e6faf31d90c6ec1aa3d1,1
365,aca2eb7d00ea1a7b8ebd4e68314663af,4
365,ad88641611c35ebd59ecda07a9f17099,1
365,b38b25d838ae0b8385e8cc68b9017644,1
365,b60856ce32d90658dbf99b9485327c25,1
365,c3097e07a0a5de0d4b4c836d90c5a284,1
365,cc971e0365873137b8bef2ebad633e6f,1
365,cd48f265a63e13b762601f5f794c5fca,5
365,d1c427060a0f73f6b889a5c7c61f2ac4,3
365,d63c1011f49d98b976c352955b1c4bea,1
365,e44f675b60b3a3a2453ec36421e06f0f,1
365,e4ca5b20cfe1a020e15e36fe14e880ee,1
365,e53e557d5a159f5aa2c5e995dfdf244b,2
365,e9def91e99c8ecb7c5cef5e31506a056,1
365,ec2d43cc59763ec91694573b31f1c29a,1
365,ee0c1cf2fbeae95205b4aa506f1469f0,2
365,f1fe595ee7ef768b41bd9b246d13432d,1
365,f264c1d9b20b5e4a340254d0405e613b,1
365,f40876e0ef3cd5f9132b1f16b04b1346,1
365,f4f67ccaece962d013a4e1d7dc3a61f7,2
366,0502d1a36be75bd36b452f31c6ed264a,1
366,06edb72f1e0c64b14c5b79353f7abea3,1
366,08574b074924071f4e201e151b152b4e,1
366,0a57f7d2c983bcf8188589a5fea4a8da,1
366,0bcc3eeca39e1064258aa1e932269894,1
366,165f86fe8b799a708a20ee4ba125c289,1
366,167b4b8c4bd0c401bea62f5e050d70a4,1
366,2b4609f8948be18874494203496bc318,2
366,2ffdf10e724b958c0f7ea69e97d32f64,1
366,368c6c730842d78016ad823897a372db,1
366,36f60d45225e60c7da4558b070ce4b60,10
366,3b60d513e90300a4e9833e5cda1f1d61,1
366,3dd2a17168ec895c781a9191c1e95ad7,1
366,473795a355d29305c3ea6b156833adf5,1
366,4c2394abfbac7ff59ec7a420918562fa,1
366,51f876eb62be778c757503cf7f8a3b74,1
366,52c80cedd4e90108bf4fa6a206ef6b03,1
366,53759a2ecddad2bb87a079a1f1519f73,2
366,5411e9269501a870cabf632f05655131,6
366,54d9ac713e253fa1fae9c8003b011c2a,9
366,566a4f2c4385f36d15c00dfcaae132d1,1
366,5d66715cc928aadd0074f61332698593,1
366,656e0eca68dcecf6a31b8ececfabe3e8,1
366,657247f6f60543b93e3cc708a8e6329c,1
366,704ef63ad0ac345842ea734060a83db2,2
366,764292b2b0f73f77a0272be03fdd45f3,1
366,78efe838c04bbc568be034082200ac20,1
366,7c1bd920dbdf22470b68bde975dd3ccf,1
366,7ce94ab189134e2d3c05f496d635419c,2
366,7d854ab97c64ef9df2bbfaf332765786,1
366,8aa6223e400af9c97b07c75993142721,1
366,8ed094bfe076c568f6bb10feada3f75d,1
366,93c902b021a9e594f658ab1b0351602a,1
366,9545d45c37449ccbc376de3a04c66e71,1
366,97017430754804328eb9597b7f85da03,1
366,99f265229d46f700208ad7cb1ff48aae,2
366,9d8a0e115e802d845b4ce1eb794d1260,1
366,a04087ab6a96ffa041f8a2701a72b616,1
366,a35a9f46dcee0a67c8c7ad8493eb4135,1
366,a5f6ba3fe91a2e73f10b612131cb2404,3
366,a62e25e09e05e6faf31d90c6ec1aa3d1,1
366,aca2eb7d00ea1a7b8ebd4e68314663af,8
366,b8b426747049f2d3d6e00b486d47dedb,1
366,b99e4f4fa3f421e0ffbd512d9f152dec,1
366,c075b8e131353552218860f1c421e4ef,1
366,c20a3f598c16d77249da67e81caa8317,1
366,c6336fa91fbd87c359e44f5dca5a90ed,1
366,ca38c039b717207dec906f4fa9a21db7,1
366,cd48f265a63e13b762601f5f794c5fca,3
366,cec09725da5ed01471d9a505e7389d37,2
366,d1c427060a0f73f6b889a5c7c61f2ac4,1
366,d692d19cee022f7acab76373f297ad6a,1
366,d6fe3b4ddecd4a8393c6a1385de3bfb6,1
366,e03102efbc2229024c89be731f0aedcb,2
366,e0cf79767c5b016251fe139915c59a26,1
366,e44f675b60b3a3a2453ec36421e06f0f,2
366,ee0c1cf2fbeae95205b4aa506f1469f0,2
366,fc1d8637c0268af3db482c14b7ef8e75,1
366,fe6a9515d655fa7936b8a7c841039f34,1
367,0152f69b6cf919bcdaf117aa8c43e5a2,2
367,044f05bc9de36e8a693a83e4bc79dd0d,1
367,0502d1a36be75bd36b452f31c6ed264a,2
367,08a58dc963320d6073623382b9ceb920,2
367,0a4093a4af429dc0a9334300e5c13ae5,1
367,0a57f7d2c983bcf8188589a5fea4a8da,1
367,165f86fe8b799a708a20ee4ba125c289,1
367,177d3d5bb9d4d29222a222e3b3554f41,1
367,25f86162fee18735fffdb762dcb10d7c,5
367,2a2d22ae30e026f1893083c8405ca522,2
367,2b4609f8948be18874494203496bc318,3
367,30ac6df06dc59ad72cf2f158fc2d904c,1
367,32e18e89237933ebdaaebd78a27e7fa1,1
367,368c6c730842d78016ad823897a372db,1
367,36f60d45225e60c7da4558b070ce4b60,2
367,389d119b48cf3043d311335e499d9c6b,2
367,3f14d740544f37ece8a9e7bc8349797e,1
367,422879e10f46682990de24d770e7f83d,1
367,42a2c92a0979a949ca4ea89ec5c7b934,1
367,44d097d59e8430f88a67517cd0c4f865,1
367,4fe644d766c7566dbc46fb851363cb3b,1
367,50fd2b788dc166edd20512370dac54df,1
367,52c80cedd4e90108bf4fa6a206ef6b03,1
367,5411e9269501a870cabf632f05655131,1
367,54d9ac713e253fa1fae9c8003b011c2a,7
367,583f158587cdecda3e8bdea694021e39,1
367,5a848e4ab52fd5445cdc07aab1c40e48,3
367,617186c3d97ea56c9c683a8a3974e8c1,1
367,657247f6f60543b93e3cc708a8e6329c,3
367,6cc44821f36f3156c782da72dd634e47,1
367,84f456958365164420cfc80fbe4c7fab,1
367,8a443635fdf9759915c9be5be2e3b862,1
367,909b87db6cb3a7ab26bd03cc59860136,1
367,93c902b021a9e594f658ab1b0351602a,4
367,99a4788cb24856965c36a24e339b6058,1
367,a04087ab6a96ffa041f8a2701a72b616,1
367,a42d9c825894f96fc6ed02610891454d,1
367,a59fb60fddcc72a9878b7ed5cb69d8e4,1
367,a62e25e09e05e6faf31d90c6ec1aa3d1,12
367,a8115d34a4b7b74388da609692162c37,1
367,a9516a079e37a9c9c36b9b78b10169e8,2
367,aadff88486740e0b0ebe2be6c09476ae,2
367,ab1f9387c0627dd24000bfbc54fdeee0,1
367,aca2eb7d00ea1a7b8ebd4e68314663af,8
367,ace5d86cf1ac63cdb76f49e5cd23d2f8,2
367,ad88641611c35ebd59ecda07a9f17099,1
367,b38b25d838ae0b8385e8cc68b9017644,1
367,b60856ce32d90658dbf99b9485327c25,1
367,b8b426747049f2d3d6e00b486d47dedb,1
367,c3097e07a0a5de0d4b4c836d90c5a284,1
367,cadb69af336c16aba5c5223599821245,1
367,d04e48982547095af81c231c3d581cb6,1
367,d2085f7e0f9533605386960fc7e987ec,3
367,d5991653e037ccb7af6ed7d94246b249,1
367,d63c1011f49d98b976c352955b1c4bea,1
367,e44f675b60b3a3a2453ec36421e06f0f,1
367,e4ca5b20cfe1a020e15e36fe14e880ee,2
367,e53e557d5a159f5aa2c5e995dfdf244b,1
367,ec2d43cc59763ec91694573b31f1c29a,2
367,f264c1d9b20b5e4a340254d0405e613b,1
367,f4f67ccaece962d013a4e1d7dc3a61f7,1
367,fc1d8637c0268af3db482c14b7ef8e75,1
367,ffc9caf33e2d1e9f44e3e06da19085f7,1
368,06edb72f1e0c64b14c5b79353f7abea3,1
368,08574b074924071f4e201e151b152b4e,1
368,0a4093a4af429dc0a9334300e5c13ae5,1
368,154e7e31ebfa092203795c972e5804a6,2
368,1ec486885049bbb9b79351d150ed18c4,1
368,2083a6feb4bbb31f6abc92fc24e468c0,1
368,2b4609f8948be18874494203496bc318,1
368,30ac6df06dc59ad72cf2f158fc2d904c,1
368,368c6c730842d78016ad823897a372db,8
368,36f60d45225e60c7da4558b070ce4b60,1
368,389d119b48cf3043d311335e499d9c6b,1
368,3dd2a17168ec895c781a9191c1e95ad7,1
368,404a57563d487aecbc2b1a01d9b89aab,1
368,43423cdffde7fda63d0414ed38c11a73,1
368,4aa6014eceb682077f9dc4bffebc05b0,1
368,5411e9269501a870cabf632f05655131,1
368,54d9ac713e253fa1fae9c8003b011c2a,3
368,5526b1ae9ab2688cf600783cece249df,1
368,5a848e4ab52fd5445cdc07aab1c40e48,1
368,68a058d125ba1544e726898f0b8c0523,1
368,6cc44821f36f3156c782da72dd634e47,1
368,704ef63ad0ac345842ea734060a83db2,2
368,7814c273ab16783d73a9863ebfa8b141,1
368,78efe838c04bbc568be034082200ac20,1
368,7a10781637204d8d10485c71a6108a2e,1
368,7f4e034245e45549110139d1de248f83,1
368,8c292ca193d326152e335d77176746f0,1
368,909b87db6cb3a7ab26bd03cc59860136,2
368,99f265229d46f700208ad7cb1ff48aae,1
368,9bb8ca338e5588c361e34eae02e8fad6,1
368,9ecadb84c81da840dbf3564378b586e9,6
368,9f1c3e71d56894398a42b050b07f1baa,2
368,a04087ab6a96ffa041f8a2701a72b616,1
368,a5341e3f8155dbb3e62323d3ea289729,1
368,a92930c327948861c015c919a0bcb4a8,1
368,aa8d88eb4b9cb38894e33fa624c4287f,1
368,aca2eb7d00ea1a7b8ebd4e68314663af,3
368,b8b426747049f2d3d6e00b486d47dedb,1
368,bb42f37fc3d9130e4a4339d24a47dd7c,1
368,bb50f2e236e5eea0100680137654686c,1
368,c3097e07a0a5de0d4b4c836d90c5a284,2
368,c4baedd846ed09b85f78a781b522f126,1
368,c6dd917a0be2a704582055949915ab32,1
368,cac9e5692471a0700418aa3400b9b2b1,1
368,cd48f265a63e13b762601f5f794c5fca,1
368,d692d19cee022f7acab76373f297ad6a,2
368,dc52f0f5d3ec37a93eaf956cde4e5d2c,1
368,dca8cbb1c9d8a2db0fbc0c36b8d1a7bc,2
368,e03102efbc2229024c89be731f0aedcb,1
368,e44f675b60b3a3a2453ec36421e06f0f,1
368,e4d325bd1eea550509bdbbc5c3301fc1,1
368,e53e557d5a159f5aa2c5e995dfdf244b,1
368,e5ae72c62ebfa708624f5029d609b160,3
368,f4f67ccaece962d013a4e1d7dc3a61f7,1
368,fbc1488c1a1e72ba175f53ab29a248e8,1
369,0502d1a36be75bd36b452f31c6ed264a,1
369,06edb72f1e0c64b14c5b79353f7abea3,1
369,0705b33fb285827a578fce4899f1b921,1
369,165f86fe8b799a708a20ee4ba125c289,2
369,16ed6a6e3fce23b741650437fe58d65b,1
369,177d3d5bb9d4d29222a222e3b3554f41,1
369,18b0e642cbae7251e60a64aa07dd9eb9,1
369,2028bf1b01cafb2d2b1901fca4083222,1
369,2136c70bbe723d338fab53da3c03e6dc,1
369,24c66f106f642621e524291a895c9032,1
369,25f86162fee18735fffdb762dcb10d7c,1
369,2a2d22ae30e026f1893083c8405ca522,1
369,35ebf08a93899d44e756809e11b14754,1
369,36f60d45225e60c7da4558b070ce4b60,2
369,422879e10f46682990de24d770e7f83d,1
369,4b96786612ebe7463132fce2c4dca136,1
369,52c80cedd4e90108bf4fa6a206ef6b03,1
369,5411e9269501a870cabf632f05655131,2
369,54d9ac713e253fa1fae9c8003b011c2a,1
369,566a4f2c4385f36d15c00dfcaae132d1,1
369,5a848e4ab52fd5445cdc07aab1c40e48,2
369,656e0eca68dcecf6a31b8ececfabe3e8,1
369,6bbe55cf8f85c87b6eebb775a53402f4,1
369,75d6b6963340c6063f7f4cfcccfe6a30,1
369,777d2e438a1b645f3aec9bd57e92672c,1
369,78efe838c04bbc568be034082200ac20,1
369,7fb04722aba7a2b632bac8f9819796f3,1
369,8c292ca193d326152e335d77176746f0,1
369,8c5876b1c7768217964f353bc7e64393,1
369,909b87db6cb3a7ab26bd03cc59860136,1
369,98d61056e0568ba048e5d78038790e77,1
369,99a4788cb24856965c36a24e339b6058,1
369,99f265229d46f700208ad7cb1ff48aae,2
369,9bb8ca338e5588c361e34eae02e8fad6,1
369,9f1c3e71d56894398a42b050b07f1baa,1
369,a02d0123079f4ae96001ba2010d1a2df,1
369,a5f6ba3fe91a2e73f10b612131cb2404,1
369,a62e25e09e05e6faf31d90c6ec1aa3d1,1
369,aadff88486740e0b0ebe2be6c09476ae,1
369,aca2eb7d00ea1a7b8ebd4e68314663af,6
369,ad88641611c35ebd59ecda07a9f17099,1
369,b92a7304ebad1ca5b393b53b2de5c70a,1
369,b99e4f4fa3f421e0ffbd512d9f152dec,1
369,bb42f37fc3d9130e4a4339d24a47dd7c,2
369,bb50f2e236e5eea0100680137654686c,1
369,c7b3cf9de7be95b3e09e7a63315685eb,1
369,cac9e5692471a0700418aa3400b9b2b1,2
369,cc971e0365873137b8bef2ebad633e6f,1
369,d04857e7b4b708ee8b8b9921163edba3,1
369,d1c427060a0f73f6b889a5c7c61f2ac4,1
369,d2085f7e0f9533605386960fc7e987ec,2
369,db5efde3ad0cc579b130d71c4b2db522,1
369,e53e557d5a159f5aa2c5e995dfdf244b,1
369,ee406bf28024d97771c4b1e8b7e8e219,1
369,ef66e63137bdd1b2e44aa968646fc1e3,2
369,f1fe595ee7ef768b41bd9b246d13432d,1
369,f819f0c84a64f02d3a5606ca95edd272,2
370,0502d1a36be75bd36b452f31c6ed264a,1
370,2028bf1b01cafb2d2b1901fca4083222,1
370,22c5ddc22ea8cae84fc9917def682dc6,1
370,24c66f106f642621e524291a895c9032,1
370,25f86162fee18735fffdb762dcb10d7c,1
370,2b0ee2d07306f7c9ac55a43166e9bb4b,1
370,2b4609f8948be18874494203496bc318,1
370,2b7aa376a6e728560bddb5558cc48e89,1
370,368c6c730842d78016ad823897a372db,4
370,36c2fb4fa746273709c373f6d6ec6796,1
370,36f60d45225e60c7da4558b070ce4b60,2
370,389d119b48cf3043d311335e499d9c6b,2
370,422879e10f46682990de24d770e7f83d,1
370,44a34214a57dc373dcd80f54c919d006,1
370,50fd2b788dc166edd20512370dac54df,1
370,5411e9269501a870cabf632f05655131,3
370,54d9ac713e253fa1fae9c8003b011c2a,4
370,55b71bf300a2765a382eaec566df531f,1
370,5dee2c14e1989141e15d341d4c62d72a,1
370,601a360bd2a916ecef0e88de72a6531a,1
370,6c3effec7c8ddba466d4f03f982c7aa3,1
370,78efe838c04bbc568be034082200ac20,1
370,7ce94ab189134e2d3c05f496d635419c,2
370,84f456958365164420cfc80fbe4c7fab,2
370,8c292ca193d326152e335d77176746f0,2
370,93c902b021a9e594f658ab1b0351602a,2
370,97017430754804328eb9597b7f85da03,1
370,99f265229d46f700208ad7cb1ff48aae,1
370,9f1c3e71d56894398a42b050b07f1baa,1
370,a02d0123079f4ae96001ba2010d1a2df,1
370,a237de12bdf0bfe4fe220bae65a89731,1
370,a5341e3f8155dbb3e62323d3ea289729,1
370,a62e25e09e05e6faf31d90c6ec1aa3d1,1
370,a8115d34a4b7b74388da609692162c37,1
370,aca2eb7d00ea1a7b8ebd4e68314663af,2
370,b0961721fd839e9982420e807758a2a6,1
370,b38b25d838ae0b8385e8cc68b9017644,1
370,bb42f37fc3d9130e4a4339d24a47dd7c,1
370,c075b8e131353552218860f1c421e4ef,1
370,c1f5307decb89342351bec53668cffd9,1
370,c2ece64199af7a53793ed9612a89a8cd,1
370,cd48f265a63e13b762601f5f794c5fca,1
370,db5efde3ad0cc579b130d71c4b2db522,1
370,dfb97c88e066dc22165f31648efe1312,1
370,e03102efbc2229024c89be731f0aedcb,1
370,e44f675b60b3a3a2453ec36421e06f0f,2
370,e53e557d5a159f5aa2c5e995dfdf244b,2
370,e9def91e99c8ecb7c5cef5e31506a056,2
370,ec2d43cc59763ec91694573b31f1c29a,3
370,f1fe595ee7ef768b41bd9b246d13432d,1
370,f646af315b0f3a597f69213537ca2199,1
370,f819f0c84a64f02d3a5606ca95edd272,1
370,fe9dfbe7f974621789683b7b78be2a16,1
370,ffc9caf33e2d1e9f44e3e06da19085f7,1
371,06edb72f1e0c64b14c5b79353f7abea3,2
371,08574b074924071f4e201e151b152b4e,1
371,10717ff440b2320081989126e858b220,1
371,11fd9d7ba552e1d28872e008acf1e050,1
371,167b4b8c4bd0c401bea62f5e050d70a4,2
371,2028bf1b01cafb2d2b1901fca4083222,1
371,24c66f106f642621e524291a895c9032,1
371,2b4609f8948be18874494203496bc318,2
371,2ffdf10e724b958c0f7ea69e97d32f64,1
371,30ac6df06dc59ad72cf2f158fc2d904c,2
371,368c6c730842d78016ad823897a372db,1
371,36f60d45225e60c7da4558b070ce4b60,2
371,3f14d740544f37ece8a9e7bc8349797e,1
371,422879e10f46682990de24d770e7f83d,1
371,43423cdffde7fda63d0414ed38c11a73,1
371,473795a355d29305c3ea6b156833adf5,1
371,4c2394abfbac7ff59ec7a420918562fa,1
371,4fe644d766c7566dbc46fb851363cb3b,1
371,53759a2ecddad2bb87a079a1f1519f73,2
371,5411e9269501a870cabf632f05655131,2
371,54d9ac713e253fa1fae9c8003b011c2a,3
371,57d79905de06d8897872c551bfd09358,1
371,595fac2a385ac33a80bd5114aec74eb8,1
371,5dee2c14e1989141e15d341d4c62d72a,1
371,657247f6f60543b93e3cc708a8e6329c,3
371,6803077179d24889430188e03fafd31a,2
371,68bf2e76db1d8e846042e54da87399ca,1
371,704ef63ad0ac345842ea734060a83db2,1
371,7ce94ab189134e2d3c05f496d635419c,2
371,7d854ab97c64ef9df2bbfaf332765786,1
371,8c292ca193d326152e335d77176746f0,1
371,909b87db6cb3a7ab26bd03cc59860136,1
371,93c902b021a9e594f658ab1b0351602a,1
371,94475071013412139f862c0bd7e3bb37,1
371,97017430754804328eb9597b7f85da03,2
371,9ecadb84c81da840dbf3564378b586e9,2
371,a04087ab6a96ffa041f8a2701a72b616,1
371,a0b7d5a992ccda646f2d34e418fff5a0,1
371,a50acd33ba7a8da8e9db65094fa990a4,2
371,a59fb60fddcc72a9878b7ed5cb69d8e4,1
371,a92930c327948861c015c919a0bcb4a8,1
371,aadff88486740e0b0ebe2be6c09476ae,1
371,aca2eb7d00ea1a7b8ebd4e68314663af,7
371,b60856ce32d90658dbf99b9485327c25,1
371,b8a0d73b2a06e7910d9864dccdb0cda2,1
371,bb50f2e236e5eea0100680137654686c,1
371,c1f5307decb89342351bec53668cffd9,1
371,c3097e07a0a5de0d4b4c836d90c5a284,1
371,c94d19d021d4a8fbae5a45f904aeea90,1
371,cd48f265a63e13b762601f5f794c5fca,1
371,d1c427060a0f73f6b889a5c7c61f2ac4,1
371,dd0dcee76f9c12fff4bc0eb641d57c7f,1
371,e0cf79767c5b016251fe139915c59a26,1
371,e44f675b60b3a3a2453ec36421e06f0f,1
371,e53e557d5a159f5aa2c5e995dfdf244b,1
371,e9def91e99c8ecb7c5cef5e31506a056,1
371,ea44caac707f7f1325182a538007f838,1
371,ee406bf28024d97771c4b1e8b7e8e219,2
371,f6fa93875f4a7dac03e0a22143f4d815,1
372,0502d1a36be75bd36b452f31c6ed264a,1
372,06edb72f1e0c64b14c5b79353f7abea3,1
372,06f0e85c7892d5df893f332706340af1,1
372,0a4093a4af429dc0a9334300e5c13ae5,1
372,11dcc970f7a5581e1bf777b6da3f7096,2
372,2136c70bbe723d338fab53da3c03e6dc,1
372,25f86162fee18735fffdb762dcb10d7c,1
372,2a5806f10d0f00e5ad032dd2e3c8806e,2
372,2ffdf10e724b958c0f7ea69e97d32f64,1
372,3225c54bb2785c33f49f50398fcdb88c,1
372,35afc973633aaeb6b877ff57b2793310,2
372,36f60d45225e60c7da4558b070ce4b60,3
372,380b4664ba5bb18cc9db78ee6bac3558,1
372,389d119b48cf3043d311335e499d9c6b,3
372,3dd2a17168ec895c781a9191c1e95ad7,1
372,3f14d740544f37ece8a9e7bc8349797e,1
372,4aa6014eceb682077f9dc4bffebc05b0,1
372,4b96786612ebe7463132fce2c4dca136,1
372,4fcb3d9a5f4871e8362dfedbdb02b064,1
372,4fe644d766c7566dbc46fb851363cb3b,2
372,50fd2b788dc166edd20512370dac54df,2
372,52c80cedd4e90108bf4fa6a206ef6b03,1
372,5411e9269501a870cabf632f05655131,1
372,54d9ac713e253fa1fae9c8003b011c2a,9
372,5a848e4ab52fd5445cdc07aab1c40e48,3
372,5b3b5f9ae84ca9ead3138b199420cc94,1
372,5dee2c14e1989141e15d341d4c62d72a,1
372,629e019a6f298a83aeecc7877964f935,1
372,634256dbcd184b3757ffd7632c9fe52a,8
372,66a0a6e02b7f543e5b021ce361f267d4,1
372,6803077179d24889430188e03fafd31a,1
372,6a23ae3187f1dac41b7210a8c7739d6b,3
372,75d6b6963340c6063f7f4cfcccfe6a30,1
372,777d2e438a1b645f3aec9bd57e92672c,2
372,78efe838c04bbc568be034082200ac20,1
372,7a10781637204d8d10485c71a6108a2e,1
372,7ce94ab189134e2d3c05f496d635419c,1
372,7fb04722aba7a2b632bac8f9819796f3,1
372,84f456958365164420cfc80fbe4c7fab,1
372,8a443635fdf9759915c9be5be2e3b862,1
372,8c292ca193d326152e335d77176746f0,2
372,8c591ab0ca519558779df02023177f44,1
372,909b87db6cb3a7ab26bd03cc59860136,4
372,91b08d34d0ba4db44da2dc382867ba49,1
372,97017430754804328eb9597b7f85da03,2
372,99a4788cb24856965c36a24e339b6058,1
372,99f265229d46f700208ad7cb1ff48aae,1
372,9d8a0e115e802d845b4ce1eb794d1260,1
372,9ecadb84c81da840dbf3564378b586e9,7
372,9f1c3e71d56894398a42b050b07f1baa,1
372,a5f6ba3fe91a2e73f10b612131cb2404,1
372,a62e25e09e05e6faf31d90c6ec1aa3d1,1
372,aca2eb7d00ea1a7b8ebd4e68314663af,3
372,b1d207586fca400a2370d50a9ba1da98,6
372,b8a0d73b2a06e7910d9864dccdb0cda2,1
372,bb50f2e236e5eea0100680137654686c,1
372,bce474cc95b6e77657e10939b0b4248c,1
372,c211ff3068fcd2f8898192976d8b3a32,1
372,c6dd917a0be2a704582055949915ab32,2
372,c92f0e7b9d49a9543558d6532772441b,1
372,ca5c923962558430573f83661dbe36d6,1
372,d1c427060a0f73f6b889a5c7c61f2ac4,1
372,d5991653e037ccb7af6ed7d94246b249,1
372,d692d19cee022f7acab76373f297ad6a,4
372,dfb97c88e066dc22165f31648efe1312,1
372,e2bb00220a167d9e60b6776ac33717bc,1
372,e4ca5b20cfe1a020e15e36fe14e880ee,1
372,e53e557d5a159f5aa2c5e995dfdf244b,2
372,e9def91e99c8ecb7c5cef5e31506a056,2
372,ec2d43cc59763ec91694573b31f1c29a,3
372,f1fe595ee7ef768b41bd9b246d13432d,1
372,f2e53dd1670f3c376518263b3f71424d,1
372,f40876e0ef3cd5f9132b1f16b04b1346,1
372,f4f67ccaece962d013a4e1d7dc3a61f7,1
372,f71973c922ccaab05514a36a8bc741b8,1
372,ffc9caf33e2d1e9f44e3e06da19085f7,1
373,0152f69b6cf919bcdaf117aa8c43e5a2,1
373,0502d1a36be75bd36b452f31c6ed264a,1
373,06edb72f1e0c64b14c5b79353f7abea3,1
373,06f0e85c7892d5df893f332706340af1,1
373,0a4093a4af429dc0a9334300e5c13ae5,1
373,0bcc3eeca39e1064258aa1e932269894,1
373,10717ff440b2320081989126e858b220,1
373,154e7e31ebfa092203795c972e5804a6,1
373,23365beed316535b4105bd800c46670e,1
373,2423252b2432f1803e4f29e0974c6cf7,1
373,25c38557cf793876c5abdd5931f922db,1
373,2b4609f8948be18874494203496bc318,1
373,2b7aa376a6e728560bddb5558cc48e89,1
373,2ffdf10e724b958c0f7ea69e97d32f64,1
373,30ac6df06dc59ad72cf2f158fc2d904c,2
373,368c6c730842d78016ad823897a372db,1
373,380b4664ba5bb18cc9db78ee6bac3558,1
373,3b60d513e90300a4e9833e5cda1f1d61,1
373,3dd2a17168ec895c781a9191c1e95ad7,1
373,43423cdffde7fda63d0414ed38c11a73,1
373,44a34214a57dc373dcd80f54c919d006,1
373,4fe644d766c7566dbc46fb851363cb3b,2
373,50fd2b788dc166edd20512370dac54df,3
373,53759a2ecddad2bb87a079a1f1519f73,2
373,5411e9269501a870cabf632f05655131,1
373,54d9ac713e253fa1fae9c8003b011c2a,9
373,57d79905de06d8897872c551bfd09358,1
373,583f158587cdecda3e8bdea694021e39,1
373,5a848e4ab52fd5445cdc07aab1c40e48,2
373,5dee2c14e1989141e15d341d4c62d72a,2
373,617186c3d97ea56c9c683a8a3974e8c1,1
373,634256dbcd184b3757ffd7632c9fe52a,1
373,657247f6f60543b93e3cc708a8e6329c,1
373,6c3effec7c8ddba466d4f03f982c7aa3,1
373,6cc44821f36f3156c782da72dd634e47,1
373,78efe838c04bbc568be034082200ac20,1
373,7f4e034245e45549110139d1de248f83,1
373,87283a98b24f9f1ac3a31b631073cf47,1
373,8c292ca193d326152e335d77176746f0,1
373,914c9e9af640dd56f48764a225b00f89,2
373,97017430754804328eb9597b7f85da03,1
373,99a4788cb24856965c36a24e339b6058,1
373,9d8a0e115e802d845b4ce1eb794d1260,1
373,ab1f9387c0627dd24000bfbc54fdeee0,1
373,aca2eb7d00ea1a7b8ebd4e68314663af,4
373,acc444eb5ad26f79d5a11baa6a03c439,1
373,ad88641611c35ebd59ecda07a9f17099,1
373,b1d207586fca400a2370d50a9ba1da98,4
373,bee2e070c39f3dd2f6883a17a5f0da45,1
373,cac9e5692471a0700418aa3400b9b2b1,1
373,cadb69af336c16aba5c5223599821245,1
373,d04bbac48960ecb7ea311b00ca6e1cb7,1
373,d1c427060a0f73f6b889a5c7c61f2ac4,3
373,d5991653e037ccb7af6ed7d94246b249,1
373,d63c1011f49d98b976c352955b1c4bea,1
373,d692d19cee022f7acab76373f297ad6a,1
373,dc52f0f5d3ec37a93eaf956cde4e5d2c,1
373,dd0dcee76f9c12fff4bc0eb641d57c7f,2
373,e0cf79767c5b016251fe139915c59a26,1
373,e44f675b60b3a3a2453ec36421e06f0f,3
373,e4d325bd1eea550509bdbbc5c3301fc1,1
373,e59dd207c69d86e890febadc796d1078,1
373,ea44caac707f7f1325182a538007f838,1
373,ee0c1cf2fbeae95205b4aa506f1469f0,1
373,f1fe595ee7ef768b41bd9b246d13432d,1
373,f819f0c84a64f02d3a5606ca95edd272,1
373,fe01b643060a6446e59f58e3021e66b3,1
373,ffc9caf33e2d1e9f44e3e06da19085f7,1
374,036734b5a58d5d4f46b0616ddc047ced,1
374,06edb72f1e0c64b14c5b79353f7abea3,1
374,0a4093a4af429dc0a9334300e5c13ae5,1
374,0bcc3eeca39e1064258aa1e932269894,1
374,154e7e31ebfa092203795c972e5804a6,1
374,1600dcf1cea8c0c83702e07b577ab231,1
374,18b0e642cbae7251e60a64aa07dd9eb9,1
374,2b4609f8948be18874494203496bc318,1
374,30ac6df06dc59ad72cf2f158fc2d904c,1
374,368c6c730842d78016ad823897a372db,2
374,36f60d45225e60c7da4558b070ce4b60,1
374,3dd2a17168ec895c781a9191c1e95ad7,3
374,3eef0cb94ba82de806bb30ab743c7655,1
374,41c24b8ce92d1a2cac62db5edfd088b2,1
374,474bb6b54fc608ca71059a6c4f7ecda3,1
374,4914f8796af2ecd359fd8f44b9b92339,3
374,4fe644d766c7566dbc46fb851363cb3b,3
374,50fd2b788dc166edd20512370dac54df,1
374,51ce083cd2b9078656a94655ab45b8a4,1
374,52c80cedd4e90108bf4fa6a206ef6b03,1
374,5411e9269501a870cabf632f05655131,1
374,54d9ac713e253fa1fae9c8003b011c2a,5
374,569ffd16f8032478cbeb9800f2e94ba0,2
374,5a848e4ab52fd5445cdc07aab1c40e48,1
374,657247f6f60543b93e3cc708a8e6329c,1
374,6bbe55cf8f85c87b6eebb775a53402f4,1
374,75c06ee06b201f9b6301d2b5e72993f8,1
374,78efe838c04bbc568be034082200ac20,1
374,79366d6a24de9351b7ca6e3cf75a68ec,2
374,7c1bd920dbdf22470b68bde975dd3ccf,1
374,7ce94ab189134e2d3c05f496d635419c,1
374,7fb04722aba7a2b632bac8f9819796f3,1
374,817e1c2d22418c36386406ccacfa53e8,1
374,83b00325c13c44245b2c3a2befa62a0e,1
374,86c43103446290e7efacad3701cd654d,1
374,87a71ae93900ab55fcf685c8040769b3,2
374,98d61056e0568ba048e5d78038790e77,1
374,a62e25e09e05e6faf31d90c6ec1aa3d1,1
374,aadff88486740e0b0ebe2be6c09476ae,1
374,aba86c093ccdbac75b09111d57e50004,1
374,aca2eb7d00ea1a7b8ebd4e68314663af,5
374,acc444eb5ad26f79d5a11baa6a03c439,1
374,af2d506fb01b724e03591349ad36b67e,1
374,b60856ce32d90658dbf99b9485327c25,1
374,c1f5307decb89342351bec53668cffd9,1
374,c5b72065154ec27c2d1ed8a654c3348f,1
374,c7fd13b5e515bffdab855d0812842edb,1
374,cac9e5692471a0700418aa3400b9b2b1,2
374,d017a2151d543a9885604dc62a3d9dcc,1
374,d04bbac48960ecb7ea311b00ca6e1cb7,1
374,d1c427060a0f73f6b889a5c7c61f2ac4,1
374,d5991653e037ccb7af6ed7d94246b249,1
374,db5efde3ad0cc579b130d71c4b2db522,2
374,dd0dcee76f9c12fff4bc0eb641d57c7f,1
374,e44f675b60b3a3a2453ec36421e06f0f,1
374,e53e557d5a159f5aa2c5e995dfdf244b,2
374,e5eadf9be70a4a9fa514019542fc330a,2
374,e9def91e99c8ecb7c5cef5e31506a056,1
374,ec2d43cc59763ec91694573b31f1c29a,1
374,f4f67ccaece962d013a4e1d7dc3a61f7,1
374,f646af315b0f3a597f69213537ca2199,4
374,f819f0c84a64f02d3a5606ca95edd272,1
374,fb7a100ec8c7b34f60cec22b1a9a10e0,2
375,036734b5a58d5d4f46b0616ddc047ced,1
375,05a9dadb8402b6b7ae3dd28f7da187b5,1
375,10717ff440b2320081989126e858b220,1
375,154e7e31ebfa092203795c972e5804a6,1
375,19421075ae0b585f2dc13ff149e2119d,1
375,283dc451ad3918badb976d56ff887289,1
375,2b4609f8948be18874494203496bc318,1
375,2ffdf10e724b958c0f7ea69e97d32f64,1
375,32e18e89237933ebdaaebd78a27e7fa1,1
375,3b60d513e90300a4e9833e5cda1f1d61,2
375,3dd2a17168ec895c781a9191c1e95ad7,3
375,41db6d8062fcd38410c699743ccc0265,1
375,473795a355d29305c3ea6b156833adf5,3
375,474bb6b54fc608ca71059a6c4f7ecda3,1
375,53759a2ecddad2bb87a079a1f1519f73,1
375,5411e9269501a870cabf632f05655131,2
375,54d9ac713e253fa1fae9c8003b011c2a,1
375,566a4f2c4385f36d15c00dfcaae132d1,1
375,583f158587cdecda3e8bdea694021e39,2
375,72d3bf1d3a790f8874096fcf860e3eff,1
375,7814c273ab16783d73a9863ebfa8b141,1
375,7ce94ab189134e2d3c05f496d635419c,1
375,8aa6223e400af9c97b07c75993142721,1
375,8c591ab0ca519558779df02023177f44,1
375,8ed094bfe076c568f6bb10feada3f75d,2
375,9d8a0e115e802d845b4ce1eb794d1260,1
375,a92930c327948861c015c919a0bcb4a8,1
375,aa8d88eb4b9cb38894e33fa624c4287f,1
375,ab9cf155f8280c3739b09fe341a185e8,1
375,aba86c093ccdbac75b09111d57e50004,1
375,aca2eb7d00ea1a7b8ebd4e68314663af,6
375,ad88641611c35ebd59ecda07a9f17099,1
375,b1d207586fca400a2370d50a9ba1da98,1
375,bb50f2e236e5eea0100680137654686c,1
375,c5b72065154ec27c2d1ed8a654c3348f,1
375,d1c427060a0f73f6b889a5c7c61f2ac4,3
375,d5b703c271f43f9c588a6f512a00f77e,1
375,e44f675b60b3a3a2453ec36421e06f0f,3
375,e53e557d5a159f5aa2c5e995dfdf244b,1
375,e8316a4667e5870c85e906b1f062bde1,3
375,ed2067a9c1f79553088a3c67b99a9f97,1
375,ee0c1cf2fbeae95205b4aa506f1469f0,1
375,ee406bf28024d97771c4b1e8b7e8e219,1
375,f1fe595ee7ef768b41bd9b246d13432d,1
375,f4f67ccaece962d013a4e1d7dc3a61f7,1
375,ff29d8cb1cd0cd5ea37b80dac9939e1c,1
376,06edb72f1e0c64b14c5b79353f7abea3,1
376,154e7e31ebfa092203795c972e5804a6,3
376,167b4b8c4bd0c401bea62f5e050d70a4,1
376,16ed6a6e3fce23b741650437fe58d65b,1
376,19421075ae0b585f2dc13ff149e2119d,1
376,2028bf1b01cafb2d2b1901fca4083222,1
376,2b4609f8948be18874494203496bc318,1
376,30ac6df06dc59ad72cf2f158fc2d904c,3
376,3354a4e684f5e7199f9407db70ccd92b,1
376,35afc973633aaeb6b877ff57b2793310,1
376,36f60d45225e60c7da4558b070ce4b60,1
376,380b4664ba5bb18cc9db78ee6bac3558,1
376,389d119b48cf3043d311335e499d9c6b,4
376,3b60d513e90300a4e9833e5cda1f1d61,1
376,3dd2a17168ec895c781a9191c1e95ad7,4
376,3eef0cb94ba82de806bb30ab743c7655,1
376,3fbc0ef745950c7932d5f2a446189725,1
376,422879e10f46682990de24d770e7f83d,1
376,42a2c92a0979a949ca4ea89ec5c7b934,1
376,4b96786612ebe7463132fce2c4dca136,1
376,51ce083cd2b9078656a94655ab45b8a4,1
376,52c80cedd4e90108bf4fa6a206ef6b03,3
376,53759a2ecddad2bb87a079a1f1519f73,1
376,54d9ac713e253fa1fae9c8003b011c2a,3
376,583f158587cdecda3e8bdea694021e39,1
376,5a848e4ab52fd5445cdc07aab1c40e48,1
376,5d66715cc928aadd0074f61332698593,1
376,656e0eca68dcecf6a31b8ececfabe3e8,2
376,679a3e5e1d2bb68982be5734c6e55e63,1
376,7a10781637204d8d10485c71a6108a2e,1
376,8562e2c780a345b609e1b802d7e3e4ae,1
376,921d31a1daa51460b7a95ea5f3ab64d5,1
376,9d8a0e115e802d845b4ce1eb794d1260,1
376,a02d0123079f4ae96001ba2010d1a2df,2
376,a62e25e09e05e6faf31d90c6ec1aa3d1,2
376,a92930c327948861c015c919a0bcb4a8,3
376,ad88641611c35ebd59ecda07a9f17099,2
376,bb42f37fc3d9130e4a4339d24a47dd7c,2
376,c4baedd846ed09b85f78a781b522f126,1
376,c72edc98e7d77f0c4c04ec80730c05f5,1
376,cac9e5692471a0700418aa3400b9b2b1,1
376,d1c427060a0f73f6b889a5c7c61f2ac4,1
376,dc52f0f5d3ec37a93eaf956cde4e5d2c,1
376,e4d325bd1eea550509bdbbc5c3301fc1,1
376,e53e557d5a159f5aa2c5e995dfdf244b,1
376,ea44caac707f7f1325182a538007f838,1
376,f40876e0ef3cd5f9132b1f16b04b1346,1
377,036734b5a58d5d4f46b0616ddc047ced,1
377,186fe07c8b8005ec6a498587ffbc1352,1
377,24c66f106f642621e524291a895c9032,1
377,2b4609f8948be18874494203496bc318,1
377,35ebf08a93899d44e756809e11b14754,3
377,368c6c730842d78016ad823897a372db,1
377,389d119b48cf3043d311335e499d9c6b,3
377,3b60d513e90300a4e9833e5cda1f1d61,1
377,422879e10f46682990de24d770e7f83d,1
377,473795a355d29305c3ea6b156833adf5,3
377,51f876eb62be778c757503cf7f8a3b74,2
377,54d9ac713e253fa1fae9c8003b011c2a,7
377,566a4f2c4385f36d15c00dfcaae132d1,1
377,57f2bc497c1a3ebe41ba7a06d78ed159,1
377,583f158587cdecda3e8bdea694021e39,1
377,5a848e4ab52fd5445cdc07aab1c40e48,2
377,6a8631b72a2f8729b91514db87e771c0,1
377,764292b2b0f73f77a0272be03fdd45f3,1
377,777d2e438a1b645f3aec9bd57e92672c,1
377,7ce94ab189134e2d3c05f496d635419c,1
377,84f456958365164420cfc80fbe4c7fab,1
377,8562e2c780a345b609e1b802d7e3e4ae,1
377,89321f94e35fc6d7903d36f74e351d40,1
377,8c591ab0ca519558779df02023177f44,1
377,97017430754804328eb9597b7f85da03,1
377,99f265229d46f700208ad7cb1ff48aae,1
377,a12c9204f6f9e90ad1d8ba5571fbfed2,1
377,a50acd33ba7a8da8e9db65094fa990a4,1
377,a5341e3f8155dbb3e62323d3ea289729,1
377,a59fb60fddcc72a9878b7ed5cb69d8e4,1
377,a92930c327948861c015c919a0bcb4a8,1
377,aca2eb7d00ea1a7b8ebd4e68314663af,5
377,bd6e6fce9ada76ea2db0f1912e8e478f,1
377,c4baedd846ed09b85f78a781b522f126,1
377,c5b72065154ec27c2d1ed8a654c3348f,1
377,cac9e5692471a0700418aa3400b9b2b1,1
377,ccadfeab525a9eb1569983b66e5075c4,1
377,cec09725da5ed01471d9a505e7389d37,1
377,d1c427060a0f73f6b889a5c7c61f2ac4,4
377,d696750e550fd0f733979dd7e5dff921,1
377,e2bb00220a167d9e60b6776ac33717bc,1
377,ee406bf28024d97771c4b1e8b7e8e219,1
377,f1fe595ee7ef768b41bd9b246d13432d,3
377,f7a17d2c51d9df89a4f1711c4ac17f33,1
378,0152f69b6cf919bcdaf117aa8c43e5a2,1
378,05a9dadb8402b6b7ae3dd28f7da187b5,1
378,10717ff440b2320081989126e858b220,1
378,1600dcf1cea8c0c83702e07b577ab231,1
378,18b0e642cbae7251e60a64aa07dd9eb9,1
378,2136c70bbe723d338fab53da3c03e6dc,1
378,2a5806f10d0f00e5ad032dd2e3c8806e,1
378,2b7aa376a6e728560bddb5558cc48e89,2
378,35afc973633aaeb6b877ff57b2793310,1
378,368c6c730842d78016ad823897a372db,2
378,36f60d45225e60c7da4558b070ce4b60,5
378,389d119b48cf3043d311335e499d9c6b,1
378,3dd2a17168ec895c781a9191c1e95ad7,1
378,3f14d740544f37ece8a9e7bc8349797e,3
378,422879e10f46682990de24d770e7f83d,1
378,4298b7e67dc399c200662b569563a2b2,2
378,461f43be3bdf8844e65b62d9ac2c7a5a,1
378,473795a355d29305c3ea6b156833adf5,4
378,474bb6b54fc608ca71059a6c4f7ecda3,1
378,50fd2b788dc166edd20512370dac54df,1
378,53759a2ecddad2bb87a079a1f1519f73,2
378,5403528d987ad26e8d7cb25940411987,1
378,54d9ac713e253fa1fae9c8003b011c2a,2
378,566a4f2c4385f36d15c00dfcaae132d1,2
378,5a848e4ab52fd5445cdc07aab1c40e48,1
378,5b226d7c52f86ac72457617f78cff95d,1
378,656e0eca68dcecf6a31b8ececfabe3e8,8
378,657247f6f60543b93e3cc708a8e6329c,1
378,66a0a6e02b7f543e5b021ce361f267d4,1
378,679a3e5e1d2bb68982be5734c6e55e63,1
378,6a8631b72a2f8729b91514db87e771c0,1
378,75c06ee06b201f9b6301d2b5e72993f8,1
378,75d6b6963340c6063f7f4cfcccfe6a30,2
378,78efe838c04bbc568be034082200ac20,2
378,7c1bd920dbdf22470b68bde975dd3ccf,2
378,7ce94ab189134e2d3c05f496d635419c,1
378,7d854ab97c64ef9df2bbfaf332765786,1
378,7fb04722aba7a2b632bac8f9819796f3,1
378,827c4a77226a3e7ef259d61eaa775df9,1
378,8c5876b1c7768217964f353bc7e64393,2
378,8c591ab0ca519558779df02023177f44,1
378,914c9e9af640dd56f48764a225b00f89,1
378,9f1c3e71d56894398a42b050b07f1baa,1
378,a0b7d5a992ccda646f2d34e418fff5a0,1
378,a62e25e09e05e6faf31d90c6ec1aa3d1,3
378,a92930c327948861c015c919a0bcb4a8,1
378,aca2eb7d00ea1a7b8ebd4e68314663af,4
378,acc444eb5ad26f79d5a11baa6a03c439,1
378,af51d485dc5255ba2e18b21b550156e6,1
378,b1d207586fca400a2370d50a9ba1da98,4
378,b8b426747049f2d3d6e00b486d47dedb,1
378,b99e4f4fa3f421e0ffbd512d9f152dec,1
378,bb42f37fc3d9130e4a4339d24a47dd7c,1
378,bce474cc95b6e77657e10939b0b4248c,1
378,bd6e6fce9ada76ea2db0f1912e8e478f,3
378,c211ff3068fcd2f8898192976d8b3a32,1
378,c2ece64199af7a53793ed9612a89a8cd,2
378,c4baedd846ed09b85f78a781b522f126,1
378,cac9e5692471a0700418aa3400b9b2b1,2
378,cc5447118c174dcc6456c84ccb29e6f7,1
378,cc971e0365873137b8bef2ebad633e6f,1
378,cec09725da5ed01471d9a505e7389d37,1
378,d1c427060a0f73f6b889a5c7c61f2ac4,3
378,d692d19cee022f7acab76373f297ad6a,1
378,dc52f0f5d3ec37a93eaf956cde4e5d2c,1
378,dd0dcee76f9c12fff4bc0eb641d57c7f,2
378,e0cf79767c5b016251fe139915c59a26,1
378,e53e557d5a159f5aa2c5e995dfdf244b,2
378,ee0c1cf2fbeae95205b4aa506f1469f0,1
378,ee6c49af1a2de55aa0e076257ab4ab99,1
378,f40876e0ef3cd5f9132b1f16b04b1346,1
378,f4d705aa95ccca448e5b0deb6e5290ba,1
378,f731f8587d4088c174397e010cf892a9,1
378,f819f0c84a64f02d3a5606ca95edd272,1
378,fe6a9515d655fa7936b8a7c841039f34,1
379,0502d1a36be75bd36b452f31c6ed264a,1
379,0bcc3eeca39e1064258aa1e932269894,1
379,0d85c435fd60b277ffb9e9b0f88f927a,1
379,10717ff440b2320081989126e858b220,4
379,154e7e31ebfa092203795c972e5804a6,1
379,2b0ee2d07306f7c9ac55a43166e9bb4b,1
379,2b4609f8948be18874494203496bc318,2
379,2b7aa376a6e728560bddb5558cc48e89,2
379,30ac6df06dc59ad72cf2f158fc2d904c,1
379,30ccf4724f5227265f837e9ba0246278,2
379,35afc973633aaeb6b877ff57b2793310,1
379,368c6c730842d78016ad823897a372db,1
379,36f60d45225e60c7da4558b070ce4b60,2
379,389d119b48cf3043d311335e499d9c6b,2
379,3b60d513e90300a4e9833e5cda1f1d61,1
379,3e5201fe0d1ba474d9b90152c83c706c,1
379,3f14d740544f37ece8a9e7bc8349797e,1
379,4298b7e67dc399c200662b569563a2b2,1
379,461f43be3bdf8844e65b62d9ac2c7a5a,1
379,473795a355d29305c3ea6b156833adf5,1
379,53759a2ecddad2bb87a079a1f1519f73,4
379,54d9ac713e253fa1fae9c8003b011c2a,4
379,5b226d7c52f86ac72457617f78cff95d,1
379,657247f6f60543b93e3cc708a8e6329c,2
379,6cdd53843498f92890544667809f1595,2
379,719d571299707561c34ba04ab867b32a,1
379,75c06ee06b201f9b6301d2b5e72993f8,1
379,764292b2b0f73f77a0272be03fdd45f3,1
379,7f4e034245e45549110139d1de248f83,1
379,7fb04722aba7a2b632bac8f9819796f3,1
379,8317b177579dd27ff068b83205e2169b,1
379,89321f94e35fc6d7903d36f74e351d40,1
379,8a443635fdf9759915c9be5be2e3b862,1
379,8c5876b1c7768217964f353bc7e64393,2
379,99f265229d46f700208ad7cb1ff48aae,1
379,a50acd33ba7a8da8e9db65094fa990a4,1
379,a59fb60fddcc72a9878b7ed5cb69d8e4,1
379,a62e25e09e05e6faf31d90c6ec1aa3d1,1
379,ac44def10e24998cdee20a208d691127,1
379,aca2eb7d00ea1a7b8ebd4e68314663af,3
379,b114bf337c0626166abe574eee9e3f32,1
379,bd6e6fce9ada76ea2db0f1912e8e478f,1
379,c1f5307decb89342351bec53668cffd9,1
379,cac9e5692471a0700418aa3400b9b2b1,2
379,d1c427060a0f73f6b889a5c7c61f2ac4,1
379,db5efde3ad0cc579b130d71c4b2db522,1
379,dbb67791e405873b259e4656bf971246,1
379,e53e557d5a159f5aa2c5e995dfdf244b,1
379,e8316a4667e5870c85e906b1f062bde1,1
379,e9def91e99c8ecb7c5cef5e31506a056,1
379,ea44caac707f7f1325182a538007f838,2
379,ed2067a9c1f79553088a3c67b99a9f97,1
379,ee0c1cf2fbeae95205b4aa506f1469f0,2
379,ee3d532c8a438679776d222e997606b3,4
379,ee406bf28024d97771c4b1e8b7e8e219,1
379,ee57070aa3b24a06fdd0e02efd2d757d,1
379,f1fe595ee7ef768b41bd9b246d13432d,1
379,f4f67ccaece962d013a4e1d7dc3a61f7,1
379,f7a17d2c51d9df89a4f1711c4ac17f33,1
379,f7f59e6186e10983a061ac7bdb3494d6,1
379,fe6a9515d655fa7936b8a7c841039f34,1
379,fe9dfbe7f974621789683b7b78be2a16,1
380,186fe07c8b8005ec6a498587ffbc1352,1
380,2028bf1b01cafb2d2b1901fca4083222,1
380,2ffdf10e724b958c0f7ea69e97d32f64,2
380,30ac6df06dc59ad72cf2f158fc2d904c,1
380,30ccf4724f5227265f837e9ba0246278,1
380,3225c54bb2785c33f49f50398fcdb88c,1
380,35ebf08a93899d44e756809e11b14754,1
380,368c6c730842d78016ad823897a372db,1
380,36f60d45225e60c7da4558b070ce4b60,3
380,389d119b48cf3043d311335e499d9c6b,4
380,3e5201fe0d1ba474d9b90152c83c706c,1
380,3f14d740544f37ece8a9e7bc8349797e,1
380,3fbc0ef745950c7932d5f2a446189725,1
380,422879e10f46682990de24d770e7f83d,1
380,42a2c92a0979a949ca4ea89ec5c7b934,1
380,473795a355d29305c3ea6b156833adf5,2
380,4c2394abfbac7ff59ec7a420918562fa,1
380,553e0e7590d3116a072507a3635d2877,1
380,5d66715cc928aadd0074f61332698593,1
380,617186c3d97ea56c9c683a8a3974e8c1,1
380,656e0eca68dcecf6a31b8ececfabe3e8,3
380,6a8631b72a2f8729b91514db87e771c0,2
380,7814c273ab16783d73a9863ebfa8b141,1
380,7a10781637204d8d10485c71a6108a2e,2
380,83b00325c13c44245b2c3a2befa62a0e,1
380,84f456958365164420cfc80fbe4c7fab,2
380,8983a3b149303c013fceabef902e835a,1
380,9545d45c37449ccbc376de3a04c66e71,1
380,a12c9204f6f9e90ad1d8ba5571fbfed2,1
380,a62e25e09e05e6faf31d90c6ec1aa3d1,1
380,aca2eb7d00ea1a7b8ebd4e68314663af,2
380,acc444eb5ad26f79d5a11baa6a03c439,3
380,b532349fe46b38fbc7bb3914c1bdae07,2
380,b8b426747049f2d3d6e00b486d47dedb,2
380,bb50f2e236e5eea0100680137654686c,2
380,bd6e6fce9ada76ea2db0f1912e8e478f,1
380,bdc3291ab242ec1effc8eb0987850268,2
380,bee2e070c39f3dd2f6883a17a5f0da45,2
380,c4baedd846ed09b85f78a781b522f126,1
380,c6336fa91fbd87c359e44f5dca5a90ed,2
380,c72edc98e7d77f0c4c04ec80730c05f5,1
380,c9c6fde711572c1ad99ca12728c6af00,2
380,cac9e5692471a0700418aa3400b9b2b1,1
380,cd48f265a63e13b762601f5f794c5fca,1
380,cec09725da5ed01471d9a505e7389d37,1
380,d017a2151d543a9885604dc62a3d9dcc,1
380,d04e48982547095af81c231c3d581cb6,1
380,d1c427060a0f73f6b889a5c7c61f2ac4,1
380,d285360f29ac7fd97640bf0baef03de0,1
380,d7d5562fce331ad958ca6f57057b3526,1
380,dab2413ead0edda9967edbc9bda2a64e,1
380,dbb67791e405873b259e4656bf971246,2
380,e0cf79767c5b016251fe139915c59a26,1
380,e53e557d5a159f5aa2c5e995dfdf244b,1
380,ec2d43cc59763ec91694573b31f1c29a,1
380,ed2067a9c1f79553088a3c67b99a9f97,1
380,ee0c1cf2fbeae95205b4aa506f1469f0,2
380,f8b624d4e475bb8d1bddf1b65c6a64f6,1
380,f908d3bf313a1308bfb2a46ea2685347,1
380,fc1d8637c0268af3db482c14b7ef8e75,1
380,ff29d8cb1cd0cd5ea37b80dac9939e1c,2
381,08574b074924071f4e201e151b152b4e,1
381,29427de7f8a9ee983d9dbc51cec569b4,1
381,2b4609f8948be18874494203496bc318,1
381,2ffdf10e724b958c0f7ea69e97d32f64,1
381,368c6c730842d78016ad823897a372db,1
381,36f60d45225e60c7da4558b070ce4b60,3
381,389d119b48cf3043d311335e499d9c6b,1
381,3dd2a17168ec895c781a9191c1e95ad7,1
381,3eef0cb94ba82de806bb30ab743c7655,3
381,3f14d740544f37ece8a9e7bc8349797e,4
381,3fbc0ef745950c7932d5f2a446189725,1
381,4aa6014eceb682077f9dc4bffebc05b0,1
381,4c2394abfbac7ff59ec7a420918562fa,1
381,4ce9ab528124f89e091b17d11aa2e97c,1
381,52c80cedd4e90108bf4fa6a206ef6b03,1
381,53759a2ecddad2bb87a079a1f1519f73,3
381,566a4f2c4385f36d15c00dfcaae132d1,1
381,5a848e4ab52fd5445cdc07aab1c40e48,1
381,5b226d7c52f86ac72457617f78cff95d,2
381,656e0eca68dcecf6a31b8ececfabe3e8,2
381,704ef63ad0ac345842ea734060a83db2,1
381,79da264732f717f10ebf5d102aa6c32a,1
381,7ce94ab189134e2d3c05f496d635419c,1
381,8317b177579dd27ff068b83205e2169b,2
381,87a71ae93900ab55fcf685c8040769b3,1
381,87d780fa7d2cf3710aa02dc4ca8db985,1
381,8a443635fdf9759915c9be5be2e3b862,1
381,8c292ca193d326152e335d77176746f0,1
381,8c591ab0ca519558779df02023177f44,1
381,93c902b021a9e594f658ab1b0351602a,1
381,97017430754804328eb9597b7f85da03,1
381,99a4788cb24856965c36a24e339b6058,1
381,a5341e3f8155dbb3e62323d3ea289729,1
381,a62e25e09e05e6faf31d90c6ec1aa3d1,1
381,aa280035c50ba62c746480a59045eec4,2
381,aca2eb7d00ea1a7b8ebd4e68314663af,2
381,ad88641611c35ebd59ecda07a9f17099,1
381,bb50f2e236e5eea0100680137654686c,1
381,bce474cc95b6e77657e10939b0b4248c,1
381,bd6e6fce9ada76ea2db0f1912e8e478f,2
381,bee2e070c39f3dd2f6883a17a5f0da45,1
381,c1f5307decb89342351bec53668cffd9,1
381,c211ff3068fcd2f8898192976d8b3a32,1
381,c2ece64199af7a53793ed9612a89a8cd,1
381,c3097e07a0a5de0d4b4c836d90c5a284,1
381,cac9e5692471a0700418aa3400b9b2b1,2
381,cadb69af336c16aba5c5223599821245,1
381,d04e48982547095af81c231c3d581cb6,1
381,d1c427060a0f73f6b889a5c7c61f2ac4,1
381,d696750e550fd0f733979dd7e5dff921,1
381,db5efde3ad0cc579b130d71c4b2db522,1
381,dbb67791e405873b259e4656bf971246,3
381,dd0dcee76f9c12fff4bc0eb641d57c7f,1
381,ddceb6eef6af67e9fbbd4c148dbe5fd9,1
381,dfb97c88e066dc22165f31648efe1312,1
381,e0cf79767c5b016251fe139915c59a26,1
381,e0d64dcfaa3b6db5c54ca298ae101d05,1
381,e53e557d5a159f5aa2c5e995dfdf244b,2
381,e5eadf9be70a4a9fa514019542fc330a,1
381,ec2d43cc59763ec91694573b31f1c29a,1
381,ed2067a9c1f79553088a3c67b99a9f97,1
381,f1fe595ee7ef768b41bd9b246d13432d,1
381,f71f42e2381752836563b70beb542f80,1
381,f7a17d2c51d9df89a4f1711c4ac17f33,1
381,fc1d8637c0268af3db482c14b7ef8e75,1
382,017692475c1c954ff597feda05131d73,1
382,027cdd14a677a5834bc67a9789db5021,1
382,06edb72f1e0c64b14c5b79353f7abea3,1
382,0bcc3eeca39e1064258aa1e932269894,1
382,16ed6a6e3fce23b741650437fe58d65b,1
382,1bfb290d7273a442c874dbe74b4abae6,1
382,363218ba55c610b750224f90bdd34be1,1
382,368c6c730842d78016ad823897a372db,1
382,36f60d45225e60c7da4558b070ce4b60,3
382,3dd2a17168ec895c781a9191c1e95ad7,2
382,3eef0cb94ba82de806bb30ab743c7655,7
382,42a2c92a0979a949ca4ea89ec5c7b934,1
382,461f43be3bdf8844e65b62d9ac2c7a5a,2
382,473795a355d29305c3ea6b156833adf5,1
382,474bb6b54fc608ca71059a6c4f7ecda3,1
382,4b96786612ebe7463132fce2c4dca136,1
382,52c80cedd4e90108bf4fa6a206ef6b03,1
382,5a848e4ab52fd5445cdc07aab1c40e48,3
382,629e019a6f298a83aeecc7877964f935,1
382,657247f6f60543b93e3cc708a8e6329c,1
382,6803077179d24889430188e03fafd31a,3
382,6a8631b72a2f8729b91514db87e771c0,2
382,6c3effec7c8ddba466d4f03f982c7aa3,1
382,6cdd53843498f92890544667809f1595,1
382,8317b177579dd27ff068b83205e2169b,1
382,87d780fa7d2cf3710aa02dc4ca8db985,1
382,880be32f4db1d9f6e2bec38fb6ac23ab,1
382,8c292ca193d326152e335d77176746f0,1
382,8c591ab0ca519558779df02023177f44,2
382,909b87db6cb3a7ab26bd03cc59860136,1
382,93c902b021a9e594f658ab1b0351602a,1
382,9f1c3e71d56894398a42b050b07f1baa,1
382,a12c9204f6f9e90ad1d8ba5571fbfed2,1
382,a62e25e09e05e6faf31d90c6ec1aa3d1,2
382,a9516a079e37a9c9c36b9b78b10169e8,2
382,aadff88486740e0b0ebe2be6c09476ae,1
382,aba86c093ccdbac75b09111d57e50004,1
382,b92a7304ebad1ca5b393b53b2de5c70a,1
382,ba74c6b75d2ad7503175809688d5a03c,1
382,c1f5307decb89342351bec53668cffd9,1
382,c2ece64199af7a53793ed9612a89a8cd,1
382,c4baedd846ed09b85f78a781b522f126,1
382,c72edc98e7d77f0c4c04ec80730c05f5,1
382,c8cfa622661e047ea2499f8bce4731a5,1
382,cac9e5692471a0700418aa3400b9b2b1,1
382,ce6f74096c84567f22728c84f3d6e7fc,1
382,d04bbac48960ecb7ea311b00ca6e1cb7,1
382,d1c427060a0f73f6b889a5c7c61f2ac4,2
382,d5991653e037ccb7af6ed7d94246b249,1
382,d63c1011f49d98b976c352955b1c4bea,1
382,d7d5562fce331ad958ca6f57057b3526,1
382,db5efde3ad0cc579b130d71c4b2db522,1
382,ddceb6eef6af67e9fbbd4c148dbe5fd9,1
382,e0cf79767c5b016251fe139915c59a26,1
382,e44f675b60b3a3a2453ec36421e06f0f,1
382,e53e557d5a159f5aa2c5e995dfdf244b,1
382,f1fe595ee7ef768b41bd9b246d13432d,1
382,fb7a100ec8c7b34f60cec22b1a9a10e0,1
382,ff29d8cb1cd0cd5ea37b80dac9939e1c,1
383,017692475c1c954ff597feda05131d73,1
383,0bcc3eeca39e1064258aa1e932269894,1
383,18b0e642cbae7251e60a64aa07dd9eb9,1
383,19c91ef95d509ea33eda93495c4d3481,1
383,2a5806f10d0f00e5ad032dd2e3c8806e,1
383,2b7aa376a6e728560bddb5558cc48e89,2
383,368c6c730842d78016ad823897a372db,1
383,3eef0cb94ba82de806bb30ab743c7655,4
383,51ce083cd2b9078656a94655ab45b8a4,1
383,52c80cedd4e90108bf4fa6a206ef6b03,1
383,566a4f2c4385f36d15c00dfcaae132d1,1
383,66a0a6e02b7f543e5b021ce361f267d4,1
383,6803077179d24889430188e03fafd31a,1
383,719d571299707561c34ba04ab867b32a,1
383,72d3bf1d3a790f8874096fcf860e3eff,2
383,73bcea88583002fe12b7399af4ae60da,1
383,79366d6a24de9351b7ca6e3cf75a68ec,1
383,79da264732f717f10ebf5d102aa6c32a,1
383,7f4e034245e45549110139d1de248f83,1
383,89321f94e35fc6d7903d36f74e351d40,1
383,8c591ab0ca519558779df02023177f44,1
383,94475071013412139f862c0bd7e3bb37,1
383,9545d45c37449ccbc376de3a04c66e71,1
383,9ad75bd7267e5c724cb42c71ac56ca72,1
383,a04087ab6a96ffa041f8a2701a72b616,1
383,a62e25e09e05e6faf31d90c6ec1aa3d1,1
383,aa280035c50ba62c746480a59045eec4,1
383,ac44def10e24998cdee20a208d691127,1
383,aca2eb7d00ea1a7b8ebd4e68314663af,1
383,c1f5307decb89342351bec53668cffd9,1
383,c211ff3068fcd2f8898192976d8b3a32,1
383,c72edc98e7d77f0c4c04ec80730c05f5,1
383,cd48f265a63e13b762601f5f794c5fca,2
383,d1c427060a0f73f6b889a5c7c61f2ac4,1
383,d692d19cee022f7acab76373f297ad6a,2
383,e5ae72c62ebfa708624f5029d609b160,1
383,f7f59e6186e10983a061ac7bdb3494d6,1
383,fe75529a267b76ac6e96f0c322a899a4,1
384,154e7e31ebfa092203795c972e5804a6,1
384,16ed6a6e3fce23b741650437fe58d65b,1
384,362b773250263786dd58670d2df42c3b,2
384,36f60d45225e60c7da4558b070ce4b60,2
384,389d119b48cf3043d311335e499d9c6b,1
384,4178e16324fd0c9a8e18463caf390cc6,1
384,422879e10f46682990de24d770e7f83d,1
384,4c2394abfbac7ff59ec7a420918562fa,1
384,53759a2ecddad2bb87a079a1f1519f73,1
384,553e0e7590d3116a072507a3635d2877,1
384,55782cb82e0efe052da0a3da237da3b2,1
384,5a848e4ab52fd5445cdc07aab1c40e48,1
384,601a360bd2a916ecef0e88de72a6531a,1
384,629e019a6f298a83aeecc7877964f935,1
384,656e0eca68dcecf6a31b8ececfabe3e8,1
384,6f3b5b605d91b7439c5e3f5a8dffeea7,1
384,764292b2b0f73f77a0272be03fdd45f3,1
384,79da264732f717f10ebf5d102aa6c32a,1
384,8c591ab0ca519558779df02023177f44,1
384,99f265229d46f700208ad7cb1ff48aae,2
384,a62e25e09e05e6faf31d90c6ec1aa3d1,1
384,aa280035c50ba62c746480a59045eec4,1
384,b0c8da302d49498d2ce6be8c631e4e20,1
384,b8b426747049f2d3d6e00b486d47dedb,1
384,bb50f2e236e5eea0100680137654686c,1
384,c1f5307decb89342351bec53668cffd9,1
384,c211ff3068fcd2f8898192976d8b3a32,1
384,c5b72065154ec27c2d1ed8a654c3348f,1
384,c9c6fde711572c1ad99ca12728c6af00,2
384,cd48f265a63e13b762601f5f794c5fca,1
384,d1c427060a0f73f6b889a5c7c61f2ac4,2
384,dab2413ead0edda9967edbc9bda2a64e,1
384,e0cf79767c5b016251fe139915c59a26,1
384,f1fe595ee7ef768b41bd9b246d13432d,1
384,f4f67ccaece962d013a4e1d7dc3a61f7,1
384,f6fa93875f4a7dac03e0a22143f4d815,1
384,fe75529a267b76ac6e96f0c322a899a4,1
384,fe9dfbe7f974621789683b7b78be2a16,1
385,060cb19345d90064d1015407193c233d,1
385,08a58dc963320d6073623382b9ceb920,1
385,10717ff440b2320081989126e858b220,2
385,16ed6a6e3fce23b741650437fe58d65b,1
385,18b0e642cbae7251e60a64aa07dd9eb9,1
385,2028bf1b01cafb2d2b1901fca4083222,1
385,29427de7f8a9ee983d9dbc51cec569b4,1
385,30ccf4724f5227265f837e9ba0246278,1
385,35ebf08a93899d44e756809e11b14754,1
385,362b773250263786dd58670d2df42c3b,1
385,363218ba55c610b750224f90bdd34be1,3
385,368c6c730842d78016ad823897a372db,4
385,36f60d45225e60c7da4558b070ce4b60,3
385,389d119b48cf3043d311335e499d9c6b,1
385,3dd2a17168ec895c781a9191c1e95ad7,1
385,3e5201fe0d1ba474d9b90152c83c706c,1
385,461f43be3bdf8844e65b62d9ac2c7a5a,2
385,474bb6b54fc608ca71059a6c4f7ecda3,1
385,4fcb3d9a5f4871e8362dfedbdb02b064,1
385,53759a2ecddad2bb87a079a1f1519f73,1
385,5a848e4ab52fd5445cdc07aab1c40e48,1
385,5d66715cc928aadd0074f61332698593,1
385,601a360bd2a916ecef0e88de72a6531a,1
385,617186c3d97ea56c9c683a8a3974e8c1,1
385,656e0eca68dcecf6a31b8ececfabe3e8,1
385,6803077179d24889430188e03fafd31a,1
385,6a8631b72a2f8729b91514db87e771c0,1
385,6cdd53843498f92890544667809f1595,3
385,719d571299707561c34ba04ab867b32a,1
385,8c292ca193d326152e335d77176746f0,1
385,8c5876b1c7768217964f353bc7e64393,1
385,921d31a1daa51460b7a95ea5f3ab64d5,1
385,98a8c2fa16d7239c606640f5555768e4,1
385,99a4788cb24856965c36a24e339b6058,1
385,a12c9204f6f9e90ad1d8ba5571fbfed2,1
385,a50acd33ba7a8da8e9db65094fa990a4,2
385,a9516a079e37a9c9c36b9b78b10169e8,2
385,bb50f2e236e5eea0100680137654686c,1
385,bee2e070c39f3dd2f6883a17a5f0da45,1
385,c9c6fde711572c1ad99ca12728c6af00,1
385,cd48f265a63e13b762601f5f794c5fca,2
385,d1c427060a0f73f6b889a5c7c61f2ac4,2
385,dbb67791e405873b259e4656bf971246,1
385,dc52f0f5d3ec37a93eaf956cde4e5d2c,1
385,ddceb6eef6af67e9fbbd4c148dbe5fd9,1
385,e2bb00220a167d9e60b6776ac33717bc,1
385,e44f675b60b3a3a2453ec36421e06f0f,1
385,e4ca5b20cfe1a020e15e36fe14e880ee,1
385,e53e557d5a159f5aa2c5e995dfdf244b,2
385,e59dd207c69d86e890febadc796d1078,1
385,e5ae72c62ebfa708624f5029d609b160,1
385,e9def91e99c8ecb7c5cef5e31506a056,1
385,ee406bf28024d97771c4b1e8b7e8e219,1
385,f4f67ccaece962d013a4e1d7dc3a61f7,1
385,fc1d8637c0268af3db482c14b7ef8e75,1
386,06edb72f1e0c64b14c5b79353f7abea3,1
386,08a58dc963320d6073623382b9ceb920,2
386,154e7e31ebfa092203795c972e5804a6,1
386,16679d68bdbed3fb97af806424d7f2b7,2
386,16ed6a6e3fce23b741650437fe58d65b,1
386,18b0e642cbae7251e60a64aa07dd9eb9,2
386,29427de7f8a9ee983d9dbc51cec569b4,2
386,30469bb5ea377eae7121981e2f0778e4,1
386,368c6c730842d78016ad823897a372db,5
386,36f60d45225e60c7da4558b070ce4b60,2
386,389d119b48cf3043d311335e499d9c6b,1
386,3b0f7951038b105522c2d566b54421f7,1
386,3dd2a17168ec895c781a9191c1e95ad7,2
386,3f14d740544f37ece8a9e7bc8349797e,3
386,422879e10f46682990de24d770e7f83d,2
386,461f43be3bdf8844e65b62d9ac2c7a5a,1
386,4ce9ab528124f89e091b17d11aa2e97c,1
386,52c80cedd4e90108bf4fa6a206ef6b03,1
386,566a4f2c4385f36d15c00dfcaae132d1,1
386,5a848e4ab52fd5445cdc07aab1c40e48,5
386,656e0eca68dcecf6a31b8ececfabe3e8,5
386,6803077179d24889430188e03fafd31a,1
386,6cdd53843498f92890544667809f1595,1
386,6f3b5b605d91b7439c5e3f5a8dffeea7,1
386,719d571299707561c34ba04ab867b32a,1
386,75d6b6963340c6063f7f4cfcccfe6a30,1
386,781afe929e3016a667f5f439afd55fce,1
386,7c4a8bec217df1de0df2b5aaf8175b65,1
386,89321f94e35fc6d7903d36f74e351d40,1
386,8a443635fdf9759915c9be5be2e3b862,1
386,8c5876b1c7768217964f353bc7e64393,1
386,8c591ab0ca519558779df02023177f44,1
386,93c902b021a9e594f658ab1b0351602a,2
386,99a4788cb24856965c36a24e339b6058,1
386,9ad75bd7267e5c724cb42c71ac56ca72,1
386,9f1c3e71d56894398a42b050b07f1baa,1
386,a42d9c825894f96fc6ed02610891454d,1
386,a50acd33ba7a8da8e9db65094fa990a4,1
386,a62e25e09e05e6faf31d90c6ec1aa3d1,2
386,a9516a079e37a9c9c36b9b78b10169e8,1
386,ac44def10e24998cdee20a208d691127,1
386,ad88641611c35ebd59ecda07a9f17099,1
386,af2d506fb01b724e03591349ad36b67e,1
386,b114bf337c0626166abe574eee9e3f32,1
386,b99e4f4fa3f421e0ffbd512d9f152dec,1
386,bee2e070c39f3dd2f6883a17a5f0da45,2
386,c1f5307decb89342351bec53668cffd9,1
386,c72edc98e7d77f0c4c04ec80730c05f5,1
386,c9c6fde711572c1ad99ca12728c6af00,2
386,ce6f74096c84567f22728c84f3d6e7fc,1
386,d017a2151d543a9885604dc62a3d9dcc,1
386,d1c427060a0f73f6b889a5c7c61f2ac4,1
386,dab2413ead0edda9967edbc9bda2a64e,1
386,e03102efbc2229024c89be731f0aedcb,1
386,e0d64dcfaa3b6db5c54ca298ae101d05,1
386,e53e557d5a159f5aa2c5e995dfdf244b,1
386,e8316a4667e5870c85e906b1f062bde1,6
386,ee3d532c8a438679776d222e997606b3,2
386,f819f0c84a64f02d3a5606ca95edd272,1
387,06edb72f1e0c64b14c5b79353f7abea3,3
387,08a58dc963320d6073623382b9ceb920,1
387,0bcc3eeca39e1064258aa1e932269894,1
387,154e7e31ebfa092203795c972e5804a6,1
387,18b0e642cbae7251e60a64aa07dd9eb9,1
387,30ccf4724f5227265f837e9ba0246278,2
387,363218ba55c610b750224f90bdd34be1,1
387,368c6c730842d78016ad823897a372db,1
387,36f60d45225e60c7da4558b070ce4b60,3
387,3b0f7951038b105522c2d566b54421f7,1
387,3dd2a17168ec895c781a9191c1e95ad7,1
387,3f14d740544f37ece8a9e7bc8349797e,4
387,42a2c92a0979a949ca4ea89ec5c7b934,2
387,44a34214a57dc373dcd80f54c919d006,1
387,461f43be3bdf8844e65b62d9ac2c7a5a,1
387,4ce9ab528124f89e091b17d11aa2e97c,1
387,53759a2ecddad2bb87a079a1f1519f73,1
387,595fac2a385ac33a80bd5114aec74eb8,1
387,5a848e4ab52fd5445cdc07aab1c40e48,4
387,5dee2c14e1989141e15d341d4c62d72a,1
387,617186c3d97ea56c9c683a8a3974e8c1,1
387,656e0eca68dcecf6a31b8ececfabe3e8,4
387,6a8631b72a2f8729b91514db87e771c0,1
387,6cc44821f36f3156c782da72dd634e47,1
387,764292b2b0f73f77a0272be03fdd45f3,1
387,78efe838c04bbc568be034082200ac20,1
387,7ce94ab189134e2d3c05f496d635419c,2
387,8317b177579dd27ff068b83205e2169b,1
387,84f456958365164420cfc80fbe4c7fab,1
387,8c292ca193d326152e335d77176746f0,1
387,8c5876b1c7768217964f353bc7e64393,1
387,909b87db6cb3a7ab26bd03cc59860136,1
387,93c902b021a9e594f658ab1b0351602a,1
387,99a4788cb24856965c36a24e339b6058,1
387,9b9d1c4bd979b93c138044e032f99780,1
387,9da950e8c8c482441f1b93955b21c827,1
387,a12c9204f6f9e90ad1d8ba5571fbfed2,1
387,a62e25e09e05e6faf31d90c6ec1aa3d1,7
387,a8fe47ad6f852f93cc92c7b408687de3,1
387,abc3432ff825d8e524db1d4eac6d2099,1
387,b0c8da302d49498d2ce6be8c631e4e20,1
387,b84520a57891e7a8ae2c68741dcc7146,1
387,b99e4f4fa3f421e0ffbd512d9f152dec,1
387,bb42f37fc3d9130e4a4339d24a47dd7c,1
387,bee2e070c39f3dd2f6883a17a5f0da45,2
387,c5b72065154ec27c2d1ed8a654c3348f,1
387,c9c6fde711572c1ad99ca12728c6af00,2
387,ce6f74096c84567f22728c84f3d6e7fc,1
387,d1c427060a0f73f6b889a5c7c61f2ac4,4
387,d696750e550fd0f733979dd7e5dff921,1
387,db5efde3ad0cc579b130d71c4b2db522,1
387,e0cf79767c5b016251fe139915c59a26,2
387,e282624d8c82e04983f125e167eb4521,1
387,e44f675b60b3a3a2453ec36421e06f0f,2
387,e4d325bd1eea550509bdbbc5c3301fc1,1
387,e53e557d5a159f5aa2c5e995dfdf244b,2
387,ec2d43cc59763ec91694573b31f1c29a,3
387,f2e53dd1670f3c376518263b3f71424d,1
387,fc1d8637c0268af3db482c14b7ef8e75,1
388,06edb72f1e0c64b14c5b79353f7abea3,1
388,086351823300e0339f6955b27998c186,2
388,11fd9d7ba552e1d28872e008acf1e050,1
388,19421075ae0b585f2dc13ff149e2119d,1
388,363218ba55c610b750224f90bdd34be1,1
388,368c6c730842d78016ad823897a372db,2
388,36f60d45225e60c7da4558b070ce4b60,2
388,389d119b48cf3043d311335e499d9c6b,3
388,3b0f7951038b105522c2d566b54421f7,1
388,3dd2a17168ec895c781a9191c1e95ad7,2
388,3f14d740544f37ece8a9e7bc8349797e,2
388,42a2c92a0979a949ca4ea89ec5c7b934,1
388,474bb6b54fc608ca71059a6c4f7ecda3,1
388,4c2394abfbac7ff59ec7a420918562fa,1
388,52c80cedd4e90108bf4fa6a206ef6b03,3
388,53759a2ecddad2bb87a079a1f1519f73,1
388,53ea9da485f6aed8a6f03a85831fe021,2
388,566a4f2c4385f36d15c00dfcaae132d1,1
388,583f158587cdecda3e8bdea694021e39,1
388,5bfc7506459ae2a7b4b573fe557a58e1,1
388,5d66715cc928aadd0074f61332698593,2
388,629e019a6f298a83aeecc7877964f935,1
388,64fb265487de2238627ce43fe8a67efc,1
388,656e0eca68dcecf6a31b8ececfabe3e8,1
388,6cdd53843498f92890544667809f1595,1
388,704ef63ad0ac345842ea734060a83db2,1
388,71a5f1c2a5fd9889ef26b5ac22aec9c6,1
388,78efe838c04bbc568be034082200ac20,1
388,7a10781637204d8d10485c71a6108a2e,1
388,7c1bd920dbdf22470b68bde975dd3ccf,1
388,7c4a8bec217df1de0df2b5aaf8175b65,1
388,7ce94ab189134e2d3c05f496d635419c,4
388,87a71ae93900ab55fcf685c8040769b3,1
388,8c591ab0ca519558779df02023177f44,1
388,93c902b021a9e594f658ab1b0351602a,1
388,9ad75bd7267e5c724cb42c71ac56ca72,1
388,9bb8ca338e5588c361e34eae02e8fad6,1
388,a62e25e09e05e6faf31d90c6ec1aa3d1,3
388,aa8d88eb4b9cb38894e33fa624c4287f,1
388,ac44def10e24998cdee20a208d691127,1
388,b0c8da302d49498d2ce6be8c631e4e20,1
388,b84520a57891e7a8ae2c68741dcc7146,1
388,bb50f2e236e5eea0100680137654686c,1
388,c211ff3068fcd2f8898192976d8b3a32,2
388,c9c6fde711572c1ad99ca12728c6af00,1
388,cd48f265a63e13b762601f5f794c5fca,1
388,cec09725da5ed01471d9a505e7389d37,1
388,d1c427060a0f73f6b889a5c7c61f2ac4,2
388,dab2413ead0edda9967edbc9bda2a64e,2
388,dbb67791e405873b259e4656bf971246,5
388,dd0dcee76f9c12fff4bc0eb641d57c7f,1
388,e9def91e99c8ecb7c5cef5e31506a056,1
388,ee406bf28024d97771c4b1e8b7e8e219,1
388,ee6c49af1a2de55aa0e076257ab4ab99,1
388,f1fe595ee7ef768b41bd9b246d13432d,1
389,044f05bc9de36e8a693a83e4bc79dd0d,1
389,086351823300e0339f6955b27998c186,2
389,29427de7f8a9ee983d9dbc51cec569b4,1
389,368c6c730842d78016ad823897a372db,3
389,36f60d45225e60c7da4558b070ce4b60,2
389,386486367c1f9d4f587a8864ccb6902b,1
389,389d119b48cf3043d311335e499d9c6b,5
389,3b0f7951038b105522c2d566b54421f7,1
389,3f14d740544f37ece8a9e7bc8349797e,3
389,422879e10f46682990de24d770e7f83d,2
389,42a2c92a0979a949ca4ea89ec5c7b934,2
389,43423cdffde7fda63d0414ed38c11a73,1
389,44a34214a57dc373dcd80f54c919d006,1
389,461f43be3bdf8844e65b62d9ac2c7a5a,1
389,474bb6b54fc608ca71059a6c4f7ecda3,1
389,53759a2ecddad2bb87a079a1f1519f73,1
389,566a4f2c4385f36d15c00dfcaae132d1,1
389,595fac2a385ac33a80bd5114aec74eb8,1
389,5a848e4ab52fd5445cdc07aab1c40e48,1
389,656e0eca68dcecf6a31b8ececfabe3e8,2
389,6a8631b72a2f8729b91514db87e771c0,3
389,72d3bf1d3a790f8874096fcf860e3eff,2
389,764292b2b0f73f77a0272be03fdd45f3,1
389,78efe838c04bbc568be034082200ac20,1
389,7c1bd920dbdf22470b68bde975dd3ccf,1
389,7ce94ab189134e2d3c05f496d635419c,1
389,827c4a77226a3e7ef259d61eaa775df9,1
389,8aa6223e400af9c97b07c75993142721,1
389,8c5876b1c7768217964f353bc7e64393,1
389,97017430754804328eb9597b7f85da03,1
389,a237de12bdf0bfe4fe220bae65a89731,1
389,a50acd33ba7a8da8e9db65094fa990a4,1
389,a5341e3f8155dbb3e62323d3ea289729,2
389,a62e25e09e05e6faf31d90c6ec1aa3d1,2
389,a92930c327948861c015c919a0bcb4a8,1
389,ab1f9387c0627dd24000bfbc54fdeee0,1
389,b8b426747049f2d3d6e00b486d47dedb,1
389,bb50f2e236e5eea0100680137654686c,1
389,c075b8e131353552218860f1c421e4ef,2
389,c4baedd846ed09b85f78a781b522f126,1
389,c6336fa91fbd87c359e44f5dca5a90ed,1
389,c9c6fde711572c1ad99ca12728c6af00,2
389,d1c427060a0f73f6b889a5c7c61f2ac4,1
389,db5efde3ad0cc579b130d71c4b2db522,1
389,e0cf79767c5b016251fe139915c59a26,1
389,e53e557d5a159f5aa2c5e995dfdf244b,3
389,ec2d43cc59763ec91694573b31f1c29a,3
389,ee0c1cf2fbeae95205b4aa506f1469f0,1
389,ee3d532c8a438679776d222e997606b3,2
389,ee406bf28024d97771c4b1e8b7e8e219,1
389,f1fe595ee7ef768b41bd9b246d13432d,1
389,f2e53dd1670f3c376518263b3f71424d,1
389,f4f67ccaece962d013a4e1d7dc3a61f7,1
390,036734b5a58d5d4f46b0616ddc047ced,1
390,05a9dadb8402b6b7ae3dd28f7da187b5,1
390,0a4093a4af429dc0a9334300e5c13ae5,1
390,10717ff440b2320081989126e858b220,1
390,1a080577618e7fe4d9ddd8fb2b47a964,1
390,22c5ddc22ea8cae84fc9917def682dc6,1
390,23365beed316535b4105bd800c46670e,1
390,25f86162fee18735fffdb762dcb10d7c,2
390,29427de7f8a9ee983d9dbc51cec569b4,1
390,2a2d22ae30e026f1893083c8405ca522,1
390,363218ba55c610b750224f90bdd34be1,1
390,368c6c730842d78016ad823897a372db,2
390,36f60d45225e60c7da4558b070ce4b60,2
390,3b0f7951038b105522c2d566b54421f7,1
390,3b60d513e90300a4e9833e5cda1f1d61,1
390,3dd2a17168ec895c781a9191c1e95ad7,3
390,44a34214a57dc373dcd80f54c919d006,1
390,53759a2ecddad2bb87a079a1f1519f73,1
390,595fac2a385ac33a80bd5114aec74eb8,2
390,5a848e4ab52fd5445cdc07aab1c40e48,2
390,629e019a6f298a83aeecc7877964f935,1
390,68a058d125ba1544e726898f0b8c0523,1
390,6a8631b72a2f8729b91514db87e771c0,1
390,6bbe55cf8f85c87b6eebb775a53402f4,2
390,71a5f1c2a5fd9889ef26b5ac22aec9c6,1
390,781afe929e3016a667f5f439afd55fce,1
390,7a10781637204d8d10485c71a6108a2e,1
390,7ce94ab189134e2d3c05f496d635419c,2
390,8562e2c780a345b609e1b802d7e3e4ae,2
390,87283a98b24f9f1ac3a31b631073cf47,1
390,880be32f4db1d9f6e2bec38fb6ac23ab,1
390,8983a3b149303c013fceabef902e835a,1
390,99a4788cb24856965c36a24e339b6058,1
390,a0b7d5a992ccda646f2d34e418fff5a0,1
390,a35a9f46dcee0a67c8c7ad8493eb4135,1
390,a4aa7c1427c31344e5f7cc3d839fe562,1
390,a62e25e09e05e6faf31d90c6ec1aa3d1,2
390,a9516a079e37a9c9c36b9b78b10169e8,1
390,ab1f9387c0627dd24000bfbc54fdeee0,1
390,b8a0d73b2a06e7910d9864dccdb0cda2,1
390,bee2e070c39f3dd2f6883a17a5f0da45,3
390,c075b8e131353552218860f1c421e4ef,1
390,c72edc98e7d77f0c4c04ec80730c05f5,1
390,ca5c923962558430573f83661dbe36d6,1
390,d1c427060a0f73f6b889a5c7c61f2ac4,2
390,d5991653e037ccb7af6ed7d94246b249,1
390,d696750e550fd0f733979dd7e5dff921,1
390,dbb67791e405873b259e4656bf971246,1
390,dd6a505f83dd3c6326aa9856519e0978,1
390,e0cf79767c5b016251fe139915c59a26,1
390,e53e557d5a159f5aa2c5e995dfdf244b,2
390,e5eadf9be70a4a9fa514019542fc330a,1
390,ec2d43cc59763ec91694573b31f1c29a,2
390,f40876e0ef3cd5f9132b1f16b04b1346,1
390,f4d705aa95ccca448e5b0deb6e5290ba,1
390,f819f0c84a64f02d3a5606ca95edd272,1
390,f8b624d4e475bb8d1bddf1b65c6a64f6,1
391,036734b5a58d5d4f46b0616ddc047ced,1
391,18b0e642cbae7251e60a64aa07dd9eb9,1
391,1bfb290d7273a442c874dbe74b4abae6,4
391,22c5ddc22ea8cae84fc9917def682dc6,1
391,24c66f106f642621e524291a895c9032,1
391,283dc451ad3918badb976d56ff887289,2
391,2b4609f8948be18874494203496bc318,1
391,30ac6df06dc59ad72cf2f158fc2d904c,1
391,3225c54bb2785c33f49f50398fcdb88c,1
391,35afc973633aaeb6b877ff57b2793310,1
391,363218ba55c610b750224f90bdd34be1,2
391,36f60d45225e60c7da4558b070ce4b60,2
391,389d119b48cf3043d311335e499d9c6b,1
391,42a2c92a0979a949ca4ea89ec5c7b934,1
391,566a4f2c4385f36d15c00dfcaae132d1,1
391,5a848e4ab52fd5445cdc07aab1c40e48,1
391,629e019a6f298a83aeecc7877964f935,1
391,656e0eca68dcecf6a31b8ececfabe3e8,3
391,66a0a6e02b7f543e5b021ce361f267d4,1
391,6cdd53843498f92890544667809f1595,1
391,764292b2b0f73f77a0272be03fdd45f3,1
391,78efe838c04bbc568be034082200ac20,1
391,8562e2c780a345b609e1b802d7e3e4ae,1
391,8a443635fdf9759915c9be5be2e3b862,1
391,8c292ca193d326152e335d77176746f0,1
391,8c591ab0ca519558779df02023177f44,1
391,98a8c2fa16d7239c606640f5555768e4,1
391,99a4788cb24856965c36a24e339b6058,1
391,9bb8ca338e5588c361e34eae02e8fad6,2
391,9f1c3e71d56894398a42b050b07f1baa,1
391,a59fb60fddcc72a9878b7ed5cb69d8e4,1
391,ac44def10e24998cdee20a208d691127,1
391,bd6e6fce9ada76ea2db0f1912e8e478f,2
391,bee2e070c39f3dd2f6883a17a5f0da45,2
391,cadb69af336c16aba5c5223599821245,1
391,cd48f265a63e13b762601f5f794c5fca,1
391,d63c1011f49d98b976c352955b1c4bea,1
391,e0cf79767c5b016251fe139915c59a26,2
391,e0d64dcfaa3b6db5c54ca298ae101d05,1
391,e5eadf9be70a4a9fa514019542fc330a,1
391,e8316a4667e5870c85e906b1f062bde1,2
391,f40876e0ef3cd5f9132b1f16b04b1346,1
391,f4d705aa95ccca448e5b0deb6e5290ba,1
392,06edb72f1e0c64b14c5b79353f7abea3,3
392,154e7e31ebfa092203795c972e5804a6,1
392,19421075ae0b585f2dc13ff149e2119d,4
392,24c66f106f642621e524291a895c9032,1
392,29427de7f8a9ee983d9dbc51cec569b4,1
392,2b4609f8948be18874494203496bc318,1
392,2ffdf10e724b958c0f7ea69e97d32f64,1
392,35afc973633aaeb6b877ff57b2793310,1
392,363218ba55c610b750224f90bdd34be1,1
392,389d119b48cf3043d311335e499d9c6b,2
392,3dd2a17168ec895c781a9191c1e95ad7,3
392,3eef0cb94ba82de806bb30ab743c7655,5
392,422879e10f46682990de24d770e7f83d,3
392,4298b7e67dc399c200662b569563a2b2,1
392,43423cdffde7fda63d0414ed38c11a73,1
392,44a34214a57dc373dcd80f54c919d006,2
392,461f43be3bdf8844e65b62d9ac2c7a5a,1
392,474bb6b54fc608ca71059a6c4f7ecda3,1
392,53759a2ecddad2bb87a079a1f1519f73,3
392,566a4f2c4385f36d15c00dfcaae132d1,1
392,569ffd16f8032478cbeb9800f2e94ba0,1
392,5a848e4ab52fd5445cdc07aab1c40e48,1
392,5d66715cc928aadd0074f61332698593,1
392,617186c3d97ea56c9c683a8a3974e8c1,1
392,629e019a6f298a83aeecc7877964f935,1
392,64fb265487de2238627ce43fe8a67efc,1
392,656e0eca68dcecf6a31b8ececfabe3e8,1
392,6cdd53843498f92890544667809f1595,1
392,704ef63ad0ac345842ea734060a83db2,1
392,75c06ee06b201f9b6301d2b5e72993f8,1
392,77cc62dc80ebe12a0452d1ce0565acdc,1
392,7ce94ab189134e2d3c05f496d635419c,1
392,84f456958365164420cfc80fbe4c7fab,6
392,8a443635fdf9759915c9be5be2e3b862,1
392,8c292ca193d326152e335d77176746f0,1
392,8c591ab0ca519558779df02023177f44,1
392,8ed094bfe076c568f6bb10feada3f75d,1
392,909b87db6cb3a7ab26bd03cc59860136,1
392,99a4788cb24856965c36a24e339b6058,3
392,a5f6ba3fe91a2e73f10b612131cb2404,1
392,a8075470f960215ffb67624782f80fec,1
392,a8115d34a4b7b74388da609692162c37,1
392,ab1f9387c0627dd24000bfbc54fdeee0,1
392,ad88641611c35ebd59ecda07a9f17099,1
392,b0961721fd839e9982420e807758a2a6,1
392,ba74c6b75d2ad7503175809688d5a03c,1
392,bb50f2e236e5eea0100680137654686c,2
392,bee2e070c39f3dd2f6883a17a5f0da45,2
392,c4baedd846ed09b85f78a781b522f126,2
392,c5b72065154ec27c2d1ed8a654c3348f,1
392,c9c6fde711572c1ad99ca12728c6af00,4
392,cadb69af336c16aba5c5223599821245,1
392,d5991653e037ccb7af6ed7d94246b249,2
392,e44f675b60b3a3a2453ec36421e06f0f,2
392,e4ca5b20cfe1a020e15e36fe14e880ee,1
392,e53e557d5a159f5aa2c5e995dfdf244b,1
392,ed2067a9c1f79553088a3c67b99a9f97,1
392,ee0c1cf2fbeae95205b4aa506f1469f0,1
392,f2e53dd1670f3c376518263b3f71424d,2
392,f4f67ccaece962d013a4e1d7dc3a61f7,1
392,fb55982be901439613a95940feefd9ee,1
392,fc1d8637c0268af3db482c14b7ef8e75,1
393,06edb72f1e0c64b14c5b79353f7abea3,2
393,18b0e642cbae7251e60a64aa07dd9eb9,1
393,1a758361b1c10b3ffe3d3373332de319,1
393,2b7aa376a6e728560bddb5558cc48e89,1
393,368c6c730842d78016ad823897a372db,4
393,36f60d45225e60c7da4558b070ce4b60,2
393,389d119b48cf3043d311335e499d9c6b,2
393,3b60d513e90300a4e9833e5cda1f1d61,1
393,3cb39171fd36c50097f2dedbbe0dfe6e,1
393,3dd2a17168ec895c781a9191c1e95ad7,4
393,3f14d740544f37ece8a9e7bc8349797e,1
393,422879e10f46682990de24d770e7f83d,5
393,44a34214a57dc373dcd80f54c919d006,1
393,4fe644d766c7566dbc46fb851363cb3b,1
393,50fd2b788dc166edd20512370dac54df,2
393,595fac2a385ac33a80bd5114aec74eb8,1
393,5a848e4ab52fd5445cdc07aab1c40e48,1
393,5d66715cc928aadd0074f61332698593,1
393,64fb265487de2238627ce43fe8a67efc,1
393,656e0eca68dcecf6a31b8ececfabe3e8,1
393,657247f6f60543b93e3cc708a8e6329c,1
393,6a8631b72a2f8729b91514db87e771c0,2
393,6f3b5b605d91b7439c5e3f5a8dffeea7,2
393,71a5f1c2a5fd9889ef26b5ac22aec9c6,1
393,77cc62dc80ebe12a0452d1ce0565acdc,2
393,7a10781637204d8d10485c71a6108a2e,2
393,7ce94ab189134e2d3c05f496d635419c,1
393,84f456958365164420cfc80fbe4c7fab,3
393,8562e2c780a345b609e1b802d7e3e4ae,1
393,8c292ca193d326152e335d77176746f0,3
393,8c591ab0ca519558779df02023177f44,1
393,93c902b021a9e594f658ab1b0351602a,1
393,99a4788cb24856965c36a24e339b6058,2
393,9bb8ca338e5588c361e34eae02e8fad6,1
393,a0b7d5a992ccda646f2d34e418fff5a0,1
393,a35a9f46dcee0a67c8c7ad8493eb4135,1
393,a50acd33ba7a8da8e9db65094fa990a4,1
393,a62e25e09e05e6faf31d90c6ec1aa3d1,1
393,aa280035c50ba62c746480a59045eec4,2
393,afeeea6271148ee1bb15173b8187c431,1
393,b8a0d73b2a06e7910d9864dccdb0cda2,1
393,bb42f37fc3d9130e4a4339d24a47dd7c,1
393,c4baedd846ed09b85f78a781b522f126,1
393,c6336fa91fbd87c359e44f5dca5a90ed,3
393,c6dd917a0be2a704582055949915ab32,1
393,c9c6fde711572c1ad99ca12728c6af00,1
393,cb81df0e3ccece253557f2a07df4727e,1
393,cd46a885543f0e169a49f1eb25c04e43,2
393,cd48f265a63e13b762601f5f794c5fca,1
393,ce6f74096c84567f22728c84f3d6e7fc,1
393,d04bbac48960ecb7ea311b00ca6e1cb7,1
393,d1c427060a0f73f6b889a5c7c61f2ac4,1
393,d692d19cee022f7acab76373f297ad6a,1
393,d6fe3b4ddecd4a8393c6a1385de3bfb6,3
393,dbb67791e405873b259e4656bf971246,2
393,dfb97c88e066dc22165f31648efe1312,1
393,e0d64dcfaa3b6db5c54ca298ae101d05,1
393,e44f675b60b3a3a2453ec36421e06f0f,1
393,e53e557d5a159f5aa2c5e995dfdf244b,5
393,e59dd207c69d86e890febadc796d1078,3
393,e5eadf9be70a4a9fa514019542fc330a,1
393,ee0c1cf2fbeae95205b4aa506f1469f0,1
393,ee406bf28024d97771c4b1e8b7e8e219,1
393,ee6c49af1a2de55aa0e076257ab4ab99,2
393,f8b624d4e475bb8d1bddf1b65c6a64f6,2
393,ffc9caf33e2d1e9f44e3e06da19085f7,1
394,036734b5a58d5d4f46b0616ddc047ced,1
394,06edb72f1e0c64b14c5b79353f7abea3,1
394,086351823300e0339f6955b27998c186,1
394,08a58dc963320d6073623382b9ceb920,1
394,0bcc3eeca39e1064258aa1e932269894,1
394,0d85c435fd60b277ffb9e9b0f88f927a,1
394,154e7e31ebfa092203795c972e5804a6,1
394,19c91ef95d509ea33eda93495c4d3481,1
394,25f86162fee18735fffdb762dcb10d7c,2
394,29427de7f8a9ee983d9dbc51cec569b4,1
394,36f60d45225e60c7da4558b070ce4b60,2
394,389d119b48cf3043d311335e499d9c6b,2
394,3dd2a17168ec895c781a9191c1e95ad7,5
394,3f14d740544f37ece8a9e7bc8349797e,1
394,422879e10f46682990de24d770e7f83d,1
394,43423cdffde7fda63d0414ed38c11a73,1
394,44d097d59e8430f88a67517cd0c4f865,1
394,44fded21627553d1886d459384bbce06,1
394,50fd2b788dc166edd20512370dac54df,1
394,53759a2ecddad2bb87a079a1f1519f73,1
394,566a4f2c4385f36d15c00dfcaae132d1,1
394,5a848e4ab52fd5445cdc07aab1c40e48,3
394,5b226d7c52f86ac72457617f78cff95d,3
394,5d66715cc928aadd0074f61332698593,1
394,617186c3d97ea56c9c683a8a3974e8c1,1
394,64fb13596caf118c438edc5c6ed2d50a,1
394,64fb265487de2238627ce43fe8a67efc,1
394,65266b2da20d04dbe00c5c2d3bb7859e,2
394,68bf2e76db1d8e846042e54da87399ca,1
394,6a8631b72a2f8729b91514db87e771c0,1
394,6cdd53843498f92890544667809f1595,1
394,7ce94ab189134e2d3c05f496d635419c,1
394,99a4788cb24856965c36a24e339b6058,2
394,9bb8ca338e5588c361e34eae02e8fad6,2
394,a0b7d5a992ccda646f2d34e418fff5a0,1
394,a50acd33ba7a8da8e9db65094fa990a4,2
394,a62e25e09e05e6faf31d90c6ec1aa3d1,4
394,a8fe47ad6f852f93cc92c7b408687de3,1
394,a9516a079e37a9c9c36b9b78b10169e8,1
394,abc3432ff825d8e524db1d4eac6d2099,1
394,ad88641611c35ebd59ecda07a9f17099,1
394,af2d506fb01b724e03591349ad36b67e,1
394,b8a0d73b2a06e7910d9864dccdb0cda2,3
394,bb50f2e236e5eea0100680137654686c,2
394,c6336fa91fbd87c359e44f5dca5a90ed,1
394,c9c6fde711572c1ad99ca12728c6af00,3
394,cb81df0e3ccece253557f2a07df4727e,2
394,cd46a885543f0e169a49f1eb25c04e43,3
394,d017a2151d543a9885604dc62a3d9dcc,1
394,d04bbac48960ecb7ea311b00ca6e1cb7,1
394,d1c427060a0f73f6b889a5c7c61f2ac4,1
394,d2f5484cbffe4ca766301b21ab9246dd,2
394,d7d5562fce331ad958ca6f57057b3526,1
394,dab2413ead0edda9967edbc9bda2a64e,3
394,e53e557d5a159f5aa2c5e995dfdf244b,2
394,e59dd207c69d86e890febadc796d1078,1
394,ed2067a9c1f79553088a3c67b99a9f97,1
394,ee0c1cf2fbeae95205b4aa506f1469f0,1
394,ee406bf28024d97771c4b1e8b7e8e219,1
394,ee6c49af1a2de55aa0e076257ab4ab99,3
394,f1fe595ee7ef768b41bd9b246d13432d,1
394,f264c1d9b20b5e4a340254d0405e613b,1
394,f40876e0ef3cd5f9132b1f16b04b1346,1
394,f8b624d4e475bb8d1bddf1b65c6a64f6,1
394,ffc9caf33e2d1e9f44e3e06da19085f7,1
395,044f05bc9de36e8a693a83e4bc79dd0d,2
395,0502d1a36be75bd36b452f31c6ed264a,3
395,06edb72f1e0c64b14c5b79353f7abea3,1
395,08574b074924071f4e201e151b152b4e,1
395,0bcc3eeca39e1064258aa1e932269894,1
395,19c91ef95d509ea33eda93495c4d3481,1
395,2136c70bbe723d338fab53da3c03e6dc,1
395,29427de7f8a9ee983d9dbc51cec569b4,1
395,362b773250263786dd58670d2df42c3b,5
395,368c6c730842d78016ad823897a372db,2
395,389d119b48cf3043d311335e499d9c6b,1
395,4178e16324fd0c9a8e18463caf390cc6,1
395,44fded21627553d1886d459384bbce06,1
395,4914f8796af2ecd359fd8f44b9b92339,1
395,4ce9ab528124f89e091b17d11aa2e97c,1
395,4fcb3d9a5f4871e8362dfedbdb02b064,1
395,52c80cedd4e90108bf4fa6a206ef6b03,1
395,53759a2ecddad2bb87a079a1f1519f73,3
395,566a4f2c4385f36d15c00dfcaae132d1,1
395,57d79905de06d8897872c551bfd09358,1
395,5a848e4ab52fd5445cdc07aab1c40e48,2
395,656e0eca68dcecf6a31b8ececfabe3e8,1
395,6cdd53843498f92890544667809f1595,2
395,75c06ee06b201f9b6301d2b5e72993f8,1
395,764292b2b0f73f77a0272be03fdd45f3,1
395,781afe929e3016a667f5f439afd55fce,2
395,7a10781637204d8d10485c71a6108a2e,1
395,7f4e034245e45549110139d1de248f83,1
395,87a71ae93900ab55fcf685c8040769b3,1
395,8a443635fdf9759915c9be5be2e3b862,1
395,921d31a1daa51460b7a95ea5f3ab64d5,1
395,99a4788cb24856965c36a24e339b6058,1
395,a4aa7c1427c31344e5f7cc3d839fe562,1
395,a59fb60fddcc72a9878b7ed5cb69d8e4,1
395,aadff88486740e0b0ebe2be6c09476ae,1
395,ab1f9387c0627dd24000bfbc54fdeee0,1
395,b0c8da302d49498d2ce6be8c631e4e20,1
395,b8b426747049f2d3d6e00b486d47dedb,1
395,b99e4f4fa3f421e0ffbd512d9f152dec,1
395,bee2e070c39f3dd2f6883a17a5f0da45,1
395,c3097e07a0a5de0d4b4c836d90c5a284,2
395,c4baedd846ed09b85f78a781b522f126,1
395,c72edc98e7d77f0c4c04ec80730c05f5,1
395,c9c6fde711572c1ad99ca12728c6af00,1
395,cd46a885543f0e169a49f1eb25c04e43,1
395,cd48f265a63e13b762601f5f794c5fca,1
395,cec09725da5ed01471d9a505e7389d37,1
395,d1c427060a0f73f6b889a5c7c61f2ac4,1
395,d5b703c271f43f9c588a6f512a00f77e,1
395,dbb67791e405873b259e4656bf971246,3
395,e44f675b60b3a3a2453ec36421e06f0f,2
395,e53e557d5a159f5aa2c5e995dfdf244b,7
395,ee0c1cf2fbeae95205b4aa506f1469f0,1
395,ee57070aa3b24a06fdd0e02efd2d757d,1
395,f35927953ed82e19d06ad3aac2f06353,1
395,f71973c922ccaab05514a36a8bc741b8,1
395,f819f0c84a64f02d3a5606ca95edd272,1
395,fb55982be901439613a95940feefd9ee,1
396,044f05bc9de36e8a693a83e4bc79dd0d,1
396,06edb72f1e0c64b14c5b79353f7abea3,1
396,10717ff440b2320081989126e858b220,1
396,18b0e642cbae7251e60a64aa07dd9eb9,1
396,2b4609f8948be18874494203496bc318,3
396,2ffdf10e724b958c0f7ea69e97d32f64,1
396,3225c54bb2785c33f49f50398fcdb88c,1
396,368c6c730842d78016ad823897a372db,3
396,3b0f7951038b105522c2d566b54421f7,1
396,3dd2a17168ec895c781a9191c1e95ad7,5
396,422879e10f46682990de24d770e7f83d,2
396,42a2c92a0979a949ca4ea89ec5c7b934,1
396,474bb6b54fc608ca71059a6c4f7ecda3,1
396,4c2394abfbac7ff59ec7a420918562fa,1
396,4fe644d766c7566dbc46fb851363cb3b,2
396,53759a2ecddad2bb87a079a1f1519f73,5
396,5a848e4ab52fd5445cdc07aab1c40e48,3
396,617186c3d97ea56c9c683a8a3974e8c1,1
396,64fb13596caf118c438edc5c6ed2d50a,2
396,66a0a6e02b7f543e5b021ce361f267d4,1
396,69455f41626a745aea9ee9164cb9eafd,1
396,6a8631b72a2f8729b91514db87e771c0,1
396,6bbe55cf8f85c87b6eebb775a53402f4,1
396,6cdd53843498f92890544667809f1595,1
396,72d3bf1d3a790f8874096fcf860e3eff,1
396,7c1bd920dbdf22470b68bde975dd3ccf,2
396,8c5876b1c7768217964f353bc7e64393,1
396,8c591ab0ca519558779df02023177f44,1
396,99a4788cb24856965c36a24e339b6058,1
396,9bb8ca338e5588c361e34eae02e8fad6,3
396,b8a0d73b2a06e7910d9864dccdb0cda2,1
396,bb50f2e236e5eea0100680137654686c,1
396,bd6e6fce9ada76ea2db0f1912e8e478f,2
396,c211ff3068fcd2f8898192976d8b3a32,1
396,c9c6fde711572c1ad99ca12728c6af00,1
396,cadb69af336c16aba5c5223599821245,1
396,cd46a885543f0e169a49f1eb25c04e43,2
396,cd48f265a63e13b762601f5f794c5fca,2
396,d04bbac48960ecb7ea311b00ca6e1cb7,1
396,d1c427060a0f73f6b889a5c7c61f2ac4,1
396,d696750e550fd0f733979dd7e5dff921,2
396,e03102efbc2229024c89be731f0aedcb,1
396,e53e557d5a159f5aa2c5e995dfdf244b,2
396,e5eadf9be70a4a9fa514019542fc330a,1
396,ee406bf28024d97771c4b1e8b7e8e219,2
396,f1fe595ee7ef768b41bd9b246d13432d,1
396,f4f67ccaece962d013a4e1d7dc3a61f7,1
396,f6fa93875f4a7dac03e0a22143f4d815,1
396,ffc9caf33e2d1e9f44e3e06da19085f7,1
397,05a9dadb8402b6b7ae3dd28f7da187b5,1
397,06edb72f1e0c64b14c5b79353f7abea3,1
397,0bcc3eeca39e1064258aa1e932269894,1
397,0d85c435fd60b277ffb9e9b0f88f927a,1
397,1dec4c88c685d5a07bf01dcb0f8bf9f8,1
397,1ec486885049bbb9b79351d150ed18c4,1
397,2b4609f8948be18874494203496bc318,1
397,362b773250263786dd58670d2df42c3b,1
397,368c6c730842d78016ad823897a372db,5
397,36f60d45225e60c7da4558b070ce4b60,1
397,389d119b48cf3043d311335e499d9c6b,1
397,3dd2a17168ec895c781a9191c1e95ad7,1
397,43423cdffde7fda63d0414ed38c11a73,1
397,461f43be3bdf8844e65b62d9ac2c7a5a,2
397,4b96786612ebe7463132fce2c4dca136,1
397,4fe644d766c7566dbc46fb851363cb3b,2
397,566a4f2c4385f36d15c00dfcaae132d1,1
397,5a848e4ab52fd5445cdc07aab1c40e48,4
397,601a360bd2a916ecef0e88de72a6531a,1
397,679a3e5e1d2bb68982be5734c6e55e63,1
397,7ce94ab189134e2d3c05f496d635419c,2
397,827c4a77226a3e7ef259d61eaa775df9,1
397,84f456958365164420cfc80fbe4c7fab,1
397,8562e2c780a345b609e1b802d7e3e4ae,2
397,89321f94e35fc6d7903d36f74e351d40,1
397,8aa6223e400af9c97b07c75993142721,1
397,921d31a1daa51460b7a95ea5f3ab64d5,1
397,99a4788cb24856965c36a24e339b6058,2
397,a5341e3f8155dbb3e62323d3ea289729,1
397,b60856ce32d90658dbf99b9485327c25,1
397,bb50f2e236e5eea0100680137654686c,1
397,bd6e6fce9ada76ea2db0f1912e8e478f,1
397,c211ff3068fcd2f8898192976d8b3a32,1
397,c403e106353e1aa40efe783ecb39ed7a,3
397,c4baedd846ed09b85f78a781b522f126,1
397,c9c6fde711572c1ad99ca12728c6af00,4
397,ca5c923962558430573f83661dbe36d6,1
397,cd46a885543f0e169a49f1eb25c04e43,2
397,cec09725da5ed01471d9a505e7389d37,1
397,d1c427060a0f73f6b889a5c7c61f2ac4,2
397,dab2413ead0edda9967edbc9bda2a64e,2
397,dbb67791e405873b259e4656bf971246,1
397,e44f675b60b3a3a2453ec36421e06f0f,1
397,e53e557d5a159f5aa2c5e995dfdf244b,3
397,e9a69340883a438c3f91739d14d3a56d,1
397,ec2d43cc59763ec91694573b31f1c29a,2
397,f1fe595ee7ef768b41bd9b246d13432d,1
397,f4d705aa95ccca448e5b0deb6e5290ba,1
397,fb55982be901439613a95940feefd9ee,1
397,fbc1488c1a1e72ba175f53ab29a248e8,2
397,ff29d8cb1cd0cd5ea37b80dac9939e1c,1
398,017692475c1c954ff597feda05131d73,2
398,06edb72f1e0c64b14c5b79353f7abea3,1
398,0d85c435fd60b277ffb9e9b0f88f927a,2
398,368c6c730842d78016ad823897a372db,2
398,3dd2a17168ec895c781a9191c1e95ad7,1
398,3e5201fe0d1ba474d9b90152c83c706c,1
398,422879e10f46682990de24d770e7f83d,3
398,43423cdffde7fda63d0414ed38c11a73,1
398,473795a355d29305c3ea6b156833adf5,1
398,4ae634441e444ca4bc85903cafe98d73,1
398,4cc8bfa581f41841ce5e24aba773a44a,2
398,52c80cedd4e90108bf4fa6a206ef6b03,1
398,53759a2ecddad2bb87a079a1f1519f73,2
398,583f158587cdecda3e8bdea694021e39,1
398,5a848e4ab52fd5445cdc07aab1c40e48,1
398,5b226d7c52f86ac72457617f78cff95d,1
398,5d66715cc928aadd0074f61332698593,1
398,6803077179d24889430188e03fafd31a,1
398,781afe929e3016a667f5f439afd55fce,4
398,78efe838c04bbc568be034082200ac20,3
398,7ce94ab189134e2d3c05f496d635419c,1
398,8562e2c780a345b609e1b802d7e3e4ae,1
398,8c292ca193d326152e335d77176746f0,1
398,93a12c289ca2b78e7069e469f5053ef2,1
398,93c902b021a9e594f658ab1b0351602a,1
398,99a4788cb24856965c36a24e339b6058,1
398,a12c9204f6f9e90ad1d8ba5571fbfed2,1
398,aa280035c50ba62c746480a59045eec4,1
398,ab1f9387c0627dd24000bfbc54fdeee0,2
398,afeeea6271148ee1bb15173b8187c431,1
398,bb50f2e236e5eea0100680137654686c,3
398,bee2e070c39f3dd2f6883a17a5f0da45,1
398,cd46a885543f0e169a49f1eb25c04e43,11
398,d1c427060a0f73f6b889a5c7c61f2ac4,3
398,e0cf79767c5b016251fe139915c59a26,2
398,e0d64dcfaa3b6db5c54ca298ae101d05,1
398,e4ca5b20cfe1a020e15e36fe14e880ee,1
398,e53e557d5a159f5aa2c5e995dfdf244b,1
398,ee406bf28024d97771c4b1e8b7e8e219,1
398,ee57070aa3b24a06fdd0e02efd2d757d,1
398,f1fe595ee7ef768b41bd9b246d13432d,1
398,f9259c9e7c0f12c70f7a81409680a5ff,1
398,fb55982be901439613a95940feefd9ee,1
398,fe75529a267b76ac6e96f0c322a899a4,1
399,06edb72f1e0c64b14c5b79353f7abea3,2
399,0a4093a4af429dc0a9334300e5c13ae5,1
399,0bcc3eeca39e1064258aa1e932269894,1
399,0d85c435fd60b277ffb9e9b0f88f927a,2
399,154e7e31ebfa092203795c972e5804a6,1
399,1613b819ab5dae53aead2dbb4ebdb378,1
399,2b0ee2d07306f7c9ac55a43166e9bb4b,1
399,2b4609f8948be18874494203496bc318,1
399,368c6c730842d78016ad823897a372db,3
399,36f60d45225e60c7da4558b070ce4b60,2
399,389d119b48cf3043d311335e499d9c6b,1
399,3b0f7951038b105522c2d566b54421f7,1
399,3dd2a17168ec895c781a9191c1e95ad7,1
399,422879e10f46682990de24d770e7f83d,1
399,44d097d59e8430f88a67517cd0c4f865,1
399,474bb6b54fc608ca71059a6c4f7ecda3,2
399,4fe644d766c7566dbc46fb851363cb3b,1
399,53759a2ecddad2bb87a079a1f1519f73,3
399,553e0e7590d3116a072507a3635d2877,1
399,55b71bf300a2765a382eaec566df531f,1
399,566a4f2c4385f36d15c00dfcaae132d1,1
399,5b226d7c52f86ac72457617f78cff95d,1
399,5f504b3a1c75b73d6151be81eb05bdc9,1
399,629e019a6f298a83aeecc7877964f935,1
399,64fb13596caf118c438edc5c6ed2d50a,1
399,764292b2b0f73f77a0272be03fdd45f3,1
399,7a10781637204d8d10485c71a6108a2e,1
399,7c1bd920dbdf22470b68bde975dd3ccf,1
399,7ce94ab189134e2d3c05f496d635419c,1
399,84f456958365164420cfc80fbe4c7fab,1
399,8562e2c780a345b609e1b802d7e3e4ae,1
399,8a443635fdf9759915c9be5be2e3b862,1
399,8aa6223e400af9c97b07c75993142721,1
399,8c292ca193d326152e335d77176746f0,1
399,93a12c289ca2b78e7069e469f5053ef2,2
399,93c902b021a9e594f658ab1b0351602a,1
399,9ad75bd7267e5c724cb42c71ac56ca72,1
399,9bb8ca338e5588c361e34eae02e8fad6,1
399,a0b7d5a992ccda646f2d34e418fff5a0,1
399,a12c9204f6f9e90ad1d8ba5571fbfed2,1
399,a62e25e09e05e6faf31d90c6ec1aa3d1,1
399,ab1f9387c0627dd24000bfbc54fdeee0,1
399,aca2eb7d00ea1a7b8ebd4e68314663af,1
399,ad88641611c35ebd59ecda07a9f17099,1
399,b0961721fd839e9982420e807758a2a6,2
399,b8a0d73b2a06e7910d9864dccdb0cda2,1
399,bb50f2e236e5eea0100680137654686c,1
399,c1f5307decb89342351bec53668cffd9,2
399,c9c6fde711572c1ad99ca12728c6af00,1
399,cd46a885543f0e169a49f1eb25c04e43,6
399,d1c427060a0f73f6b889a5c7c61f2ac4,1
399,d2f5484cbffe4ca766301b21ab9246dd,1
399,d7d5562fce331ad958ca6f57057b3526,1
399,dab2413ead0edda9967edbc9bda2a64e,2
399,dd0dcee76f9c12fff4bc0eb641d57c7f,1
399,e44f675b60b3a3a2453ec36421e06f0f,2
399,e53e557d5a159f5aa2c5e995dfdf244b,1
399,ee0c1cf2fbeae95205b4aa506f1469f0,1
399,ee406bf28024d97771c4b1e8b7e8e219,1
399,ee57070aa3b24a06fdd0e02efd2d757d,1
399,f40876e0ef3cd5f9132b1f16b04b1346,1
399,f819f0c84a64f02d3a5606ca95edd272,1
400,017692475c1c954ff597feda05131d73,1
400,05a9dadb8402b6b7ae3dd28f7da187b5,1
400,0a4093a4af429dc0a9334300e5c13ae5,1
400,0bcc3eeca39e1064258aa1e932269894,1
400,0d85c435fd60b277ffb9e9b0f88f927a,2
400,10717ff440b2320081989126e858b220,1
400,2028bf1b01cafb2d2b1901fca4083222,1
400,2136c70bbe723d338fab53da3c03e6dc,1
400,22c5ddc22ea8cae84fc9917def682dc6,1
400,29427de7f8a9ee983d9dbc51cec569b4,1
400,2b0ee2d07306f7c9ac55a43166e9bb4b,1
400,362b773250263786dd58670d2df42c3b,1
400,368c6c730842d78016ad823897a372db,10
400,36f60d45225e60c7da4558b070ce4b60,2
400,389d119b48cf3043d311335e499d9c6b,4
400,3b0f7951038b105522c2d566b54421f7,1
400,3dd2a17168ec895c781a9191c1e95ad7,1
400,3e5201fe0d1ba474d9b90152c83c706c,1
400,422879e10f46682990de24d770e7f83d,4
400,4aa6014eceb682077f9dc4bffebc05b0,1
400,4cc8bfa581f41841ce5e24aba773a44a,1
400,52c80cedd4e90108bf4fa6a206ef6b03,1
400,53759a2ecddad2bb87a079a1f1519f73,9
400,5a848e4ab52fd5445cdc07aab1c40e48,2
400,5d66715cc928aadd0074f61332698593,1
400,64fb13596caf118c438edc5c6ed2d50a,3
400,65266b2da20d04dbe00c5c2d3bb7859e,1
400,66a0a6e02b7f543e5b021ce361f267d4,1
400,7c1bd920dbdf22470b68bde975dd3ccf,1
400,7ce94ab189134e2d3c05f496d635419c,1
400,8c292ca193d326152e335d77176746f0,1
400,8c5876b1c7768217964f353bc7e64393,1
400,921d31a1daa51460b7a95ea5f3ab64d5,1
400,93c902b021a9e594f658ab1b0351602a,1
400,98d61056e0568ba048e5d78038790e77,1
400,9bb8ca338e5588c361e34eae02e8fad6,1
400,ab1f9387c0627dd24000bfbc54fdeee0,1
400,aca2eb7d00ea1a7b8ebd4e68314663af,2
400,ad88641611c35ebd59ecda07a9f17099,2
400,b38b25d838ae0b8385e8cc68b9017644,2
400,b532349fe46b38fbc7bb3914c1bdae07,3
400,b8a0d73b2a06e7910d9864dccdb0cda2,1
400,c8cfa622661e047ea2499f8bce4731a5,1
400,c9c6fde711572c1ad99ca12728c6af00,2
400,cd46a885543f0e169a49f1eb25c04e43,3
400,cd48f265a63e13b762601f5f794c5fca,1
400,d63c1011f49d98b976c352955b1c4bea,1
400,dbb67791e405873b259e4656bf971246,1
400,ddceb6eef6af67e9fbbd4c148dbe5fd9,1
400,e0cf79767c5b016251fe139915c59a26,1
400,e53e557d5a159f5aa2c5e995dfdf244b,4
400,f40876e0ef3cd5f9132b1f16b04b1346,1
401,017692475c1c954ff597feda05131d73,1
401,0502d1a36be75bd36b452f31c6ed264a,1
401,05a9dadb8402b6b7ae3dd28f7da187b5,1
401,086351823300e0339f6955b27998c186,2
401,0a4093a4af429dc0a9334300e5c13ae5,1
401,0aabfb375647d9738ad0f7b4ea3653b1,1
401,154e7e31ebfa092203795c972e5804a6,2
401,29427de7f8a9ee983d9dbc51cec569b4,1
401,2a2d22ae30e026f1893083c8405ca522,1
401,2b4609f8948be18874494203496bc318,1
401,30469bb5ea377eae7121981e2f0778e4,1
401,30ac6df06dc59ad72cf2f158fc2d904c,1
401,368c6c730842d78016ad823897a372db,3
401,36f60d45225e60c7da4558b070ce4b60,1
401,389d119b48cf3043d311335e499d9c6b,1
401,3b0f7951038b105522c2d566b54421f7,2
401,3cb39171fd36c50097f2dedbbe0dfe6e,1
401,3dd2a17168ec895c781a9191c1e95ad7,1
401,422879e10f46682990de24d770e7f83d,6
401,44d097d59e8430f88a67517cd0c4f865,1
401,473795a355d29305c3ea6b156833adf5,3
401,474bb6b54fc608ca71059a6c4f7ecda3,4
401,53ea9da485f6aed8a6f03a85831fe021,1
401,55782cb82e0efe052da0a3da237da3b2,1
401,593236d0ff46b4299b4787fb8d43f7f0,1
401,5a848e4ab52fd5445cdc07aab1c40e48,1
401,62d8daeee0db3a60c234c2d1bfd10651,1
401,64fb265487de2238627ce43fe8a67efc,1
401,656e0eca68dcecf6a31b8ececfabe3e8,1
401,6cdd53843498f92890544667809f1595,1
401,7340a3839a1de1e99d149b8cf052a2ec,1
401,7814c273ab16783d73a9863ebfa8b141,1
401,78efe838c04bbc568be034082200ac20,1
401,7ce94ab189134e2d3c05f496d635419c,1
401,7f4e034245e45549110139d1de248f83,1
401,81288df52439985f610be64465e53f57,1
401,87283a98b24f9f1ac3a31b631073cf47,2
401,8c591ab0ca519558779df02023177f44,1
401,921d31a1daa51460b7a95ea5f3ab64d5,2
401,99a4788cb24856965c36a24e339b6058,1
401,9bb8ca338e5588c361e34eae02e8fad6,4
401,a5f6ba3fe91a2e73f10b612131cb2404,1
401,a8115d34a4b7b74388da609692162c37,1
401,aca2eb7d00ea1a7b8ebd4e68314663af,8
401,b0c8da302d49498d2ce6be8c631e4e20,1
401,b38b25d838ae0b8385e8cc68b9017644,1
401,b8a0d73b2a06e7910d9864dccdb0cda2,3
401,bee2e070c39f3dd2f6883a17a5f0da45,2
401,c9c6fde711572c1ad99ca12728c6af00,2
401,cd48f265a63e13b762601f5f794c5fca,2
401,d04bbac48960ecb7ea311b00ca6e1cb7,2
401,d1c427060a0f73f6b889a5c7c61f2ac4,2
401,d285360f29ac7fd97640bf0baef03de0,1
401,d2f5484cbffe4ca766301b21ab9246dd,1
401,e44f675b60b3a3a2453ec36421e06f0f,1
401,e53e557d5a159f5aa2c5e995dfdf244b,7
401,e94df75b2e9a8b056be0c144a731f55c,1
401,f35927953ed82e19d06ad3aac2f06353,1
401,f9259c9e7c0f12c70f7a81409680a5ff,1
402,0502d1a36be75bd36b452f31c6ed264a,1
402,08a58dc963320d6073623382b9ceb920,1
402,0a4093a4af429dc0a9334300e5c13ae5,1
402,0d85c435fd60b277ffb9e9b0f88f927a,2
402,10717ff440b2320081989126e858b220,1
402,154e7e31ebfa092203795c972e5804a6,2
402,1613b819ab5dae53aead2dbb4ebdb378,1
402,165f86fe8b799a708a20ee4ba125c289,1
402,16679d68bdbed3fb97af806424d7f2b7,4
402,16ed6a6e3fce23b741650437fe58d65b,1
402,177d3d5bb9d4d29222a222e3b3554f41,1
402,2136c70bbe723d338fab53da3c03e6dc,1
402,22c5ddc22ea8cae84fc9917def682dc6,1
402,2b4609f8948be18874494203496bc318,1
402,30ac6df06dc59ad72cf2f158fc2d904c,2
402,30ccf4724f5227265f837e9ba0246278,1
402,368c6c730842d78016ad823897a372db,5
402,389d119b48cf3043d311335e499d9c6b,2
402,3b0f7951038b105522c2d566b54421f7,1
402,3dd2a17168ec895c781a9191c1e95ad7,1
402,3e5201fe0d1ba474d9b90152c83c706c,1
402,422879e10f46682990de24d770e7f83d,4
402,42ec84ace63b58b8c5a7ba7be01d5fb8,1
402,473795a355d29305c3ea6b156833adf5,2
402,4c2394abfbac7ff59ec7a420918562fa,1
402,4fcb3d9a5f4871e8362dfedbdb02b064,1
402,51ce083cd2b9078656a94655ab45b8a4,1
402,52c80cedd4e90108bf4fa6a206ef6b03,1
402,53759a2ecddad2bb87a079a1f1519f73,1
402,553e0e7590d3116a072507a3635d2877,2
402,55b71bf300a2765a382eaec566df531f,1
402,566a4f2c4385f36d15c00dfcaae132d1,1
402,5a848e4ab52fd5445cdc07aab1c40e48,3
402,5d66715cc928aadd0074f61332698593,1
402,629e019a6f298a83aeecc7877964f935,2
402,634256dbcd184b3757ffd7632c9fe52a,1
402,656e0eca68dcecf6a31b8ececfabe3e8,2
402,679a3e5e1d2bb68982be5734c6e55e63,1
402,69455f41626a745aea9ee9164cb9eafd,1
402,7ce94ab189134e2d3c05f496d635419c,4
402,7f4e034245e45549110139d1de248f83,1
402,7f72a8900b3d2fc8fa2635b7836d6e6e,1
402,8317b177579dd27ff068b83205e2169b,1
402,880be32f4db1d9f6e2bec38fb6ac23ab,1
402,8c591ab0ca519558779df02023177f44,2
402,9bb8ca338e5588c361e34eae02e8fad6,1
402,a0b7d5a992ccda646f2d34e418fff5a0,1
402,a5341e3f8155dbb3e62323d3ea289729,1
402,a62e25e09e05e6faf31d90c6ec1aa3d1,3
402,aadff88486740e0b0ebe2be6c09476ae,2
402,ab1f9387c0627dd24000bfbc54fdeee0,1
402,aca2eb7d00ea1a7b8ebd4e68314663af,3
402,b532349fe46b38fbc7bb3914c1bdae07,2
402,ba74c6b75d2ad7503175809688d5a03c,1
402,c2ece64199af7a53793ed9612a89a8cd,4
402,c9c6fde711572c1ad99ca12728c6af00,1
402,cd48f265a63e13b762601f5f794c5fca,3
402,d04bbac48960ecb7ea311b00ca6e1cb7,1
402,d1c427060a0f73f6b889a5c7c61f2ac4,3
402,d285360f29ac7fd97640bf0baef03de0,1
402,d692d19cee022f7acab76373f297ad6a,2
402,dab2413ead0edda9967edbc9bda2a64e,1
402,dbb67791e405873b259e4656bf971246,2
402,dd0dcee76f9c12fff4bc0eb641d57c7f,1
402,e0cf79767c5b016251fe139915c59a26,2
402,e53e557d5a159f5aa2c5e995dfdf244b,1
402,ec2d43cc59763ec91694573b31f1c29a,5
402,ed2067a9c1f79553088a3c67b99a9f97,2
402,ee3d532c8a438679776d222e997606b3,1
402,ee406bf28024d97771c4b1e8b7e8e219,1
402,fb55982be901439613a95940feefd9ee,1
402,fc1d8637c0268af3db482c14b7ef8e75,2
402,fe9dfbe7f974621789683b7b78be2a16,1
403,044f05bc9de36e8a693a83e4bc79dd0d,1
403,06edb72f1e0c64b14c5b79353f7abea3,2
403,08574b074924071f4e201e151b152b4e,1
403,165f86fe8b799a708a20ee4ba125c289,2
403,2136c70bbe723d338fab53da3c03e6dc,1
403,36f60d45225e60c7da4558b070ce4b60,1
403,389d119b48cf3043d311335e499d9c6b,2
403,3b0f7951038b105522c2d566b54421f7,1
403,3b60d513e90300a4e9833e5cda1f1d61,1
403,3cb39171fd36c50097f2dedbbe0dfe6e,1
403,3dd2a17168ec895c781a9191c1e95ad7,5
403,3f14d740544f37ece8a9e7bc8349797e,1
403,422879e10f46682990de24d770e7f83d,2
403,43423cdffde7fda63d0414ed38c11a73,4
403,44a34214a57dc373dcd80f54c919d006,1
403,44d097d59e8430f88a67517cd0c4f865,1
403,4c2394abfbac7ff59ec7a420918562fa,1
403,4ce9ab528124f89e091b17d11aa2e97c,1
403,4fcb3d9a5f4871e8362dfedbdb02b064,1
403,566a4f2c4385f36d15c00dfcaae132d1,2
403,583f158587cdecda3e8bdea694021e39,1
403,595fac2a385ac33a80bd5114aec74eb8,1
403,5a848e4ab52fd5445cdc07aab1c40e48,2
403,629e019a6f298a83aeecc7877964f935,1
403,6bbe55cf8f85c87b6eebb775a53402f4,2
403,6cdd53843498f92890544667809f1595,1
403,704ef63ad0ac345842ea734060a83db2,3
403,719d571299707561c34ba04ab867b32a,1
403,777d2e438a1b645f3aec9bd57e92672c,1
403,7c1bd920dbdf22470b68bde975dd3ccf,1
403,8c292ca193d326152e335d77176746f0,1
403,8c5876b1c7768217964f353bc7e64393,1
403,909b87db6cb3a7ab26bd03cc59860136,2
403,99a4788cb24856965c36a24e339b6058,1
403,9d8a0e115e802d845b4ce1eb794d1260,2
403,9fe172fa8e662ca8572cf12abf8bce23,1
403,a5f6ba3fe91a2e73f10b612131cb2404,1
403,a8115d34a4b7b74388da609692162c37,1
403,c72edc98e7d77f0c4c04ec80730c05f5,1
403,c9c6fde711572c1ad99ca12728c6af00,3
403,cd48f265a63e13b762601f5f794c5fca,1
403,d63c1011f49d98b976c352955b1c4bea,1
403,dab2413ead0edda9967edbc9bda2a64e,1
403,dbb67791e405873b259e4656bf971246,3
403,dd0dcee76f9c12fff4bc0eb641d57c7f,2
403,e44f675b60b3a3a2453ec36421e06f0f,3
403,e53e557d5a159f5aa2c5e995dfdf244b,3
403,f35927953ed82e19d06ad3aac2f06353,1
404,036734b5a58d5d4f46b0616ddc047ced,2
404,044f05bc9de36e8a693a83e4bc79dd0d,1
404,0d85c435fd60b277ffb9e9b0f88f927a,1
404,154e7e31ebfa092203795c972e5804a6,1
404,165f86fe8b799a708a20ee4ba125c289,2
404,25c38557cf793876c5abdd5931f922db,1
404,2b4609f8948be18874494203496bc318,2
404,2ffdf10e724b958c0f7ea69e97d32f64,1
404,30ac6df06dc59ad72cf2f158fc2d904c,2
404,3b0f7951038b105522c2d566b54421f7,1
404,3f14d740544f37ece8a9e7bc8349797e,1
404,42a2c92a0979a949ca4ea89ec5c7b934,1
404,461f43be3bdf8844e65b62d9ac2c7a5a,1
404,4914f8796af2ecd359fd8f44b9b92339,1
404,4cd6ba4ea3112de8fc238307c4dc6307,1
404,52c80cedd4e90108bf4fa6a206ef6b03,1
404,566a4f2c4385f36d15c00dfcaae132d1,1
404,617186c3d97ea56c9c683a8a3974e8c1,1
404,629e019a6f298a83aeecc7877964f935,1
404,64fb13596caf118c438edc5c6ed2d50a,1
404,656e0eca68dcecf6a31b8ececfabe3e8,7
404,6cdd53843498f92890544667809f1595,1
404,764292b2b0f73f77a0272be03fdd45f3,1
404,7ce94ab189134e2d3c05f496d635419c,1
404,880be32f4db1d9f6e2bec38fb6ac23ab,1
404,8aa6223e400af9c97b07c75993142721,1
404,8c292ca193d326152e335d77176746f0,1
404,921d31a1daa51460b7a95ea5f3ab64d5,1
404,a0b7d5a992ccda646f2d34e418fff5a0,2
404,a62e25e09e05e6faf31d90c6ec1aa3d1,4
404,ab1f9387c0627dd24000bfbc54fdeee0,2
404,aca2eb7d00ea1a7b8ebd4e68314663af,2
404,b60856ce32d90658dbf99b9485327c25,1
404,c2ece64199af7a53793ed9612a89a8cd,1
404,c9c6fde711572c1ad99ca12728c6af00,4
404,cd48f265a63e13b762601f5f794c5fca,4
404,d04bbac48960ecb7ea311b00ca6e1cb7,1
404,d04e48982547095af81c231c3d581cb6,1
404,d1c427060a0f73f6b889a5c7c61f2ac4,2
404,dab2413ead0edda9967edbc9bda2a64e,1
404,dbb67791e405873b259e4656bf971246,1
404,dfb97c88e066dc22165f31648efe1312,1
404,e53e557d5a159f5aa2c5e995dfdf244b,3
404,ec2d43cc59763ec91694573b31f1c29a,2
404,ed2067a9c1f79553088a3c67b99a9f97,1
404,ee406bf28024d97771c4b1e8b7e8e219,1
404,ee6c49af1a2de55aa0e076257ab4ab99,5
404,f819f0c84a64f02d3a5606ca95edd272,2
405,044f05bc9de36e8a693a83e4bc79dd0d,1
405,060cb19345d90064d1015407193c233d,1
405,0aabfb375647d9738ad0f7b4ea3653b1,1
405,0d85c435fd60b277ffb9e9b0f88f927a,3
405,154e7e31ebfa092203795c972e5804a6,1
405,1613b819ab5dae53aead2dbb4ebdb378,1
405,2028bf1b01cafb2d2b1901fca4083222,2
405,288dbc06591742c5d7fe90fbfb08943e,1
405,2b0ee2d07306f7c9ac55a43166e9bb4b,1
405,2b4609f8948be18874494203496bc318,1
405,35afc973633aaeb6b877ff57b2793310,2
405,36f60d45225e60c7da4558b070ce4b60,1
405,3b0f7951038b105522c2d566b54421f7,1
405,3f14d740544f37ece8a9e7bc8349797e,4
405,42ec84ace63b58b8c5a7ba7be01d5fb8,1
405,44a34214a57dc373dcd80f54c919d006,2
405,4c2394abfbac7ff59ec7a420918562fa,2
405,50fd2b788dc166edd20512370dac54df,1
405,595fac2a385ac33a80bd5114aec74eb8,3
405,5a848e4ab52fd5445cdc07aab1c40e48,2
405,5dee2c14e1989141e15d341d4c62d72a,2
405,5f504b3a1c75b73d6151be81eb05bdc9,1
405,601a360bd2a916ecef0e88de72a6531a,1
405,6bbe55cf8f85c87b6eebb775a53402f4,2
405,72172e982e8b92155069e4201c92c0bb,1
405,727a46f0b58a9ef165af9f7ebcfebfa9,5
405,75d6b6963340c6063f7f4cfcccfe6a30,1
405,777d2e438a1b645f3aec9bd57e92672c,1
405,77cc62dc80ebe12a0452d1ce0565acdc,1
405,78efe838c04bbc568be034082200ac20,1
405,89321f94e35fc6d7903d36f74e351d40,1
405,8c292ca193d326152e335d77176746f0,1
405,99a4788cb24856965c36a24e339b6058,1
405,a12c9204f6f9e90ad1d8ba5571fbfed2,1
405,aa280035c50ba62c746480a59045eec4,1
405,acc444eb5ad26f79d5a11baa6a03c439,1
405,ad88641611c35ebd59ecda07a9f17099,1
405,b532349fe46b38fbc7bb3914c1bdae07,2
405,b8b426747049f2d3d6e00b486d47dedb,1
405,b99e4f4fa3f421e0ffbd512d9f152dec,1
405,c1f5307decb89342351bec53668cffd9,1
405,c2ece64199af7a53793ed9612a89a8cd,1
405,cd48f265a63e13b762601f5f794c5fca,1
405,d1c427060a0f73f6b889a5c7c61f2ac4,3
405,dbb67791e405873b259e4656bf971246,4
405,e03102efbc2229024c89be731f0aedcb,1
405,e2bb00220a167d9e60b6776ac33717bc,1
405,e53e557d5a159f5aa2c5e995dfdf244b,1
405,ed2067a9c1f79553088a3c67b99a9f97,1
405,ee406bf28024d97771c4b1e8b7e8e219,1
405,ee6c49af1a2de55aa0e076257ab4ab99,2
405,f908d3bf313a1308bfb2a46ea2685347,1
406,017692475c1c954ff597feda05131d73,1
406,036734b5a58d5d4f46b0616ddc047ced,1
406,08a58dc963320d6073623382b9ceb920,2
406,0a57f7d2c983bcf8188589a5fea4a8da,1
406,0d85c435fd60b277ffb9e9b0f88f927a,1
406,154e7e31ebfa092203795c972e5804a6,1
406,18b0e642cbae7251e60a64aa07dd9eb9,1
406,2ffdf10e724b958c0f7ea69e97d32f64,1
406,30ac6df06dc59ad72cf2f158fc2d904c,1
406,36f60d45225e60c7da4558b070ce4b60,2
406,3b0f7951038b105522c2d566b54421f7,1
406,3dd2a17168ec895c781a9191c1e95ad7,5
406,3f14d740544f37ece8a9e7bc8349797e,3
406,43423cdffde7fda63d0414ed38c11a73,2
406,437c05a395e9e47f9762e677a7068ce7,2
406,4aa6014eceb682077f9dc4bffebc05b0,1
406,57e089e3103f5cda6a4ce23b77399bdb,1
406,595fac2a385ac33a80bd5114aec74eb8,2
406,5a848e4ab52fd5445cdc07aab1c40e48,2
406,5b226d7c52f86ac72457617f78cff95d,1
406,5d66715cc928aadd0074f61332698593,1
406,617186c3d97ea56c9c683a8a3974e8c1,1
406,629e019a6f298a83aeecc7877964f935,1
406,64fb265487de2238627ce43fe8a67efc,3
406,68bf2e76db1d8e846042e54da87399ca,1
406,777d2e438a1b645f3aec9bd57e92672c,1
406,781afe929e3016a667f5f439afd55fce,1
406,78efe838c04bbc568be034082200ac20,2
406,7a10781637204d8d10485c71a6108a2e,2
406,7c1bd920dbdf22470b68bde975dd3ccf,1
406,7ce94ab189134e2d3c05f496d635419c,1
406,7f4e034245e45549110139d1de248f83,2
406,87d780fa7d2cf3710aa02dc4ca8db985,1
406,89321f94e35fc6d7903d36f74e351d40,2
406,8aa6223e400af9c97b07c75993142721,1
406,8c292ca193d326152e335d77176746f0,1
406,8c591ab0ca519558779df02023177f44,1
406,909b87db6cb3a7ab26bd03cc59860136,2
406,99f265229d46f700208ad7cb1ff48aae,1
406,a35a9f46dcee0a67c8c7ad8493eb4135,1
406,a62e25e09e05e6faf31d90c6ec1aa3d1,2
406,aca2eb7d00ea1a7b8ebd4e68314663af,3
406,c20a3f598c16d77249da67e81caa8317,1
406,cb81df0e3ccece253557f2a07df4727e,1
406,cd48f265a63e13b762601f5f794c5fca,1
406,d04bbac48960ecb7ea311b00ca6e1cb7,1
406,d1c427060a0f73f6b889a5c7c61f2ac4,2
406,d285360f29ac7fd97640bf0baef03de0,1
406,d696750e550fd0f733979dd7e5dff921,1
406,d7d5562fce331ad958ca6f57057b3526,1
406,db5efde3ad0cc579b130d71c4b2db522,2
406,dbb67791e405873b259e4656bf971246,1
406,e2bb00220a167d9e60b6776ac33717bc,1
406,e53e557d5a159f5aa2c5e995dfdf244b,1
406,e85d91619b497e98754390b6198a9818,1
406,ee406bf28024d97771c4b1e8b7e8e219,1
406,ee6c49af1a2de55aa0e076257ab4ab99,3
406,f35927953ed82e19d06ad3aac2f06353,1
406,ff29d8cb1cd0cd5ea37b80dac9939e1c,1
407,05a9dadb8402b6b7ae3dd28f7da187b5,1
407,0a4093a4af429dc0a9334300e5c13ae5,1
407,0a57f7d2c983bcf8188589a5fea4a8da,3
407,0aabfb375647d9738ad0f7b4ea3653b1,1
407,0d85c435fd60b277ffb9e9b0f88f927a,2
407,19421075ae0b585f2dc13ff149e2119d,4
407,2028bf1b01cafb2d2b1901fca4083222,1
407,283dc451ad3918badb976d56ff887289,1
407,2ffdf10e724b958c0f7ea69e97d32f64,1
407,35afc973633aaeb6b877ff57b2793310,1
407,35ebf08a93899d44e756809e11b14754,1
407,362b773250263786dd58670d2df42c3b,3
407,36f60d45225e60c7da4558b070ce4b60,1
407,3dd2a17168ec895c781a9191c1e95ad7,5
407,437c05a395e9e47f9762e677a7068ce7,4
407,461f43be3bdf8844e65b62d9ac2c7a5a,1
407,473795a355d29305c3ea6b156833adf5,1
407,4ac50dbde931c0a5ed8c33d3dc047351,1
407,4cc8bfa581f41841ce5e24aba773a44a,1
407,4fcb3d9a5f4871e8362dfedbdb02b064,1
407,5a848e4ab52fd5445cdc07aab1c40e48,1
407,617186c3d97ea56c9c683a8a3974e8c1,2
407,629e019a6f298a83aeecc7877964f935,1
407,64fb13596caf118c438edc5c6ed2d50a,2
407,65266b2da20d04dbe00c5c2d3bb7859e,1
407,6a2909ac21d16b721e4795e7e8ff3e68,1
407,719d571299707561c34ba04ab867b32a,1
407,7a10781637204d8d10485c71a6108a2e,1
407,7ce94ab189134e2d3c05f496d635419c,1
407,83b00325c13c44245b2c3a2befa62a0e,1
407,87283a98b24f9f1ac3a31b631073cf47,1
407,89321f94e35fc6d7903d36f74e351d40,1
407,8aa6223e400af9c97b07c75993142721,1
407,8c292ca193d326152e335d77176746f0,1
407,93c902b021a9e594f658ab1b0351602a,1
407,97017430754804328eb9597b7f85da03,1
407,99a4788cb24856965c36a24e339b6058,1
407,9ecadb84c81da840dbf3564378b586e9,2
407,a12c9204f6f9e90ad1d8ba5571fbfed2,1
407,a35a9f46dcee0a67c8c7ad8493eb4135,1
407,a62e25e09e05e6faf31d90c6ec1aa3d1,2
407,abc3432ff825d8e524db1d4eac6d2099,1
407,aca2eb7d00ea1a7b8ebd4e68314663af,1
407,bb50f2e236e5eea0100680137654686c,3
407,bd6e6fce9ada76ea2db0f1912e8e478f,1
407,bee2e070c39f3dd2f6883a17a5f0da45,2
407,c9c6fde711572c1ad99ca12728c6af00,2
407,cc971e0365873137b8bef2ebad633e6f,1
407,cd48f265a63e13b762601f5f794c5fca,1
407,d1c427060a0f73f6b889a5c7c61f2ac4,1
407,d285360f29ac7fd97640bf0baef03de0,1
407,d696750e550fd0f733979dd7e5dff921,1
407,dab2413ead0edda9967edbc9bda2a64e,2
407,dbb67791e405873b259e4656bf971246,2
407,e0cf79767c5b016251fe139915c59a26,1
407,e0d64dcfaa3b6db5c54ca298ae101d05,1
407,e44f675b60b3a3a2453ec36421e06f0f,3
407,e53e557d5a159f5aa2c5e995dfdf244b,2
407,e59dd207c69d86e890febadc796d1078,1
407,ee0c1cf2fbeae95205b4aa506f1469f0,2
407,ee406bf28024d97771c4b1e8b7e8e219,1
407,ee57070aa3b24a06fdd0e02efd2d757d,1
407,f264c1d9b20b5e4a340254d0405e613b,1
407,f35927953ed82e19d06ad3aac2f06353,1
407,f4f67ccaece962d013a4e1d7dc3a61f7,1
407,f7a17d2c51d9df89a4f1711c4ac17f33,1
408,036734b5a58d5d4f46b0616ddc047ced,1
408,05a9dadb8402b6b7ae3dd28f7da187b5,1
408,0a57f7d2c983bcf8188589a5fea4a8da,2
408,0d85c435fd60b277ffb9e9b0f88f927a,3
408,10717ff440b2320081989126e858b220,2
408,165f86fe8b799a708a20ee4ba125c289,1
408,18b0e642cbae7251e60a64aa07dd9eb9,1
408,1a080577618e7fe4d9ddd8fb2b47a964,1
408,30ac6df06dc59ad72cf2f158fc2d904c,1
408,36f60d45225e60c7da4558b070ce4b60,1
408,389d119b48cf3043d311335e499d9c6b,1
408,3cb39171fd36c50097f2dedbbe0dfe6e,1
408,3dd2a17168ec895c781a9191c1e95ad7,3
408,3f14d740544f37ece8a9e7bc8349797e,2
408,4298b7e67dc399c200662b569563a2b2,1
408,42a2c92a0979a949ca4ea89ec5c7b934,1
408,437c05a395e9e47f9762e677a7068ce7,6
408,44fded21627553d1886d459384bbce06,1
408,461f43be3bdf8844e65b62d9ac2c7a5a,2
408,4aa6014eceb682077f9dc4bffebc05b0,1
408,4cc8bfa581f41841ce5e24aba773a44a,1
408,4fcb3d9a5f4871e8362dfedbdb02b064,1
408,4fe644d766c7566dbc46fb851363cb3b,1
408,51ce083cd2b9078656a94655ab45b8a4,1
408,53759a2ecddad2bb87a079a1f1519f73,1
408,583f158587cdecda3e8bdea694021e39,1
408,595fac2a385ac33a80bd5114aec74eb8,1
408,5a848e4ab52fd5445cdc07aab1c40e48,3
408,5b3b5f9ae84ca9ead3138b199420cc94,1
408,629e019a6f298a83aeecc7877964f935,1
408,634256dbcd184b3757ffd7632c9fe52a,1
408,64fb13596caf118c438edc5c6ed2d50a,1
408,656e0eca68dcecf6a31b8ececfabe3e8,2
408,6f3b5b605d91b7439c5e3f5a8dffeea7,2
408,71a5f1c2a5fd9889ef26b5ac22aec9c6,1
408,7a10781637204d8d10485c71a6108a2e,1
408,7ce94ab189134e2d3c05f496d635419c,1
408,89321f94e35fc6d7903d36f74e351d40,1
408,8c292ca193d326152e335d77176746f0,3
408,921d31a1daa51460b7a95ea5f3ab64d5,3
408,93c902b021a9e594f658ab1b0351602a,1
408,99f265229d46f700208ad7cb1ff48aae,1
408,9ecadb84c81da840dbf3564378b586e9,2
408,a8115d34a4b7b74388da609692162c37,1
408,aadff88486740e0b0ebe2be6c09476ae,2
408,aca2eb7d00ea1a7b8ebd4e68314663af,2
408,b532349fe46b38fbc7bb3914c1bdae07,2
408,bb50f2e236e5eea0100680137654686c,1
408,cb81df0e3ccece253557f2a07df4727e,1
408,d017a2151d543a9885604dc62a3d9dcc,1
408,d7d5562fce331ad958ca6f57057b3526,1
408,dd0dcee76f9c12fff4bc0eb641d57c7f,1
408,e0cf79767c5b016251fe139915c59a26,2
408,e53e557d5a159f5aa2c5e995dfdf244b,2
408,e59dd207c69d86e890febadc796d1078,2
408,ee406bf28024d97771c4b1e8b7e8e219,1
408,ee57070aa3b24a06fdd0e02efd2d757d,1
408,f1fe595ee7ef768b41bd9b246d13432d,1
408,f35927953ed82e19d06ad3aac2f06353,1
408,f7a17d2c51d9df89a4f1711c4ac17f33,1
408,fbc1488c1a1e72ba175f53ab29a248e8,1
408,fe077ec80df6b4ee60bb4498d5ab1962,1
409,017692475c1c954ff597feda05131d73,2
409,044f05bc9de36e8a693a83e4bc79dd0d,1
409,1491a8ff192d4b5c369b0eaa2fe33ee5,1
409,154e7e31ebfa092203795c972e5804a6,1
409,165f86fe8b799a708a20ee4ba125c289,1
409,19421075ae0b585f2dc13ff149e2119d,3
409,1ec486885049bbb9b79351d150ed18c4,1
409,25c38557cf793876c5abdd5931f922db,1
409,2b0ee2d07306f7c9ac55a43166e9bb4b,1
409,2b4609f8948be18874494203496bc318,2
409,362b773250263786dd58670d2df42c3b,5
409,368c6c730842d78016ad823897a372db,1
409,36f60d45225e60c7da4558b070ce4b60,2
409,3b60d513e90300a4e9833e5cda1f1d61,1
409,3cb39171fd36c50097f2dedbbe0dfe6e,1
409,3dd2a17168ec895c781a9191c1e95ad7,4
409,437c05a395e9e47f9762e677a7068ce7,4
409,44a34214a57dc373dcd80f54c919d006,1
409,461f43be3bdf8844e65b62d9ac2c7a5a,2
409,473795a355d29305c3ea6b156833adf5,2
409,4b96786612ebe7463132fce2c4dca136,2
409,50fd2b788dc166edd20512370dac54df,3
409,53759a2ecddad2bb87a079a1f1519f73,5
409,593236d0ff46b4299b4787fb8d43f7f0,2
409,5a848e4ab52fd5445cdc07aab1c40e48,1
409,5b226d7c52f86ac72457617f78cff95d,1
409,634256dbcd184b3757ffd7632c9fe52a,2
409,64fb13596caf118c438edc5c6ed2d50a,2
409,656e0eca68dcecf6a31b8ececfabe3e8,1
409,679a3e5e1d2bb68982be5734c6e55e63,1
409,6cdd53843498f92890544667809f1595,1
409,6f3b5b605d91b7439c5e3f5a8dffeea7,3
409,781afe929e3016a667f5f439afd55fce,1
409,7a10781637204d8d10485c71a6108a2e,1
409,7c1bd920dbdf22470b68bde975dd3ccf,1
409,83b00325c13c44245b2c3a2befa62a0e,1
409,89321f94e35fc6d7903d36f74e351d40,2
409,8983a3b149303c013fceabef902e835a,1
409,921d31a1daa51460b7a95ea5f3ab64d5,1
409,93a12c289ca2b78e7069e469f5053ef2,2
409,a12c9204f6f9e90ad1d8ba5571fbfed2,3
409,a62e25e09e05e6faf31d90c6ec1aa3d1,4
409,ac44def10e24998cdee20a208d691127,1
409,aca2eb7d00ea1a7b8ebd4e68314663af,1
409,be0dbdc3d67d55727a65d4cd696ca73c,1
409,c2ece64199af7a53793ed9612a89a8cd,1
409,c3097e07a0a5de0d4b4c836d90c5a284,2
409,c7b3cf9de7be95b3e09e7a63315685eb,1
409,c9c6fde711572c1ad99ca12728c6af00,1
409,d1c427060a0f73f6b889a5c7c61f2ac4,1
409,d63c1011f49d98b976c352955b1c4bea,1
409,d678178aa4291cd25a755a90188375c8,2
409,dab2413ead0edda9967edbc9bda2a64e,1
409,dbb67791e405873b259e4656bf971246,2
409,dd0dcee76f9c12fff4bc0eb641d57c7f,1
409,ddceb6eef6af67e9fbbd4c148dbe5fd9,1
409,e0d64dcfaa3b6db5c54ca298ae101d05,2
409,e282624d8c82e04983f125e167eb4521,1
409,e44f675b60b3a3a2453ec36421e06f0f,1
409,e53e557d5a159f5aa2c5e995dfdf244b,1
409,e5eadf9be70a4a9fa514019542fc330a,2
409,eb8c629f70275fd1c4f809116cce1efc,3
409,ec2d43cc59763ec91694573b31f1c29a,1
409,ee3d532c8a438679776d222e997606b3,21
409,ee406bf28024d97771c4b1e8b7e8e219,1
409,f264c1d9b20b5e4a340254d0405e613b,1
410,05a9dadb8402b6b7ae3dd28f7da187b5,1
410,0bcc3eeca39e1064258aa1e932269894,1
410,0d85c435fd60b277ffb9e9b0f88f927a,2
410,0e2d365a247d105fefc31b17ab8706d9,1
410,130482add9fd75ccb6c57ba007694a2d,1
410,1491a8ff192d4b5c369b0eaa2fe33ee5,1
410,16ed6a6e3fce23b741650437fe58d65b,1
410,19421075ae0b585f2dc13ff149e2119d,2
410,29427de7f8a9ee983d9dbc51cec569b4,1
410,2ffdf10e724b958c0f7ea69e97d32f64,1
410,362b773250263786dd58670d2df42c3b,2
410,36f60d45225e60c7da4558b070ce4b60,1
410,372645c7439f9661fbbacfd129aa92ec,1
410,3b0f7951038b105522c2d566b54421f7,1
410,3dd2a17168ec895c781a9191c1e95ad7,4
410,3e5201fe0d1ba474d9b90152c83c706c,1
410,422879e10f46682990de24d770e7f83d,1
410,4298b7e67dc399c200662b569563a2b2,1
410,44a34214a57dc373dcd80f54c919d006,1
410,44fded21627553d1886d459384bbce06,1
410,461f43be3bdf8844e65b62d9ac2c7a5a,1
410,473795a355d29305c3ea6b156833adf5,1
410,4c2394abfbac7ff59ec7a420918562fa,1
410,4cc8bfa581f41841ce5e24aba773a44a,1
410,4fcb3d9a5f4871e8362dfedbdb02b064,3
410,53759a2ecddad2bb87a079a1f1519f73,1
410,593236d0ff46b4299b4787fb8d43f7f0,2
410,5a848e4ab52fd5445cdc07aab1c40e48,1
410,629e019a6f298a83aeecc7877964f935,2
410,634256dbcd184b3757ffd7632c9fe52a,1
410,656e0eca68dcecf6a31b8ececfabe3e8,1
410,719d571299707561c34ba04ab867b32a,1
410,71a5f1c2a5fd9889ef26b5ac22aec9c6,1
410,7814c273ab16783d73a9863ebfa8b141,1
410,78efe838c04bbc568be034082200ac20,1
410,7a10781637204d8d10485c71a6108a2e,1
410,7b85e3deef35afd6ebed5461ee8f0641,1
410,7ce94ab189134e2d3c05f496d635419c,1
410,7f4e034245e45549110139d1de248f83,1
410,827c4a77226a3e7ef259d61eaa775df9,2
410,8562e2c780a345b609e1b802d7e3e4ae,1
410,87a71ae93900ab55fcf685c8040769b3,1
410,8aa6223e400af9c97b07c75993142721,1
410,8c5876b1c7768217964f353bc7e64393,1
410,921d31a1daa51460b7a95ea5f3ab64d5,1
410,93a12c289ca2b78e7069e469f5053ef2,2
410,99a4788cb24856965c36a24e339b6058,1
410,9ad75bd7267e5c724cb42c71ac56ca72,1
410,a0b7d5a992ccda646f2d34e418fff5a0,1
410,a12c9204f6f9e90ad1d8ba5571fbfed2,1
410,aa280035c50ba62c746480a59045eec4,1
410,ab1f9387c0627dd24000bfbc54fdeee0,1
410,aca2eb7d00ea1a7b8ebd4e68314663af,2
410,acc444eb5ad26f79d5a11baa6a03c439,1
410,b0c8da302d49498d2ce6be8c631e4e20,1
410,b99e4f4fa3f421e0ffbd512d9f152dec,1
410,be0dbdc3d67d55727a65d4cd696ca73c,1
410,c6336fa91fbd87c359e44f5dca5a90ed,1
410,ca5c923962558430573f83661dbe36d6,1
410,cb81df0e3ccece253557f2a07df4727e,1
410,cd48f265a63e13b762601f5f794c5fca,1
410,db5efde3ad0cc579b130d71c4b2db522,1
410,dd0dcee76f9c12fff4bc0eb641d57c7f,1
410,e53e557d5a159f5aa2c5e995dfdf244b,2
410,eb8c629f70275fd1c4f809116cce1efc,2
410,ee406bf28024d97771c4b1e8b7e8e219,1
410,f1fe595ee7ef768b41bd9b246d13432d,1
410,ff29d8cb1cd0cd5ea37b80dac9939e1c,1
411,0bcc3eeca39e1064258aa1e932269894,1
411,154e7e31ebfa092203795c972e5804a6,1
411,1bfb290d7273a442c874dbe74b4abae6,1
411,2b7aa376a6e728560bddb5558cc48e89,1
411,36f60d45225e60c7da4558b070ce4b60,3
411,3dd2a17168ec895c781a9191c1e95ad7,1
411,3f14d740544f37ece8a9e7bc8349797e,2
411,4298b7e67dc399c200662b569563a2b2,3
411,42a2c92a0979a949ca4ea89ec5c7b934,3
411,437c05a395e9e47f9762e677a7068ce7,2
411,4fe644d766c7566dbc46fb851363cb3b,1
411,51ce083cd2b9078656a94655ab45b8a4,1
411,53b36df67ebb7c41585e8d54d6772e08,1
411,53ea9da485f6aed8a6f03a85831fe021,2
411,617186c3d97ea56c9c683a8a3974e8c1,2
411,679a3e5e1d2bb68982be5734c6e55e63,2
411,7a10781637204d8d10485c71a6108a2e,2
411,7b85e3deef35afd6ebed5461ee8f0641,2
411,7c1bd920dbdf22470b68bde975dd3ccf,1
411,7ce94ab189134e2d3c05f496d635419c,1
411,84f456958365164420cfc80fbe4c7fab,1
411,8c5876b1c7768217964f353bc7e64393,1
411,8c591ab0ca519558779df02023177f44,1
411,94475071013412139f862c0bd7e3bb37,1
411,9545d45c37449ccbc376de3a04c66e71,1
411,9b9d1c4bd979b93c138044e032f99780,1
411,9d8a0e115e802d845b4ce1eb794d1260,1
411,9f1c3e71d56894398a42b050b07f1baa,2
411,a9516a079e37a9c9c36b9b78b10169e8,1
411,aa280035c50ba62c746480a59045eec4,1
411,aca2eb7d00ea1a7b8ebd4e68314663af,1
411,c7fd13b5e515bffdab855d0812842edb,2
411,cd48f265a63e13b762601f5f794c5fca,1
411,d04857e7b4b708ee8b8b9921163edba3,1
411,e44f675b60b3a3a2453ec36421e06f0f,1
411,e53e557d5a159f5aa2c5e995dfdf244b,2
411,e59dd207c69d86e890febadc796d1078,4
411,ec5b3c8bb77ad22278f6e9d719a83de3,1
412,05a9dadb8402b6b7ae3dd28f7da187b5,1
412,06edb72f1e0c64b14c5b79353f7abea3,2
412,08a58dc963320d6073623382b9ceb920,1
412,0aabfb375647d9738ad0f7b4ea3653b1,1
412,0d85c435fd60b277ffb9e9b0f88f927a,1
412,1dec4c88c685d5a07bf01dcb0f8bf9f8,1
412,2b4609f8948be18874494203496bc318,1
412,2b7aa376a6e728560bddb5558cc48e89,3
412,35ebf08a93899d44e756809e11b14754,2
412,36f60d45225e60c7da4558b070ce4b60,2
412,389d119b48cf3043d311335e499d9c6b,3
412,3b0f7951038b105522c2d566b54421f7,2
412,3cb39171fd36c50097f2dedbbe0dfe6e,1
412,3dd2a17168ec895c781a9191c1e95ad7,3
412,3f14d740544f37ece8a9e7bc8349797e,1
412,422879e10f46682990de24d770e7f83d,2
412,4298b7e67dc399c200662b569563a2b2,3
412,43423cdffde7fda63d0414ed38c11a73,2
412,437c05a395e9e47f9762e677a7068ce7,1
412,44a34214a57dc373dcd80f54c919d006,1
412,473795a355d29305c3ea6b156833adf5,1
412,4cc8bfa581f41841ce5e24aba773a44a,1
412,4ce9ab528124f89e091b17d11aa2e97c,1
412,52c80cedd4e90108bf4fa6a206ef6b03,2
412,53759a2ecddad2bb87a079a1f1519f73,1
412,53b36df67ebb7c41585e8d54d6772e08,1
412,57e089e3103f5cda6a4ce23b77399bdb,1
412,5a848e4ab52fd5445cdc07aab1c40e48,2
412,617186c3d97ea56c9c683a8a3974e8c1,1
412,634256dbcd184b3757ffd7632c9fe52a,1
412,6f3b5b605d91b7439c5e3f5a8dffeea7,1
412,781afe929e3016a667f5f439afd55fce,1
412,78efe838c04bbc568be034082200ac20,1
412,7a10781637204d8d10485c71a6108a2e,2
412,7c1bd920dbdf22470b68bde975dd3ccf,1
412,7ce94ab189134e2d3c05f496d635419c,1
412,89321f94e35fc6d7903d36f74e351d40,1
412,8aa6223e400af9c97b07c75993142721,2
412,8c591ab0ca519558779df02023177f44,1
412,921d31a1daa51460b7a95ea5f3ab64d5,1
412,93c902b021a9e594f658ab1b0351602a,2
412,9da950e8c8c482441f1b93955b21c827,1
412,aa8d88eb4b9cb38894e33fa624c4287f,1
412,ab1f9387c0627dd24000bfbc54fdeee0,1
412,bb50f2e236e5eea0100680137654686c,1
412,bee2e070c39f3dd2f6883a17a5f0da45,1
412,cadb69af336c16aba5c5223599821245,1
412,cc971e0365873137b8bef2ebad633e6f,1
412,cd48f265a63e13b762601f5f794c5fca,1
412,e03102efbc2229024c89be731f0aedcb,5
412,e44f675b60b3a3a2453ec36421e06f0f,1
412,e4d325bd1eea550509bdbbc5c3301fc1,1
412,e53e557d5a159f5aa2c5e995dfdf244b,1
412,e59dd207c69d86e890febadc796d1078,3
412,e94df75b2e9a8b056be0c144a731f55c,1
412,ea44caac707f7f1325182a538007f838,1
412,ec5b3c8bb77ad22278f6e9d719a83de3,2
412,ee0c1cf2fbeae95205b4aa506f1469f0,1
412,ee57070aa3b24a06fdd0e02efd2d757d,1
412,f1fe595ee7ef768b41bd9b246d13432d,1
412,f71f42e2381752836563b70beb542f80,1
412,f8b624d4e475bb8d1bddf1b65c6a64f6,2
412,fc1d8637c0268af3db482c14b7ef8e75,1
413,017692475c1c954ff597feda05131d73,1
413,05a9dadb8402b6b7ae3dd28f7da187b5,2
413,0d85c435fd60b277ffb9e9b0f88f927a,1
413,0e2d365a247d105fefc31b17ab8706d9,1
413,165f86fe8b799a708a20ee4ba125c289,1
413,167b4b8c4bd0c401bea62f5e050d70a4,1
413,19421075ae0b585f2dc13ff149e2119d,3
413,1a080577618e7fe4d9ddd8fb2b47a964,1
413,1a758361b1c10b3ffe3d3373332de319,1
413,25c38557cf793876c5abdd5931f922db,1
413,25f86162fee18735fffdb762dcb10d7c,1
413,29427de7f8a9ee983d9dbc51cec569b4,1
413,2b4609f8948be18874494203496bc318,2
413,30ac6df06dc59ad72cf2f158fc2d904c,1
413,35afc973633aaeb6b877ff57b2793310,1
413,35ebf08a93899d44e756809e11b14754,1
413,368c6c730842d78016ad823897a372db,1
413,36f60d45225e60c7da4558b070ce4b60,5
413,389d119b48cf3043d311335e499d9c6b,1
413,3dd2a17168ec895c781a9191c1e95ad7,2
413,3f14d740544f37ece8a9e7bc8349797e,1
413,422879e10f46682990de24d770e7f83d,1
413,4298b7e67dc399c200662b569563a2b2,1
413,437c05a395e9e47f9762e677a7068ce7,1
413,44fded21627553d1886d459384bbce06,2
413,461f43be3bdf8844e65b62d9ac2c7a5a,2
413,473795a355d29305c3ea6b156833adf5,4
413,4ce9ab528124f89e091b17d11aa2e97c,1
413,51ce083cd2b9078656a94655ab45b8a4,1
413,52c80cedd4e90108bf4fa6a206ef6b03,1
413,53759a2ecddad2bb87a079a1f1519f73,3
413,53b36df67ebb7c41585e8d54d6772e08,1
413,53ea9da485f6aed8a6f03a85831fe021,1
413,57d79905de06d8897872c551bfd09358,1
413,583f158587cdecda3e8bdea694021e39,2
413,5bfc7506459ae2a7b4b573fe557a58e1,1
413,5d66715cc928aadd0074f61332698593,1
413,629e019a6f298a83aeecc7877964f935,2
413,62d8daeee0db3a60c234c2d1bfd10651,1
413,63de2743d05ab59d85caa49e49459ac1,1
413,656e0eca68dcecf6a31b8ececfabe3e8,4
413,6cdd53843498f92890544667809f1595,3
413,6f3b5b605d91b7439c5e3f5a8dffeea7,2
413,7a10781637204d8d10485c71a6108a2e,2
413,7c1bd920dbdf22470b68bde975dd3ccf,1
413,7f4e034245e45549110139d1de248f83,1
413,8562e2c780a345b609e1b802d7e3e4ae,1
413,89321f94e35fc6d7903d36f74e351d40,1
413,8c292ca193d326152e335d77176746f0,1
413,8c591ab0ca519558779df02023177f44,3
413,8ed094bfe076c568f6bb10feada3f75d,1
413,921d31a1daa51460b7a95ea5f3ab64d5,1
413,99a4788cb24856965c36a24e339b6058,3
413,a0b7d5a992ccda646f2d34e418fff5a0,1
413,a35a9f46dcee0a67c8c7ad8493eb4135,1
413,a4aa7c1427c31344e5f7cc3d839fe562,1
413,a62e25e09e05e6faf31d90c6ec1aa3d1,1
413,a8115d34a4b7b74388da609692162c37,2
413,a9f480bfc49f0b85e8394e1cdf685b4e,1
413,aba86c093ccdbac75b09111d57e50004,1
413,aca2eb7d00ea1a7b8ebd4e68314663af,6
413,b5e13c9a353102f79c6206ff5cb61a50,1
413,bb50f2e236e5eea0100680137654686c,4
413,bee2e070c39f3dd2f6883a17a5f0da45,1
413,c1f5307decb89342351bec53668cffd9,1
413,c20a3f598c16d77249da67e81caa8317,1
413,c2ece64199af7a53793ed9612a89a8cd,1
413,c4baedd846ed09b85f78a781b522f126,1
413,c72edc98e7d77f0c4c04ec80730c05f5,1
413,cd48f265a63e13b762601f5f794c5fca,1
413,d1c427060a0f73f6b889a5c7c61f2ac4,1
413,d678178aa4291cd25a755a90188375c8,1
413,dab2413ead0edda9967edbc9bda2a64e,1
413,db5efde3ad0cc579b130d71c4b2db522,1
413,e03102efbc2229024c89be731f0aedcb,1
413,e0cf79767c5b016251fe139915c59a26,2
413,e2bb00220a167d9e60b6776ac33717bc,1
413,e44f675b60b3a3a2453ec36421e06f0f,1
413,e53e557d5a159f5aa2c5e995dfdf244b,7
413,ee57070aa3b24a06fdd0e02efd2d757d,1
413,ee6c49af1a2de55aa0e076257ab4ab99,2
413,fbc1488c1a1e72ba175f53ab29a248e8,1
413,fe75529a267b76ac6e96f0c322a899a4,1
414,044f05bc9de36e8a693a83e4bc79dd0d,1
414,05a9dadb8402b6b7ae3dd28f7da187b5,1
414,0aabfb375647d9738ad0f7b4ea3653b1,1
414,10717ff440b2320081989126e858b220,1
414,154e7e31ebfa092203795c972e5804a6,1
414,16ed6a6e3fce23b741650437fe58d65b,1
414,177d3d5bb9d4d29222a222e3b3554f41,1
414,19421075ae0b585f2dc13ff149e2119d,2
414,2948658cb6abc82847412be7201bfc4c,1
414,2b7aa376a6e728560bddb5558cc48e89,1
414,368c6c730842d78016ad823897a372db,1
414,36f60d45225e60c7da4558b070ce4b60,6
414,389d119b48cf3043d311335e499d9c6b,3
414,3dd2a17168ec895c781a9191c1e95ad7,5
414,4298b7e67dc399c200662b569563a2b2,3
414,437c05a395e9e47f9762e677a7068ce7,1
414,4b96786612ebe7463132fce2c4dca136,1
414,50fd2b788dc166edd20512370dac54df,3
414,52c80cedd4e90108bf4fa6a206ef6b03,1
414,53759a2ecddad2bb87a079a1f1519f73,3
414,53b36df67ebb7c41585e8d54d6772e08,1
414,583f158587cdecda3e8bdea694021e39,2
414,5a848e4ab52fd5445cdc07aab1c40e48,3
414,5d66715cc928aadd0074f61332698593,1
414,64fb13596caf118c438edc5c6ed2d50a,2
414,65266b2da20d04dbe00c5c2d3bb7859e,1
414,656e0eca68dcecf6a31b8ececfabe3e8,2
414,679a3e5e1d2bb68982be5734c6e55e63,1
414,6a2909ac21d16b721e4795e7e8ff3e68,1
414,6cdd53843498f92890544667809f1595,1
414,704ef63ad0ac345842ea734060a83db2,1
414,777d2e438a1b645f3aec9bd57e92672c,1
414,78efe838c04bbc568be034082200ac20,1
414,7a10781637204d8d10485c71a6108a2e,2
414,84f456958365164420cfc80fbe4c7fab,1
414,8aa6223e400af9c97b07c75993142721,1
414,8c292ca193d326152e335d77176746f0,1
414,914c9e9af640dd56f48764a225b00f89,1
414,921d31a1daa51460b7a95ea5f3ab64d5,2
414,94475071013412139f862c0bd7e3bb37,1
414,9d8a0e115e802d845b4ce1eb794d1260,1
414,a42d9c825894f96fc6ed02610891454d,1
414,a62e25e09e05e6faf31d90c6ec1aa3d1,2
414,a8115d34a4b7b74388da609692162c37,1
414,aa280035c50ba62c746480a59045eec4,2
414,aca2eb7d00ea1a7b8ebd4e68314663af,7
414,b0c8da302d49498d2ce6be8c631e4e20,2
414,b114bf337c0626166abe574eee9e3f32,9
414,b5e13c9a353102f79c6206ff5cb61a50,2
414,b99e4f4fa3f421e0ffbd512d9f152dec,1
414,bb50f2e236e5eea0100680137654686c,1
414,ca5c923962558430573f83661dbe36d6,1
414,ce6f74096c84567f22728c84f3d6e7fc,1
414,db5efde3ad0cc579b130d71c4b2db522,2
414,dd0dcee76f9c12fff4bc0eb641d57c7f,1
414,e03102efbc2229024c89be731f0aedcb,1
414,e0cf79767c5b016251fe139915c59a26,2
414,e53e557d5a159f5aa2c5e995dfdf244b,5
414,e5ae72c62ebfa708624f5029d609b160,1
414,e5eadf9be70a4a9fa514019542fc330a,1
414,ec2d43cc59763ec91694573b31f1c29a,1
414,ee406bf28024d97771c4b1e8b7e8e219,2
414,ee6c49af1a2de55aa0e076257ab4ab99,2
414,fe077ec80df6b4ee60bb4498d5ab1962,1
415,05a9dadb8402b6b7ae3dd28f7da187b5,1
415,06edb72f1e0c64b14c5b79353f7abea3,1
415,0bcc3eeca39e1064258aa1e932269894,1
415,0d85c435fd60b277ffb9e9b0f88f927a,1
415,11dcc970f7a5581e1bf777b6da3f7096,1
415,154e7e31ebfa092203795c972e5804a6,1
415,19421075ae0b585f2dc13ff149e2119d,1
415,1a758361b1c10b3ffe3d3373332de319,1
415,22c5ddc22ea8cae84fc9917def682dc6,1
415,25c38557cf793876c5abdd5931f922db,1
415,25f86162fee18735fffdb762dcb10d7c,1
415,2b0ee2d07306f7c9ac55a43166e9bb4b,1
415,2ffdf10e724b958c0f7ea69e97d32f64,1
415,35afc973633aaeb6b877ff57b2793310,1
415,368c6c730842d78016ad823897a372db,1
415,36f60d45225e60c7da4558b070ce4b60,2
415,389d119b48cf3043d311335e499d9c6b,1
415,3b0f7951038b105522c2d566b54421f7,2
415,3dd2a17168ec895c781a9191c1e95ad7,4
415,3f14d740544f37ece8a9e7bc8349797e,1
415,422879e10f46682990de24d770e7f83d,2
415,44fded21627553d1886d459384bbce06,1
415,461f43be3bdf8844e65b62d9ac2c7a5a,1
415,4fe644d766c7566dbc46fb851363cb3b,1
415,53b36df67ebb7c41585e8d54d6772e08,2
415,57e089e3103f5cda6a4ce23b77399bdb,1
415,583f158587cdecda3e8bdea694021e39,1
415,5a848e4ab52fd5445cdc07aab1c40e48,1
415,617186c3d97ea56c9c683a8a3974e8c1,1
415,62d8daeee0db3a60c234c2d1bfd10651,1
415,64fb13596caf118c438edc5c6ed2d50a,2
415,656e0eca68dcecf6a31b8ececfabe3e8,1
415,68bf2e76db1d8e846042e54da87399ca,1
415,6a2909ac21d16b721e4795e7e8ff3e68,1
415,6bbe55cf8f85c87b6eebb775a53402f4,1
415,6c3effec7c8ddba466d4f03f982c7aa3,1
415,6f3b5b605d91b7439c5e3f5a8dffeea7,1
415,71a5f1c2a5fd9889ef26b5ac22aec9c6,1
415,7a10781637204d8d10485c71a6108a2e,1
415,7b85e3deef35afd6ebed5461ee8f0641,2
415,7c1bd920dbdf22470b68bde975dd3ccf,2
415,81288df52439985f610be64465e53f57,1
415,8562e2c780a345b609e1b802d7e3e4ae,2
415,89321f94e35fc6d7903d36f74e351d40,3
415,8c5876b1c7768217964f353bc7e64393,1
415,8ed094bfe076c568f6bb10feada3f75d,2
415,94475071013412139f862c0bd7e3bb37,3
415,9f1c3e71d56894398a42b050b07f1baa,1
415,a02d0123079f4ae96001ba2010d1a2df,2
415,a19b6951c75da43aad691622dd2f6abe,2
415,a42d9c825894f96fc6ed02610891454d,1
415,a4aa7c1427c31344e5f7cc3d839fe562,1
415,a62e25e09e05e6faf31d90c6ec1aa3d1,2
415,aa280035c50ba62c746480a59045eec4,1
415,ab1f9387c0627dd24000bfbc54fdeee0,2
415,aba86c093ccdbac75b09111d57e50004,2
415,ac44def10e24998cdee20a208d691127,2
415,aca2eb7d00ea1a7b8ebd4e68314663af,5
415,af2d506fb01b724e03591349ad36b67e,1
415,b0961721fd839e9982420e807758a2a6,1
415,b114bf337c0626166abe574eee9e3f32,5
415,b5e13c9a353102f79c6206ff5cb61a50,1
415,b8a0d73b2a06e7910d9864dccdb0cda2,2
415,b99e4f4fa3f421e0ffbd512d9f152dec,1
415,bb42f37fc3d9130e4a4339d24a47dd7c,2
415,bb50f2e236e5eea0100680137654686c,1
415,be0dbdc3d67d55727a65d4cd696ca73c,2
415,ca5c923962558430573f83661dbe36d6,1
415,cb81df0e3ccece253557f2a07df4727e,1
415,cc5447118c174dcc6456c84ccb29e6f7,1
415,cec09725da5ed01471d9a505e7389d37,1
415,d1c427060a0f73f6b889a5c7c61f2ac4,1
415,d285360f29ac7fd97640bf0baef03de0,1
415,dd0dcee76f9c12fff4bc0eb641d57c7f,2
415,e4d325bd1eea550509bdbbc5c3301fc1,1
415,e53e557d5a159f5aa2c5e995dfdf244b,2
415,e5ae72c62ebfa708624f5029d609b160,1
415,ee0c1cf2fbeae95205b4aa506f1469f0,1
415,ee57070aa3b24a06fdd0e02efd2d757d,1
415,ee6c49af1a2de55aa0e076257ab4ab99,1
415,f1fe595ee7ef768b41bd9b246d13432d,1
415,f35927953ed82e19d06ad3aac2f06353,1
415,f7a17d2c51d9df89a4f1711c4ac17f33,1
415,f819f0c84a64f02d3a5606ca95edd272,1
415,fb55982be901439613a95940feefd9ee,1
416,086351823300e0339f6955b27998c186,1
416,0aabfb375647d9738ad0f7b4ea3653b1,1
416,0d85c435fd60b277ffb9e9b0f88f927a,2
416,10717ff440b2320081989126e858b220,1
416,1613b819ab5dae53aead2dbb4ebdb378,1
416,1ec486885049bbb9b79351d150ed18c4,1
416,25c38557cf793876c5abdd5931f922db,2
416,2b4609f8948be18874494203496bc318,1
416,3354a4e684f5e7199f9407db70ccd92b,1
416,35afc973633aaeb6b877ff57b2793310,2
416,36f60d45225e60c7da4558b070ce4b60,1
416,389d119b48cf3043d311335e499d9c6b,1
416,3b0f7951038b105522c2d566b54421f7,1
416,3dd2a17168ec895c781a9191c1e95ad7,3
416,3eef0cb94ba82de806bb30ab743c7655,2
416,3f14d740544f37ece8a9e7bc8349797e,1
416,422879e10f46682990de24d770e7f83d,1
416,437c05a395e9e47f9762e677a7068ce7,4
416,44a34214a57dc373dcd80f54c919d006,1
416,4ac50dbde931c0a5ed8c33d3dc047351,1
416,53b36df67ebb7c41585e8d54d6772e08,2
416,53ea9da485f6aed8a6f03a85831fe021,1
416,54d9ac713e253fa1fae9c8003b011c2a,1
416,5a848e4ab52fd5445cdc07aab1c40e48,1
416,5d66715cc928aadd0074f61332698593,2
416,64fb13596caf118c438edc5c6ed2d50a,1
416,656e0eca68dcecf6a31b8ececfabe3e8,2
416,6c3effec7c8ddba466d4f03f982c7aa3,1
416,6cdd53843498f92890544667809f1595,1
416,71a5f1c2a5fd9889ef26b5ac22aec9c6,1
416,72d3bf1d3a790f8874096fcf860e3eff,1
416,76d1a1a9d21ab677a61c3ae34b1b352f,1
416,78efe838c04bbc568be034082200ac20,1
416,7a10781637204d8d10485c71a6108a2e,3
416,7b85e3deef35afd6ebed5461ee8f0641,5
416,87d780fa7d2cf3710aa02dc4ca8db985,1
416,8c292ca193d326152e335d77176746f0,1
416,8c591ab0ca519558779df02023177f44,1
416,94475071013412139f862c0bd7e3bb37,2
416,9ad75bd7267e5c724cb42c71ac56ca72,1
416,a0b7d5a992ccda646f2d34e418fff5a0,1
416,a62e25e09e05e6faf31d90c6ec1aa3d1,1
416,aa280035c50ba62c746480a59045eec4,1
416,aca2eb7d00ea1a7b8ebd4e68314663af,1
416,b0c8da302d49498d2ce6be8c631e4e20,1
416,b99e4f4fa3f421e0ffbd512d9f152dec,1
416,bb50f2e236e5eea0100680137654686c,2
416,bee2e070c39f3dd2f6883a17a5f0da45,1
416,c1f5307decb89342351bec53668cffd9,2
416,c7fd13b5e515bffdab855d0812842edb,1
416,d017a2151d543a9885604dc62a3d9dcc,1
416,d1c427060a0f73f6b889a5c7c61f2ac4,3
416,dab2413ead0edda9967edbc9bda2a64e,1
416,db5efde3ad0cc579b130d71c4b2db522,1
416,e44f675b60b3a3a2453ec36421e06f0f,1
416,e53e557d5a159f5aa2c5e995dfdf244b,1
416,e5eadf9be70a4a9fa514019542fc330a,1
416,ee0c1cf2fbeae95205b4aa506f1469f0,1
416,ee57070aa3b24a06fdd0e02efd2d757d,2
416,f264c1d9b20b5e4a340254d0405e613b,1
416,f819f0c84a64f02d3a5606ca95edd272,1
416,fe75529a267b76ac6e96f0c322a899a4,1
417,0152f69b6cf919bcdaf117aa8c43e5a2,1
417,05a9dadb8402b6b7ae3dd28f7da187b5,2
417,11fd9d7ba552e1d28872e008acf1e050,1
417,154e7e31ebfa092203795c972e5804a6,1
417,19c91ef95d509ea33eda93495c4d3481,1
417,283dc451ad3918badb976d56ff887289,1
417,2b4609f8948be18874494203496bc318,2
417,30ac6df06dc59ad72cf2f158fc2d904c,2
417,3225c54bb2785c33f49f50398fcdb88c,1
417,35ebf08a93899d44e756809e11b14754,1
417,362b773250263786dd58670d2df42c3b,1
417,363218ba55c610b750224f90bdd34be1,1
417,368c6c730842d78016ad823897a372db,4
417,36f60d45225e60c7da4558b070ce4b60,1
417,389d119b48cf3043d311335e499d9c6b,2
417,3b0f7951038b105522c2d566b54421f7,1
417,3cb39171fd36c50097f2dedbbe0dfe6e,1
417,3f14d740544f37ece8a9e7bc8349797e,1
417,4298b7e67dc399c200662b569563a2b2,1
417,437c05a395e9e47f9762e677a7068ce7,6
417,4413a608a42bd21bbf9d5abbd58c249a,1
417,52c80cedd4e90108bf4fa6a206ef6b03,1
417,54d9ac713e253fa1fae9c8003b011c2a,2
417,5a848e4ab52fd5445cdc07aab1c40e48,5
417,64fb265487de2238627ce43fe8a67efc,1
417,6803077179d24889430188e03fafd31a,1
417,6adab229374835b551f6402e0dc53267,1
417,71a5f1c2a5fd9889ef26b5ac22aec9c6,1
417,727a46f0b58a9ef165af9f7ebcfebfa9,2
417,777d2e438a1b645f3aec9bd57e92672c,1
417,781afe929e3016a667f5f439afd55fce,1
417,78efe838c04bbc568be034082200ac20,2
417,7f064525eaaa1ce9d22c085f7ff5413a,1
417,81288df52439985f610be64465e53f57,2
417,817e1c2d22418c36386406ccacfa53e8,1
417,82e4ad16521ca131d95e198d507db370,1
417,8562e2c780a345b609e1b802d7e3e4ae,1
417,880be32f4db1d9f6e2bec38fb6ac23ab,1
417,8aa6223e400af9c97b07c75993142721,1
417,8ed094bfe076c568f6bb10feada3f75d,1
417,921d31a1daa51460b7a95ea5f3ab64d5,1
417,93c902b021a9e594f658ab1b0351602a,1
417,9d8a0e115e802d845b4ce1eb794d1260,2
417,9ecadb84c81da840dbf3564378b586e9,1
417,a0b7d5a992ccda646f2d34e418fff5a0,1
417,a8075470f960215ffb67624782f80fec,1
417,a9f480bfc49f0b85e8394e1cdf685b4e,2
417,aca2eb7d00ea1a7b8ebd4e68314663af,4
417,b8b426747049f2d3d6e00b486d47dedb,1
417,bb50f2e236e5eea0100680137654686c,3
417,bee2e070c39f3dd2f6883a17a5f0da45,4
417,c403e106353e1aa40efe783ecb39ed7a,1
417,cd48f265a63e13b762601f5f794c5fca,1
417,d1c427060a0f73f6b889a5c7c61f2ac4,1
417,d7d5562fce331ad958ca6f57057b3526,1
417,dab2413ead0edda9967edbc9bda2a64e,1
417,db5efde3ad0cc579b130d71c4b2db522,2
417,dd0dcee76f9c12fff4bc0eb641d57c7f,1
417,e0d64dcfaa3b6db5c54ca298ae101d05,1
417,e44f675b60b3a3a2453ec36421e06f0f,1
417,e53e557d5a159f5aa2c5e995dfdf244b,10
417,e85d91619b497e98754390b6198a9818,1
417,eb8c629f70275fd1c4f809116cce1efc,2
417,ee3d532c8a438679776d222e997606b3,2
417,f40876e0ef3cd5f9132b1f16b04b1346,1
417,f4f67ccaece962d013a4e1d7dc3a61f7,1
417,f819f0c84a64f02d3a5606ca95edd272,1
417,f9259c9e7c0f12c70f7a81409680a5ff,1
417,fb55982be901439613a95940feefd9ee,1
417,fbc1488c1a1e72ba175f53ab29a248e8,2
417,fe75529a267b76ac6e96f0c322a899a4,1
418,0152f69b6cf919bcdaf117aa8c43e5a2,2
418,05a9dadb8402b6b7ae3dd28f7da187b5,1
418,10717ff440b2320081989126e858b220,1
418,19c91ef95d509ea33eda93495c4d3481,2
418,1a080577618e7fe4d9ddd8fb2b47a964,1
418,23bcd6822a33df5534f9b290216eec1f,1
418,24c66f106f642621e524291a895c9032,1
418,3225c54bb2785c33f49f50398fcdb88c,1
418,362b773250263786dd58670d2df42c3b,1
418,389d119b48cf3043d311335e499d9c6b,4
418,3dd2a17168ec895c781a9191c1e95ad7,1
418,422879e10f46682990de24d770e7f83d,3
418,4298b7e67dc399c200662b569563a2b2,2
418,4cd6ba4ea3112de8fc238307c4dc6307,2
418,4ce9ab528124f89e091b17d11aa2e97c,1
418,54d9ac713e253fa1fae9c8003b011c2a,3
418,5a848e4ab52fd5445cdc07aab1c40e48,1
418,5dee2c14e1989141e15d341d4c62d72a,1
418,617186c3d97ea56c9c683a8a3974e8c1,1
418,656e0eca68dcecf6a31b8ececfabe3e8,1
418,6803077179d24889430188e03fafd31a,1
418,6adab229374835b551f6402e0dc53267,1
418,6bbe55cf8f85c87b6eebb775a53402f4,1
418,6cdd53843498f92890544667809f1595,1
418,6f3b5b605d91b7439c5e3f5a8dffeea7,1
418,704ef63ad0ac345842ea734060a83db2,1
418,7b85e3deef35afd6ebed5461ee8f0641,1
418,89321f94e35fc6d7903d36f74e351d40,1
418,8c591ab0ca519558779df02023177f44,1
418,921d31a1daa51460b7a95ea5f3ab64d5,2
418,99a4788cb24856965c36a24e339b6058,1
418,a02d0123079f4ae96001ba2010d1a2df,1
418,a19b6951c75da43aad691622dd2f6abe,2
418,a237de12bdf0bfe4fe220bae65a89731,2
418,ac44def10e24998cdee20a208d691127,1
418,aca2eb7d00ea1a7b8ebd4e68314663af,2
418,bb50f2e236e5eea0100680137654686c,1
418,c3097e07a0a5de0d4b4c836d90c5a284,1
418,c6336fa91fbd87c359e44f5dca5a90ed,1
418,cadb69af336c16aba5c5223599821245,1
418,d1c427060a0f73f6b889a5c7c61f2ac4,3
418,d3c044bd42d84a79e3b0c42662806a48,1
418,dab2413ead0edda9967edbc9bda2a64e,1
418,e03102efbc2229024c89be731f0aedcb,1
418,e0d64dcfaa3b6db5c54ca298ae101d05,1
418,e44f675b60b3a3a2453ec36421e06f0f,1
418,e4d325bd1eea550509bdbbc5c3301fc1,1
418,e53e557d5a159f5aa2c5e995dfdf244b,2
418,ee406bf28024d97771c4b1e8b7e8e219,1
418,fe75529a267b76ac6e96f0c322a899a4,1
418,fe9dfbe7f974621789683b7b78be2a16,2
419,054515fd15bc1a2029f10de97ffa9120,1
419,0d85c435fd60b277ffb9e9b0f88f927a,1
419,154e7e31ebfa092203795c972e5804a6,1
419,1613b819ab5dae53aead2dbb4ebdb378,1
419,165f86fe8b799a708a20ee4ba125c289,2
419,18b0e642cbae7251e60a64aa07dd9eb9,1
419,2028bf1b01cafb2d2b1901fca4083222,1
419,24c66f106f642621e524291a895c9032,1
419,25c38557cf793876c5abdd5931f922db,1
419,2a5806f10d0f00e5ad032dd2e3c8806e,2
419,35ebf08a93899d44e756809e11b14754,1
419,368c6c730842d78016ad823897a372db,3
419,36f60d45225e60c7da4558b070ce4b60,1
419,3b0f7951038b105522c2d566b54421f7,2
419,3dd2a17168ec895c781a9191c1e95ad7,1
419,3f14d740544f37ece8a9e7bc8349797e,1
419,422879e10f46682990de24d770e7f83d,1
419,4298b7e67dc399c200662b569563a2b2,1
419,437c05a395e9e47f9762e677a7068ce7,1
419,4413a608a42bd21bbf9d5abbd58c249a,1
419,4ce9ab528124f89e091b17d11aa2e97c,1
419,50fd2b788dc166edd20512370dac54df,1
419,553e0e7590d3116a072507a3635d2877,3
419,55b71bf300a2765a382eaec566df531f,3
419,64fb13596caf118c438edc5c6ed2d50a,1
419,6803077179d24889430188e03fafd31a,1
419,78efe838c04bbc568be034082200ac20,1
419,87a71ae93900ab55fcf685c8040769b3,1
419,880be32f4db1d9f6e2bec38fb6ac23ab,1
419,89321f94e35fc6d7903d36f74e351d40,1
419,921d31a1daa51460b7a95ea5f3ab64d5,3
419,98a8c2fa16d7239c606640f5555768e4,1
419,9da950e8c8c482441f1b93955b21c827,1
419,a12c9204f6f9e90ad1d8ba5571fbfed2,1
419,a35a9f46dcee0a67c8c7ad8493eb4135,1
419,a62e25e09e05e6faf31d90c6ec1aa3d1,2
419,aca2eb7d00ea1a7b8ebd4e68314663af,3
419,b0c8da302d49498d2ce6be8c631e4e20,1
419,b38b25d838ae0b8385e8cc68b9017644,1
419,b60856ce32d90658dbf99b9485327c25,1
419,b8a0d73b2a06e7910d9864dccdb0cda2,1
419,b99e4f4fa3f421e0ffbd512d9f152dec,1
419,bb50f2e236e5eea0100680137654686c,1
419,bce474cc95b6e77657e10939b0b4248c,2
419,cec09725da5ed01471d9a505e7389d37,2
419,d017a2151d543a9885604dc62a3d9dcc,1
419,d1c427060a0f73f6b889a5c7c61f2ac4,1
419,ddceb6eef6af67e9fbbd4c148dbe5fd9,1
419,dfb97c88e066dc22165f31648efe1312,1
419,e0cf79767c5b016251fe139915c59a26,1
419,e0d64dcfaa3b6db5c54ca298ae101d05,2
419,e44f675b60b3a3a2453ec36421e06f0f,1
419,e4ca5b20cfe1a020e15e36fe14e880ee,2
419,e53e557d5a159f5aa2c5e995dfdf244b,2
419,e5ae72c62ebfa708624f5029d609b160,1
419,ee57070aa3b24a06fdd0e02efd2d757d,1
419,f4f67ccaece962d013a4e1d7dc3a61f7,1
419,f9259c9e7c0f12c70f7a81409680a5ff,1
420,0152f69b6cf919bcdaf117aa8c43e5a2,1
420,036734b5a58d5d4f46b0616ddc047ced,1
420,044f05bc9de36e8a693a83e4bc79dd0d,1
420,054515fd15bc1a2029f10de97ffa9120,1
420,06edb72f1e0c64b14c5b79353f7abea3,2
420,086351823300e0339f6955b27998c186,1
420,0a4093a4af429dc0a9334300e5c13ae5,2
420,0cf41187284d7f099adc8415a743ebbd,1
420,0d85c435fd60b277ffb9e9b0f88f927a,1
420,13db47eae724e2848e12b71a617a3a41,1
420,1613b819ab5dae53aead2dbb4ebdb378,1
420,186fe07c8b8005ec6a498587ffbc1352,1
420,19421075ae0b585f2dc13ff149e2119d,1
420,1dec4c88c685d5a07bf01dcb0f8bf9f8,1
420,2a5806f10d0f00e5ad032dd2e3c8806e,1
420,30469bb5ea377eae7121981e2f0778e4,1
420,30ac6df06dc59ad72cf2f158fc2d904c,5
420,368c6c730842d78016ad823897a372db,2
420,389d119b48cf3043d311335e499d9c6b,1
420,3b60d513e90300a4e9833e5cda1f1d61,2
420,3dd2a17168ec895c781a9191c1e95ad7,2
420,404a57563d487aecbc2b1a01d9b89aab,1
420,4298b7e67dc399c200662b569563a2b2,5
420,4c2394abfbac7ff59ec7a420918562fa,1
420,52c80cedd4e90108bf4fa6a206ef6b03,1
420,53b36df67ebb7c41585e8d54d6772e08,2
420,53ea9da485f6aed8a6f03a85831fe021,2
420,54d9ac713e253fa1fae9c8003b011c2a,1
420,583f158587cdecda3e8bdea694021e39,1
420,5a848e4ab52fd5445cdc07aab1c40e48,3
420,617186c3d97ea56c9c683a8a3974e8c1,1
420,634256dbcd184b3757ffd7632c9fe52a,2
420,679a3e5e1d2bb68982be5734c6e55e63,1
420,78efe838c04bbc568be034082200ac20,1
420,7b85e3deef35afd6ebed5461ee8f0641,3
420,8aa6223e400af9c97b07c75993142721,1
420,914c9e9af640dd56f48764a225b00f89,2
420,921d31a1daa51460b7a95ea5f3ab64d5,2
420,97017430754804328eb9597b7f85da03,1
420,99a4788cb24856965c36a24e339b6058,2
420,9ad75bd7267e5c724cb42c71ac56ca72,1
420,a6ad77b15e566298a4e8ee2011ab1255,1
420,aadff88486740e0b0ebe2be6c09476ae,1
420,aba86c093ccdbac75b09111d57e50004,2
420,aca2eb7d00ea1a7b8ebd4e68314663af,7
420,ad88641611c35ebd59ecda07a9f17099,1
420,b0961721fd839e9982420e807758a2a6,1
420,b532349fe46b38fbc7bb3914c1bdae07,2
420,b99e4f4fa3f421e0ffbd512d9f152dec,1
420,c3097e07a0a5de0d4b4c836d90c5a284,1
420,ccadfeab525a9eb1569983b66e5075c4,2
420,d1c427060a0f73f6b889a5c7c61f2ac4,2
420,d63c1011f49d98b976c352955b1c4bea,1
420,dbb67791e405873b259e4656bf971246,3
420,e0d64dcfaa3b6db5c54ca298ae101d05,1
420,e44f675b60b3a3a2453ec36421e06f0f,1
420,e4d325bd1eea550509bdbbc5c3301fc1,1
420,e53e557d5a159f5aa2c5e995dfdf244b,2
420,e5ae72c62ebfa708624f5029d609b160,1
420,e5eadf9be70a4a9fa514019542fc330a,1
420,ee0c1cf2fbeae95205b4aa506f1469f0,1
420,f6fa93875f4a7dac03e0a22143f4d815,1
420,fb55982be901439613a95940feefd9ee,1
420,fc1d8637c0268af3db482c14b7ef8e75,1
420,fe077ec80df6b4ee60bb4498d5ab1962,1
421,06edb72f1e0c64b14c5b79353f7abea3,2
421,0d85c435fd60b277ffb9e9b0f88f927a,2
421,165f86fe8b799a708a20ee4ba125c289,1
421,16ed6a6e3fce23b741650437fe58d65b,1
421,19421075ae0b585f2dc13ff149e2119d,1
421,19c91ef95d509ea33eda93495c4d3481,1
421,1dec4c88c685d5a07bf01dcb0f8bf9f8,2
421,22c5ddc22ea8cae84fc9917def682dc6,1
421,29427de7f8a9ee983d9dbc51cec569b4,1
421,2a5806f10d0f00e5ad032dd2e3c8806e,1
421,2b7aa376a6e728560bddb5558cc48e89,2
421,35afc973633aaeb6b877ff57b2793310,1
421,389d119b48cf3043d311335e499d9c6b,1
421,3b60d513e90300a4e9833e5cda1f1d61,1
421,3db75f31b76375c502f64d550dcd1166,1
421,3dd2a17168ec895c781a9191c1e95ad7,2
421,4298b7e67dc399c200662b569563a2b2,1
421,43423cdffde7fda63d0414ed38c11a73,1
421,437c05a395e9e47f9762e677a7068ce7,1
421,473795a355d29305c3ea6b156833adf5,1
421,4b96786612ebe7463132fce2c4dca136,1
421,4ce9ab528124f89e091b17d11aa2e97c,1
421,4fe644d766c7566dbc46fb851363cb3b,1
421,52c80cedd4e90108bf4fa6a206ef6b03,2
421,53ea9da485f6aed8a6f03a85831fe021,1
421,54d9ac713e253fa1fae9c8003b011c2a,1
421,553e0e7590d3116a072507a3635d2877,1
421,57e089e3103f5cda6a4ce23b77399bdb,1
421,583f158587cdecda3e8bdea694021e39,1
421,5a848e4ab52fd5445cdc07aab1c40e48,3
421,5bfc7506459ae2a7b4b573fe557a58e1,1
421,6803077179d24889430188e03fafd31a,1
421,68a058d125ba1544e726898f0b8c0523,1
421,6c3effec7c8ddba466d4f03f982c7aa3,2
421,704ef63ad0ac345842ea734060a83db2,2
421,71a5f1c2a5fd9889ef26b5ac22aec9c6,1
421,76d1a1a9d21ab677a61c3ae34b1b352f,1
421,777d2e438a1b645f3aec9bd57e92672c,3
421,7814c273ab16783d73a9863ebfa8b141,1
421,78efe838c04bbc568be034082200ac20,2
421,79366d6a24de9351b7ca6e3cf75a68ec,1
421,7b85e3deef35afd6ebed5461ee8f0641,1
421,89321f94e35fc6d7903d36f74e351d40,2
421,909b87db6cb3a7ab26bd03cc59860136,6
421,99a4788cb24856965c36a24e339b6058,1
421,9b9d1c4bd979b93c138044e032f99780,1
421,a50acd33ba7a8da8e9db65094fa990a4,1
421,a5341e3f8155dbb3e62323d3ea289729,1
421,a9f480bfc49f0b85e8394e1cdf685b4e,1
421,abc3432ff825d8e524db1d4eac6d2099,1
421,aca2eb7d00ea1a7b8ebd4e68314663af,3
421,b114bf337c0626166abe574eee9e3f32,1
421,b38b25d838ae0b8385e8cc68b9017644,1
421,b5e13c9a353102f79c6206ff5cb61a50,1
421,b60856ce32d90658dbf99b9485327c25,2
421,bb50f2e236e5eea0100680137654686c,1
421,c1f5307decb89342351bec53668cffd9,1
421,c2ece64199af7a53793ed9612a89a8cd,1
421,c3097e07a0a5de0d4b4c836d90c5a284,2
421,c4baedd846ed09b85f78a781b522f126,2
421,ce6f74096c84567f22728c84f3d6e7fc,1
421,d1c427060a0f73f6b889a5c7c61f2ac4,4
421,db5efde3ad0cc579b130d71c4b2db522,2
421,dbb67791e405873b259e4656bf971246,2
421,dd0dcee76f9c12fff4bc0eb641d57c7f,1
421,ddceb6eef6af67e9fbbd4c148dbe5fd9,3
421,e0d64dcfaa3b6db5c54ca298ae101d05,3
421,e44f675b60b3a3a2453ec36421e06f0f,2
421,e4d325bd1eea550509bdbbc5c3301fc1,2
421,e53e557d5a159f5aa2c5e995dfdf244b,2
421,eb8c629f70275fd1c4f809116cce1efc,4
421,ee0c1cf2fbeae95205b4aa506f1469f0,1
421,ee406bf28024d97771c4b1e8b7e8e219,1
421,f1fe595ee7ef768b41bd9b246d13432d,1
421,fb7a100ec8c7b34f60cec22b1a9a10e0,1
422,036734b5a58d5d4f46b0616ddc047ced,1
422,06edb72f1e0c64b14c5b79353f7abea3,1
422,0aabfb375647d9738ad0f7b4ea3653b1,2
422,154e7e31ebfa092203795c972e5804a6,1
422,165f86fe8b799a708a20ee4ba125c289,1
422,1ec486885049bbb9b79351d150ed18c4,1
422,2136c70bbe723d338fab53da3c03e6dc,1
422,24c66f106f642621e524291a895c9032,1
422,25f86162fee18735fffdb762dcb10d7c,2
422,2b7aa376a6e728560bddb5558cc48e89,2
422,30ac6df06dc59ad72cf2f158fc2d904c,1
422,35afc973633aaeb6b877ff57b2793310,1
422,368c6c730842d78016ad823897a372db,2
422,3dd2a17168ec895c781a9191c1e95ad7,2
422,3f14d740544f37ece8a9e7bc8349797e,1
422,422879e10f46682990de24d770e7f83d,2
422,437c05a395e9e47f9762e677a7068ce7,3
422,44fded21627553d1886d459384bbce06,2
422,461f43be3bdf8844e65b62d9ac2c7a5a,1
422,4914f8796af2ecd359fd8f44b9b92339,3
422,53b36df67ebb7c41585e8d54d6772e08,1
422,53ea9da485f6aed8a6f03a85831fe021,1
422,54d9ac713e253fa1fae9c8003b011c2a,2
422,5526b1ae9ab2688cf600783cece249df,1
422,593236d0ff46b4299b4787fb8d43f7f0,1
422,5a848e4ab52fd5445cdc07aab1c40e48,3
422,5d66715cc928aadd0074f61332698593,1
422,629e019a6f298a83aeecc7877964f935,1
422,64fb265487de2238627ce43fe8a67efc,1
422,656e0eca68dcecf6a31b8ececfabe3e8,1
422,657247f6f60543b93e3cc708a8e6329c,1
422,6c3effec7c8ddba466d4f03f982c7aa3,1
422,6cdd53843498f92890544667809f1595,1
422,6f3b5b605d91b7439c5e3f5a8dffeea7,1
422,704ef63ad0ac345842ea734060a83db2,1
422,72172e982e8b92155069e4201c92c0bb,1
422,7a10781637204d8d10485c71a6108a2e,2
422,81288df52439985f610be64465e53f57,1
422,82e4ad16521ca131d95e198d507db370,1
422,8562e2c780a345b609e1b802d7e3e4ae,1
422,89321f94e35fc6d7903d36f74e351d40,1
422,8c5876b1c7768217964f353bc7e64393,1
422,8ed094bfe076c568f6bb10feada3f75d,1
422,97017430754804328eb9597b7f85da03,1
422,a8115d34a4b7b74388da609692162c37,1
422,abc3432ff825d8e524db1d4eac6d2099,1
422,aca2eb7d00ea1a7b8ebd4e68314663af,1
422,ad88641611c35ebd59ecda07a9f17099,1
422,b532349fe46b38fbc7bb3914c1bdae07,2
422,bb50f2e236e5eea0100680137654686c,1
422,c92f0e7b9d49a9543558d6532772441b,2
422,cd48f265a63e13b762601f5f794c5fca,5
422,d285360f29ac7fd97640bf0baef03de0,1
422,d63c1011f49d98b976c352955b1c4bea,1
422,d6fe3b4ddecd4a8393c6a1385de3bfb6,5
422,dab2413ead0edda9967edbc9bda2a64e,1
422,e0cf79767c5b016251fe139915c59a26,1
422,e0d64dcfaa3b6db5c54ca298ae101d05,1
422,e44f675b60b3a3a2453ec36421e06f0f,1
422,e5eadf9be70a4a9fa514019542fc330a,2
422,ea44caac707f7f1325182a538007f838,1
422,ec2d43cc59763ec91694573b31f1c29a,1
422,ecbe1ef7e2903ff8b1d704ba78fa264d,1
422,f35927953ed82e19d06ad3aac2f06353,1
422,f40876e0ef3cd5f9132b1f16b04b1346,3
422,f4d705aa95ccca448e5b0deb6e5290ba,1
422,f71f42e2381752836563b70beb542f80,1
422,fbc1488c1a1e72ba175f53ab29a248e8,1
423,036734b5a58d5d4f46b0616ddc047ced,1
423,054515fd15bc1a2029f10de97ffa9120,1
423,1613b819ab5dae53aead2dbb4ebdb378,1
423,165f86fe8b799a708a20ee4ba125c289,1
423,186fe07c8b8005ec6a498587ffbc1352,1
423,19421075ae0b585f2dc13ff149e2119d,1
423,1ec486885049bbb9b79351d150ed18c4,1
423,25c38557cf793876c5abdd5931f922db,1
423,2b4609f8948be18874494203496bc318,2
423,368c6c730842d78016ad823897a372db,2
423,389d119b48cf3043d311335e499d9c6b,3
423,3b60d513e90300a4e9833e5cda1f1d61,1
423,3dd2a17168ec895c781a9191c1e95ad7,3
423,3fbc0ef745950c7932d5f2a446189725,1
423,422879e10f46682990de24d770e7f83d,3
423,437c05a395e9e47f9762e677a7068ce7,1
423,44a34214a57dc373dcd80f54c919d006,1
423,44fded21627553d1886d459384bbce06,2
423,4fcb3d9a5f4871e8362dfedbdb02b064,1
423,53759a2ecddad2bb87a079a1f1519f73,3
423,53ea9da485f6aed8a6f03a85831fe021,2
423,57d79905de06d8897872c551bfd09358,1
423,5a848e4ab52fd5445cdc07aab1c40e48,1
423,5b3b5f9ae84ca9ead3138b199420cc94,1
423,629e019a6f298a83aeecc7877964f935,2
423,65266b2da20d04dbe00c5c2d3bb7859e,1
423,6cdd53843498f92890544667809f1595,1
423,6f3b5b605d91b7439c5e3f5a8dffeea7,2
423,704ef63ad0ac345842ea734060a83db2,1
423,76d1a1a9d21ab677a61c3ae34b1b352f,1
423,7c1bd920dbdf22470b68bde975dd3ccf,1
423,7ce94ab189134e2d3c05f496d635419c,1
423,7f064525eaaa1ce9d22c085f7ff5413a,1
423,7f4e034245e45549110139d1de248f83,1
423,87a71ae93900ab55fcf685c8040769b3,2
423,a19b6951c75da43aad691622dd2f6abe,2
423,a62e25e09e05e6faf31d90c6ec1aa3d1,1
423,a92930c327948861c015c919a0bcb4a8,1
423,ac44def10e24998cdee20a208d691127,1
423,aca2eb7d00ea1a7b8ebd4e68314663af,3
423,acc444eb5ad26f79d5a11baa6a03c439,6
423,b38b25d838ae0b8385e8cc68b9017644,1
423,bb50f2e236e5eea0100680137654686c,1
423,bee2e070c39f3dd2f6883a17a5f0da45,1
423,c1f5307decb89342351bec53668cffd9,3
423,c2ece64199af7a53793ed9612a89a8cd,1
423,dab2413ead0edda9967edbc9bda2a64e,1
423,e0cf79767c5b016251fe139915c59a26,1
423,e0d64dcfaa3b6db5c54ca298ae101d05,1
423,ea44caac707f7f1325182a538007f838,1
423,ec2d43cc59763ec91694573b31f1c29a,2
423,ee406bf28024d97771c4b1e8b7e8e219,1
423,f819f0c84a64f02d3a5606ca95edd272,1
424,0aabfb375647d9738ad0f7b4ea3653b1,1
424,154e7e31ebfa092203795c972e5804a6,1
424,2b4609f8948be18874494203496bc318,1
424,3225c54bb2785c33f49f50398fcdb88c,2
424,368c6c730842d78016ad823897a372db,1
424,389d119b48cf3043d311335e499d9c6b,2
424,3b0f7951038b105522c2d566b54421f7,1
424,3b60d513e90300a4e9833e5cda1f1d61,1
424,3dd2a17168ec895c781a9191c1e95ad7,4
424,3e5201fe0d1ba474d9b90152c83c706c,1
424,437c05a395e9e47f9762e677a7068ce7,1
424,44a34214a57dc373dcd80f54c919d006,1
424,53759a2ecddad2bb87a079a1f1519f73,1
424,53b36df67ebb7c41585e8d54d6772e08,1
424,53ea9da485f6aed8a6f03a85831fe021,1
424,54d9ac713e253fa1fae9c8003b011c2a,2
424,5a848e4ab52fd5445cdc07aab1c40e48,1
424,6803077179d24889430188e03fafd31a,1
424,7a10781637204d8d10485c71a6108a2e,1
424,7b85e3deef35afd6ebed5461ee8f0641,1
424,7c1bd920dbdf22470b68bde975dd3ccf,1
424,87a71ae93900ab55fcf685c8040769b3,4
424,914c9e9af640dd56f48764a225b00f89,1
424,921d31a1daa51460b7a95ea5f3ab64d5,1
424,93c902b021a9e594f658ab1b0351602a,1
424,99a4788cb24856965c36a24e339b6058,3
424,9ad75bd7267e5c724cb42c71ac56ca72,1
424,9da950e8c8c482441f1b93955b21c827,1
424,9ecadb84c81da840dbf3564378b586e9,2
424,a5341e3f8155dbb3e62323d3ea289729,1
424,abc3432ff825d8e524db1d4eac6d2099,1
424,aca2eb7d00ea1a7b8ebd4e68314663af,3
424,b114bf337c0626166abe574eee9e3f32,2
424,b60856ce32d90658dbf99b9485327c25,1
424,b8a0d73b2a06e7910d9864dccdb0cda2,1
424,bb50f2e236e5eea0100680137654686c,1
424,bee2e070c39f3dd2f6883a17a5f0da45,1
424,cb81df0e3ccece253557f2a07df4727e,2
424,d017a2151d543a9885604dc62a3d9dcc,1
424,d285360f29ac7fd97640bf0baef03de0,1
424,dd0dcee76f9c12fff4bc0eb641d57c7f,3
424,e0cf79767c5b016251fe139915c59a26,1
424,e0d64dcfaa3b6db5c54ca298ae101d05,1
424,eb8c629f70275fd1c4f809116cce1efc,2
424,fc1d8637c0268af3db482c14b7ef8e75,1
424,fe9dfbe7f974621789683b7b78be2a16,1
425,0a4093a4af429dc0a9334300e5c13ae5,1
425,165f86fe8b799a708a20ee4ba125c289,1
425,18b0e642cbae7251e60a64aa07dd9eb9,1
425,19421075ae0b585f2dc13ff149e2119d,1
425,1dec4c88c685d5a07bf01dcb0f8bf9f8,1
425,2028bf1b01cafb2d2b1901fca4083222,1
425,24c66f106f642621e524291a895c9032,1
425,2a5806f10d0f00e5ad032dd2e3c8806e,1
425,2b7aa376a6e728560bddb5558cc48e89,1
425,2ffdf10e724b958c0f7ea69e97d32f64,1
425,30469bb5ea377eae7121981e2f0778e4,1
425,3225c54bb2785c33f49f50398fcdb88c,1
425,363218ba55c610b750224f90bdd34be1,1
425,3b0f7951038b105522c2d566b54421f7,1
425,3dd2a17168ec895c781a9191c1e95ad7,1
425,3f14d740544f37ece8a9e7bc8349797e,1
425,43423cdffde7fda63d0414ed38c11a73,2
425,437c05a395e9e47f9762e677a7068ce7,1
425,4413a608a42bd21bbf9d5abbd58c249a,1
425,4c2394abfbac7ff59ec7a420918562fa,1
425,4deb009c36a910076a023947a7929201,2
425,4fcb3d9a5f4871e8362dfedbdb02b064,1
425,53759a2ecddad2bb87a079a1f1519f73,5
425,53b36df67ebb7c41585e8d54d6772e08,1
425,54d9ac713e253fa1fae9c8003b011c2a,1
425,583f158587cdecda3e8bdea694021e39,1
425,595fac2a385ac33a80bd5114aec74eb8,1
425,5d66715cc928aadd0074f61332698593,1
425,679a3e5e1d2bb68982be5734c6e55e63,1
425,6cdd53843498f92890544667809f1595,2
425,72d3bf1d3a790f8874096fcf860e3eff,1
425,76d1a1a9d21ab677a61c3ae34b1b352f,1
425,7a10781637204d8d10485c71a6108a2e,1
425,921d31a1daa51460b7a95ea5f3ab64d5,1
425,a12c9204f6f9e90ad1d8ba5571fbfed2,1
425,a8115d34a4b7b74388da609692162c37,1
425,aca2eb7d00ea1a7b8ebd4e68314663af,2
425,bb50f2e236e5eea0100680137654686c,1
425,c3ba4e8d3cb30049213b682e751e9d00,2
425,c6336fa91fbd87c359e44f5dca5a90ed,1
425,c6dd917a0be2a704582055949915ab32,1
425,d2085f7e0f9533605386960fc7e987ec,3
425,d6fe3b4ddecd4a8393c6a1385de3bfb6,1
425,dab2413ead0edda9967edbc9bda2a64e,1
425,ddceb6eef6af67e9fbbd4c148dbe5fd9,1
425,e0d64dcfaa3b6db5c54ca298ae101d05,3
425,e5eadf9be70a4a9fa514019542fc330a,1
425,ee0c1cf2fbeae95205b4aa506f1469f0,1
425,ee406bf28024d97771c4b1e8b7e8e219,3
425,f4f67ccaece962d013a4e1d7dc3a61f7,2
425,f819f0c84a64f02d3a5606ca95edd272,1
425,f8b624d4e475bb8d1bddf1b65c6a64f6,1
426,0152f69b6cf919bcdaf117aa8c43e5a2,1
426,10717ff440b2320081989126e858b220,2
426,19421075ae0b585f2dc13ff149e2119d,1
426,2028bf1b01cafb2d2b1901fca4083222,1
426,2b7aa376a6e728560bddb5558cc48e89,2
426,30ac6df06dc59ad72cf2f158fc2d904c,2
426,3225c54bb2785c33f49f50398fcdb88c,1
426,35afc973633aaeb6b877ff57b2793310,2
426,363218ba55c610b750224f90bdd34be1,1
426,389d119b48cf3043d311335e499d9c6b,3
426,3b0f7951038b105522c2d566b54421f7,1
426,3dd2a17168ec895c781a9191c1e95ad7,6
426,437c05a395e9e47f9762e677a7068ce7,1
426,44a34214a57dc373dcd80f54c919d006,2
426,51f876eb62be778c757503cf7f8a3b74,1
426,53759a2ecddad2bb87a079a1f1519f73,1
426,53ea9da485f6aed8a6f03a85831fe021,1
426,54d9ac713e253fa1fae9c8003b011c2a,1
426,5a848e4ab52fd5445cdc07aab1c40e48,2
426,5d6bea33648f018dbb563f3a2fab09f3,1
426,6109d0cae3bcb57d579bc0fab6e61814,1
426,679a3e5e1d2bb68982be5734c6e55e63,1
426,6c3effec7c8ddba466d4f03f982c7aa3,1
426,7f72a8900b3d2fc8fa2635b7836d6e6e,2
426,817e1c2d22418c36386406ccacfa53e8,1
426,827c4a77226a3e7ef259d61eaa775df9,1
426,89321f94e35fc6d7903d36f74e351d40,1
426,8c591ab0ca519558779df02023177f44,1
426,99a4788cb24856965c36a24e339b6058,1
426,9f1c3e71d56894398a42b050b07f1baa,2
426,a4aa7c1427c31344e5f7cc3d839fe562,1
426,a5341e3f8155dbb3e62323d3ea289729,1
426,a62e25e09e05e6faf31d90c6ec1aa3d1,1
426,aa280035c50ba62c746480a59045eec4,1
426,aca2eb7d00ea1a7b8ebd4e68314663af,1
426,af51d485dc5255ba2e18b21b550156e6,1
426,b8a0d73b2a06e7910d9864dccdb0cda2,1
426,b8b426747049f2d3d6e00b486d47dedb,1
426,bb50f2e236e5eea0100680137654686c,2
426,cb81df0e3ccece253557f2a07df4727e,1
426,cec09725da5ed01471d9a505e7389d37,1
426,d04bbac48960ecb7ea311b00ca6e1cb7,2
426,dab2413ead0edda9967edbc9bda2a64e,1
426,db5efde3ad0cc579b130d71c4b2db522,1
426,e03102efbc2229024c89be731f0aedcb,2
426,e0d64dcfaa3b6db5c54ca298ae101d05,1
426,e1da6ab77f4859eb17950e5df1c0f815,1
426,e4d325bd1eea550509bdbbc5c3301fc1,1
426,e53e557d5a159f5aa2c5e995dfdf244b,1
426,f8b624d4e475bb8d1bddf1b65c6a64f6,1
427,05a9dadb8402b6b7ae3dd28f7da187b5,1
427,08a58dc963320d6073623382b9ceb920,1
427,11fd9d7ba552e1d28872e008acf1e050,1
427,13db47eae724e2848e12b71a617a3a41,1
427,154e7e31ebfa092203795c972e5804a6,1
427,1613b819ab5dae53aead2dbb4ebdb378,1
427,1a080577618e7fe4d9ddd8fb2b47a964,1
427,1ec486885049bbb9b79351d150ed18c4,1
427,2ffdf10e724b958c0f7ea69e97d32f64,1
427,35afc973633aaeb6b877ff57b2793310,1
427,368c6c730842d78016ad823897a372db,3
427,3b0f7951038b105522c2d566b54421f7,2
427,3dd2a17168ec895c781a9191c1e95ad7,1
427,3e5201fe0d1ba474d9b90152c83c706c,1
427,4deb009c36a910076a023947a7929201,2
427,52c80cedd4e90108bf4fa6a206ef6b03,1
427,53759a2ecddad2bb87a079a1f1519f73,2
427,53b36df67ebb7c41585e8d54d6772e08,1
427,53ea9da485f6aed8a6f03a85831fe021,1
427,566a4f2c4385f36d15c00dfcaae132d1,1
427,601a360bd2a916ecef0e88de72a6531a,1
427,617186c3d97ea56c9c683a8a3974e8c1,1
427,629e019a6f298a83aeecc7877964f935,1
427,65266b2da20d04dbe00c5c2d3bb7859e,1
427,679a3e5e1d2bb68982be5734c6e55e63,1
427,67bd616e1ba0d3d3e8545f3113b0140d,2
427,6803077179d24889430188e03fafd31a,1
427,6a23ae3187f1dac41b7210a8c7739d6b,1
427,6a8631b72a2f8729b91514db87e771c0,1
427,6cdd53843498f92890544667809f1595,1
427,7ce94ab189134e2d3c05f496d635419c,3
427,81288df52439985f610be64465e53f57,2
427,84f456958365164420cfc80fbe4c7fab,1
427,8b50a72d52d7a91fb19d19fbe069e2f2,2
427,93c902b021a9e594f658ab1b0351602a,2
427,97017430754804328eb9597b7f85da03,1
427,9ad75bd7267e5c724cb42c71ac56ca72,1
427,9bb8ca338e5588c361e34eae02e8fad6,1
427,a4aa7c1427c31344e5f7cc3d839fe562,1
427,a5341e3f8155dbb3e62323d3ea289729,1
427,aa280035c50ba62c746480a59045eec4,1
427,ab1f9387c0627dd24000bfbc54fdeee0,1
427,aca2eb7d00ea1a7b8ebd4e68314663af,1
427,ad88641611c35ebd59ecda07a9f17099,1
427,ba74c6b75d2ad7503175809688d5a03c,1
427,bb50f2e236e5eea0100680137654686c,3
427,bee2e070c39f3dd2f6883a17a5f0da45,3
427,c3097e07a0a5de0d4b4c836d90c5a284,1
427,c403e106353e1aa40efe783ecb39ed7a,1
427,dab2413ead0edda9967edbc9bda2a64e,2
427,dbb67791e405873b259e4656bf971246,1
427,dfb97c88e066dc22165f31648efe1312,1
427,e0cf79767c5b016251fe139915c59a26,1
427,e0d64dcfaa3b6db5c54ca298ae101d05,1
427,e1da6ab77f4859eb17950e5df1c0f815,2
427,e53e557d5a159f5aa2c5e995dfdf244b,2
427,eb8c629f70275fd1c4f809116cce1efc,1
427,ee406bf28024d97771c4b1e8b7e8e219,1
427,ef66e63137bdd1b2e44aa968646fc1e3,3
427,f40876e0ef3cd5f9132b1f16b04b1346,1
427,fc1d8637c0268af3db482c14b7ef8e75,1
428,017692475c1c954ff597feda05131d73,1
428,06edb72f1e0c64b14c5b79353f7abea3,1
428,08574b074924071f4e201e151b152b4e,1
428,08a58dc963320d6073623382b9ceb920,1
428,0a57f7d2c983bcf8188589a5fea4a8da,1
428,0aabfb375647d9738ad0f7b4ea3653b1,1
428,16ed6a6e3fce23b741650437fe58d65b,1
428,1dec4c88c685d5a07bf01dcb0f8bf9f8,1
428,25c38557cf793876c5abdd5931f922db,1
428,288dbc06591742c5d7fe90fbfb08943e,1
428,29427de7f8a9ee983d9dbc51cec569b4,1
428,2ffdf10e724b958c0f7ea69e97d32f64,2
428,3225c54bb2785c33f49f50398fcdb88c,1
428,362b773250263786dd58670d2df42c3b,3
428,368c6c730842d78016ad823897a372db,3
428,3b60d513e90300a4e9833e5cda1f1d61,1
428,3dd2a17168ec895c781a9191c1e95ad7,2
428,3e5201fe0d1ba474d9b90152c83c706c,2
428,3f14d740544f37ece8a9e7bc8349797e,1
428,4178e16324fd0c9a8e18463caf390cc6,1
428,422879e10f46682990de24d770e7f83d,2
428,43423cdffde7fda63d0414ed38c11a73,1
428,437c05a395e9e47f9762e677a7068ce7,1
428,473795a355d29305c3ea6b156833adf5,4
428,4aa6014eceb682077f9dc4bffebc05b0,1
428,4c2394abfbac7ff59ec7a420918562fa,1
428,4cd6ba4ea3112de8fc238307c4dc6307,1
428,52c80cedd4e90108bf4fa6a206ef6b03,1
428,53b36df67ebb7c41585e8d54d6772e08,1
428,57d79905de06d8897872c551bfd09358,1
428,583f158587cdecda3e8bdea694021e39,1
428,5a848e4ab52fd5445cdc07aab1c40e48,1
428,5bfc7506459ae2a7b4b573fe557a58e1,1
428,5d6bea33648f018dbb563f3a2fab09f3,1
428,64fb13596caf118c438edc5c6ed2d50a,4
428,64fb265487de2238627ce43fe8a67efc,3
428,679a3e5e1d2bb68982be5734c6e55e63,1
428,7a10781637204d8d10485c71a6108a2e,2
428,880be32f4db1d9f6e2bec38fb6ac23ab,2
428,8a443635fdf9759915c9be5be2e3b862,1
428,8c591ab0ca519558779df02023177f44,2
428,94475071013412139f862c0bd7e3bb37,1
428,962a6951154f98f2c8e9a5b8b2bcf4a9,1
428,97017430754804328eb9597b7f85da03,1
428,a9516a079e37a9c9c36b9b78b10169e8,1
428,ab1f9387c0627dd24000bfbc54fdeee0,1
428,acc444eb5ad26f79d5a11baa6a03c439,1
428,b99e4f4fa3f421e0ffbd512d9f152dec,1
428,bb50f2e236e5eea0100680137654686c,3
428,bee2e070c39f3dd2f6883a17a5f0da45,1
428,c211ff3068fcd2f8898192976d8b3a32,2
428,c4baedd846ed09b85f78a781b522f126,1
428,cd48f265a63e13b762601f5f794c5fca,1
428,ddceb6eef6af67e9fbbd4c148dbe5fd9,1
428,e0d64dcfaa3b6db5c54ca298ae101d05,1
428,e53e557d5a159f5aa2c5e995dfdf244b,3
428,ee406bf28024d97771c4b1e8b7e8e219,2
428,ef66e63137bdd1b2e44aa968646fc1e3,1
428,f35927953ed82e19d06ad3aac2f06353,2
428,f819f0c84a64f02d3a5606ca95edd272,2
428,fbc1488c1a1e72ba175f53ab29a248e8,1
429,0a57f7d2c983bcf8188589a5fea4a8da,1
429,0e2d365a247d105fefc31b17ab8706d9,2
429,2948658cb6abc82847412be7201bfc4c,1
429,3225c54bb2785c33f49f50398fcdb88c,1
429,35ebf08a93899d44e756809e11b14754,3
429,362b773250263786dd58670d2df42c3b,1
429,368c6c730842d78016ad823897a372db,1
429,389d119b48cf3043d311335e499d9c6b,1
429,43423cdffde7fda63d0414ed38c11a73,2
429,44fded21627553d1886d459384bbce06,1
429,4cd6ba4ea3112de8fc238307c4dc6307,1
429,50fd2b788dc166edd20512370dac54df,1
429,53759a2ecddad2bb87a079a1f1519f73,4
429,53b36df67ebb7c41585e8d54d6772e08,1
429,566a4f2c4385f36d15c00dfcaae132d1,2
429,5a848e4ab52fd5445cdc07aab1c40e48,2
429,6c3effec7c8ddba466d4f03f982c7aa3,1
429,77cc62dc80ebe12a0452d1ce0565acdc,1
429,7ce94ab189134e2d3c05f496d635419c,1
429,8562e2c780a345b609e1b802d7e3e4ae,2
429,87a71ae93900ab55fcf685c8040769b3,1
429,880be32f4db1d9f6e2bec38fb6ac23ab,1
429,89321f94e35fc6d7903d36f74e351d40,1
429,8c591ab0ca519558779df02023177f44,1
429,93c902b021a9e594f658ab1b0351602a,1
429,a62e25e09e05e6faf31d90c6ec1aa3d1,1
429,aa280035c50ba62c746480a59045eec4,1
429,af2d506fb01b724e03591349ad36b67e,2
429,af51d485dc5255ba2e18b21b550156e6,2
429,b92a7304ebad1ca5b393b53b2de5c70a,1
429,bb42f37fc3d9130e4a4339d24a47dd7c,1
429,bb50f2e236e5eea0100680137654686c,1
429,bee2e070c39f3dd2f6883a17a5f0da45,1
429,c6336fa91fbd87c359e44f5dca5a90ed,4
429,cb81df0e3ccece253557f2a07df4727e,1
429,d04bbac48960ecb7ea311b00ca6e1cb7,2
429,d1c427060a0f73f6b889a5c7c61f2ac4,4
429,db5efde3ad0cc579b130d71c4b2db522,2
429,dbb67791e405873b259e4656bf971246,1
429,e8316a4667e5870c85e906b1f062bde1,1
429,ed2067a9c1f79553088a3c67b99a9f97,1
429,ef66e63137bdd1b2e44aa968646fc1e3,4
429,f264c1d9b20b5e4a340254d0405e613b,1
430,06edb72f1e0c64b14c5b79353f7abea3,2
430,086351823300e0339f6955b27998c186,1
430,0a4093a4af429dc0a9334300e5c13ae5,1
430,0cf41187284d7f099adc8415a743ebbd,1
430,13db47eae724e2848e12b71a617a3a41,1
430,16ed6a6e3fce23b741650437fe58d65b,1
430,18b0e642cbae7251e60a64aa07dd9eb9,1
430,2028bf1b01cafb2d2b1901fca4083222,1
430,25c38557cf793876c5abdd5931f922db,1
430,2948658cb6abc82847412be7201bfc4c,2
430,2b4609f8948be18874494203496bc318,2
430,2b7aa376a6e728560bddb5558cc48e89,1
430,2ffdf10e724b958c0f7ea69e97d32f64,1
430,3225c54bb2785c33f49f50398fcdb88c,1
430,35afc973633aaeb6b877ff57b2793310,1
430,389d119b48cf3043d311335e499d9c6b,1
430,3dd2a17168ec895c781a9191c1e95ad7,2
430,3eef0cb94ba82de806bb30ab743c7655,4
430,3fbc0ef745950c7932d5f2a446189725,1
430,4914f8796af2ecd359fd8f44b9b92339,1
430,50fd2b788dc166edd20512370dac54df,1
430,53759a2ecddad2bb87a079a1f1519f73,1
430,5a848e4ab52fd5445cdc07aab1c40e48,2
430,5b3b5f9ae84ca9ead3138b199420cc94,1
430,5f504b3a1c75b73d6151be81eb05bdc9,1
430,6109d0cae3bcb57d579bc0fab6e61814,1
430,617186c3d97ea56c9c683a8a3974e8c1,1
430,629e019a6f298a83aeecc7877964f935,1
430,64fb265487de2238627ce43fe8a67efc,1
430,6a8631b72a2f8729b91514db87e771c0,1
430,6cdd53843498f92890544667809f1595,1
430,6f3b5b605d91b7439c5e3f5a8dffeea7,1
430,704ef63ad0ac345842ea734060a83db2,1
430,76d1a1a9d21ab677a61c3ae34b1b352f,1
430,781afe929e3016a667f5f439afd55fce,2
430,7c1bd920dbdf22470b68bde975dd3ccf,2
430,7f4e034245e45549110139d1de248f83,1
430,81288df52439985f610be64465e53f57,1
430,817e1c2d22418c36386406ccacfa53e8,1
430,827c4a77226a3e7ef259d61eaa775df9,1
430,8ed094bfe076c568f6bb10feada3f75d,4
430,99a4788cb24856965c36a24e339b6058,1
430,9ad75bd7267e5c724cb42c71ac56ca72,1
430,9d8a0e115e802d845b4ce1eb794d1260,1
430,9ecadb84c81da840dbf3564378b586e9,2
430,a62e25e09e05e6faf31d90c6ec1aa3d1,3
430,a9516a079e37a9c9c36b9b78b10169e8,1
430,a9f480bfc49f0b85e8394e1cdf685b4e,3
430,aca2eb7d00ea1a7b8ebd4e68314663af,2
430,b38b25d838ae0b8385e8cc68b9017644,1
430,b532349fe46b38fbc7bb3914c1bdae07,3
430,b8a0d73b2a06e7910d9864dccdb0cda2,2
430,b92a7304ebad1ca5b393b53b2de5c70a,1
430,bb50f2e236e5eea0100680137654686c,1
430,bee2e070c39f3dd2f6883a17a5f0da45,1
430,c20a3f598c16d77249da67e81caa8317,2
430,c3097e07a0a5de0d4b4c836d90c5a284,2
430,ca5c923962558430573f83661dbe36d6,1
430,cd48f265a63e13b762601f5f794c5fca,1
430,d04857e7b4b708ee8b8b9921163edba3,1
430,d285360f29ac7fd97640bf0baef03de0,3
430,d5b703c271f43f9c588a6f512a00f77e,1
430,dab2413ead0edda9967edbc9bda2a64e,3
430,e03102efbc2229024c89be731f0aedcb,1
430,e0d64dcfaa3b6db5c54ca298ae101d05,1
430,e1da6ab77f4859eb17950e5df1c0f815,2
430,e5eadf9be70a4a9fa514019542fc330a,3
430,ea44caac707f7f1325182a538007f838,1
430,ed2067a9c1f79553088a3c67b99a9f97,2
430,ee406bf28024d97771c4b1e8b7e8e219,1
430,f40876e0ef3cd5f9132b1f16b04b1346,1
430,fb7a100ec8c7b34f60cec22b1a9a10e0,1
430,fc1d8637c0268af3db482c14b7ef8e75,1
430,ff29d8cb1cd0cd5ea37b80dac9939e1c,1
431,036734b5a58d5d4f46b0616ddc047ced,1
431,060c17562f97e5bb60bc0dfa4dd5b3f2,1
431,06edb72f1e0c64b14c5b79353f7abea3,1
431,0bbdc963004d9b2fd3427ee3c5ae3608,1
431,0d85c435fd60b277ffb9e9b0f88f927a,2
431,13db47eae724e2848e12b71a617a3a41,1
431,19421075ae0b585f2dc13ff149e2119d,1
431,1ec486885049bbb9b79351d150ed18c4,1
431,2028bf1b01cafb2d2b1901fca4083222,1
431,25c38557cf793876c5abdd5931f922db,1
431,29427de7f8a9ee983d9dbc51cec569b4,1
431,2a5806f10d0f00e5ad032dd2e3c8806e,1
431,2b4609f8948be18874494203496bc318,2
431,2ffdf10e724b958c0f7ea69e97d32f64,1
431,30ac6df06dc59ad72cf2f158fc2d904c,1
431,35ebf08a93899d44e756809e11b14754,1
431,3e5201fe0d1ba474d9b90152c83c706c,1
431,3eef0cb94ba82de806bb30ab743c7655,1
431,3fbc0ef745950c7932d5f2a446189725,1
431,422879e10f46682990de24d770e7f83d,1
431,42ec84ace63b58b8c5a7ba7be01d5fb8,1
431,43423cdffde7fda63d0414ed38c11a73,1
431,437c05a395e9e47f9762e677a7068ce7,1
431,4fcb3d9a5f4871e8362dfedbdb02b064,1
431,54d9ac713e253fa1fae9c8003b011c2a,1
431,566a4f2c4385f36d15c00dfcaae132d1,1
431,57d79905de06d8897872c551bfd09358,1
431,5a848e4ab52fd5445cdc07aab1c40e48,1
431,5dee2c14e1989141e15d341d4c62d72a,2
431,617186c3d97ea56c9c683a8a3974e8c1,2
431,6a8631b72a2f8729b91514db87e771c0,1
431,6cdd53843498f92890544667809f1595,2
431,6f3b5b605d91b7439c5e3f5a8dffeea7,2
431,75d6b6963340c6063f7f4cfcccfe6a30,1
431,82e4ad16521ca131d95e198d507db370,1
431,83b00325c13c44245b2c3a2befa62a0e,1
431,8562e2c780a345b609e1b802d7e3e4ae,1
431,87a71ae93900ab55fcf685c8040769b3,1
431,8ed094bfe076c568f6bb10feada3f75d,1
431,914c9e9af640dd56f48764a225b00f89,1
431,921d31a1daa51460b7a95ea5f3ab64d5,1
431,962a6951154f98f2c8e9a5b8b2bcf4a9,12
431,9ad75bd7267e5c724cb42c71ac56ca72,1
431,9f1c3e71d56894398a42b050b07f1baa,1
431,a02d0123079f4ae96001ba2010d1a2df,1
431,a62e25e09e05e6faf31d90c6ec1aa3d1,8
431,a8075470f960215ffb67624782f80fec,1
431,aa280035c50ba62c746480a59045eec4,2
431,af2d506fb01b724e03591349ad36b67e,1
431,b8a0d73b2a06e7910d9864dccdb0cda2,1
431,bee2e070c39f3dd2f6883a17a5f0da45,2
431,c4baedd846ed09b85f78a781b522f126,1
431,d017a2151d543a9885604dc62a3d9dcc,1
431,d1c427060a0f73f6b889a5c7c61f2ac4,2
431,ddceb6eef6af67e9fbbd4c148dbe5fd9,1
431,e0cf79767c5b016251fe139915c59a26,1
431,e53e557d5a159f5aa2c5e995dfdf244b,1
431,ea44caac707f7f1325182a538007f838,2
431,ed2067a9c1f79553088a3c67b99a9f97,1
431,f35927953ed82e19d06ad3aac2f06353,2
431,f40876e0ef3cd5f9132b1f16b04b1346,1
431,f4d705aa95ccca448e5b0deb6e5290ba,1
431,f819f0c84a64f02d3a5606ca95edd272,1
432,044f05bc9de36e8a693a83e4bc79dd0d,1
432,0aabfb375647d9738ad0f7b4ea3653b1,1
432,0bcc3eeca39e1064258aa1e932269894,1
432,0cf41187284d7f099adc8415a743ebbd,1
432,0d85c435fd60b277ffb9e9b0f88f927a,1
432,13db47eae724e2848e12b71a617a3a41,1
432,186fe07c8b8005ec6a498587ffbc1352,2
432,2028bf1b01cafb2d2b1901fca4083222,1
432,2b7aa376a6e728560bddb5558cc48e89,1
432,32e18e89237933ebdaaebd78a27e7fa1,1
432,35afc973633aaeb6b877ff57b2793310,1
432,35ebf08a93899d44e756809e11b14754,1
432,362b773250263786dd58670d2df42c3b,1
432,389d119b48cf3043d311335e499d9c6b,2
432,3b0f7951038b105522c2d566b54421f7,1
432,3dd2a17168ec895c781a9191c1e95ad7,1
432,4178e16324fd0c9a8e18463caf390cc6,1
432,42ec84ace63b58b8c5a7ba7be01d5fb8,1
432,43423cdffde7fda63d0414ed38c11a73,1
432,437c05a395e9e47f9762e677a7068ce7,3
432,4413a608a42bd21bbf9d5abbd58c249a,1
432,4deb009c36a910076a023947a7929201,1
432,51f876eb62be778c757503cf7f8a3b74,1
432,53b36df67ebb7c41585e8d54d6772e08,1
432,53ea9da485f6aed8a6f03a85831fe021,1
432,54d9ac713e253fa1fae9c8003b011c2a,1
432,55782cb82e0efe052da0a3da237da3b2,1
432,5a848e4ab52fd5445cdc07aab1c40e48,1
432,65266b2da20d04dbe00c5c2d3bb7859e,1
432,6803077179d24889430188e03fafd31a,1
432,68a058d125ba1544e726898f0b8c0523,1
432,6f3b5b605d91b7439c5e3f5a8dffeea7,2
432,781afe929e3016a667f5f439afd55fce,1
432,79366d6a24de9351b7ca6e3cf75a68ec,1
432,7a10781637204d8d10485c71a6108a2e,2
432,7b85e3deef35afd6ebed5461ee8f0641,1
432,7c1bd920dbdf22470b68bde975dd3ccf,1
432,7ce94ab189134e2d3c05f496d635419c,1
432,7f72a8900b3d2fc8fa2635b7836d6e6e,1
432,8ed094bfe076c568f6bb10feada3f75d,3
432,921d31a1daa51460b7a95ea5f3ab64d5,1
432,99a4788cb24856965c36a24e339b6058,1
432,a02d0123079f4ae96001ba2010d1a2df,1
432,a59fb60fddcc72a9878b7ed5cb69d8e4,1
432,a9f480bfc49f0b85e8394e1cdf685b4e,1
432,aca2eb7d00ea1a7b8ebd4e68314663af,2
432,af2d506fb01b724e03591349ad36b67e,1
432,b8b426747049f2d3d6e00b486d47dedb,1
432,bee2e070c39f3dd2f6883a17a5f0da45,3
432,c3097e07a0a5de0d4b4c836d90c5a284,1
432,c6336fa91fbd87c359e44f5dca5a90ed,1
432,d63c1011f49d98b976c352955b1c4bea,1
432,dbb67791e405873b259e4656bf971246,1
432,ed2067a9c1f79553088a3c67b99a9f97,1
432,ee0c1cf2fbeae95205b4aa506f1469f0,1
432,ee406bf28024d97771c4b1e8b7e8e219,2
433,154e7e31ebfa092203795c972e5804a6,1
433,165f86fe8b799a708a20ee4ba125c289,2
433,1a080577618e7fe4d9ddd8fb2b47a964,1
433,2028bf1b01cafb2d2b1901fca4083222,3
433,2a5806f10d0f00e5ad032dd2e3c8806e,1
433,2ffdf10e724b958c0f7ea69e97d32f64,2
433,30ac6df06dc59ad72cf2f158fc2d904c,1
433,363218ba55c610b750224f90bdd34be1,2
433,36f60d45225e60c7da4558b070ce4b60,1
433,389d119b48cf3043d311335e499d9c6b,2
433,3b0f7951038b105522c2d566b54421f7,1
433,3dd2a17168ec895c781a9191c1e95ad7,1
433,3eef0cb94ba82de806bb30ab743c7655,1
433,3f14d740544f37ece8a9e7bc8349797e,1
433,422879e10f46682990de24d770e7f83d,3
433,4413a608a42bd21bbf9d5abbd58c249a,1
433,461f43be3bdf8844e65b62d9ac2c7a5a,1
433,4b703444923b5e57bb73ba343f5ebab7,2
433,4b96786612ebe7463132fce2c4dca136,1
433,50fd2b788dc166edd20512370dac54df,1
433,51ce083cd2b9078656a94655ab45b8a4,1
433,51f876eb62be778c757503cf7f8a3b74,1
433,53b36df67ebb7c41585e8d54d6772e08,1
433,553e0e7590d3116a072507a3635d2877,2
433,593236d0ff46b4299b4787fb8d43f7f0,1
433,629e019a6f298a83aeecc7877964f935,1
433,656e0eca68dcecf6a31b8ececfabe3e8,1
433,68bf2e76db1d8e846042e54da87399ca,1
433,6cdd53843498f92890544667809f1595,1
433,6f3b5b605d91b7439c5e3f5a8dffeea7,1
433,7814c273ab16783d73a9863ebfa8b141,1
433,78efe838c04bbc568be034082200ac20,1
433,82e4ad16521ca131d95e198d507db370,1
433,8562e2c780a345b609e1b802d7e3e4ae,1
433,880be32f4db1d9f6e2bec38fb6ac23ab,1
433,89321f94e35fc6d7903d36f74e351d40,2
433,8c292ca193d326152e335d77176746f0,1
433,91846781ef75057e134949400768e272,1
433,99a4788cb24856965c36a24e339b6058,1
433,9d8a0e115e802d845b4ce1eb794d1260,1
433,a0b7d5a992ccda646f2d34e418fff5a0,1
433,a8075470f960215ffb67624782f80fec,1
433,aa280035c50ba62c746480a59045eec4,1
433,aba86c093ccdbac75b09111d57e50004,1
433,aca2eb7d00ea1a7b8ebd4e68314663af,5
433,b8a0d73b2a06e7910d9864dccdb0cda2,1
433,bee2e070c39f3dd2f6883a17a5f0da45,1
433,c20a3f598c16d77249da67e81caa8317,1
433,ce6f74096c84567f22728c84f3d6e7fc,1
433,d017a2151d543a9885604dc62a3d9dcc,2
433,d1c427060a0f73f6b889a5c7c61f2ac4,2
433,dbb67791e405873b259e4656bf971246,1
433,dd0dcee76f9c12fff4bc0eb641d57c7f,1
433,e0d64dcfaa3b6db5c54ca298ae101d05,4
433,e1da6ab77f4859eb17950e5df1c0f815,2
433,e4d325bd1eea550509bdbbc5c3301fc1,2
433,f7f59e6186e10983a061ac7bdb3494d6,1
433,fe9dfbe7f974621789683b7b78be2a16,1
434,0152f69b6cf919bcdaf117aa8c43e5a2,1
434,06edb72f1e0c64b14c5b79353f7abea3,1
434,0bcc3eeca39e1064258aa1e932269894,1
434,0d85c435fd60b277ffb9e9b0f88f927a,3
434,13db47eae724e2848e12b71a617a3a41,1
434,167b4b8c4bd0c401bea62f5e050d70a4,1
434,1dec4c88c685d5a07bf01dcb0f8bf9f8,1
434,25c38557cf793876c5abdd5931f922db,1
434,288dbc06591742c5d7fe90fbfb08943e,1
434,29427de7f8a9ee983d9dbc51cec569b4,1
434,2b4609f8948be18874494203496bc318,1
434,36f60d45225e60c7da4558b070ce4b60,2
434,3e5201fe0d1ba474d9b90152c83c706c,1
434,3f14d740544f37ece8a9e7bc8349797e,2
434,422879e10f46682990de24d770e7f83d,2
434,437c05a395e9e47f9762e677a7068ce7,2
434,461f43be3bdf8844e65b62d9ac2c7a5a,2
434,4b703444923b5e57bb73ba343f5ebab7,1
434,4deb009c36a910076a023947a7929201,1
434,51f876eb62be778c757503cf7f8a3b74,1
434,52c80cedd4e90108bf4fa6a206ef6b03,1
434,5328338cfaa16ba10561cd970c73ca11,1
434,53759a2ecddad2bb87a079a1f1519f73,2
434,53b36df67ebb7c41585e8d54d6772e08,5
434,54d9ac713e253fa1fae9c8003b011c2a,2
434,569ffd16f8032478cbeb9800f2e94ba0,2
434,57e089e3103f5cda6a4ce23b77399bdb,1
434,5a848e4ab52fd5445cdc07aab1c40e48,2
434,5dee2c14e1989141e15d341d4c62d72a,2
434,617186c3d97ea56c9c683a8a3974e8c1,1
434,64fb265487de2238627ce43fe8a67efc,1
434,656e0eca68dcecf6a31b8ececfabe3e8,4
434,6803077179d24889430188e03fafd31a,1
434,6adab229374835b551f6402e0dc53267,1
434,6f3b5b605d91b7439c5e3f5a8dffeea7,2
434,7814c273ab16783d73a9863ebfa8b141,2
434,7a10781637204d8d10485c71a6108a2e,1
434,7c1bd920dbdf22470b68bde975dd3ccf,1
434,7ce94ab189134e2d3c05f496d635419c,1
434,84f456958365164420cfc80fbe4c7fab,1
434,89321f94e35fc6d7903d36f74e351d40,2
434,99a4788cb24856965c36a24e339b6058,2
434,a02d0123079f4ae96001ba2010d1a2df,1
434,a12c9204f6f9e90ad1d8ba5571fbfed2,1
434,a50acd33ba7a8da8e9db65094fa990a4,1
434,aadff88486740e0b0ebe2be6c09476ae,1
434,aca2eb7d00ea1a7b8ebd4e68314663af,1
434,bb50f2e236e5eea0100680137654686c,1
434,c1f5307decb89342351bec53668cffd9,2
434,c72edc98e7d77f0c4c04ec80730c05f5,1
434,ccadfeab525a9eb1569983b66e5075c4,1
434,cd48f265a63e13b762601f5f794c5fca,1
434,d04857e7b4b708ee8b8b9921163edba3,3
434,d1c427060a0f73f6b889a5c7c61f2ac4,5
434,d63c1011f49d98b976c352955b1c4bea,1
434,d678178aa4291cd25a755a90188375c8,1
434,dbb67791e405873b259e4656bf971246,2
434,dd0dcee76f9c12fff4bc0eb641d57c7f,1
434,e03102efbc2229024c89be731f0aedcb,1
434,ed2067a9c1f79553088a3c67b99a9f97,1
434,ee406bf28024d97771c4b1e8b7e8e219,2
434,f264c1d9b20b5e4a340254d0405e613b,1
434,f35927953ed82e19d06ad3aac2f06353,1
434,f6fa93875f4a7dac03e0a22143f4d815,1
434,f7f59e6186e10983a061ac7bdb3494d6,4
434,fbc1488c1a1e72ba175f53ab29a248e8,1
435,017692475c1c954ff597feda05131d73,1
435,0bcc3eeca39e1064258aa1e932269894,1
435,0d85c435fd60b277ffb9e9b0f88f927a,2
435,13db47eae724e2848e12b71a617a3a41,2
435,154e7e31ebfa092203795c972e5804a6,1
435,2083a6feb4bbb31f6abc92fc24e468c0,1
435,25f86162fee18735fffdb762dcb10d7c,2
435,2b4609f8948be18874494203496bc318,1
435,30ac6df06dc59ad72cf2f158fc2d904c,1
435,368c6c730842d78016ad823897a372db,1
435,389d119b48cf3043d311335e499d9c6b,1
435,3dd2a17168ec895c781a9191c1e95ad7,1
435,3eef0cb94ba82de806bb30ab743c7655,4
435,3f14d740544f37ece8a9e7bc8349797e,3
435,437c05a395e9e47f9762e677a7068ce7,11
435,44fded21627553d1886d459384bbce06,1
435,474bb6b54fc608ca71059a6c4f7ecda3,1
435,4ac50dbde931c0a5ed8c33d3dc047351,1
435,52c80cedd4e90108bf4fa6a206ef6b03,2
435,53759a2ecddad2bb87a079a1f1519f73,1
435,53b36df67ebb7c41585e8d54d6772e08,1
435,54d9ac713e253fa1fae9c8003b011c2a,1
435,5a848e4ab52fd5445cdc07aab1c40e48,5
435,617186c3d97ea56c9c683a8a3974e8c1,1
435,634256dbcd184b3757ffd7632c9fe52a,1
435,6cdd53843498f92890544667809f1595,2
435,76d1a1a9d21ab677a61c3ae34b1b352f,1
435,78efe838c04bbc568be034082200ac20,1
435,79366d6a24de9351b7ca6e3cf75a68ec,1
435,7c4a8bec217df1de0df2b5aaf8175b65,1
435,84f456958365164420cfc80fbe4c7fab,1
435,87a71ae93900ab55fcf685c8040769b3,1
435,88dd63919fc9ab693803578a04a20209,1
435,89321f94e35fc6d7903d36f74e351d40,1
435,8c292ca193d326152e335d77176746f0,1
435,97017430754804328eb9597b7f85da03,2
435,9ad75bd7267e5c724cb42c71ac56ca72,1
435,9da950e8c8c482441f1b93955b21c827,1
435,9ecadb84c81da840dbf3564378b586e9,2
435,a19b6951c75da43aad691622dd2f6abe,3
435,a4aa7c1427c31344e5f7cc3d839fe562,1
435,a5341e3f8155dbb3e62323d3ea289729,1
435,a62e25e09e05e6faf31d90c6ec1aa3d1,1
435,aa280035c50ba62c746480a59045eec4,1
435,ab1f9387c0627dd24000bfbc54fdeee0,2
435,aca2eb7d00ea1a7b8ebd4e68314663af,1
435,acc444eb5ad26f79d5a11baa6a03c439,1
435,b532349fe46b38fbc7bb3914c1bdae07,3
435,c1f5307decb89342351bec53668cffd9,1
435,c3097e07a0a5de0d4b4c836d90c5a284,1
435,c4baedd846ed09b85f78a781b522f126,2
435,c6dd917a0be2a704582055949915ab32,1
435,cc5447118c174dcc6456c84ccb29e6f7,1
435,cd48f265a63e13b762601f5f794c5fca,1
435,ce6f74096c84567f22728c84f3d6e7fc,1
435,d1c427060a0f73f6b889a5c7c61f2ac4,3
435,d63c1011f49d98b976c352955b1c4bea,1
435,db5efde3ad0cc579b130d71c4b2db522,1
435,dbb67791e405873b259e4656bf971246,4
435,e03102efbc2229024c89be731f0aedcb,1
435,e0cf79767c5b016251fe139915c59a26,2
435,e0d64dcfaa3b6db5c54ca298ae101d05,1
435,e4ca5b20cfe1a020e15e36fe14e880ee,1
435,e94df75b2e9a8b056be0c144a731f55c,2
435,eb8c629f70275fd1c4f809116cce1efc,1
435,ee6c49af1a2de55aa0e076257ab4ab99,1
435,f1fe595ee7ef768b41bd9b246d13432d,1
435,f40876e0ef3cd5f9132b1f16b04b1346,1
435,fb55982be901439613a95940feefd9ee,1
435,ff29d8cb1cd0cd5ea37b80dac9939e1c,1
436,0152f69b6cf919bcdaf117aa8c43e5a2,1
436,086351823300e0339f6955b27998c186,1
436,08a58dc963320d6073623382b9ceb920,1
436,0d85c435fd60b277ffb9e9b0f88f927a,1
436,10717ff440b2320081989126e858b220,1
436,154e7e31ebfa092203795c972e5804a6,1
436,165f86fe8b799a708a20ee4ba125c289,1
436,19c91ef95d509ea33eda93495c4d3481,1
436,1ec486885049bbb9b79351d150ed18c4,1
436,2028bf1b01cafb2d2b1901fca4083222,1
436,25c38557cf793876c5abdd5931f922db,1
436,368c6c730842d78016ad823897a372db,1
436,36c2fb4fa746273709c373f6d6ec6796,1
436,3dd2a17168ec895c781a9191c1e95ad7,2
436,3f14d740544f37ece8a9e7bc8349797e,1
436,422879e10f46682990de24d770e7f83d,1
436,43423cdffde7fda63d0414ed38c11a73,2
436,437c05a395e9e47f9762e677a7068ce7,10
436,4cd6ba4ea3112de8fc238307c4dc6307,2
436,4fcb3d9a5f4871e8362dfedbdb02b064,1
436,53b36df67ebb7c41585e8d54d6772e08,1
436,54d9ac713e253fa1fae9c8003b011c2a,1
436,566a4f2c4385f36d15c00dfcaae132d1,1
436,583f158587cdecda3e8bdea694021e39,1
436,595fac2a385ac33a80bd5114aec74eb8,1
436,5a848e4ab52fd5445cdc07aab1c40e48,3
436,5dee2c14e1989141e15d341d4c62d72a,1
436,6109d0cae3bcb57d579bc0fab6e61814,1
436,617186c3d97ea56c9c683a8a3974e8c1,1
436,629e019a6f298a83aeecc7877964f935,1
436,64fb265487de2238627ce43fe8a67efc,1
436,65266b2da20d04dbe00c5c2d3bb7859e,1
436,6803077179d24889430188e03fafd31a,1
436,6f3b5b605d91b7439c5e3f5a8dffeea7,1
436,73bcea88583002fe12b7399af4ae60da,1
436,777d2e438a1b645f3aec9bd57e92672c,1
436,7c1bd920dbdf22470b68bde975dd3ccf,1
436,7ce94ab189134e2d3c05f496d635419c,2
436,81288df52439985f610be64465e53f57,1
436,82e4ad16521ca131d95e198d507db370,1
436,8317b177579dd27ff068b83205e2169b,1
436,88dd63919fc9ab693803578a04a20209,1
436,8b50a72d52d7a91fb19d19fbe069e2f2,1
436,8ed094bfe076c568f6bb10feada3f75d,1
436,91846781ef75057e134949400768e272,1
436,99a4788cb24856965c36a24e339b6058,1
436,9ad75bd7267e5c724cb42c71ac56ca72,1
436,a62e25e09e05e6faf31d90c6ec1aa3d1,1
436,aa280035c50ba62c746480a59045eec4,1
436,ac44def10e24998cdee20a208d691127,1
436,aca2eb7d00ea1a7b8ebd4e68314663af,3
436,b532349fe46b38fbc7bb3914c1bdae07,2
436,bb50f2e236e5eea0100680137654686c,2
436,c211ff3068fcd2f8898192976d8b3a32,1
436,ce6f74096c84567f22728c84f3d6e7fc,1
436,d017a2151d543a9885604dc62a3d9dcc,1
436,d1c427060a0f73f6b889a5c7c61f2ac4,2
436,d63c1011f49d98b976c352955b1c4bea,1
436,dd0dcee76f9c12fff4bc0eb641d57c7f,1
436,ddceb6eef6af67e9fbbd4c148dbe5fd9,1
436,e0d64dcfaa3b6db5c54ca298ae101d05,2
436,e5eadf9be70a4a9fa514019542fc330a,2
436,ee406bf28024d97771c4b1e8b7e8e219,1
437,0152f69b6cf919bcdaf117aa8c43e5a2,1
437,036734b5a58d5d4f46b0616ddc047ced,1
437,0cf41187284d7f099adc8415a743ebbd,1
437,0d85c435fd60b277ffb9e9b0f88f927a,2
437,165f86fe8b799a708a20ee4ba125c289,1
437,1ec486885049bbb9b79351d150ed18c4,1
437,2028bf1b01cafb2d2b1901fca4083222,1
437,25f86162fee18735fffdb762dcb10d7c,1
437,32e18e89237933ebdaaebd78a27e7fa1,1
437,362b773250263786dd58670d2df42c3b,1
437,368c6c730842d78016ad823897a372db,1
437,389d119b48cf3043d311335e499d9c6b,1
437,3b0f7951038b105522c2d566b54421f7,2
437,3dd2a17168ec895c781a9191c1e95ad7,5
437,422879e10f46682990de24d770e7f83d,1
437,43423cdffde7fda63d0414ed38c11a73,2
437,437c05a395e9e47f9762e677a7068ce7,7
437,54d9ac713e253fa1fae9c8003b011c2a,2
437,5526b1ae9ab2688cf600783cece249df,1
437,5a848e4ab52fd5445cdc07aab1c40e48,3
437,5dee2c14e1989141e15d341d4c62d72a,1
437,629e019a6f298a83aeecc7877964f935,1
437,64fb265487de2238627ce43fe8a67efc,2
437,656e0eca68dcecf6a31b8ececfabe3e8,1
437,6cc44821f36f3156c782da72dd634e47,2
437,6cdd53843498f92890544667809f1595,1
437,6f3b5b605d91b7439c5e3f5a8dffeea7,1
437,704ef63ad0ac345842ea734060a83db2,1
437,76d1a1a9d21ab677a61c3ae34b1b352f,1
437,7a10781637204d8d10485c71a6108a2e,1
437,7fab1a1472fdd934397068931f63f3ca,1
437,87a71ae93900ab55fcf685c8040769b3,1
437,880be32f4db1d9f6e2bec38fb6ac23ab,1
437,97017430754804328eb9597b7f85da03,1
437,a02d0123079f4ae96001ba2010d1a2df,2
437,a62e25e09e05e6faf31d90c6ec1aa3d1,1
437,a9516a079e37a9c9c36b9b78b10169e8,2
437,abc3432ff825d8e524db1d4eac6d2099,1
437,aca2eb7d00ea1a7b8ebd4e68314663af,2
437,b0961721fd839e9982420e807758a2a6,1
437,b114bf337c0626166abe574eee9e3f32,2
437,b532349fe46b38fbc7bb3914c1bdae07,3
437,bee2e070c39f3dd2f6883a17a5f0da45,3
437,c075b8e131353552218860f1c421e4ef,1
437,c1f5307decb89342351bec53668cffd9,1
437,c9c6fde711572c1ad99ca12728c6af00,1
437,cb81df0e3ccece253557f2a07df4727e,1
437,ce6f74096c84567f22728c84f3d6e7fc,1
437,cec09725da5ed01471d9a505e7389d37,1
437,d7d5562fce331ad958ca6f57057b3526,1
437,dbb67791e405873b259e4656bf971246,2
437,e0d64dcfaa3b6db5c54ca298ae101d05,1
437,e5ae72c62ebfa708624f5029d609b160,1
437,ec2d43cc59763ec91694573b31f1c29a,1
437,ed2067a9c1f79553088a3c67b99a9f97,1
437,ee0c1cf2fbeae95205b4aa506f1469f0,1
437,ee406bf28024d97771c4b1e8b7e8e219,1
437,fe75529a267b76ac6e96f0c322a899a4,1
438,086351823300e0339f6955b27998c186,4
438,0d85c435fd60b277ffb9e9b0f88f927a,5
438,1a758361b1c10b3ffe3d3373332de319,1
438,1bfb290d7273a442c874dbe74b4abae6,2
438,2028bf1b01cafb2d2b1901fca4083222,1
438,25c38557cf793876c5abdd5931f922db,1
438,3354a4e684f5e7199f9407db70ccd92b,1
438,389d119b48cf3043d311335e499d9c6b,1
438,3b0f7951038b105522c2d566b54421f7,1
438,3f14d740544f37ece8a9e7bc8349797e,2
438,3fbc0ef745950c7932d5f2a446189725,2
438,42a2c92a0979a949ca4ea89ec5c7b934,1
438,437c05a395e9e47f9762e677a7068ce7,1
438,4b703444923b5e57bb73ba343f5ebab7,1
438,53b36df67ebb7c41585e8d54d6772e08,1
438,553e0e7590d3116a072507a3635d2877,1
438,569ffd16f8032478cbeb9800f2e94ba0,1
438,57f2bc497c1a3ebe41ba7a06d78ed159,1
438,583f158587cdecda3e8bdea694021e39,1
438,5a848e4ab52fd5445cdc07aab1c40e48,1
438,656e0eca68dcecf6a31b8ececfabe3e8,1
438,6cc44821f36f3156c782da72dd634e47,2
438,6cdd53843498f92890544667809f1595,1
438,704ef63ad0ac345842ea734060a83db2,1
438,75d6b6963340c6063f7f4cfcccfe6a30,2
438,7ce94ab189134e2d3c05f496d635419c,1
438,7f064525eaaa1ce9d22c085f7ff5413a,1
438,81288df52439985f610be64465e53f57,1
438,89321f94e35fc6d7903d36f74e351d40,1
438,8983a3b149303c013fceabef902e835a,1
438,8b50a72d52d7a91fb19d19fbe069e2f2,1
438,8c5876b1c7768217964f353bc7e64393,1
438,962a6951154f98f2c8e9a5b8b2bcf4a9,2
438,97017430754804328eb9597b7f85da03,1
438,9f1c3e71d56894398a42b050b07f1baa,4
438,a4aa7c1427c31344e5f7cc3d839fe562,1
438,a50acd33ba7a8da8e9db65094fa990a4,1
438,a8075470f960215ffb67624782f80fec,1
438,a9516a079e37a9c9c36b9b78b10169e8,1
438,aca2eb7d00ea1a7b8ebd4e68314663af,2
438,bee2e070c39f3dd2f6883a17a5f0da45,1
438,c9c6fde711572c1ad99ca12728c6af00,1
438,cac9e5692471a0700418aa3400b9b2b1,2
438,cadb69af336c16aba5c5223599821245,1
438,d04bbac48960ecb7ea311b00ca6e1cb7,1
438,d1c427060a0f73f6b889a5c7c61f2ac4,3
438,dbb67791e405873b259e4656bf971246,5
438,ddceb6eef6af67e9fbbd4c148dbe5fd9,1
438,dfb97c88e066dc22165f31648efe1312,1
438,e0d64dcfaa3b6db5c54ca298ae101d05,1
438,ee0c1cf2fbeae95205b4aa506f1469f0,1
438,ee57070aa3b24a06fdd0e02efd2d757d,1
438,f1fe595ee7ef768b41bd9b246d13432d,1
438,f4f67ccaece962d013a4e1d7dc3a61f7,1
438,ff29d8cb1cd0cd5ea37b80dac9939e1c,1
439,06edb72f1e0c64b14c5b79353f7abea3,1
439,19421075ae0b585f2dc13ff149e2119d,1
439,25c38557cf793876c5abdd5931f922db,2
439,288dbc06591742c5d7fe90fbfb08943e,1
439,2ffdf10e724b958c0f7ea69e97d32f64,2
439,363218ba55c610b750224f90bdd34be1,2
439,3b0f7951038b105522c2d566b54421f7,3
439,422879e10f46682990de24d770e7f83d,1
439,42ec84ace63b58b8c5a7ba7be01d5fb8,1
439,44fded21627553d1886d459384bbce06,1
439,461f43be3bdf8844e65b62d9ac2c7a5a,1
439,52c80cedd4e90108bf4fa6a206ef6b03,1
439,53759a2ecddad2bb87a079a1f1519f73,1
439,53b36df67ebb7c41585e8d54d6772e08,3
439,553e0e7590d3116a072507a3635d2877,1
439,593236d0ff46b4299b4787fb8d43f7f0,1
439,656e0eca68dcecf6a31b8ececfabe3e8,2
439,6adab229374835b551f6402e0dc53267,1
439,72d3bf1d3a790f8874096fcf860e3eff,1
439,76d1a1a9d21ab677a61c3ae34b1b352f,1
439,7a10781637204d8d10485c71a6108a2e,2
439,7f72a8900b3d2fc8fa2635b7836d6e6e,1
439,8562e2c780a345b609e1b802d7e3e4ae,1
439,88dd63919fc9ab693803578a04a20209,1
439,8983a3b149303c013fceabef902e835a,1
439,914c9e9af640dd56f48764a225b00f89,1
439,99a4788cb24856965c36a24e339b6058,1
439,aca2eb7d00ea1a7b8ebd4e68314663af,4
439,afeeea6271148ee1bb15173b8187c431,1
439,bce474cc95b6e77657e10939b0b4248c,1
439,d04e48982547095af81c231c3d581cb6,1
439,d1c427060a0f73f6b889a5c7c61f2ac4,2
439,d2085f7e0f9533605386960fc7e987ec,5
439,d63c1011f49d98b976c352955b1c4bea,1
439,dbb67791e405873b259e4656bf971246,2
439,e0cf79767c5b016251fe139915c59a26,1
439,e0d64dcfaa3b6db5c54ca298ae101d05,1
439,e85d91619b497e98754390b6198a9818,1
439,eb8c629f70275fd1c4f809116cce1efc,2
439,ec2d43cc59763ec91694573b31f1c29a,1
439,ecbe1ef7e2903ff8b1d704ba78fa264d,3
439,f6fa93875f4a7dac03e0a22143f4d815,1
440,0d85c435fd60b277ffb9e9b0f88f927a,1
440,0e2d365a247d105fefc31b17ab8706d9,1
440,177d3d5bb9d4d29222a222e3b3554f41,1
440,186fe07c8b8005ec6a498587ffbc1352,1
440,1ec486885049bbb9b79351d150ed18c4,1
440,23bcd6822a33df5534f9b290216eec1f,1
440,25c38557cf793876c5abdd5931f922db,2
440,389d119b48cf3043d311335e499d9c6b,3
440,3cb39171fd36c50097f2dedbbe0dfe6e,1
440,3e5201fe0d1ba474d9b90152c83c706c,1
440,3f14d740544f37ece8a9e7bc8349797e,2
440,422879e10f46682990de24d770e7f83d,2
440,43423cdffde7fda63d0414ed38c11a73,2
440,437c05a395e9e47f9762e677a7068ce7,1
440,474bb6b54fc608ca71059a6c4f7ecda3,1
440,4fe644d766c7566dbc46fb851363cb3b,1
440,51ce083cd2b9078656a94655ab45b8a4,1
440,5328338cfaa16ba10561cd970c73ca11,1
440,54d9ac713e253fa1fae9c8003b011c2a,1
440,55b71bf300a2765a382eaec566df531f,1
440,583f158587cdecda3e8bdea694021e39,1
440,595fac2a385ac33a80bd5114aec74eb8,1
440,5a848e4ab52fd5445cdc07aab1c40e48,1
440,5d66715cc928aadd0074f61332698593,1
440,5dee2c14e1989141e15d341d4c62d72a,2
440,634256dbcd184b3757ffd7632c9fe52a,1
440,6adab229374835b551f6402e0dc53267,1
440,6cc44821f36f3156c782da72dd634e47,1
440,6cdd53843498f92890544667809f1595,1
440,704ef63ad0ac345842ea734060a83db2,1
440,7340a3839a1de1e99d149b8cf052a2ec,2
440,76d1a1a9d21ab677a61c3ae34b1b352f,2
440,78efe838c04bbc568be034082200ac20,2
440,7ce94ab189134e2d3c05f496d635419c,1
440,880be32f4db1d9f6e2bec38fb6ac23ab,1
440,962a6951154f98f2c8e9a5b8b2bcf4a9,2
440,99f265229d46f700208ad7cb1ff48aae,2
440,9f1c3e71d56894398a42b050b07f1baa,3
440,ab1f9387c0627dd24000bfbc54fdeee0,1
440,aca2eb7d00ea1a7b8ebd4e68314663af,2
440,ba74c6b75d2ad7503175809688d5a03c,1
440,bee2e070c39f3dd2f6883a17a5f0da45,1
440,c20a3f598c16d77249da67e81caa8317,1
440,c3ba4e8d3cb30049213b682e751e9d00,1
440,ca5c923962558430573f83661dbe36d6,1
440,cac9e5692471a0700418aa3400b9b2b1,2
440,cadb69af336c16aba5c5223599821245,1
440,d04bbac48960ecb7ea311b00ca6e1cb7,1
440,d04e48982547095af81c231c3d581cb6,1
440,e03102efbc2229024c89be731f0aedcb,1
440,e1da6ab77f4859eb17950e5df1c0f815,8
440,e85d91619b497e98754390b6198a9818,1
440,ec2d43cc59763ec91694573b31f1c29a,1
440,ecbe1ef7e2903ff8b1d704ba78fa264d,1
440,f40876e0ef3cd5f9132b1f16b04b1346,1
440,f6fa93875f4a7dac03e0a22143f4d815,1
440,f731f8587d4088c174397e010cf892a9,1
440,f7f59e6186e10983a061ac7bdb3494d6,1
441,06edb72f1e0c64b14c5b79353f7abea3,1
441,08a58dc963320d6073623382b9ceb920,1
441,0bbdc963004d9b2fd3427ee3c5ae3608,3
441,0d85c435fd60b277ffb9e9b0f88f927a,1
441,167b4b8c4bd0c401bea62f5e050d70a4,2
441,19c91ef95d509ea33eda93495c4d3481,1
441,2083a6feb4bbb31f6abc92fc24e468c0,5
441,25c38557cf793876c5abdd5931f922db,1
441,2b4609f8948be18874494203496bc318,1
441,389d119b48cf3043d311335e499d9c6b,2
441,3b0f7951038b105522c2d566b54421f7,1
441,3dd2a17168ec895c781a9191c1e95ad7,4
441,3f14d740544f37ece8a9e7bc8349797e,2
441,3fbc0ef745950c7932d5f2a446189725,2
441,4178e16324fd0c9a8e18463caf390cc6,1
441,422879e10f46682990de24d770e7f83d,2
441,43423cdffde7fda63d0414ed38c11a73,1
441,437c05a395e9e47f9762e677a7068ce7,1
441,44fded21627553d1886d459384bbce06,1
441,4b96786612ebe7463132fce2c4dca136,2
441,4ce9ab528124f89e091b17d11aa2e97c,3
441,5328338cfaa16ba10561cd970c73ca11,1
441,53759a2ecddad2bb87a079a1f1519f73,3
441,53b36df67ebb7c41585e8d54d6772e08,1
441,54d9ac713e253fa1fae9c8003b011c2a,2
441,5526b1ae9ab2688cf600783cece249df,2
441,553e0e7590d3116a072507a3635d2877,1
441,55782cb82e0efe052da0a3da237da3b2,1
441,566a4f2c4385f36d15c00dfcaae132d1,1
441,569ffd16f8032478cbeb9800f2e94ba0,2
441,593236d0ff46b4299b4787fb8d43f7f0,1
441,5dee2c14e1989141e15d341d4c62d72a,2
441,64fb265487de2238627ce43fe8a67efc,2
441,67bd616e1ba0d3d3e8545f3113b0140d,6
441,6c3effec7c8ddba466d4f03f982c7aa3,1
441,6cc44821f36f3156c782da72dd634e47,1
441,72d3bf1d3a790f8874096fcf860e3eff,1
441,7c1bd920dbdf22470b68bde975dd3ccf,2
441,7ce94ab189134e2d3c05f496d635419c,1
441,880be32f4db1d9f6e2bec38fb6ac23ab,1
441,89321f94e35fc6d7903d36f74e351d40,1
441,91846781ef75057e134949400768e272,1
441,93c902b021a9e594f658ab1b0351602a,3
441,97017430754804328eb9597b7f85da03,1
441,9d8a0e115e802d845b4ce1eb794d1260,3
441,a59fb60fddcc72a9878b7ed5cb69d8e4,1
441,a8075470f960215ffb67624782f80fec,2
441,aca2eb7d00ea1a7b8ebd4e68314663af,5
441,bee2e070c39f3dd2f6883a17a5f0da45,1
441,c6336fa91fbd87c359e44f5dca5a90ed,1
441,cac9e5692471a0700418aa3400b9b2b1,3
441,cd48f265a63e13b762601f5f794c5fca,1
441,d04857e7b4b708ee8b8b9921163edba3,1
441,d04bbac48960ecb7ea311b00ca6e1cb7,1
441,d1c427060a0f73f6b889a5c7c61f2ac4,2
441,dbb67791e405873b259e4656bf971246,3
441,dfb97c88e066dc22165f31648efe1312,1
441,e03102efbc2229024c89be731f0aedcb,2
441,e0cf79767c5b016251fe139915c59a26,1
441,e0d64dcfaa3b6db5c54ca298ae101d05,3
441,e53e557d5a159f5aa2c5e995dfdf244b,1
441,ecbe1ef7e2903ff8b1d704ba78fa264d,2
441,ee406bf28024d97771c4b1e8b7e8e219,1
441,f6fa93875f4a7dac03e0a22143f4d815,2
441,f7a17d2c51d9df89a4f1711c4ac17f33,1
441,f8b624d4e475bb8d1bddf1b65c6a64f6,1
441,fbc1488c1a1e72ba175f53ab29a248e8,1
442,044f05bc9de36e8a693a83e4bc79dd0d,1
442,05a9dadb8402b6b7ae3dd28f7da187b5,2
442,06edb72f1e0c64b14c5b79353f7abea3,3
442,0705b33fb285827a578fce4899f1b921,1
442,0d85c435fd60b277ffb9e9b0f88f927a,3
442,13db47eae724e2848e12b71a617a3a41,2
442,186fe07c8b8005ec6a498587ffbc1352,1
442,19421075ae0b585f2dc13ff149e2119d,1
442,19c91ef95d509ea33eda93495c4d3481,1
442,1a080577618e7fe4d9ddd8fb2b47a964,1
442,2028bf1b01cafb2d2b1901fca4083222,1
442,25c38557cf793876c5abdd5931f922db,2
442,25e2023ed83352bde98dc1490d14c3d8,1
442,2a5806f10d0f00e5ad032dd2e3c8806e,1
442,30ac6df06dc59ad72cf2f158fc2d904c,1
442,3354a4e684f5e7199f9407db70ccd92b,1
442,363218ba55c610b750224f90bdd34be1,2
442,3dd2a17168ec895c781a9191c1e95ad7,1
442,3f14d740544f37ece8a9e7bc8349797e,2
442,3fbc0ef745950c7932d5f2a446189725,2
442,4413a608a42bd21bbf9d5abbd58c249a,1
442,4c2394abfbac7ff59ec7a420918562fa,1
442,50fd2b788dc166edd20512370dac54df,1
442,52c80cedd4e90108bf4fa6a206ef6b03,2
442,5328338cfaa16ba10561cd970c73ca11,1
442,53759a2ecddad2bb87a079a1f1519f73,1
442,53b36df67ebb7c41585e8d54d6772e08,1
442,55b71bf300a2765a382eaec566df531f,1
442,5a848e4ab52fd5445cdc07aab1c40e48,1
442,629e019a6f298a83aeecc7877964f935,1
442,6803077179d24889430188e03fafd31a,1
442,6a2909ac21d16b721e4795e7e8ff3e68,1
442,6cdd53843498f92890544667809f1595,1
442,7f064525eaaa1ce9d22c085f7ff5413a,1
442,8c292ca193d326152e335d77176746f0,1
442,921d31a1daa51460b7a95ea5f3ab64d5,1
442,93c902b021a9e594f658ab1b0351602a,1
442,9ecadb84c81da840dbf3564378b586e9,2
442,a02d0123079f4ae96001ba2010d1a2df,1
442,a0b7d5a992ccda646f2d34e418fff5a0,1
442,a50acd33ba7a8da8e9db65094fa990a4,1
442,a59fb60fddcc72a9878b7ed5cb69d8e4,1
442,a9516a079e37a9c9c36b9b78b10169e8,1
442,aca2eb7d00ea1a7b8ebd4e68314663af,2
442,afeeea6271148ee1bb15173b8187c431,1
442,b532349fe46b38fbc7bb3914c1bdae07,2
442,bb42f37fc3d9130e4a4339d24a47dd7c,2
442,c20a3f598c16d77249da67e81caa8317,1
442,cac9e5692471a0700418aa3400b9b2b1,2
442,cd48f265a63e13b762601f5f794c5fca,1
442,d1c427060a0f73f6b889a5c7c61f2ac4,4
442,d2085f7e0f9533605386960fc7e987ec,2
442,d63c1011f49d98b976c352955b1c4bea,1
442,d6fe3b4ddecd4a8393c6a1385de3bfb6,4
442,dab2413ead0edda9967edbc9bda2a64e,1
442,dbb67791e405873b259e4656bf971246,5
442,e03102efbc2229024c89be731f0aedcb,1
442,e0d64dcfaa3b6db5c54ca298ae101d05,1
442,e94df75b2e9a8b056be0c144a731f55c,1
442,eb8c629f70275fd1c4f809116cce1efc,2
442,ec2d43cc59763ec91694573b31f1c29a,1
442,ed2067a9c1f79553088a3c67b99a9f97,1
442,f1fe595ee7ef768b41bd9b246d13432d,1
443,05a9dadb8402b6b7ae3dd28f7da187b5,1
443,06edb72f1e0c64b14c5b79353f7abea3,2
443,0705b33fb285827a578fce4899f1b921,1
443,08a58dc963320d6073623382b9ceb920,2
443,0d85c435fd60b277ffb9e9b0f88f927a,1
443,165f86fe8b799a708a20ee4ba125c289,1
443,167b4b8c4bd0c401bea62f5e050d70a4,3
443,19c91ef95d509ea33eda93495c4d3481,1
443,2028bf1b01cafb2d2b1901fca4083222,1
443,25c38557cf793876c5abdd5931f922db,1
443,2948658cb6abc82847412be7201bfc4c,1
443,2a5806f10d0f00e5ad032dd2e3c8806e,2
443,3354a4e684f5e7199f9407db70ccd92b,1
443,389d119b48cf3043d311335e499d9c6b,1
443,3dd2a17168ec895c781a9191c1e95ad7,2
443,3f14d740544f37ece8a9e7bc8349797e,2
443,3fbc0ef745950c7932d5f2a446189725,2
443,422879e10f46682990de24d770e7f83d,5
443,461f43be3bdf8844e65b62d9ac2c7a5a,2
443,52c80cedd4e90108bf4fa6a206ef6b03,1
443,53b36df67ebb7c41585e8d54d6772e08,2
443,54d9ac713e253fa1fae9c8003b011c2a,1
443,5526b1ae9ab2688cf600783cece249df,1
443,583f158587cdecda3e8bdea694021e39,2
443,593236d0ff46b4299b4787fb8d43f7f0,1
443,595fac2a385ac33a80bd5114aec74eb8,1
443,5a848e4ab52fd5445cdc07aab1c40e48,2
443,5d6bea33648f018dbb563f3a2fab09f3,1
443,5dee2c14e1989141e15d341d4c62d72a,1
443,629e019a6f298a83aeecc7877964f935,1
443,6a2909ac21d16b721e4795e7e8ff3e68,1
443,719d571299707561c34ba04ab867b32a,1
443,73bcea88583002fe12b7399af4ae60da,1
443,7814c273ab16783d73a9863ebfa8b141,1
443,7a10781637204d8d10485c71a6108a2e,1
443,87a71ae93900ab55fcf685c8040769b3,2
443,89321f94e35fc6d7903d36f74e351d40,1
443,8c292ca193d326152e335d77176746f0,1
443,914c9e9af640dd56f48764a225b00f89,1
443,91846781ef75057e134949400768e272,1
443,99a4788cb24856965c36a24e339b6058,1
443,9ad75bd7267e5c724cb42c71ac56ca72,1
443,9ecadb84c81da840dbf3564378b586e9,3
443,a12c9204f6f9e90ad1d8ba5571fbfed2,1
443,a4aa7c1427c31344e5f7cc3d839fe562,1
443,a50acd33ba7a8da8e9db65094fa990a4,1
443,b114bf337c0626166abe574eee9e3f32,1
443,b38b25d838ae0b8385e8cc68b9017644,1
443,bb50f2e236e5eea0100680137654686c,2
443,bee2e070c39f3dd2f6883a17a5f0da45,1
443,c6336fa91fbd87c359e44f5dca5a90ed,1
443,cac9e5692471a0700418aa3400b9b2b1,1
443,cb81df0e3ccece253557f2a07df4727e,1
443,cc5447118c174dcc6456c84ccb29e6f7,2
443,cd48f265a63e13b762601f5f794c5fca,2
443,d04857e7b4b708ee8b8b9921163edba3,1
443,d04bbac48960ecb7ea311b00ca6e1cb7,1
443,dbb67791e405873b259e4656bf971246,1
443,e9def91e99c8ecb7c5cef5e31506a056,1
443,ed2067a9c1f79553088a3c67b99a9f97,1
443,f819f0c84a64f02d3a5606ca95edd272,1
443,fb55982be901439613a95940feefd9ee,1
444,11fd9d7ba552e1d28872e008acf1e050,1
444,13db47eae724e2848e12b71a617a3a41,2
444,186fe07c8b8005ec6a498587ffbc1352,1
444,19c91ef95d509ea33eda93495c4d3481,1
444,1a758361b1c10b3ffe3d3373332de319,1
444,25c38557cf793876c5abdd5931f922db,1
444,25e2023ed83352bde98dc1490d14c3d8,1
444,2b4609f8948be18874494203496bc318,2
444,32e18e89237933ebdaaebd78a27e7fa1,4
444,35afc973633aaeb6b877ff57b2793310,2
444,363218ba55c610b750224f90bdd34be1,2
444,368c6c730842d78016ad823897a372db,1
444,389d119b48cf3043d311335e499d9c6b,2
444,3b60d513e90300a4e9833e5cda1f1d61,1
444,3dd2a17168ec895c781a9191c1e95ad7,2
444,3f14d740544f37ece8a9e7bc8349797e,1
444,3fbc0ef745950c7932d5f2a446189725,1
444,422879e10f46682990de24d770e7f83d,1
444,4298b7e67dc399c200662b569563a2b2,1
444,43423cdffde7fda63d0414ed38c11a73,1
444,437c05a395e9e47f9762e677a7068ce7,1
444,474bb6b54fc608ca71059a6c4f7ecda3,1
444,4cd6ba4ea3112de8fc238307c4dc6307,3
444,4ce9ab528124f89e091b17d11aa2e97c,1
444,4fcb3d9a5f4871e8362dfedbdb02b064,1
444,53b36df67ebb7c41585e8d54d6772e08,3
444,53ea9da485f6aed8a6f03a85831fe021,1
444,57d79905de06d8897872c551bfd09358,1
444,5a848e4ab52fd5445cdc07aab1c40e48,1
444,5d66715cc928aadd0074f61332698593,1
444,634256dbcd184b3757ffd7632c9fe52a,3
444,68bf2e76db1d8e846042e54da87399ca,1
444,6a2909ac21d16b721e4795e7e8ff3e68,2
444,6cc44821f36f3156c782da72dd634e47,1
444,827c4a77226a3e7ef259d61eaa775df9,1
444,87a71ae93900ab55fcf685c8040769b3,1
444,8c292ca193d326152e335d77176746f0,1
444,93a12c289ca2b78e7069e469f5053ef2,2
444,94475071013412139f862c0bd7e3bb37,1
444,99a4788cb24856965c36a24e339b6058,1
444,9ecadb84c81da840dbf3564378b586e9,2
444,a19b6951c75da43aad691622dd2f6abe,3
444,ba74c6b75d2ad7503175809688d5a03c,1
444,c1f5307decb89342351bec53668cffd9,1
444,c20a3f598c16d77249da67e81caa8317,1
444,cac9e5692471a0700418aa3400b9b2b1,1
444,cc5447118c174dcc6456c84ccb29e6f7,1
444,ccadfeab525a9eb1569983b66e5075c4,1
444,d04e48982547095af81c231c3d581cb6,1
444,d1c427060a0f73f6b889a5c7c61f2ac4,1
444,d285360f29ac7fd97640bf0baef03de0,1
444,d63c1011f49d98b976c352955b1c4bea,1
444,db5efde3ad0cc579b130d71c4b2db522,1
444,e0cf79767c5b016251fe139915c59a26,1
444,e44f675b60b3a3a2453ec36421e06f0f,1
444,f1fe595ee7ef768b41bd9b246d13432d,1
444,fe077ec80df6b4ee60bb4498d5ab1962,1
445,0d85c435fd60b277ffb9e9b0f88f927a,1
445,13db47eae724e2848e12b71a617a3a41,1
445,186fe07c8b8005ec6a498587ffbc1352,1
445,1a758361b1c10b3ffe3d3373332de319,1
445,2136c70bbe723d338fab53da3c03e6dc,1
445,2a5806f10d0f00e5ad032dd2e3c8806e,1
445,2b4609f8948be18874494203496bc318,1
445,3dd2a17168ec895c781a9191c1e95ad7,1
445,3fbc0ef745950c7932d5f2a446189725,1
445,4298b7e67dc399c200662b569563a2b2,1
445,42ec84ace63b58b8c5a7ba7be01d5fb8,1
445,461f43be3bdf8844e65b62d9ac2c7a5a,1
445,53b36df67ebb7c41585e8d54d6772e08,1
445,553e0e7590d3116a072507a3635d2877,1
445,57f2bc497c1a3ebe41ba7a06d78ed159,1
445,5a848e4ab52fd5445cdc07aab1c40e48,1
445,634256dbcd184b3757ffd7632c9fe52a,1
445,63de2743d05ab59d85caa49e49459ac1,2
445,679a3e5e1d2bb68982be5734c6e55e63,1
445,6f3b5b605d91b7439c5e3f5a8dffeea7,1
445,75c06ee06b201f9b6301d2b5e72993f8,1
445,817e1c2d22418c36386406ccacfa53e8,1
445,87283a98b24f9f1ac3a31b631073cf47,1
445,880be32f4db1d9f6e2bec38fb6ac23ab,1
445,8aa6223e400af9c97b07c75993142721,1
445,8c292ca193d326152e335d77176746f0,1
445,8c5876b1c7768217964f353bc7e64393,1
445,a237de12bdf0bfe4fe220bae65a89731,1
445,a42d9c825894f96fc6ed02610891454d,1
445,aba86c093ccdbac75b09111d57e50004,1
445,aca2eb7d00ea1a7b8ebd4e68314663af,2
445,b8b426747049f2d3d6e00b486d47dedb,1
445,c2ece64199af7a53793ed9612a89a8cd,1
445,d6fe3b4ddecd4a8393c6a1385de3bfb6,1
445,dab2413ead0edda9967edbc9bda2a64e,1
445,ec2d43cc59763ec91694573b31f1c29a,1
445,ee0c1cf2fbeae95205b4aa506f1469f0,1
445,ff29d8cb1cd0cd5ea37b80dac9939e1c,1
446,086351823300e0339f6955b27998c186,1
446,0d85c435fd60b277ffb9e9b0f88f927a,2
446,13db47eae724e2848e12b71a617a3a41,1
446,2083a6feb4bbb31f6abc92fc24e468c0,1
446,29427de7f8a9ee983d9dbc51cec569b4,1
446,30ac6df06dc59ad72cf2f158fc2d904c,2
446,3354a4e684f5e7199f9407db70ccd92b,1
446,368c6c730842d78016ad823897a372db,1
446,389d119b48cf3043d311335e499d9c6b,1
446,3b0f7951038b105522c2d566b54421f7,2
446,3dd2a17168ec895c781a9191c1e95ad7,1
446,3f14d740544f37ece8a9e7bc8349797e,1
446,4298b7e67dc399c200662b569563a2b2,1
446,42ec84ace63b58b8c5a7ba7be01d5fb8,1
446,461f43be3bdf8844e65b62d9ac2c7a5a,1
446,4b703444923b5e57bb73ba343f5ebab7,1
446,583f158587cdecda3e8bdea694021e39,1
446,5a848e4ab52fd5445cdc07aab1c40e48,1
446,5f504b3a1c75b73d6151be81eb05bdc9,1
446,629e019a6f298a83aeecc7877964f935,1
446,64fb265487de2238627ce43fe8a67efc,2
446,68a058d125ba1544e726898f0b8c0523,1
446,6f3b5b605d91b7439c5e3f5a8dffeea7,1
446,78efe838c04bbc568be034082200ac20,1
446,7c1bd920dbdf22470b68bde975dd3ccf,1
446,7fab1a1472fdd934397068931f63f3ca,1
446,93a12c289ca2b78e7069e469f5053ef2,1
446,93c902b021a9e594f658ab1b0351602a,1
446,97017430754804328eb9597b7f85da03,2
446,a62e25e09e05e6faf31d90c6ec1aa3d1,1
446,aba86c093ccdbac75b09111d57e50004,1
446,abc3432ff825d8e524db1d4eac6d2099,2
446,aca2eb7d00ea1a7b8ebd4e68314663af,1
446,b60856ce32d90658dbf99b9485327c25,1
446,bb50f2e236e5eea0100680137654686c,1
446,bee2e070c39f3dd2f6883a17a5f0da45,3
446,cac9e5692471a0700418aa3400b9b2b1,1
446,cd48f265a63e13b762601f5f794c5fca,1
446,d04bbac48960ecb7ea311b00ca6e1cb7,1
446,d04e48982547095af81c231c3d581cb6,1
446,e1da6ab77f4859eb17950e5df1c0f815,1
446,ee406bf28024d97771c4b1e8b7e8e219,2
446,f819f0c84a64f02d3a5606ca95edd272,2
446,fc1d8637c0268af3db482c14b7ef8e75,1
447,017692475c1c954ff597feda05131d73,1
447,05a9dadb8402b6b7ae3dd28f7da187b5,1
447,0705b33fb285827a578fce4899f1b921,2
447,086351823300e0339f6955b27998c186,4
447,0bcc3eeca39e1064258aa1e932269894,1
447,16ed6a6e3fce23b741650437fe58d65b,2
447,1a080577618e7fe4d9ddd8fb2b47a964,2
447,25c38557cf793876c5abdd5931f922db,1
447,2b4609f8948be18874494203496bc318,1
447,36f60d45225e60c7da4558b070ce4b60,1
447,3e5201fe0d1ba474d9b90152c83c706c,1
447,3f14d740544f37ece8a9e7bc8349797e,2
447,4298b7e67dc399c200662b569563a2b2,1
447,461f43be3bdf8844e65b62d9ac2c7a5a,1
447,4fcb3d9a5f4871e8362dfedbdb02b064,1
447,51ce083cd2b9078656a94655ab45b8a4,1
447,52c80cedd4e90108bf4fa6a206ef6b03,1
447,53759a2ecddad2bb87a079a1f1519f73,5
447,57e089e3103f5cda6a4ce23b77399bdb,1
447,5a848e4ab52fd5445cdc07aab1c40e48,1
447,629e019a6f298a83aeecc7877964f935,1
447,65266b2da20d04dbe00c5c2d3bb7859e,1
447,6f3b5b605d91b7439c5e3f5a8dffeea7,1
447,73bcea88583002fe12b7399af4ae60da,1
447,7fab1a1472fdd934397068931f63f3ca,1
447,87a71ae93900ab55fcf685c8040769b3,2
447,87d780fa7d2cf3710aa02dc4ca8db985,1
447,89321f94e35fc6d7903d36f74e351d40,1
447,8983a3b149303c013fceabef902e835a,1
447,8a443635fdf9759915c9be5be2e3b862,1
447,8c591ab0ca519558779df02023177f44,1
447,9545d45c37449ccbc376de3a04c66e71,2
447,a4aa7c1427c31344e5f7cc3d839fe562,1
447,abc3432ff825d8e524db1d4eac6d2099,1
447,ac44def10e24998cdee20a208d691127,1
447,aca2eb7d00ea1a7b8ebd4e68314663af,3
447,bb50f2e236e5eea0100680137654686c,1
447,ca5c923962558430573f83661dbe36d6,1
447,cb81df0e3ccece253557f2a07df4727e,1
447,cd48f265a63e13b762601f5f794c5fca,1
447,d1c427060a0f73f6b889a5c7c61f2ac4,2
447,d63c1011f49d98b976c352955b1c4bea,1
447,dab2413ead0edda9967edbc9bda2a64e,1
447,db5efde3ad0cc579b130d71c4b2db522,1
447,e0cf79767c5b016251fe139915c59a26,3
447,ee406bf28024d97771c4b1e8b7e8e219,1
447,fe9dfbe7f974621789683b7b78be2a16,1
448,036734b5a58d5d4f46b0616ddc047ced,1
448,06edb72f1e0c64b14c5b79353f7abea3,1
448,0bbdc963004d9b2fd3427ee3c5ae3608,1
448,0d85c435fd60b277ffb9e9b0f88f927a,1
448,13db47eae724e2848e12b71a617a3a41,1
448,16ed6a6e3fce23b741650437fe58d65b,1
448,177d3d5bb9d4d29222a222e3b3554f41,1
448,25e2023ed83352bde98dc1490d14c3d8,1
448,25f86162fee18735fffdb762dcb10d7c,2
448,2948658cb6abc82847412be7201bfc4c,1
448,2b4609f8948be18874494203496bc318,3
448,35afc973633aaeb6b877ff57b2793310,2
448,363218ba55c610b750224f90bdd34be1,1
448,368c6c730842d78016ad823897a372db,2
448,36f60d45225e60c7da4558b070ce4b60,2
448,389d119b48cf3043d311335e499d9c6b,1
448,3dd2a17168ec895c781a9191c1e95ad7,3
448,3eef0cb94ba82de806bb30ab743c7655,3
448,3f14d740544f37ece8a9e7bc8349797e,1
448,4298b7e67dc399c200662b569563a2b2,1
448,42ec84ace63b58b8c5a7ba7be01d5fb8,1
448,43423cdffde7fda63d0414ed38c11a73,1
448,4413a608a42bd21bbf9d5abbd58c249a,1
448,4914f8796af2ecd359fd8f44b9b92339,1
448,4ce9ab528124f89e091b17d11aa2e97c,1
448,53b36df67ebb7c41585e8d54d6772e08,1
448,55b71bf300a2765a382eaec566df531f,1
448,595fac2a385ac33a80bd5114aec74eb8,1
448,5a848e4ab52fd5445cdc07aab1c40e48,3
448,5d6bea33648f018dbb563f3a2fab09f3,1
448,617186c3d97ea56c9c683a8a3974e8c1,1
448,634256dbcd184b3757ffd7632c9fe52a,2
448,656e0eca68dcecf6a31b8ececfabe3e8,5
448,6803077179d24889430188e03fafd31a,1
448,6cc44821f36f3156c782da72dd634e47,2
448,6f3b5b605d91b7439c5e3f5a8dffeea7,3
448,73bcea88583002fe12b7399af4ae60da,2
448,7814c273ab16783d73a9863ebfa8b141,1
448,781afe929e3016a667f5f439afd55fce,3
448,7c1bd920dbdf22470b68bde975dd3ccf,1
448,7ce94ab189134e2d3c05f496d635419c,2
448,817e1c2d22418c36386406ccacfa53e8,2
448,82e4ad16521ca131d95e198d507db370,1
448,87283a98b24f9f1ac3a31b631073cf47,1
448,87a71ae93900ab55fcf685c8040769b3,1
448,8983a3b149303c013fceabef902e835a,1
448,8aa6223e400af9c97b07c75993142721,1
448,8c5876b1c7768217964f353bc7e64393,2
448,8c591ab0ca519558779df02023177f44,1
448,8ed094bfe076c568f6bb10feada3f75d,3
448,9da950e8c8c482441f1b93955b21c827,1
448,9ecadb84c81da840dbf3564378b586e9,1
448,a4aa7c1427c31344e5f7cc3d839fe562,1
448,a50acd33ba7a8da8e9db65094fa990a4,2
448,a9516a079e37a9c9c36b9b78b10169e8,5
448,aca2eb7d00ea1a7b8ebd4e68314663af,5
448,b532349fe46b38fbc7bb3914c1bdae07,4
448,bb42f37fc3d9130e4a4339d24a47dd7c,1
448,bb50f2e236e5eea0100680137654686c,1
448,bee2e070c39f3dd2f6883a17a5f0da45,2
448,d1c427060a0f73f6b889a5c7c61f2ac4,1
448,dbb67791e405873b259e4656bf971246,1
448,dd0dcee76f9c12fff4bc0eb641d57c7f,1
448,ddceb6eef6af67e9fbbd4c148dbe5fd9,2
448,dfb97c88e066dc22165f31648efe1312,1
448,e0d64dcfaa3b6db5c54ca298ae101d05,2
448,e53e557d5a159f5aa2c5e995dfdf244b,2
448,e5eadf9be70a4a9fa514019542fc330a,1
448,e8316a4667e5870c85e906b1f062bde1,1
448,ecbe1ef7e2903ff8b1d704ba78fa264d,2
448,ee57070aa3b24a06fdd0e02efd2d757d,1
448,fc1d8637c0268af3db482c14b7ef8e75,1
448,fe077ec80df6b4ee60bb4498d5ab1962,1
449,08a58dc963320d6073623382b9ceb920,1
449,0bbdc963004d9b2fd3427ee3c5ae3608,2
449,0cf41187284d7f099adc8415a743ebbd,1
449,0d85c435fd60b277ffb9e9b0f88f927a,1
449,19421075ae0b585f2dc13ff149e2119d,1
449,1a080577618e7fe4d9ddd8fb2b47a964,2
449,25e2023ed83352bde98dc1490d14c3d8,2
449,2b4609f8948be18874494203496bc318,1
449,30ac6df06dc59ad72cf2f158fc2d904c,1
449,3225c54bb2785c33f49f50398fcdb88c,1
449,3354a4e684f5e7199f9407db70ccd92b,1
449,389d119b48cf3043d311335e499d9c6b,1
449,3b0f7951038b105522c2d566b54421f7,1
449,3dd2a17168ec895c781a9191c1e95ad7,6
449,3eef0cb94ba82de806bb30ab743c7655,1
449,3f14d740544f37ece8a9e7bc8349797e,1
449,42ec84ace63b58b8c5a7ba7be01d5fb8,1
449,43423cdffde7fda63d0414ed38c11a73,1
449,44fded21627553d1886d459384bbce06,2
449,473795a355d29305c3ea6b156833adf5,1
449,4fe644d766c7566dbc46fb851363cb3b,1
449,53759a2ecddad2bb87a079a1f1519f73,2
449,5526b1ae9ab2688cf600783cece249df,1
449,55b71bf300a2765a382eaec566df531f,2
449,583f158587cdecda3e8bdea694021e39,2
449,595fac2a385ac33a80bd5114aec74eb8,1
449,5a848e4ab52fd5445cdc07aab1c40e48,2
449,5b3b5f9ae84ca9ead3138b199420cc94,1
449,5bfc7506459ae2a7b4b573fe557a58e1,1
449,5d66715cc928aadd0074f61332698593,1
449,629e019a6f298a83aeecc7877964f935,1
449,634256dbcd184b3757ffd7632c9fe52a,1
449,679a3e5e1d2bb68982be5734c6e55e63,3
449,68bf2e76db1d8e846042e54da87399ca,1
449,6c3effec7c8ddba466d4f03f982c7aa3,1
449,6f3b5b605d91b7439c5e3f5a8dffeea7,3
449,72172e982e8b92155069e4201c92c0bb,1
449,727a46f0b58a9ef165af9f7ebcfebfa9,1
449,76d1a1a9d21ab677a61c3ae34b1b352f,1
449,7b85e3deef35afd6ebed5461ee8f0641,1
449,7c1bd920dbdf22470b68bde975dd3ccf,1
449,7c4a8bec217df1de0df2b5aaf8175b65,1
449,7ce94ab189134e2d3c05f496d635419c,2
449,7f4e034245e45549110139d1de248f83,3
449,7fab1a1472fdd934397068931f63f3ca,2
449,89321f94e35fc6d7903d36f74e351d40,2
449,8aa6223e400af9c97b07c75993142721,1
449,8ed094bfe076c568f6bb10feada3f75d,1
449,93c902b021a9e594f658ab1b0351602a,1
449,962a6951154f98f2c8e9a5b8b2bcf4a9,2
449,a9516a079e37a9c9c36b9b78b10169e8,4
449,aca2eb7d00ea1a7b8ebd4e68314663af,3
449,bb50f2e236e5eea0100680137654686c,2
449,c4baedd846ed09b85f78a781b522f126,1
449,c6dd917a0be2a704582055949915ab32,1
449,c7b3cf9de7be95b3e09e7a63315685eb,1
449,ca5c923962558430573f83661dbe36d6,1
449,cac9e5692471a0700418aa3400b9b2b1,1
449,d017a2151d543a9885604dc62a3d9dcc,1
449,d1c427060a0f73f6b889a5c7c61f2ac4,1
449,db5efde3ad0cc579b130d71c4b2db522,1
449,dbb67791e405873b259e4656bf971246,1
449,e03102efbc2229024c89be731f0aedcb,1
449,e0cf79767c5b016251fe139915c59a26,1
449,e8316a4667e5870c85e906b1f062bde1,1
449,ecbe1ef7e2903ff8b1d704ba78fa264d,1
449,fc1d8637c0268af3db482c14b7ef8e75,1
449,fe077ec80df6b4ee60bb4498d5ab1962,1
450,05a9dadb8402b6b7ae3dd28f7da187b5,2
450,06edb72f1e0c64b14c5b79353f7abea3,3
450,0aabfb375647d9738ad0f7b4ea3653b1,1
450,177d3d5bb9d4d29222a222e3b3554f41,1
450,1a758361b1c10b3ffe3d3373332de319,1
450,288dbc06591742c5d7fe90fbfb08943e,1
450,3225c54bb2785c33f49f50398fcdb88c,1
450,3354a4e684f5e7199f9407db70ccd92b,1
450,368c6c730842d78016ad823897a372db,1
450,36f60d45225e60c7da4558b070ce4b60,1
450,3b0f7951038b105522c2d566b54421f7,1
450,3dd2a17168ec895c781a9191c1e95ad7,2
450,3f14d740544f37ece8a9e7bc8349797e,4
450,422879e10f46682990de24d770e7f83d,3
450,42ec84ace63b58b8c5a7ba7be01d5fb8,1
450,4ce9ab528124f89e091b17d11aa2e97c,1
450,53759a2ecddad2bb87a079a1f1519f73,2
450,53b36df67ebb7c41585e8d54d6772e08,1
450,5526b1ae9ab2688cf600783cece249df,1
450,583f158587cdecda3e8bdea694021e39,2
450,5a848e4ab52fd5445cdc07aab1c40e48,1
450,5d66715cc928aadd0074f61332698593,1
450,617186c3d97ea56c9c683a8a3974e8c1,1
450,64fb265487de2238627ce43fe8a67efc,1
450,69455f41626a745aea9ee9164cb9eafd,1
450,6cdd53843498f92890544667809f1595,3
450,6f3b5b605d91b7439c5e3f5a8dffeea7,1
450,704ef63ad0ac345842ea734060a83db2,1
450,727a46f0b58a9ef165af9f7ebcfebfa9,1
450,7ce94ab189134e2d3c05f496d635419c,1
450,84f456958365164420cfc80fbe4c7fab,1
450,8c292ca193d326152e335d77176746f0,1
450,962a6951154f98f2c8e9a5b8b2bcf4a9,1
450,a62e25e09e05e6faf31d90c6ec1aa3d1,1
450,aca2eb7d00ea1a7b8ebd4e68314663af,1
450,bb42f37fc3d9130e4a4339d24a47dd7c,1
450,bb50f2e236e5eea0100680137654686c,1
450,c6dd917a0be2a704582055949915ab32,1
450,cd48f265a63e13b762601f5f794c5fca,1
450,d04bbac48960ecb7ea311b00ca6e1cb7,2
450,d1c427060a0f73f6b889a5c7c61f2ac4,1
450,d63c1011f49d98b976c352955b1c4bea,3
450,dbb67791e405873b259e4656bf971246,2
450,e0d64dcfaa3b6db5c54ca298ae101d05,1
450,e1da6ab77f4859eb17950e5df1c0f815,1
450,e4d325bd1eea550509bdbbc5c3301fc1,1
450,e85d91619b497e98754390b6198a9818,1
450,ee406bf28024d97771c4b1e8b7e8e219,1
450,fc1d8637c0268af3db482c14b7ef8e75,1
451,05a9dadb8402b6b7ae3dd28f7da187b5,1
451,06edb72f1e0c64b14c5b79353f7abea3,1
451,0705b33fb285827a578fce4899f1b921,1
451,0cf41187284d7f099adc8415a743ebbd,1
451,1600dcf1cea8c0c83702e07b577ab231,1
451,1613b819ab5dae53aead2dbb4ebdb378,1
451,165f86fe8b799a708a20ee4ba125c289,1
451,177d3d5bb9d4d29222a222e3b3554f41,1
451,1a080577618e7fe4d9ddd8fb2b47a964,1
451,2948658cb6abc82847412be7201bfc4c,2
451,3dd2a17168ec895c781a9191c1e95ad7,1
451,42a2c92a0979a949ca4ea89ec5c7b934,1
451,43423cdffde7fda63d0414ed38c11a73,4
451,473795a355d29305c3ea6b156833adf5,1
451,4b703444923b5e57bb73ba343f5ebab7,1
451,4deb009c36a910076a023947a7929201,1
451,4fcb3d9a5f4871e8362dfedbdb02b064,1
451,4fe644d766c7566dbc46fb851363cb3b,1
451,52c80cedd4e90108bf4fa6a206ef6b03,1
451,5526b1ae9ab2688cf600783cece249df,3
451,617186c3d97ea56c9c683a8a3974e8c1,1
451,629e019a6f298a83aeecc7877964f935,2
451,62d8daeee0db3a60c234c2d1bfd10651,1
451,65266b2da20d04dbe00c5c2d3bb7859e,4
451,6c3effec7c8ddba466d4f03f982c7aa3,1
451,6f3b5b605d91b7439c5e3f5a8dffeea7,1
451,719d571299707561c34ba04ab867b32a,3
451,75c06ee06b201f9b6301d2b5e72993f8,1
451,7c1bd920dbdf22470b68bde975dd3ccf,1
451,7d854ab97c64ef9df2bbfaf332765786,1
451,81288df52439985f610be64465e53f57,1
451,8983a3b149303c013fceabef902e835a,1
451,8aa6223e400af9c97b07c75993142721,1
451,8c292ca193d326152e335d77176746f0,1
451,909b87db6cb3a7ab26bd03cc59860136,1
451,921d31a1daa51460b7a95ea5f3ab64d5,1
451,962a6951154f98f2c8e9a5b8b2bcf4a9,1
451,98a8c2fa16d7239c606640f5555768e4,1
451,9d8a0e115e802d845b4ce1eb794d1260,1
451,a62e25e09e05e6faf31d90c6ec1aa3d1,1
451,aca2eb7d00ea1a7b8ebd4e68314663af,6
451,cb81df0e3ccece253557f2a07df4727e,2
451,cc971e0365873137b8bef2ebad633e6f,1
451,d1c427060a0f73f6b889a5c7c61f2ac4,1
451,d285360f29ac7fd97640bf0baef03de0,1
451,d3e1006ba3735c0d44160026b6e0ced3,2
451,dab2413ead0edda9967edbc9bda2a64e,1
451,ddceb6eef6af67e9fbbd4c148dbe5fd9,2
451,e0d64dcfaa3b6db5c54ca298ae101d05,2
451,e44f675b60b3a3a2453ec36421e06f0f,1
451,ec2d43cc59763ec91694573b31f1c29a,2
451,f819f0c84a64f02d3a5606ca95edd272,1
452,0152f69b6cf919bcdaf117aa8c43e5a2,1
452,060c17562f97e5bb60bc0dfa4dd5b3f2,1
452,0aabfb375647d9738ad0f7b4ea3653b1,1
452,165f86fe8b799a708a20ee4ba125c289,1
452,177d3d5bb9d4d29222a222e3b3554f41,1
452,2948658cb6abc82847412be7201bfc4c,2
452,30ac6df06dc59ad72cf2f158fc2d904c,2
452,35afc973633aaeb6b877ff57b2793310,1
452,363218ba55c610b750224f90bdd34be1,1
452,3b0f7951038b105522c2d566b54421f7,1
452,3f14d740544f37ece8a9e7bc8349797e,1
452,42a2c92a0979a949ca4ea89ec5c7b934,1
452,50fd2b788dc166edd20512370dac54df,1
452,52c80cedd4e90108bf4fa6a206ef6b03,1
452,53759a2ecddad2bb87a079a1f1519f73,1
452,5526b1ae9ab2688cf600783cece249df,1
452,593236d0ff46b4299b4787fb8d43f7f0,1
452,595fac2a385ac33a80bd5114aec74eb8,1
452,5a848e4ab52fd5445cdc07aab1c40e48,3
452,617186c3d97ea56c9c683a8a3974e8c1,1
452,629e019a6f298a83aeecc7877964f935,1
452,62d8daeee0db3a60c234c2d1bfd10651,1
452,679a3e5e1d2bb68982be5734c6e55e63,1
452,78efe838c04bbc568be034082200ac20,1
452,7a10781637204d8d10485c71a6108a2e,1
452,7ce94ab189134e2d3c05f496d635419c,1
452,7fab1a1472fdd934397068931f63f3ca,1
452,9da950e8c8c482441f1b93955b21c827,1
452,a0b7d5a992ccda646f2d34e418fff5a0,1
452,a19b6951c75da43aad691622dd2f6abe,2
452,a62e25e09e05e6faf31d90c6ec1aa3d1,2
452,aca2eb7d00ea1a7b8ebd4e68314663af,1
452,bb42f37fc3d9130e4a4339d24a47dd7c,1
452,bb50f2e236e5eea0100680137654686c,1
452,c1f5307decb89342351bec53668cffd9,1
452,c211ff3068fcd2f8898192976d8b3a32,1
452,c4baedd846ed09b85f78a781b522f126,2
452,c8cfa622661e047ea2499f8bce4731a5,1
452,d04bbac48960ecb7ea311b00ca6e1cb7,1
452,d63c1011f49d98b976c352955b1c4bea,1
452,dab2413ead0edda9967edbc9bda2a64e,2
452,e03102efbc2229024c89be731f0aedcb,3
453,044f05bc9de36e8a693a83e4bc79dd0d,1
453,0a4093a4af429dc0a9334300e5c13ae5,3
453,165f86fe8b799a708a20ee4ba125c289,1
453,25c38557cf793876c5abdd5931f922db,1
453,2b4609f8948be18874494203496bc318,1
453,3354a4e684f5e7199f9407db70ccd92b,1
453,349ce46a0e2e20054aa9d80c48af8816,1
453,363218ba55c610b750224f90bdd34be1,1
453,368c6c730842d78016ad823897a372db,1
453,44fded21627553d1886d459384bbce06,1
453,461f43be3bdf8844e65b62d9ac2c7a5a,1
453,5328338cfaa16ba10561cd970c73ca11,1
453,553e0e7590d3116a072507a3635d2877,1
453,583f158587cdecda3e8bdea694021e39,1
453,6109d0cae3bcb57d579bc0fab6e61814,1
453,634256dbcd184b3757ffd7632c9fe52a,1
453,679a3e5e1d2bb68982be5734c6e55e63,1
453,6adab229374835b551f6402e0dc53267,1
453,7c1bd920dbdf22470b68bde975dd3ccf,1
453,7ce94ab189134e2d3c05f496d635419c,1
453,8562e2c780a345b609e1b802d7e3e4ae,1
453,89321f94e35fc6d7903d36f74e351d40,1
453,93a12c289ca2b78e7069e469f5053ef2,2
453,97017430754804328eb9597b7f85da03,1
453,9da950e8c8c482441f1b93955b21c827,1
453,aca2eb7d00ea1a7b8ebd4e68314663af,3
453,bb50f2e236e5eea0100680137654686c,2
453,bee2e070c39f3dd2f6883a17a5f0da45,1
453,c3097e07a0a5de0d4b4c836d90c5a284,1
453,cb81df0e3ccece253557f2a07df4727e,1
453,cc971e0365873137b8bef2ebad633e6f,1
453,d04e48982547095af81c231c3d581cb6,2
453,d1c427060a0f73f6b889a5c7c61f2ac4,1
453,d3e1006ba3735c0d44160026b6e0ced3,2
453,d63c1011f49d98b976c352955b1c4bea,1
453,dbb67791e405873b259e4656bf971246,2
453,dd0dcee76f9c12fff4bc0eb641d57c7f,1
453,ddceb6eef6af67e9fbbd4c148dbe5fd9,1
453,e0cf79767c5b016251fe139915c59a26,3
453,ec2d43cc59763ec91694573b31f1c29a,2
453,ec5b3c8bb77ad22278f6e9d719a83de3,1
453,f1fe595ee7ef768b41bd9b246d13432d,1
453,f6fa93875f4a7dac03e0a22143f4d815,1
453,f819f0c84a64f02d3a5606ca95edd272,1
453,f908d3bf313a1308bfb2a46ea2685347,1
453,fc1d8637c0268af3db482c14b7ef8e75,1
454,08574b074924071f4e201e151b152b4e,1
454,1613b819ab5dae53aead2dbb4ebdb378,1
454,2028bf1b01cafb2d2b1901fca4083222,1
454,25c38557cf793876c5abdd5931f922db,1
454,2a2d22ae30e026f1893083c8405ca522,1
454,3225c54bb2785c33f49f50398fcdb88c,1
454,363218ba55c610b750224f90bdd34be1,2
454,368c6c730842d78016ad823897a372db,1
454,3f14d740544f37ece8a9e7bc8349797e,1
454,43423cdffde7fda63d0414ed38c11a73,1
454,4b96786612ebe7463132fce2c4dca136,1
454,4ce9ab528124f89e091b17d11aa2e97c,3
454,4deb009c36a910076a023947a7929201,1
454,57e089e3103f5cda6a4ce23b77399bdb,1
454,583f158587cdecda3e8bdea694021e39,1
454,67bd616e1ba0d3d3e8545f3113b0140d,1
454,68bf2e76db1d8e846042e54da87399ca,1
454,727a46f0b58a9ef165af9f7ebcfebfa9,1
454,7814c273ab16783d73a9863ebfa8b141,1
454,781afe929e3016a667f5f439afd55fce,1
454,83b00325c13c44245b2c3a2befa62a0e,1
454,84f456958365164420cfc80fbe4c7fab,1
454,8c591ab0ca519558779df02023177f44,1
454,93a12c289ca2b78e7069e469f5053ef2,3
454,9545d45c37449ccbc376de3a04c66e71,1
454,97017430754804328eb9597b7f85da03,1
454,9d8a0e115e802d845b4ce1eb794d1260,1
454,a04087ab6a96ffa041f8a2701a72b616,1
454,a62e25e09e05e6faf31d90c6ec1aa3d1,1
454,aca2eb7d00ea1a7b8ebd4e68314663af,2
454,b532349fe46b38fbc7bb3914c1bdae07,3
454,c2ece64199af7a53793ed9612a89a8cd,1
454,c7b3cf9de7be95b3e09e7a63315685eb,1
454,d017a2151d543a9885604dc62a3d9dcc,1
454,d04bbac48960ecb7ea311b00ca6e1cb7,2
454,d1c427060a0f73f6b889a5c7c61f2ac4,2
454,d2f5484cbffe4ca766301b21ab9246dd,1
454,d63c1011f49d98b976c352955b1c4bea,1
454,dab2413ead0edda9967edbc9bda2a64e,1
454,e0cf79767c5b016251fe139915c59a26,1
454,e59dd207c69d86e890febadc796d1078,1
454,ed2067a9c1f79553088a3c67b99a9f97,1
454,ee0c1cf2fbeae95205b4aa506f1469f0,1
454,f1fe595ee7ef768b41bd9b246d13432d,1
454,fe077ec80df6b4ee60bb4498d5ab1962,1
455,05a9dadb8402b6b7ae3dd28f7da187b5,1
455,06edb72f1e0c64b14c5b79353f7abea3,1
455,0705b33fb285827a578fce4899f1b921,1
455,0aabfb375647d9738ad0f7b4ea3653b1,1
455,0e2d365a247d105fefc31b17ab8706d9,1
455,10717ff440b2320081989126e858b220,1
455,1613b819ab5dae53aead2dbb4ebdb378,1
455,18b0e642cbae7251e60a64aa07dd9eb9,1
455,19421075ae0b585f2dc13ff149e2119d,1
455,25c38557cf793876c5abdd5931f922db,2
455,2948658cb6abc82847412be7201bfc4c,1
455,3354a4e684f5e7199f9407db70ccd92b,1
455,368c6c730842d78016ad823897a372db,2
455,3b0f7951038b105522c2d566b54421f7,1
455,3cb39171fd36c50097f2dedbbe0dfe6e,2
455,3e5201fe0d1ba474d9b90152c83c706c,1
455,3f14d740544f37ece8a9e7bc8349797e,1
455,422879e10f46682990de24d770e7f83d,1
455,4aa6014eceb682077f9dc4bffebc05b0,1
455,4b703444923b5e57bb73ba343f5ebab7,1
455,4b96786612ebe7463132fce2c4dca136,1
455,4ce9ab528124f89e091b17d11aa2e97c,1
455,4fe644d766c7566dbc46fb851363cb3b,1
455,553e0e7590d3116a072507a3635d2877,1
455,583f158587cdecda3e8bdea694021e39,2
455,593236d0ff46b4299b4787fb8d43f7f0,1
455,5b226d7c52f86ac72457617f78cff95d,1
455,5d6bea33648f018dbb563f3a2fab09f3,1
455,617186c3d97ea56c9c683a8a3974e8c1,1
455,679a3e5e1d2bb68982be5734c6e55e63,1
455,69455f41626a745aea9ee9164cb9eafd,1
455,6cdd53843498f92890544667809f1595,1
455,6f3b5b605d91b7439c5e3f5a8dffeea7,2
455,727a46f0b58a9ef165af9f7ebcfebfa9,2
455,75d6b6963340c6063f7f4cfcccfe6a30,1
455,781afe929e3016a667f5f439afd55fce,1
455,78efe838c04bbc568be034082200ac20,1
455,7f4e034245e45549110139d1de248f83,1
455,8317b177579dd27ff068b83205e2169b,1
455,84f456958365164420cfc80fbe4c7fab,1
455,8562e2c780a345b609e1b802d7e3e4ae,1
455,87283a98b24f9f1ac3a31b631073cf47,1
455,93a12c289ca2b78e7069e469f5053ef2,3
455,9545d45c37449ccbc376de3a04c66e71,1
455,a12c9204f6f9e90ad1d8ba5571fbfed2,1
455,a62e25e09e05e6faf31d90c6ec1aa3d1,1
455,a8075470f960215ffb67624782f80fec,2
455,ab1f9387c0627dd24000bfbc54fdeee0,1
455,aca2eb7d00ea1a7b8ebd4e68314663af,3
455,bb50f2e236e5eea0100680137654686c,3
455,c2ece64199af7a53793ed9612a89a8cd,2
455,c4baedd846ed09b85f78a781b522f126,1
455,c6336fa91fbd87c359e44f5dca5a90ed,1
455,d04857e7b4b708ee8b8b9921163edba3,1
455,d1c427060a0f73f6b889a5c7c61f2ac4,1
455,db5efde3ad0cc579b130d71c4b2db522,1
455,eb8c629f70275fd1c4f809116cce1efc,2
455,ee406bf28024d97771c4b1e8b7e8e219,1
455,fe077ec80df6b4ee60bb4498d5ab1962,1
456,060c17562f97e5bb60bc0dfa4dd5b3f2,1
456,13db47eae724e2848e12b71a617a3a41,1
456,16ed6a6e3fce23b741650437fe58d65b,1
456,19421075ae0b585f2dc13ff149e2119d,1
456,2948658cb6abc82847412be7201bfc4c,1
456,2b4609f8948be18874494203496bc318,1
456,3354a4e684f5e7199f9407db70ccd92b,1
456,3b60d513e90300a4e9833e5cda1f1d61,1
456,3cb39171fd36c50097f2dedbbe0dfe6e,1
456,3dd2a17168ec895c781a9191c1e95ad7,1
456,4178e16324fd0c9a8e18463caf390cc6,1
456,43423cdffde7fda63d0414ed38c11a73,1
456,55b71bf300a2765a382eaec566df531f,1
456,566a4f2c4385f36d15c00dfcaae132d1,1
456,583f158587cdecda3e8bdea694021e39,1
456,593236d0ff46b4299b4787fb8d43f7f0,1
456,5d6bea33648f018dbb563f3a2fab09f3,1
456,6803077179d24889430188e03fafd31a,1
456,6c3effec7c8ddba466d4f03f982c7aa3,1
456,6cdd53843498f92890544667809f1595,1
456,719d571299707561c34ba04ab867b32a,1
456,727a46f0b58a9ef165af9f7ebcfebfa9,1
456,78efe838c04bbc568be034082200ac20,1
456,7c1bd920dbdf22470b68bde975dd3ccf,1
456,8a443635fdf9759915c9be5be2e3b862,2
456,8c292ca193d326152e335d77176746f0,1
456,8c591ab0ca519558779df02023177f44,1
456,a62e25e09e05e6faf31d90c6ec1aa3d1,4
456,a8075470f960215ffb67624782f80fec,1
456,a92930c327948861c015c919a0bcb4a8,1
456,aca2eb7d00ea1a7b8ebd4e68314663af,1
456,acc444eb5ad26f79d5a11baa6a03c439,2
456,ba74c6b75d2ad7503175809688d5a03c,2
456,bb42f37fc3d9130e4a4339d24a47dd7c,1
456,c7b3cf9de7be95b3e09e7a63315685eb,1
456,cd48f265a63e13b762601f5f794c5fca,4
456,d3e1006ba3735c0d44160026b6e0ced3,1
456,ddceb6eef6af67e9fbbd4c148dbe5fd9,2
456,e85d91619b497e98754390b6198a9818,1
456,ee57070aa3b24a06fdd0e02efd2d757d,2
457,036734b5a58d5d4f46b0616ddc047ced,2
457,05a9dadb8402b6b7ae3dd28f7da187b5,1
457,06edb72f1e0c64b14c5b79353f7abea3,1
457,0bcc3eeca39e1064258aa1e932269894,1
457,11fd9d7ba552e1d28872e008acf1e050,1
457,13db47eae724e2848e12b71a617a3a41,4
457,1613b819ab5dae53aead2dbb4ebdb378,3
457,18b0e642cbae7251e60a64aa07dd9eb9,1
457,19421075ae0b585f2dc13ff149e2119d,1
457,1a758361b1c10b3ffe3d3373332de319,1
457,2948658cb6abc82847412be7201bfc4c,1
457,2b4609f8948be18874494203496bc318,1
457,35afc973633aaeb6b877ff57b2793310,1
457,368c6c730842d78016ad823897a372db,1
457,36f60d45225e60c7da4558b070ce4b60,1
457,389d119b48cf3043d311335e499d9c6b,1
457,3b60d513e90300a4e9833e5cda1f1d61,2
457,3cb39171fd36c50097f2dedbbe0dfe6e,1
457,3e5201fe0d1ba474d9b90152c83c706c,1
457,3f14d740544f37ece8a9e7bc8349797e,1
457,422879e10f46682990de24d770e7f83d,1
457,437c05a395e9e47f9762e677a7068ce7,1
457,44d097d59e8430f88a67517cd0c4f865,1
457,4aa6014eceb682077f9dc4bffebc05b0,1
457,5328338cfaa16ba10561cd970c73ca11,1
457,53759a2ecddad2bb87a079a1f1519f73,1
457,5526b1ae9ab2688cf600783cece249df,1
457,553e0e7590d3116a072507a3635d2877,1
457,55b71bf300a2765a382eaec566df531f,1
457,57f2bc497c1a3ebe41ba7a06d78ed159,1
457,583f158587cdecda3e8bdea694021e39,3
457,5a848e4ab52fd5445cdc07aab1c40e48,3
457,5b226d7c52f86ac72457617f78cff95d,1
457,5d66715cc928aadd0074f61332698593,1
457,5d6bea33648f018dbb563f3a2fab09f3,2
457,679a3e5e1d2bb68982be5734c6e55e63,1
457,6adab229374835b551f6402e0dc53267,1
457,6cc44821f36f3156c782da72dd634e47,1
457,719d571299707561c34ba04ab867b32a,1
457,727a46f0b58a9ef165af9f7ebcfebfa9,2
457,7564c1759c04fc0a38f2aa84f7a370ee,1
457,78efe838c04bbc568be034082200ac20,1
457,7c1bd920dbdf22470b68bde975dd3ccf,1
457,7ce94ab189134e2d3c05f496d635419c,1
457,7f4e034245e45549110139d1de248f83,1
457,7f72a8900b3d2fc8fa2635b7836d6e6e,1
457,83b00325c13c44245b2c3a2befa62a0e,1
457,88dd63919fc9ab693803578a04a20209,1
457,89321f94e35fc6d7903d36f74e351d40,1
457,91846781ef75057e134949400768e272,1
457,98a8c2fa16d7239c606640f5555768e4,1
457,99a4788cb24856965c36a24e339b6058,1
457,9da950e8c8c482441f1b93955b21c827,1
457,a12c9204f6f9e90ad1d8ba5571fbfed2,1
457,a92930c327948861c015c919a0bcb4a8,1
457,afeeea6271148ee1bb15173b8187c431,1
457,b532349fe46b38fbc7bb3914c1bdae07,1
457,b60856ce32d90658dbf99b9485327c25,1
457,b8a0d73b2a06e7910d9864dccdb0cda2,2
457,bb50f2e236e5eea0100680137654686c,1
457,bee2e070c39f3dd2f6883a17a5f0da45,1
457,c211ff3068fcd2f8898192976d8b3a32,1
457,d1c427060a0f73f6b889a5c7c61f2ac4,1
457,dab2413ead0edda9967edbc9bda2a64e,2
457,e44f675b60b3a3a2453ec36421e06f0f,4
457,f40876e0ef3cd5f9132b1f16b04b1346,1
457,f4d705aa95ccca448e5b0deb6e5290ba,1
457,f7f59e6186e10983a061ac7bdb3494d6,1
458,036734b5a58d5d4f46b0616ddc047ced,2
458,044f05bc9de36e8a693a83e4bc79dd0d,1
458,165f86fe8b799a708a20ee4ba125c289,1
458,25e2023ed83352bde98dc1490d14c3d8,1
458,2948658cb6abc82847412be7201bfc4c,3
458,30ccf4724f5227265f837e9ba0246278,2
458,368c6c730842d78016ad823897a372db,1
458,36f60d45225e60c7da4558b070ce4b60,2
458,3b60d513e90300a4e9833e5cda1f1d61,1
458,3f14d740544f37ece8a9e7bc8349797e,2
458,41db6d8062fcd38410c699743ccc0265,2
458,4298b7e67dc399c200662b569563a2b2,1
458,4b703444923b5e57bb73ba343f5ebab7,1
458,4cd6ba4ea3112de8fc238307c4dc6307,1
458,51f876eb62be778c757503cf7f8a3b74,2
458,52c80cedd4e90108bf4fa6a206ef6b03,1
458,5526b1ae9ab2688cf600783cece249df,1
458,595fac2a385ac33a80bd5114aec74eb8,2
458,5d66715cc928aadd0074f61332698593,1
458,601a360bd2a916ecef0e88de72a6531a,1
458,629e019a6f298a83aeecc7877964f935,2
458,65266b2da20d04dbe00c5c2d3bb7859e,1
458,75c06ee06b201f9b6301d2b5e72993f8,1
458,76d1a1a9d21ab677a61c3ae34b1b352f,2
458,7a10781637204d8d10485c71a6108a2e,1
458,817e1c2d22418c36386406ccacfa53e8,1
458,827c4a77226a3e7ef259d61eaa775df9,1
458,84f456958365164420cfc80fbe4c7fab,2
458,8562e2c780a345b609e1b802d7e3e4ae,2
458,87a71ae93900ab55fcf685c8040769b3,1
458,8b50a72d52d7a91fb19d19fbe069e2f2,1
458,962a6951154f98f2c8e9a5b8b2bcf4a9,1
458,a02d0123079f4ae96001ba2010d1a2df,1
458,a50acd33ba7a8da8e9db65094fa990a4,2
458,a8115d34a4b7b74388da609692162c37,1
458,a92930c327948861c015c919a0bcb4a8,1
458,aa8d88eb4b9cb38894e33fa624c4287f,1
458,aadff88486740e0b0ebe2be6c09476ae,1
458,aca2eb7d00ea1a7b8ebd4e68314663af,1
458,acc444eb5ad26f79d5a11baa6a03c439,1
458,bb42f37fc3d9130e4a4339d24a47dd7c,1
458,bb50f2e236e5eea0100680137654686c,2
458,c1f5307decb89342351bec53668cffd9,1
458,cadb69af336c16aba5c5223599821245,1
458,cb81df0e3ccece253557f2a07df4727e,1
458,cc5447118c174dcc6456c84ccb29e6f7,2
458,d1c427060a0f73f6b889a5c7c61f2ac4,2
458,d692d19cee022f7acab76373f297ad6a,1
458,e0cf79767c5b016251fe139915c59a26,2
458,e0d64dcfaa3b6db5c54ca298ae101d05,1
458,e1da6ab77f4859eb17950e5df1c0f815,1
458,e53e557d5a159f5aa2c5e995dfdf244b,1
458,ee0c1cf2fbeae95205b4aa506f1469f0,1
458,f264c1d9b20b5e4a340254d0405e613b,1
458,f731f8587d4088c174397e010cf892a9,1
458,f7f59e6186e10983a061ac7bdb3494d6,2
458,fb7a100ec8c7b34f60cec22b1a9a10e0,1
458,fc1d8637c0268af3db482c14b7ef8e75,2
458,fe077ec80df6b4ee60bb4498d5ab1962,1
459,06edb72f1e0c64b14c5b79353f7abea3,1
459,177d3d5bb9d4d29222a222e3b3554f41,1
459,1bfb290d7273a442c874dbe74b4abae6,1
459,25c38557cf793876c5abdd5931f922db,1
459,288dbc06591742c5d7fe90fbfb08943e,1
459,2948658cb6abc82847412be7201bfc4c,2
459,2ffdf10e724b958c0f7ea69e97d32f64,1
459,30ac6df06dc59ad72cf2f158fc2d904c,1
459,3225c54bb2785c33f49f50398fcdb88c,1
459,3354a4e684f5e7199f9407db70ccd92b,1
459,349ce46a0e2e20054aa9d80c48af8816,3
459,363218ba55c610b750224f90bdd34be1,1
459,368c6c730842d78016ad823897a372db,1
459,36f60d45225e60c7da4558b070ce4b60,2
459,3b60d513e90300a4e9833e5cda1f1d61,1
459,3dd2a17168ec895c781a9191c1e95ad7,1
459,422879e10f46682990de24d770e7f83d,2
459,43423cdffde7fda63d0414ed38c11a73,1
459,437c05a395e9e47f9762e677a7068ce7,1
459,44fded21627553d1886d459384bbce06,2
459,4b96786612ebe7463132fce2c4dca136,2
459,53ea9da485f6aed8a6f03a85831fe021,1
459,553e0e7590d3116a072507a3635d2877,1
459,62d8daeee0db3a60c234c2d1bfd10651,2
459,64fb13596caf118c438edc5c6ed2d50a,1
459,75d6b6963340c6063f7f4cfcccfe6a30,1
459,76d1a1a9d21ab677a61c3ae34b1b352f,1
459,7fab1a1472fdd934397068931f63f3ca,3
459,89321f94e35fc6d7903d36f74e351d40,1
459,8c292ca193d326152e335d77176746f0,1
459,8ed094bfe076c568f6bb10feada3f75d,1
459,97017430754804328eb9597b7f85da03,1
459,a0b7d5a992ccda646f2d34e418fff5a0,2
459,aa8d88eb4b9cb38894e33fa624c4287f,1
459,ab1f9387c0627dd24000bfbc54fdeee0,2
459,aba86c093ccdbac75b09111d57e50004,1
459,aca2eb7d00ea1a7b8ebd4e68314663af,1
459,ba74c6b75d2ad7503175809688d5a03c,1
459,bee2e070c39f3dd2f6883a17a5f0da45,2
459,c20a3f598c16d77249da67e81caa8317,1
459,c9c6fde711572c1ad99ca12728c6af00,1
459,cac9e5692471a0700418aa3400b9b2b1,2
459,cb81df0e3ccece253557f2a07df4727e,1
459,d1c427060a0f73f6b889a5c7c61f2ac4,1
459,d63c1011f49d98b976c352955b1c4bea,1
459,dbb67791e405873b259e4656bf971246,2
459,ddceb6eef6af67e9fbbd4c148dbe5fd9,1
459,e0cf79767c5b016251fe139915c59a26,1
459,e4d325bd1eea550509bdbbc5c3301fc1,1
459,e53e557d5a159f5aa2c5e995dfdf244b,1
459,e59dd207c69d86e890febadc796d1078,1
459,ee57070aa3b24a06fdd0e02efd2d757d,1
459,f7a17d2c51d9df89a4f1711c4ac17f33,1
459,fb55982be901439613a95940feefd9ee,1
460,0a57f7d2c983bcf8188589a5fea4a8da,1
460,13db47eae724e2848e12b71a617a3a41,1
460,2948658cb6abc82847412be7201bfc4c,3
460,2a5806f10d0f00e5ad032dd2e3c8806e,1
460,349ce46a0e2e20054aa9d80c48af8816,1
460,35afc973633aaeb6b877ff57b2793310,1
460,3cb39171fd36c50097f2dedbbe0dfe6e,1
460,422879e10f46682990de24d770e7f83d,2
460,51ce083cd2b9078656a94655ab45b8a4,1
460,53b36df67ebb7c41585e8d54d6772e08,1
460,5526b1ae9ab2688cf600783cece249df,2
460,617186c3d97ea56c9c683a8a3974e8c1,1
460,67bd616e1ba0d3d3e8545f3113b0140d,1
460,6c3effec7c8ddba466d4f03f982c7aa3,1
460,727a46f0b58a9ef165af9f7ebcfebfa9,1
460,76d1a1a9d21ab677a61c3ae34b1b352f,1
460,81288df52439985f610be64465e53f57,1
460,827c4a77226a3e7ef259d61eaa775df9,1
460,82e4ad16521ca131d95e198d507db370,1
460,9545d45c37449ccbc376de3a04c66e71,1
460,9da950e8c8c482441f1b93955b21c827,1
460,9ecadb84c81da840dbf3564378b586e9,1
460,a02d0123079f4ae96001ba2010d1a2df,1
460,aca2eb7d00ea1a7b8ebd4e68314663af,1
460,c211ff3068fcd2f8898192976d8b3a32,1
460,cc971e0365873137b8bef2ebad633e6f,1
460,d04857e7b4b708ee8b8b9921163edba3,1
460,d1c427060a0f73f6b889a5c7c61f2ac4,2
460,ddceb6eef6af67e9fbbd4c148dbe5fd9,1
460,e53e557d5a159f5aa2c5e995dfdf244b,1
460,ec2d43cc59763ec91694573b31f1c29a,1
460,ee406bf28024d97771c4b1e8b7e8e219,1
460,fc1d8637c0268af3db482c14b7ef8e75,1
461,044f05bc9de36e8a693a83e4bc79dd0d,1
461,0a57f7d2c983bcf8188589a5fea4a8da,1
461,0bcc3eeca39e1064258aa1e932269894,1
461,16679d68bdbed3fb97af806424d7f2b7,4
461,19c91ef95d509ea33eda93495c4d3481,1
461,1a080577618e7fe4d9ddd8fb2b47a964,2
461,25e2023ed83352bde98dc1490d14c3d8,1
461,283dc451ad3918badb976d56ff887289,1
461,29427de7f8a9ee983d9dbc51cec569b4,1
461,2948658cb6abc82847412be7201bfc4c,1
461,3225c54bb2785c33f49f50398fcdb88c,1
461,3354a4e684f5e7199f9407db70ccd92b,1
461,35afc973633aaeb6b877ff57b2793310,1
461,368c6c730842d78016ad823897a372db,1
461,386486367c1f9d4f587a8864ccb6902b,1
461,3dd2a17168ec895c781a9191c1e95ad7,1
461,3eef0cb94ba82de806bb30ab743c7655,2
461,422879e10f46682990de24d770e7f83d,1
461,437c05a395e9e47f9762e677a7068ce7,3
461,4914f8796af2ecd359fd8f44b9b92339,1
461,53b36df67ebb7c41585e8d54d6772e08,2
461,5411e9269501a870cabf632f05655131,1
461,553e0e7590d3116a072507a3635d2877,1
461,5d66715cc928aadd0074f61332698593,1
461,629e019a6f298a83aeecc7877964f935,2
461,6a8631b72a2f8729b91514db87e771c0,1
461,6c3effec7c8ddba466d4f03f982c7aa3,1
461,71a5f1c2a5fd9889ef26b5ac22aec9c6,2
461,7340a3839a1de1e99d149b8cf052a2ec,1
461,87a71ae93900ab55fcf685c8040769b3,1
461,87d780fa7d2cf3710aa02dc4ca8db985,1
461,89321f94e35fc6d7903d36f74e351d40,1
461,8a443635fdf9759915c9be5be2e3b862,1
461,8c292ca193d326152e335d77176746f0,3
461,8ed094bfe076c568f6bb10feada3f75d,3
461,94475071013412139f862c0bd7e3bb37,1
461,9b9d1c4bd979b93c138044e032f99780,1
461,a35a9f46dcee0a67c8c7ad8493eb4135,1
461,a59fb60fddcc72a9878b7ed5cb69d8e4,1
461,aca2eb7d00ea1a7b8ebd4e68314663af,1
461,af2d506fb01b724e03591349ad36b67e,1
461,c9c6fde711572c1ad99ca12728c6af00,1
461,cac9e5692471a0700418aa3400b9b2b1,1
461,d04bbac48960ecb7ea311b00ca6e1cb7,1
461,d7d5562fce331ad958ca6f57057b3526,1
461,dab2413ead0edda9967edbc9bda2a64e,1
461,e03102efbc2229024c89be731f0aedcb,1
461,e0cf79767c5b016251fe139915c59a26,2
461,e4ca5b20cfe1a020e15e36fe14e880ee,1
462,08a58dc963320d6073623382b9ceb920,1
462,10717ff440b2320081989126e858b220,3
462,11fd9d7ba552e1d28872e008acf1e050,1
462,13db47eae724e2848e12b71a617a3a41,1
462,16679d68bdbed3fb97af806424d7f2b7,2
462,177d3d5bb9d4d29222a222e3b3554f41,1
462,2948658cb6abc82847412be7201bfc4c,5
462,2b7aa376a6e728560bddb5558cc48e89,6
462,3354a4e684f5e7199f9407db70ccd92b,1
462,349ce46a0e2e20054aa9d80c48af8816,2
462,389d119b48cf3043d311335e499d9c6b,1
462,3cb39171fd36c50097f2dedbbe0dfe6e,1
462,3dd2a17168ec895c781a9191c1e95ad7,3
462,4178e16324fd0c9a8e18463caf390cc6,1
462,422879e10f46682990de24d770e7f83d,1
462,4298b7e67dc399c200662b569563a2b2,1
462,43423cdffde7fda63d0414ed38c11a73,2
462,437c05a395e9e47f9762e677a7068ce7,1
462,4b703444923b5e57bb73ba343f5ebab7,1
462,4fcb3d9a5f4871e8362dfedbdb02b064,1
462,53b36df67ebb7c41585e8d54d6772e08,5
462,55782cb82e0efe052da0a3da237da3b2,1
462,566a4f2c4385f36d15c00dfcaae132d1,1
462,57e089e3103f5cda6a4ce23b77399bdb,1
462,593236d0ff46b4299b4787fb8d43f7f0,1
462,5d66715cc928aadd0074f61332698593,1
462,5d6bea33648f018dbb563f3a2fab09f3,1
462,6109d0cae3bcb57d579bc0fab6e61814,1
462,617186c3d97ea56c9c683a8a3974e8c1,1
462,6a8631b72a2f8729b91514db87e771c0,1
462,6adab229374835b551f6402e0dc53267,1
462,6c3effec7c8ddba466d4f03f982c7aa3,1
462,703d742887bb9267f89b675608ba7aa0,1
462,719d571299707561c34ba04ab867b32a,1
462,78efe838c04bbc568be034082200ac20,1
462,8562e2c780a345b609e1b802d7e3e4ae,1
462,89b121bee266dcd25688a1ba72eefb61,3
462,8aa6223e400af9c97b07c75993142721,2
462,8c292ca193d326152e335d77176746f0,1
462,97017430754804328eb9597b7f85da03,2
462,9d8a0e115e802d845b4ce1eb794d1260,1
462,a5341e3f8155dbb3e62323d3ea289729,1
462,a59fb60fddcc72a9878b7ed5cb69d8e4,1
462,a62e25e09e05e6faf31d90c6ec1aa3d1,2
462,a92930c327948861c015c919a0bcb4a8,1
462,ac44def10e24998cdee20a208d691127,1
462,aca2eb7d00ea1a7b8ebd4e68314663af,6
462,b0c8da302d49498d2ce6be8c631e4e20,1
462,b532349fe46b38fbc7bb3914c1bdae07,1
462,ba74c6b75d2ad7503175809688d5a03c,1
462,bd6e6fce9ada76ea2db0f1912e8e478f,1
462,c1f5307decb89342351bec53668cffd9,1
462,c20a3f598c16d77249da67e81caa8317,1
462,cac9e5692471a0700418aa3400b9b2b1,1
462,cb81df0e3ccece253557f2a07df4727e,1
462,d04bbac48960ecb7ea311b00ca6e1cb7,1
462,d1c427060a0f73f6b889a5c7c61f2ac4,4
462,d63c1011f49d98b976c352955b1c4bea,1
462,d678178aa4291cd25a755a90188375c8,3
462,dab2413ead0edda9967edbc9bda2a64e,1
462,e0d64dcfaa3b6db5c54ca298ae101d05,1
462,e53e557d5a159f5aa2c5e995dfdf244b,2
462,ed2067a9c1f79553088a3c67b99a9f97,1
462,f7a17d2c51d9df89a4f1711c4ac17f33,1
462,f8b624d4e475bb8d1bddf1b65c6a64f6,1
462,fe077ec80df6b4ee60bb4498d5ab1962,1
463,060c17562f97e5bb60bc0dfa4dd5b3f2,1
463,0a57f7d2c983bcf8188589a5fea4a8da,1
463,0aabfb375647d9738ad0f7b4ea3653b1,1
463,0bcc3eeca39e1064258aa1e932269894,1
463,10717ff440b2320081989126e858b220,3
463,1600dcf1cea8c0c83702e07b577ab231,1
463,177d3d5bb9d4d29222a222e3b3554f41,1
463,19421075ae0b585f2dc13ff149e2119d,1
463,29427de7f8a9ee983d9dbc51cec569b4,1
463,349ce46a0e2e20054aa9d80c48af8816,3
463,363218ba55c610b750224f90bdd34be1,3
463,368c6c730842d78016ad823897a372db,8
463,3dd2a17168ec895c781a9191c1e95ad7,1
463,3fbc0ef745950c7932d5f2a446189725,1
463,422879e10f46682990de24d770e7f83d,6
463,43423cdffde7fda63d0414ed38c11a73,2
463,437c05a395e9e47f9762e677a7068ce7,1
463,44fded21627553d1886d459384bbce06,2
463,461f43be3bdf8844e65b62d9ac2c7a5a,1
463,4aa6014eceb682077f9dc4bffebc05b0,2
463,4fcb3d9a5f4871e8362dfedbdb02b064,2
463,51f876eb62be778c757503cf7f8a3b74,1
463,52c80cedd4e90108bf4fa6a206ef6b03,1
463,53b36df67ebb7c41585e8d54d6772e08,5
463,57d79905de06d8897872c551bfd09358,2
463,5d66715cc928aadd0074f61332698593,1
463,6109d0cae3bcb57d579bc0fab6e61814,1
463,629e019a6f298a83aeecc7877964f935,1
463,64fb13596caf118c438edc5c6ed2d50a,1
463,679a3e5e1d2bb68982be5734c6e55e63,1
463,704ef63ad0ac345842ea734060a83db2,1
463,7814c273ab16783d73a9863ebfa8b141,1
463,81288df52439985f610be64465e53f57,1
463,86c43103446290e7efacad3701cd654d,1
463,89321f94e35fc6d7903d36f74e351d40,3
463,89b121bee266dcd25688a1ba72eefb61,2
463,8ed094bfe076c568f6bb10feada3f75d,1
463,914c9e9af640dd56f48764a225b00f89,1
463,99a4788cb24856965c36a24e339b6058,1
463,9da950e8c8c482441f1b93955b21c827,1
463,a39cc58c1b5926b6f9f378daa89f1315,1
463,a59fb60fddcc72a9878b7ed5cb69d8e4,1
463,aca2eb7d00ea1a7b8ebd4e68314663af,8
463,b92a7304ebad1ca5b393b53b2de5c70a,1
463,bb50f2e236e5eea0100680137654686c,1
463,c1f5307decb89342351bec53668cffd9,1
463,cac9e5692471a0700418aa3400b9b2b1,2
463,cc5447118c174dcc6456c84ccb29e6f7,1
463,d017a2151d543a9885604dc62a3d9dcc,1
463,d1c427060a0f73f6b889a5c7c61f2ac4,4
463,d2f5484cbffe4ca766301b21ab9246dd,1
463,d63c1011f49d98b976c352955b1c4bea,1
463,dbb67791e405873b259e4656bf971246,1
463,ddceb6eef6af67e9fbbd4c148dbe5fd9,1
463,e03102efbc2229024c89be731f0aedcb,1
463,e44f675b60b3a3a2453ec36421e06f0f,1
463,e53e557d5a159f5aa2c5e995dfdf244b,1
463,ee0c1cf2fbeae95205b4aa506f1469f0,2
463,f6fa93875f4a7dac03e0a22143f4d815,1
463,ffc9caf33e2d1e9f44e3e06da19085f7,2
464,06edb72f1e0c64b14c5b79353f7abea3,2
464,0a57f7d2c983bcf8188589a5fea4a8da,1
464,0cf41187284d7f099adc8415a743ebbd,1
464,10717ff440b2320081989126e858b220,1
464,1613b819ab5dae53aead2dbb4ebdb378,1
464,288dbc06591742c5d7fe90fbfb08943e,1
464,2948658cb6abc82847412be7201bfc4c,2
464,3354a4e684f5e7199f9407db70ccd92b,1
464,380b4664ba5bb18cc9db78ee6bac3558,1
464,3dd2a17168ec895c781a9191c1e95ad7,3
464,3eef0cb94ba82de806bb30ab743c7655,3
464,3fbc0ef745950c7932d5f2a446189725,1
464,422879e10f46682990de24d770e7f83d,3
464,461f43be3bdf8844e65b62d9ac2c7a5a,1
464,4b703444923b5e57bb73ba343f5ebab7,2
464,4fcb3d9a5f4871e8362dfedbdb02b064,1
464,4fe644d766c7566dbc46fb851363cb3b,2
464,52c80cedd4e90108bf4fa6a206ef6b03,1
464,53759a2ecddad2bb87a079a1f1519f73,1
464,53b36df67ebb7c41585e8d54d6772e08,2
464,55b71bf300a2765a382eaec566df531f,1
464,5d6bea33648f018dbb563f3a2fab09f3,1
464,719d571299707561c34ba04ab867b32a,1
464,79da264732f717f10ebf5d102aa6c32a,1
464,7a10781637204d8d10485c71a6108a2e,3
464,8983a3b149303c013fceabef902e835a,1
464,89b121bee266dcd25688a1ba72eefb61,6
464,921d31a1daa51460b7a95ea5f3ab64d5,1
464,93c902b021a9e594f658ab1b0351602a,1
464,a35a9f46dcee0a67c8c7ad8493eb4135,1
464,a50acd33ba7a8da8e9db65094fa990a4,2
464,a92930c327948861c015c919a0bcb4a8,1
464,aca2eb7d00ea1a7b8ebd4e68314663af,4
464,bb50f2e236e5eea0100680137654686c,1
464,bee2e070c39f3dd2f6883a17a5f0da45,2
464,c6dd917a0be2a704582055949915ab32,1
464,c9c6fde711572c1ad99ca12728c6af00,1
464,cac9e5692471a0700418aa3400b9b2b1,1
464,cb81df0e3ccece253557f2a07df4727e,1
464,d04bbac48960ecb7ea311b00ca6e1cb7,1
464,d1c427060a0f73f6b889a5c7c61f2ac4,6
464,d2f5484cbffe4ca766301b21ab9246dd,1
464,d3e1006ba3735c0d44160026b6e0ced3,1
464,dc52f0f5d3ec37a93eaf956cde4e5d2c,1
464,e0cf79767c5b016251fe139915c59a26,1
464,e0d64dcfaa3b6db5c54ca298ae101d05,1
464,e1da6ab77f4859eb17950e5df1c0f815,2
464,e44f675b60b3a3a2453ec36421e06f0f,2
464,e53e557d5a159f5aa2c5e995dfdf244b,2
464,eb8c629f70275fd1c4f809116cce1efc,2
464,ec2d43cc59763ec91694573b31f1c29a,1
464,ed2067a9c1f79553088a3c67b99a9f97,1
464,f908d3bf313a1308bfb2a46ea2685347,1
464,fc1d8637c0268af3db482c14b7ef8e75,1
465,017692475c1c954ff597feda05131d73,1
465,05a9dadb8402b6b7ae3dd28f7da187b5,1
465,1613b819ab5dae53aead2dbb4ebdb378,2
465,2028bf1b01cafb2d2b1901fca4083222,1
465,2136c70bbe723d338fab53da3c03e6dc,1
465,25c38557cf793876c5abdd5931f922db,1
465,288dbc06591742c5d7fe90fbfb08943e,1
465,29427de7f8a9ee983d9dbc51cec569b4,1
465,2948658cb6abc82847412be7201bfc4c,2
465,30ac6df06dc59ad72cf2f158fc2d904c,1
465,30ccf4724f5227265f837e9ba0246278,1
465,3354a4e684f5e7199f9407db70ccd92b,1
465,35afc973633aaeb6b877ff57b2793310,1
465,363218ba55c610b750224f90bdd34be1,2
465,3cb39171fd36c50097f2dedbbe0dfe6e,1
465,3dd2a17168ec895c781a9191c1e95ad7,1
465,3f14d740544f37ece8a9e7bc8349797e,2
465,3fbc0ef745950c7932d5f2a446189725,2
465,41c24b8ce92d1a2cac62db5edfd088b2,1
465,422879e10f46682990de24d770e7f83d,9
465,473795a355d29305c3ea6b156833adf5,1
465,4b96786612ebe7463132fce2c4dca136,1
465,4fe644d766c7566dbc46fb851363cb3b,1
465,53b36df67ebb7c41585e8d54d6772e08,4
465,5526b1ae9ab2688cf600783cece249df,1
465,55782cb82e0efe052da0a3da237da3b2,1
465,6109d0cae3bcb57d579bc0fab6e61814,1
465,64fb265487de2238627ce43fe8a67efc,1
465,71a5f1c2a5fd9889ef26b5ac22aec9c6,1
465,7564c1759c04fc0a38f2aa84f7a370ee,1
465,7814c273ab16783d73a9863ebfa8b141,1
465,781afe929e3016a667f5f439afd55fce,2
465,79da264732f717f10ebf5d102aa6c32a,1
465,82e4ad16521ca131d95e198d507db370,1
465,84f456958365164420cfc80fbe4c7fab,1
465,89b121bee266dcd25688a1ba72eefb61,7
465,8c591ab0ca519558779df02023177f44,1
465,9545d45c37449ccbc376de3a04c66e71,1
465,99a4788cb24856965c36a24e339b6058,1
465,99f265229d46f700208ad7cb1ff48aae,1
465,a12c9204f6f9e90ad1d8ba5571fbfed2,1
465,a8115d34a4b7b74388da609692162c37,1
465,a92930c327948861c015c919a0bcb4a8,2
465,ab1f9387c0627dd24000bfbc54fdeee0,1
465,aca2eb7d00ea1a7b8ebd4e68314663af,6
465,bb42f37fc3d9130e4a4339d24a47dd7c,1
465,bb50f2e236e5eea0100680137654686c,1
465,bd6e6fce9ada76ea2db0f1912e8e478f,2
465,bee2e070c39f3dd2f6883a17a5f0da45,1
465,c075b8e131353552218860f1c421e4ef,1
465,c3ba4e8d3cb30049213b682e751e9d00,1
465,c4baedd846ed09b85f78a781b522f126,1
465,c9c6fde711572c1ad99ca12728c6af00,3
465,cd48f265a63e13b762601f5f794c5fca,1
465,ce6f74096c84567f22728c84f3d6e7fc,1
465,d017a2151d543a9885604dc62a3d9dcc,1
465,d04e48982547095af81c231c3d581cb6,1
465,d1c427060a0f73f6b889a5c7c61f2ac4,5
465,d692d19cee022f7acab76373f297ad6a,2
465,ddceb6eef6af67e9fbbd4c148dbe5fd9,1
465,e03102efbc2229024c89be731f0aedcb,2
465,e0cf79767c5b016251fe139915c59a26,2
465,ed2067a9c1f79553088a3c67b99a9f97,1
465,f4d705aa95ccca448e5b0deb6e5290ba,1
465,f908d3bf313a1308bfb2a46ea2685347,1
465,fb55982be901439613a95940feefd9ee,1
465,fc1d8637c0268af3db482c14b7ef8e75,1
465,ff29d8cb1cd0cd5ea37b80dac9939e1c,1
466,13db47eae724e2848e12b71a617a3a41,1
466,165f86fe8b799a708a20ee4ba125c289,1
466,18b0e642cbae7251e60a64aa07dd9eb9,1
466,19c91ef95d509ea33eda93495c4d3481,2
466,29427de7f8a9ee983d9dbc51cec569b4,1
466,2948658cb6abc82847412be7201bfc4c,4
466,32e18e89237933ebdaaebd78a27e7fa1,1
466,3354a4e684f5e7199f9407db70ccd92b,1
466,349ce46a0e2e20054aa9d80c48af8816,1
466,389d119b48cf3043d311335e499d9c6b,1
466,437c05a395e9e47f9762e677a7068ce7,1
466,44d097d59e8430f88a67517cd0c4f865,1
466,53b36df67ebb7c41585e8d54d6772e08,8
466,55782cb82e0efe052da0a3da237da3b2,1
466,595fac2a385ac33a80bd5114aec74eb8,1
466,629e019a6f298a83aeecc7877964f935,1
466,6adab229374835b551f6402e0dc53267,1
466,6f3b5b605d91b7439c5e3f5a8dffeea7,1
466,719d571299707561c34ba04ab867b32a,1
466,727a46f0b58a9ef165af9f7ebcfebfa9,1
466,78efe838c04bbc568be034082200ac20,1
466,79366d6a24de9351b7ca6e3cf75a68ec,1
466,79da264732f717f10ebf5d102aa6c32a,2
466,7fb04722aba7a2b632bac8f9819796f3,1
466,8317b177579dd27ff068b83205e2169b,1
466,89321f94e35fc6d7903d36f74e351d40,1
466,8ed094bfe076c568f6bb10feada3f75d,1
466,9545d45c37449ccbc376de3a04c66e71,1
466,99f265229d46f700208ad7cb1ff48aae,1
466,a62e25e09e05e6faf31d90c6ec1aa3d1,1
466,ab1f9387c0627dd24000bfbc54fdeee0,1
466,aca2eb7d00ea1a7b8ebd4e68314663af,2
466,b532349fe46b38fbc7bb3914c1bdae07,1
466,bb42f37fc3d9130e4a4339d24a47dd7c,1
466,bb50f2e236e5eea0100680137654686c,1
466,bd6e6fce9ada76ea2db0f1912e8e478f,1
466,c9c6fde711572c1ad99ca12728c6af00,3
466,cb81df0e3ccece253557f2a07df4727e,2
466,d04e48982547095af81c231c3d581cb6,2
466,e0cf79767c5b016251fe139915c59a26,1
466,e5eadf9be70a4a9fa514019542fc330a,1
466,ffc9caf33e2d1e9f44e3e06da19085f7,1
467,1613b819ab5dae53aead2dbb4ebdb378,1
467,165f86fe8b799a708a20ee4ba125c289,1
467,1bfb290d7273a442c874dbe74b4abae6,1
467,2b4609f8948be18874494203496bc318,1
467,3354a4e684f5e7199f9407db70ccd92b,1
467,363218ba55c610b750224f90bdd34be1,1
467,372645c7439f9661fbbacfd129aa92ec,1
467,41c24b8ce92d1a2cac62db5edfd088b2,1
467,53b36df67ebb7c41585e8d54d6772e08,2
467,5526b1ae9ab2688cf600783cece249df,1
467,593236d0ff46b4299b4787fb8d43f7f0,1
467,67bd616e1ba0d3d3e8545f3113b0140d,1
467,68a058d125ba1544e726898f0b8c0523,1
467,6f3b5b605d91b7439c5e3f5a8dffeea7,1
467,704ef63ad0ac345842ea734060a83db2,1
467,7c1bd920dbdf22470b68bde975dd3ccf,1
467,817e1c2d22418c36386406ccacfa53e8,1
467,83b00325c13c44245b2c3a2befa62a0e,1
467,909b87db6cb3a7ab26bd03cc59860136,1
467,9ecadb84c81da840dbf3564378b586e9,2
467,a39cc58c1b5926b6f9f378daa89f1315,1
467,a5341e3f8155dbb3e62323d3ea289729,1
467,aa8d88eb4b9cb38894e33fa624c4287f,1
467,aca2eb7d00ea1a7b8ebd4e68314663af,2
467,b114bf337c0626166abe574eee9e3f32,1
467,b532349fe46b38fbc7bb3914c1bdae07,3
467,b8b426747049f2d3d6e00b486d47dedb,1
467,c9c6fde711572c1ad99ca12728c6af00,1
467,cac9e5692471a0700418aa3400b9b2b1,1
467,d04e48982547095af81c231c3d581cb6,1
467,d2f5484cbffe4ca766301b21ab9246dd,1
467,d3e1006ba3735c0d44160026b6e0ced3,1
467,ddceb6eef6af67e9fbbd4c148dbe5fd9,1
467,e0cf79767c5b016251fe139915c59a26,1
467,e44f675b60b3a3a2453ec36421e06f0f,1
467,e9a69340883a438c3f91739d14d3a56d,1
468,017692475c1c954ff597feda05131d73,1
468,16ed6a6e3fce23b741650437fe58d65b,2
468,177d3d5bb9d4d29222a222e3b3554f41,1
468,19421075ae0b585f2dc13ff149e2119d,1
468,1a758361b1c10b3ffe3d3373332de319,1
468,2948658cb6abc82847412be7201bfc4c,1
468,3225c54bb2785c33f49f50398fcdb88c,1
468,349ce46a0e2e20054aa9d80c48af8816,2
468,363218ba55c610b750224f90bdd34be1,1
468,368c6c730842d78016ad823897a372db,2
468,389d119b48cf3043d311335e499d9c6b,1
468,41c24b8ce92d1a2cac62db5edfd088b2,2
468,422879e10f46682990de24d770e7f83d,2
468,437c05a395e9e47f9762e677a7068ce7,2
468,4413a608a42bd21bbf9d5abbd58c249a,1
468,44fded21627553d1886d459384bbce06,1
468,4cd6ba4ea3112de8fc238307c4dc6307,1
468,51ce083cd2b9078656a94655ab45b8a4,1
468,53b36df67ebb7c41585e8d54d6772e08,5
468,5a848e4ab52fd5445cdc07aab1c40e48,1
468,679a3e5e1d2bb68982be5734c6e55e63,1
468,6f3b5b605d91b7439c5e3f5a8dffeea7,2
468,719d571299707561c34ba04ab867b32a,2
468,78efe838c04bbc568be034082200ac20,2
468,8562e2c780a345b609e1b802d7e3e4ae,1
468,a19b6951c75da43aad691622dd2f6abe,2
468,a59fb60fddcc72a9878b7ed5cb69d8e4,1
468,a92930c327948861c015c919a0bcb4a8,1
468,aa280035c50ba62c746480a59045eec4,2
468,aadff88486740e0b0ebe2be6c09476ae,2
468,aca2eb7d00ea1a7b8ebd4e68314663af,3
468,acc444eb5ad26f79d5a11baa6a03c439,1
468,bb42f37fc3d9130e4a4339d24a47dd7c,2
468,c3ba4e8d3cb30049213b682e751e9d00,1
468,d1c427060a0f73f6b889a5c7c61f2ac4,1
468,e03102efbc2229024c89be731f0aedcb,2
468,ee0c1cf2fbeae95205b4aa506f1469f0,1
468,ef66e63137bdd1b2e44aa968646fc1e3,3
468,f35927953ed82e19d06ad3aac2f06353,2
468,fe077ec80df6b4ee60bb4498d5ab1962,1
468,fe9dfbe7f974621789683b7b78be2a16,1
468,ff29d8cb1cd0cd5ea37b80dac9939e1c,1
468,ffc9caf33e2d1e9f44e3e06da19085f7,1
469,0705b33fb285827a578fce4899f1b921,1
469,086351823300e0339f6955b27998c186,1
469,0a4093a4af429dc0a9334300e5c13ae5,1
469,0cf41187284d7f099adc8415a743ebbd,1
469,19c91ef95d509ea33eda93495c4d3481,2
469,2136c70bbe723d338fab53da3c03e6dc,1
469,2948658cb6abc82847412be7201bfc4c,1
469,2b4609f8948be18874494203496bc318,2
469,2ffdf10e724b958c0f7ea69e97d32f64,1
469,349ce46a0e2e20054aa9d80c48af8816,1
469,363218ba55c610b750224f90bdd34be1,1
469,3cb39171fd36c50097f2dedbbe0dfe6e,1
469,3dd2a17168ec895c781a9191c1e95ad7,4
469,3eef0cb94ba82de806bb30ab743c7655,4
469,3fbc0ef745950c7932d5f2a446189725,2
469,422879e10f46682990de24d770e7f83d,2
469,4298b7e67dc399c200662b569563a2b2,1
469,437c05a395e9e47f9762e677a7068ce7,2
469,461f43be3bdf8844e65b62d9ac2c7a5a,1
469,4aa6014eceb682077f9dc4bffebc05b0,1
469,4fe644d766c7566dbc46fb851363cb3b,2
469,51f876eb62be778c757503cf7f8a3b74,1
469,52c80cedd4e90108bf4fa6a206ef6b03,1
469,53759a2ecddad2bb87a079a1f1519f73,1
469,53b36df67ebb7c41585e8d54d6772e08,3
469,5d6bea33648f018dbb563f3a2fab09f3,1
469,6109d0cae3bcb57d579bc0fab6e61814,1
469,617186c3d97ea56c9c683a8a3974e8c1,1
469,629e019a6f298a83aeecc7877964f935,1
469,64fb265487de2238627ce43fe8a67efc,1
469,679a3e5e1d2bb68982be5734c6e55e63,1
469,6f3b5b605d91b7439c5e3f5a8dffeea7,3
469,73bcea88583002fe12b7399af4ae60da,1
469,75d6b6963340c6063f7f4cfcccfe6a30,1
469,7c1bd920dbdf22470b68bde975dd3ccf,2
469,7fb04722aba7a2b632bac8f9819796f3,1
469,86c43103446290e7efacad3701cd654d,1
469,89321f94e35fc6d7903d36f74e351d40,2
469,8c292ca193d326152e335d77176746f0,1
469,8c591ab0ca519558779df02023177f44,2
469,97017430754804328eb9597b7f85da03,1
469,a02d0123079f4ae96001ba2010d1a2df,3
469,a12c9204f6f9e90ad1d8ba5571fbfed2,1
469,a92930c327948861c015c919a0bcb4a8,3
469,ab1f9387c0627dd24000bfbc54fdeee0,1
469,aca2eb7d00ea1a7b8ebd4e68314663af,5
469,acc444eb5ad26f79d5a11baa6a03c439,1
469,c20a3f598c16d77249da67e81caa8317,1
469,c72edc98e7d77f0c4c04ec80730c05f5,1
469,c9c6fde711572c1ad99ca12728c6af00,1
469,cadb69af336c16aba5c5223599821245,1
469,d04bbac48960ecb7ea311b00ca6e1cb7,1
469,d04e48982547095af81c231c3d581cb6,1
469,d1c427060a0f73f6b889a5c7c61f2ac4,2
469,d2f5484cbffe4ca766301b21ab9246dd,3
469,d3e1006ba3735c0d44160026b6e0ced3,1
469,dab2413ead0edda9967edbc9bda2a64e,1
469,e03102efbc2229024c89be731f0aedcb,2
469,e1da6ab77f4859eb17950e5df1c0f815,2
469,e59dd207c69d86e890febadc796d1078,2
469,e85d91619b497e98754390b6198a9818,1
469,f35927953ed82e19d06ad3aac2f06353,1
469,f7a17d2c51d9df89a4f1711c4ac17f33,1
470,036734b5a58d5d4f46b0616ddc047ced,1
470,0a57f7d2c983bcf8188589a5fea4a8da,1
470,0bcc3eeca39e1064258aa1e932269894,1
470,16ed6a6e3fce23b741650437fe58d65b,1
470,18b0e642cbae7251e60a64aa07dd9eb9,1
470,19c91ef95d509ea33eda93495c4d3481,2
470,1ec486885049bbb9b79351d150ed18c4,1
470,25c38557cf793876c5abdd5931f922db,1
470,2948658cb6abc82847412be7201bfc4c,2
470,2ffdf10e724b958c0f7ea69e97d32f64,1
470,349ce46a0e2e20054aa9d80c48af8816,2
470,3dd2a17168ec895c781a9191c1e95ad7,1
470,3eef0cb94ba82de806bb30ab743c7655,2
470,3fbc0ef745950c7932d5f2a446189725,2
470,422879e10f46682990de24d770e7f83d,1
470,42a2c92a0979a949ca4ea89ec5c7b934,1
470,474bb6b54fc608ca71059a6c4f7ecda3,1
470,4aa6014eceb682077f9dc4bffebc05b0,2
470,4cc8bfa581f41841ce5e24aba773a44a,1
470,52c80cedd4e90108bf4fa6a206ef6b03,1
470,53759a2ecddad2bb87a079a1f1519f73,1
470,53b36df67ebb7c41585e8d54d6772e08,13
470,55b71bf300a2765a382eaec566df531f,1
470,67bd616e1ba0d3d3e8545f3113b0140d,1
470,6a8631b72a2f8729b91514db87e771c0,2
470,6cdd53843498f92890544667809f1595,1
470,76d1a1a9d21ab677a61c3ae34b1b352f,1
470,777d2e438a1b645f3aec9bd57e92672c,1
470,78efe838c04bbc568be034082200ac20,1
470,7a10781637204d8d10485c71a6108a2e,1
470,7c4a8bec217df1de0df2b5aaf8175b65,1
470,7f064525eaaa1ce9d22c085f7ff5413a,1
470,7f72a8900b3d2fc8fa2635b7836d6e6e,1
470,7fab1a1472fdd934397068931f63f3ca,1
470,7fb04722aba7a2b632bac8f9819796f3,1
470,8317b177579dd27ff068b83205e2169b,1
470,83b00325c13c44245b2c3a2befa62a0e,1
470,8562e2c780a345b609e1b802d7e3e4ae,1
470,89321f94e35fc6d7903d36f74e351d40,1
470,8aa6223e400af9c97b07c75993142721,1
470,8ed094bfe076c568f6bb10feada3f75d,1
470,962a6951154f98f2c8e9a5b8b2bcf4a9,1
470,9da950e8c8c482441f1b93955b21c827,1
470,a0b7d5a992ccda646f2d34e418fff5a0,1
470,a62e25e09e05e6faf31d90c6ec1aa3d1,1
470,a92930c327948861c015c919a0bcb4a8,3
470,ab1f9387c0627dd24000bfbc54fdeee0,2
470,ac44def10e24998cdee20a208d691127,1
470,aca2eb7d00ea1a7b8ebd4e68314663af,2
470,b0961721fd839e9982420e807758a2a6,2
470,b532349fe46b38fbc7bb3914c1bdae07,3
470,ba74c6b75d2ad7503175809688d5a03c,1
470,bb50f2e236e5eea0100680137654686c,1
470,c3ba4e8d3cb30049213b682e751e9d00,1
470,cac9e5692471a0700418aa3400b9b2b1,1
470,d017a2151d543a9885604dc62a3d9dcc,2
470,d1c427060a0f73f6b889a5c7c61f2ac4,4
470,e44f675b60b3a3a2453ec36421e06f0f,2
470,e59dd207c69d86e890febadc796d1078,1
470,ed2067a9c1f79553088a3c67b99a9f97,1
470,ee0c1cf2fbeae95205b4aa506f1469f0,1
470,f6fa93875f4a7dac03e0a22143f4d815,1
470,fb55982be901439613a95940feefd9ee,1
470,fe75529a267b76ac6e96f0c322a899a4,1
471,017692475c1c954ff597feda05131d73,1
471,060c17562f97e5bb60bc0dfa4dd5b3f2,1
471,086351823300e0339f6955b27998c186,1
471,0bcc3eeca39e1064258aa1e932269894,2
471,13db47eae724e2848e12b71a617a3a41,1
471,19c91ef95d509ea33eda93495c4d3481,1
471,2948658cb6abc82847412be7201bfc4c,4
471,30ac6df06dc59ad72cf2f158fc2d904c,1
471,3dd2a17168ec895c781a9191c1e95ad7,3
471,3e442d09f9dfef002aadf31960869f65,1
471,3eef0cb94ba82de806bb30ab743c7655,2
471,3f14d740544f37ece8a9e7bc8349797e,1
471,3fbc0ef745950c7932d5f2a446189725,1
471,422879e10f46682990de24d770e7f83d,4
471,461f43be3bdf8844e65b62d9ac2c7a5a,1
471,4fe644d766c7566dbc46fb851363cb3b,1
471,53b36df67ebb7c41585e8d54d6772e08,6
471,53ea9da485f6aed8a6f03a85831fe021,1
471,54d9ac713e253fa1fae9c8003b011c2a,1
471,593236d0ff46b4299b4787fb8d43f7f0,2
471,5a848e4ab52fd5445cdc07aab1c40e48,1
471,6109d0cae3bcb57d579bc0fab6e61814,3
471,6cdd53843498f92890544667809f1595,1
471,6f3b5b605d91b7439c5e3f5a8dffeea7,1
471,7564c1759c04fc0a38f2aa84f7a370ee,1
471,781afe929e3016a667f5f439afd55fce,1
471,79da264732f717f10ebf5d102aa6c32a,1
471,7a10781637204d8d10485c71a6108a2e,1
471,7f064525eaaa1ce9d22c085f7ff5413a,1
471,7fab1a1472fdd934397068931f63f3ca,1
471,86c43103446290e7efacad3701cd654d,1
471,8aa6223e400af9c97b07c75993142721,1
471,914c9e9af640dd56f48764a225b00f89,1
471,91846781ef75057e134949400768e272,1
471,97017430754804328eb9597b7f85da03,1
471,9da950e8c8c482441f1b93955b21c827,1
471,a62e25e09e05e6faf31d90c6ec1aa3d1,3
471,aa280035c50ba62c746480a59045eec4,1
471,ab1f9387c0627dd24000bfbc54fdeee0,1
471,ac44def10e24998cdee20a208d691127,1
471,aca2eb7d00ea1a7b8ebd4e68314663af,1
471,bb50f2e236e5eea0100680137654686c,1
471,c9c6fde711572c1ad99ca12728c6af00,1
471,cd48f265a63e13b762601f5f794c5fca,1
471,d04bbac48960ecb7ea311b00ca6e1cb7,1
471,d1c427060a0f73f6b889a5c7c61f2ac4,2
471,d285360f29ac7fd97640bf0baef03de0,2
471,e0cf79767c5b016251fe139915c59a26,1
471,e44f675b60b3a3a2453ec36421e06f0f,3
471,e9a69340883a438c3f91739d14d3a56d,1
471,ea44caac707f7f1325182a538007f838,1
471,f40876e0ef3cd5f9132b1f16b04b1346,1
471,fe9dfbe7f974621789683b7b78be2a16,1
471,ffc9caf33e2d1e9f44e3e06da19085f7,1
472,0a4093a4af429dc0a9334300e5c13ae5,1
472,0aabfb375647d9738ad0f7b4ea3653b1,2
472,1613b819ab5dae53aead2dbb4ebdb378,1
472,16679d68bdbed3fb97af806424d7f2b7,3
472,177d3d5bb9d4d29222a222e3b3554f41,1
472,186fe07c8b8005ec6a498587ffbc1352,1
472,19c91ef95d509ea33eda93495c4d3481,1
472,2948658cb6abc82847412be7201bfc4c,5
472,2b4609f8948be18874494203496bc318,1
472,2ffdf10e724b958c0f7ea69e97d32f64,1
472,30ac6df06dc59ad72cf2f158fc2d904c,2
472,3354a4e684f5e7199f9407db70ccd92b,1
472,35ebf08a93899d44e756809e11b14754,1
472,368c6c730842d78016ad823897a372db,1
472,36f60d45225e60c7da4558b070ce4b60,1
472,3cb39171fd36c50097f2dedbbe0dfe6e,1
472,3f14d740544f37ece8a9e7bc8349797e,1
472,422879e10f46682990de24d770e7f83d,1
472,4aa6014eceb682077f9dc4bffebc05b0,1
472,4b703444923b5e57bb73ba343f5ebab7,1
472,52c80cedd4e90108bf4fa6a206ef6b03,1
472,53759a2ecddad2bb87a079a1f1519f73,1
472,53b36df67ebb7c41585e8d54d6772e08,12
472,53ea9da485f6aed8a6f03a85831fe021,1
472,55782cb82e0efe052da0a3da237da3b2,1
472,64fb265487de2238627ce43fe8a67efc,2
472,6a8631b72a2f8729b91514db87e771c0,1
472,6f3b5b605d91b7439c5e3f5a8dffeea7,3
472,7a10781637204d8d10485c71a6108a2e,1
472,7c1bd920dbdf22470b68bde975dd3ccf,1
472,7fb04722aba7a2b632bac8f9819796f3,1
472,84f456958365164420cfc80fbe4c7fab,2
472,89321f94e35fc6d7903d36f74e351d40,1
472,8aa6223e400af9c97b07c75993142721,1
472,914c9e9af640dd56f48764a225b00f89,1
472,921d31a1daa51460b7a95ea5f3ab64d5,1
472,94475071013412139f862c0bd7e3bb37,2
472,a0b7d5a992ccda646f2d34e418fff5a0,1
472,a39cc58c1b5926b6f9f378daa89f1315,1
472,a62e25e09e05e6faf31d90c6ec1aa3d1,2
472,a92930c327948861c015c919a0bcb4a8,1
472,aa8d88eb4b9cb38894e33fa624c4287f,1
472,aca2eb7d00ea1a7b8ebd4e68314663af,3
472,b532349fe46b38fbc7bb3914c1bdae07,1
472,bdcf6a834e8faa30dac3886c7a58e92e,1
472,c3ba4e8d3cb30049213b682e751e9d00,3
472,cadb69af336c16aba5c5223599821245,1
472,d04857e7b4b708ee8b8b9921163edba3,1
472,d04bbac48960ecb7ea311b00ca6e1cb7,1
472,d1c427060a0f73f6b889a5c7c61f2ac4,1
472,d285360f29ac7fd97640bf0baef03de0,1
472,dab2413ead0edda9967edbc9bda2a64e,1
472,dc52f0f5d3ec37a93eaf956cde4e5d2c,1
472,ddceb6eef6af67e9fbbd4c148dbe5fd9,2
472,e0cf79767c5b016251fe139915c59a26,1
472,e44f675b60b3a3a2453ec36421e06f0f,1
472,e59dd207c69d86e890febadc796d1078,3
472,e9a69340883a438c3f91739d14d3a56d,1
472,ea44caac707f7f1325182a538007f838,1
472,eb8c629f70275fd1c4f809116cce1efc,2
472,f40876e0ef3cd5f9132b1f16b04b1346,2
472,fbc1488c1a1e72ba175f53ab29a248e8,1
473,06edb72f1e0c64b14c5b79353f7abea3,2
473,0bcc3eeca39e1064258aa1e932269894,1
473,13db47eae724e2848e12b71a617a3a41,1
473,18b0e642cbae7251e60a64aa07dd9eb9,1
473,1ec486885049bbb9b79351d150ed18c4,1
473,2136c70bbe723d338fab53da3c03e6dc,2
473,25f86162fee18735fffdb762dcb10d7c,1
473,2948658cb6abc82847412be7201bfc4c,5
473,2a2d22ae30e026f1893083c8405ca522,1
473,2b4609f8948be18874494203496bc318,1
473,349ce46a0e2e20054aa9d80c48af8816,1
473,363218ba55c610b750224f90bdd34be1,2
473,368c6c730842d78016ad823897a372db,1
473,389d119b48cf3043d311335e499d9c6b,3
473,3dd2a17168ec895c781a9191c1e95ad7,2
473,3fbc0ef745950c7932d5f2a446189725,2
473,4178e16324fd0c9a8e18463caf390cc6,1
473,41c24b8ce92d1a2cac62db5edfd088b2,2
473,4298b7e67dc399c200662b569563a2b2,1
473,437c05a395e9e47f9762e677a7068ce7,1
473,44fded21627553d1886d459384bbce06,1
473,461f43be3bdf8844e65b62d9ac2c7a5a,1
473,4b96786612ebe7463132fce2c4dca136,1
473,4fe644d766c7566dbc46fb851363cb3b,1
473,53759a2ecddad2bb87a079a1f1519f73,1
473,53b36df67ebb7c41585e8d54d6772e08,10
473,54d9ac713e253fa1fae9c8003b011c2a,1
473,595fac2a385ac33a80bd5114aec74eb8,1
473,64fb265487de2238627ce43fe8a67efc,1
473,7c1bd920dbdf22470b68bde975dd3ccf,1
473,7ce94ab189134e2d3c05f496d635419c,2
473,89321f94e35fc6d7903d36f74e351d40,2
473,8ed094bfe076c568f6bb10feada3f75d,6
473,909b87db6cb3a7ab26bd03cc59860136,1
473,91846781ef75057e134949400768e272,1
473,928e52a9ad53a294fdcc91bcf59d1751,6
473,94475071013412139f862c0bd7e3bb37,1
473,a0b7d5a992ccda646f2d34e418fff5a0,1
473,a59fb60fddcc72a9878b7ed5cb69d8e4,1
473,a62e25e09e05e6faf31d90c6ec1aa3d1,2
473,a8075470f960215ffb67624782f80fec,1
473,aca2eb7d00ea1a7b8ebd4e68314663af,5
473,c3ba4e8d3cb30049213b682e751e9d00,1
473,c9c6fde711572c1ad99ca12728c6af00,2
473,cac9e5692471a0700418aa3400b9b2b1,2
473,cd48f265a63e13b762601f5f794c5fca,1
473,d1c427060a0f73f6b889a5c7c61f2ac4,2
473,e53e557d5a159f5aa2c5e995dfdf244b,1
473,e59dd207c69d86e890febadc796d1078,1
473,ed2067a9c1f79553088a3c67b99a9f97,1
473,f7a17d2c51d9df89a4f1711c4ac17f33,1
474,08a58dc963320d6073623382b9ceb920,1
474,0a4093a4af429dc0a9334300e5c13ae5,1
474,0aabfb375647d9738ad0f7b4ea3653b1,1
474,0bbdc963004d9b2fd3427ee3c5ae3608,1
474,177d3d5bb9d4d29222a222e3b3554f41,1
474,2136c70bbe723d338fab53da3c03e6dc,1
474,2948658cb6abc82847412be7201bfc4c,1
474,2b4609f8948be18874494203496bc318,1
474,35afc973633aaeb6b877ff57b2793310,1
474,35ebf08a93899d44e756809e11b14754,3
474,3fbc0ef745950c7932d5f2a446189725,1
474,41c24b8ce92d1a2cac62db5edfd088b2,2
474,422879e10f46682990de24d770e7f83d,2
474,43423cdffde7fda63d0414ed38c11a73,1
474,437c05a395e9e47f9762e677a7068ce7,1
474,44d097d59e8430f88a67517cd0c4f865,1
474,461f43be3bdf8844e65b62d9ac2c7a5a,1
474,4aa6014eceb682077f9dc4bffebc05b0,1
474,4cc8bfa581f41841ce5e24aba773a44a,1
474,4fe644d766c7566dbc46fb851363cb3b,3
474,52c80cedd4e90108bf4fa6a206ef6b03,1
474,53b36df67ebb7c41585e8d54d6772e08,1
474,54d9ac713e253fa1fae9c8003b011c2a,1
474,566a4f2c4385f36d15c00dfcaae132d1,1
474,67bd616e1ba0d3d3e8545f3113b0140d,1
474,6803077179d24889430188e03fafd31a,1
474,6f3b5b605d91b7439c5e3f5a8dffeea7,3
474,719d571299707561c34ba04ab867b32a,1
474,78efe838c04bbc568be034082200ac20,1
474,7a10781637204d8d10485c71a6108a2e,3
474,7ce94ab189134e2d3c05f496d635419c,1
474,827c4a77226a3e7ef259d61eaa775df9,1
474,82e4ad16521ca131d95e198d507db370,1
474,84f456958365164420cfc80fbe4c7fab,1
474,93c902b021a9e594f658ab1b0351602a,1
474,97017430754804328eb9597b7f85da03,2
474,a19b6951c75da43aad691622dd2f6abe,2
474,aa280035c50ba62c746480a59045eec4,1
474,aca2eb7d00ea1a7b8ebd4e68314663af,1
474,c3ba4e8d3cb30049213b682e751e9d00,1
474,c9c6fde711572c1ad99ca12728c6af00,1
474,d1c427060a0f73f6b889a5c7c61f2ac4,3
474,e0cf79767c5b016251fe139915c59a26,1
474,e0d64dcfaa3b6db5c54ca298ae101d05,1
474,e53e557d5a159f5aa2c5e995dfdf244b,1
474,e59dd207c69d86e890febadc796d1078,4
474,eb8c629f70275fd1c4f809116cce1efc,1
474,ed2067a9c1f79553088a3c67b99a9f97,1
474,ee406bf28024d97771c4b1e8b7e8e219,1
475,036734b5a58d5d4f46b0616ddc047ced,1
475,060c17562f97e5bb60bc0dfa4dd5b3f2,1
475,173e9fe34bfe97f3a5e6dc57fe897b74,3
475,19c91ef95d509ea33eda93495c4d3481,3
475,368c6c730842d78016ad823897a372db,1
475,380b4664ba5bb18cc9db78ee6bac3558,1
475,3fbc0ef745950c7932d5f2a446189725,1
475,41c24b8ce92d1a2cac62db5edfd088b2,3
475,422879e10f46682990de24d770e7f83d,2
475,4298b7e67dc399c200662b569563a2b2,1
475,43423cdffde7fda63d0414ed38c11a73,1
475,437c05a395e9e47f9762e677a7068ce7,3
475,461f43be3bdf8844e65b62d9ac2c7a5a,1
475,4aa6014eceb682077f9dc4bffebc05b0,2
475,4deb009c36a910076a023947a7929201,1
475,4fe644d766c7566dbc46fb851363cb3b,1
475,51f876eb62be778c757503cf7f8a3b74,1
475,5403528d987ad26e8d7cb25940411987,1
475,593236d0ff46b4299b4787fb8d43f7f0,2
475,6adab229374835b551f6402e0dc53267,1
475,6f3b5b605d91b7439c5e3f5a8dffeea7,1
475,704ef63ad0ac345842ea734060a83db2,2
475,78efe838c04bbc568be034082200ac20,1
475,7a10781637204d8d10485c71a6108a2e,2
475,7fb04722aba7a2b632bac8f9819796f3,1
475,8562e2c780a345b609e1b802d7e3e4ae,1
475,93c902b021a9e594f658ab1b0351602a,1
475,97017430754804328eb9597b7f85da03,1
475,99a4788cb24856965c36a24e339b6058,1
475,a5341e3f8155dbb3e62323d3ea289729,1
475,a92930c327948861c015c919a0bcb4a8,1
475,aca2eb7d00ea1a7b8ebd4e68314663af,2
475,ba74c6b75d2ad7503175809688d5a03c,1
475,c5b72065154ec27c2d1ed8a654c3348f,1
475,d1c427060a0f73f6b889a5c7c61f2ac4,1
475,e0cf79767c5b016251fe139915c59a26,1
475,e59dd207c69d86e890febadc796d1078,1
475,fc1d8637c0268af3db482c14b7ef8e75,1
476,036734b5a58d5d4f46b0616ddc047ced,1
476,06edb72f1e0c64b14c5b79353f7abea3,1
476,0cf41187284d7f099adc8415a743ebbd,1
476,1613b819ab5dae53aead2dbb4ebdb378,1
476,16679d68bdbed3fb97af806424d7f2b7,2
476,173e9fe34bfe97f3a5e6dc57fe897b74,1
476,18b0e642cbae7251e60a64aa07dd9eb9,1
476,19421075ae0b585f2dc13ff149e2119d,5
476,19c91ef95d509ea33eda93495c4d3481,1
476,1ec486885049bbb9b79351d150ed18c4,1
476,25c38557cf793876c5abdd5931f922db,1
476,2948658cb6abc82847412be7201bfc4c,2
476,30ac6df06dc59ad72cf2f158fc2d904c,1
476,30ccf4724f5227265f837e9ba0246278,1
476,368c6c730842d78016ad823897a372db,4
476,380b4664ba5bb18cc9db78ee6bac3558,2
476,389d119b48cf3043d311335e499d9c6b,4
476,3b60d513e90300a4e9833e5cda1f1d61,1
476,3cb39171fd36c50097f2dedbbe0dfe6e,1
476,3dd2a17168ec895c781a9191c1e95ad7,2
476,3fbc0ef745950c7932d5f2a446189725,2
476,41c24b8ce92d1a2cac62db5edfd088b2,3
476,422879e10f46682990de24d770e7f83d,3
476,437c05a395e9e47f9762e677a7068ce7,1
476,44fded21627553d1886d459384bbce06,1
476,461f43be3bdf8844e65b62d9ac2c7a5a,1
476,4cd6ba4ea3112de8fc238307c4dc6307,1
476,4ce9ab528124f89e091b17d11aa2e97c,1
476,4fe644d766c7566dbc46fb851363cb3b,1
476,52c80cedd4e90108bf4fa6a206ef6b03,1
476,53759a2ecddad2bb87a079a1f1519f73,4
476,53b36df67ebb7c41585e8d54d6772e08,4
476,54d9ac713e253fa1fae9c8003b011c2a,1
476,595fac2a385ac33a80bd5114aec74eb8,1
476,5d6bea33648f018dbb563f3a2fab09f3,1
476,634256dbcd184b3757ffd7632c9fe52a,1
476,67bd616e1ba0d3d3e8545f3113b0140d,1
476,6adab229374835b551f6402e0dc53267,1
476,78efe838c04bbc568be034082200ac20,2
476,7f72a8900b3d2fc8fa2635b7836d6e6e,1
476,7fab1a1472fdd934397068931f63f3ca,1
476,810e2944bca9850b934e1570ba372e7d,2
476,82e4ad16521ca131d95e198d507db370,1
476,89321f94e35fc6d7903d36f74e351d40,1
476,8b50a72d52d7a91fb19d19fbe069e2f2,1
476,97017430754804328eb9597b7f85da03,1
476,99a4788cb24856965c36a24e339b6058,2
476,9da950e8c8c482441f1b93955b21c827,2
476,a39cc58c1b5926b6f9f378daa89f1315,1
476,ab1f9387c0627dd24000bfbc54fdeee0,1
476,ac44def10e24998cdee20a208d691127,1
476,aca2eb7d00ea1a7b8ebd4e68314663af,1
476,bb50f2e236e5eea0100680137654686c,1
476,cac9e5692471a0700418aa3400b9b2b1,1
476,cadb69af336c16aba5c5223599821245,1
476,cb81df0e3ccece253557f2a07df4727e,1
476,d04bbac48960ecb7ea311b00ca6e1cb7,1
476,d1c427060a0f73f6b889a5c7c61f2ac4,5
476,d285360f29ac7fd97640bf0baef03de0,2
476,dab2413ead0edda9967edbc9bda2a64e,1
476,ddceb6eef6af67e9fbbd4c148dbe5fd9,2
476,e53e557d5a159f5aa2c5e995dfdf244b,1
476,ec2d43cc59763ec91694573b31f1c29a,1
476,ed2067a9c1f79553088a3c67b99a9f97,1
477,060c17562f97e5bb60bc0dfa4dd5b3f2,1
477,06edb72f1e0c64b14c5b79353f7abea3,1
477,08a58dc963320d6073623382b9ceb920,1
477,0a57f7d2c983bcf8188589a5fea4a8da,2
477,173e9fe34bfe97f3a5e6dc57fe897b74,1
477,19c91ef95d509ea33eda93495c4d3481,2
477,2948658cb6abc82847412be7201bfc4c,4
477,2ffdf10e724b958c0f7ea69e97d32f64,1
477,30ac6df06dc59ad72cf2f158fc2d904c,2
477,30ccf4724f5227265f837e9ba0246278,1
477,3354a4e684f5e7199f9407db70ccd92b,1
477,363218ba55c610b750224f90bdd34be1,1
477,368c6c730842d78016ad823897a372db,1
477,3dd2a17168ec895c781a9191c1e95ad7,3
477,3fbc0ef745950c7932d5f2a446189725,4
477,41c24b8ce92d1a2cac62db5edfd088b2,2
477,422879e10f46682990de24d770e7f83d,5
477,437c05a395e9e47f9762e677a7068ce7,4
477,474bb6b54fc608ca71059a6c4f7ecda3,1
477,4fe644d766c7566dbc46fb851363cb3b,2
477,51f876eb62be778c757503cf7f8a3b74,1
477,53759a2ecddad2bb87a079a1f1519f73,1
477,53b36df67ebb7c41585e8d54d6772e08,9
477,54d9ac713e253fa1fae9c8003b011c2a,2
477,629e019a6f298a83aeecc7877964f935,1
477,634256dbcd184b3757ffd7632c9fe52a,1
477,6803077179d24889430188e03fafd31a,1
477,6adab229374835b551f6402e0dc53267,1
477,6f3b5b605d91b7439c5e3f5a8dffeea7,4
477,704ef63ad0ac345842ea734060a83db2,1
477,727a46f0b58a9ef165af9f7ebcfebfa9,1
477,7340a3839a1de1e99d149b8cf052a2ec,1
477,777d2e438a1b645f3aec9bd57e92672c,1
477,79da264732f717f10ebf5d102aa6c32a,1
477,7a10781637204d8d10485c71a6108a2e,2
477,8317b177579dd27ff068b83205e2169b,2
477,84f456958365164420cfc80fbe4c7fab,1
477,8562e2c780a345b609e1b802d7e3e4ae,2
477,8aa6223e400af9c97b07c75993142721,1
477,914c9e9af640dd56f48764a225b00f89,1
477,91b08d34d0ba4db44da2dc382867ba49,1
477,962a6951154f98f2c8e9a5b8b2bcf4a9,1
477,990d135e28e075648cb7d83198fdccf4,1
477,99a4788cb24856965c36a24e339b6058,1
477,a39cc58c1b5926b6f9f378daa89f1315,1
477,a59fb60fddcc72a9878b7ed5cb69d8e4,1
477,ab1f9387c0627dd24000bfbc54fdeee0,1
477,aca2eb7d00ea1a7b8ebd4e68314663af,5
477,af2d506fb01b724e03591349ad36b67e,1
477,b5e13c9a353102f79c6206ff5cb61a50,1
477,b8b426747049f2d3d6e00b486d47dedb,2
477,bdc3291ab242ec1effc8eb0987850268,1
477,c075b8e131353552218860f1c421e4ef,1
477,d2085f7e0f9533605386960fc7e987ec,1
477,d2f5484cbffe4ca766301b21ab9246dd,1
477,e0cf79767c5b016251fe139915c59a26,1
477,e53e557d5a159f5aa2c5e995dfdf244b,2
477,e94df75b2e9a8b056be0c144a731f55c,1
477,eb8c629f70275fd1c4f809116cce1efc,3
477,f908d3bf313a1308bfb2a46ea2685347,1
477,fc1d8637c0268af3db482c14b7ef8e75,1
478,05a9dadb8402b6b7ae3dd28f7da187b5,1
478,0bcc3eeca39e1064258aa1e932269894,1
478,130482add9fd75ccb6c57ba007694a2d,1
478,1613b819ab5dae53aead2dbb4ebdb378,2
478,173e9fe34bfe97f3a5e6dc57fe897b74,1
478,19c91ef95d509ea33eda93495c4d3481,2
478,1bfb290d7273a442c874dbe74b4abae6,1
478,1dec4c88c685d5a07bf01dcb0f8bf9f8,1
478,216bb0e0cd43ffd832e0973d35e0377e,1
478,2948658cb6abc82847412be7201bfc4c,6
478,2a5806f10d0f00e5ad032dd2e3c8806e,1
478,2ffdf10e724b958c0f7ea69e97d32f64,1
478,368c6c730842d78016ad823897a372db,2
478,389d119b48cf3043d311335e499d9c6b,3
478,3cb39171fd36c50097f2dedbbe0dfe6e,1
478,3dd2a17168ec895c781a9191c1e95ad7,2
478,3fbc0ef745950c7932d5f2a446189725,3
478,41c24b8ce92d1a2cac62db5edfd088b2,1
478,422879e10f46682990de24d770e7f83d,8
478,43423cdffde7fda63d0414ed38c11a73,1
478,437c05a395e9e47f9762e677a7068ce7,6
478,461f43be3bdf8844e65b62d9ac2c7a5a,2
478,4b96786612ebe7463132fce2c4dca136,1
478,51f876eb62be778c757503cf7f8a3b74,1
478,53759a2ecddad2bb87a079a1f1519f73,3
478,53b36df67ebb7c41585e8d54d6772e08,6
478,54d9ac713e253fa1fae9c8003b011c2a,2
478,55b71bf300a2765a382eaec566df531f,1
478,57e089e3103f5cda6a4ce23b77399bdb,1
478,595fac2a385ac33a80bd5114aec74eb8,2
478,64fb13596caf118c438edc5c6ed2d50a,1
478,64fb265487de2238627ce43fe8a67efc,1
478,6f3b5b605d91b7439c5e3f5a8dffeea7,3
478,703d742887bb9267f89b675608ba7aa0,2
478,764292b2b0f73f77a0272be03fdd45f3,1
478,781afe929e3016a667f5f439afd55fce,2
478,79da264732f717f10ebf5d102aa6c32a,1
478,7a10781637204d8d10485c71a6108a2e,1
478,7c1bd920dbdf22470b68bde975dd3ccf,1
478,7fab1a1472fdd934397068931f63f3ca,1
478,8317b177579dd27ff068b83205e2169b,1
478,8562e2c780a345b609e1b802d7e3e4ae,1
478,86c43103446290e7efacad3701cd654d,1
478,89321f94e35fc6d7903d36f74e351d40,1
478,8ed094bfe076c568f6bb10feada3f75d,1
478,921d31a1daa51460b7a95ea5f3ab64d5,1
478,93a12c289ca2b78e7069e469f5053ef2,2
478,94475071013412139f862c0bd7e3bb37,1
478,962a6951154f98f2c8e9a5b8b2bcf4a9,2
478,a02d0123079f4ae96001ba2010d1a2df,1
478,a5341e3f8155dbb3e62323d3ea289729,1
478,a62e25e09e05e6faf31d90c6ec1aa3d1,4
478,abc3432ff825d8e524db1d4eac6d2099,1
478,aca2eb7d00ea1a7b8ebd4e68314663af,3
478,ba74c6b75d2ad7503175809688d5a03c,2
478,bb50f2e236e5eea0100680137654686c,1
478,bce474cc95b6e77657e10939b0b4248c,1
478,c72edc98e7d77f0c4c04ec80730c05f5,1
478,cac9e5692471a0700418aa3400b9b2b1,1
478,cc5447118c174dcc6456c84ccb29e6f7,1
478,d1c427060a0f73f6b889a5c7c61f2ac4,4
478,d285360f29ac7fd97640bf0baef03de0,2
478,d63c1011f49d98b976c352955b1c4bea,2
478,e0cf79767c5b016251fe139915c59a26,3
478,e44f675b60b3a3a2453ec36421e06f0f,1
478,e53e557d5a159f5aa2c5e995dfdf244b,1
478,ee0c1cf2fbeae95205b4aa506f1469f0,1
478,f8b624d4e475bb8d1bddf1b65c6a64f6,2
478,ffc9caf33e2d1e9f44e3e06da19085f7,2
479,173e9fe34bfe97f3a5e6dc57fe897b74,2
479,19421075ae0b585f2dc13ff149e2119d,1
479,1dec4c88c685d5a07bf01dcb0f8bf9f8,1
479,30ac6df06dc59ad72cf2f158fc2d904c,2
479,35ebf08a93899d44e756809e11b14754,1
479,368c6c730842d78016ad823897a372db,4
479,389d119b48cf3043d311335e499d9c6b,2
479,3dd2a17168ec895c781a9191c1e95ad7,1
479,3fbc0ef745950c7932d5f2a446189725,3
479,422879e10f46682990de24d770e7f83d,4
479,4298b7e67dc399c200662b569563a2b2,1
479,437c05a395e9e47f9762e677a7068ce7,1
479,44fded21627553d1886d459384bbce06,2
479,53759a2ecddad2bb87a079a1f1519f73,2
479,53b36df67ebb7c41585e8d54d6772e08,13
479,5526b1ae9ab2688cf600783cece249df,1
479,566a4f2c4385f36d15c00dfcaae132d1,1
479,57e089e3103f5cda6a4ce23b77399bdb,1
479,69455f41626a745aea9ee9164cb9eafd,1
479,6a23ae3187f1dac41b7210a8c7739d6b,2
479,6f3b5b605d91b7439c5e3f5a8dffeea7,1
479,703d742887bb9267f89b675608ba7aa0,4
479,727a46f0b58a9ef165af9f7ebcfebfa9,2
479,781afe929e3016a667f5f439afd55fce,1
479,7a10781637204d8d10485c71a6108a2e,1
479,7ce94ab189134e2d3c05f496d635419c,2
479,7f064525eaaa1ce9d22c085f7ff5413a,1
479,8317b177579dd27ff068b83205e2169b,2
479,89321f94e35fc6d7903d36f74e351d40,1
479,8c292ca193d326152e335d77176746f0,4
479,91846781ef75057e134949400768e272,1
479,93a12c289ca2b78e7069e469f5053ef2,1
479,93c902b021a9e594f658ab1b0351602a,1
479,9545d45c37449ccbc376de3a04c66e71,1
479,99a4788cb24856965c36a24e339b6058,2
479,9d8a0e115e802d845b4ce1eb794d1260,1
479,a62e25e09e05e6faf31d90c6ec1aa3d1,1
479,aa280035c50ba62c746480a59045eec4,1
479,aa8d88eb4b9cb38894e33fa624c4287f,1
479,ab1f9387c0627dd24000bfbc54fdeee0,1
479,aca2eb7d00ea1a7b8ebd4e68314663af,2
479,ba74c6b75d2ad7503175809688d5a03c,1
479,bb50f2e236e5eea0100680137654686c,1
479,bce474cc95b6e77657e10939b0b4248c,1
479,c6336fa91fbd87c359e44f5dca5a90ed,1
479,c9c6fde711572c1ad99ca12728c6af00,1
479,cac9e5692471a0700418aa3400b9b2b1,1
479,d017a2151d543a9885604dc62a3d9dcc,1
479,d1c427060a0f73f6b889a5c7c61f2ac4,1
479,d2085f7e0f9533605386960fc7e987ec,1
479,dab2413ead0edda9967edbc9bda2a64e,1
479,e0cf79767c5b016251fe139915c59a26,1
479,e4ca5b20cfe1a020e15e36fe14e880ee,2
479,e59dd207c69d86e890febadc796d1078,1
479,e9a69340883a438c3f91739d14d3a56d,1
479,eb8c629f70275fd1c4f809116cce1efc,4
479,ecbe1ef7e2903ff8b1d704ba78fa264d,1
479,ef66e63137bdd1b2e44aa968646fc1e3,1
479,f4d705aa95ccca448e5b0deb6e5290ba,2
479,f71f42e2381752836563b70beb542f80,1
479,fe9dfbe7f974621789683b7b78be2a16,1
479,ff29d8cb1cd0cd5ea37b80dac9939e1c,1
480,05a9dadb8402b6b7ae3dd28f7da187b5,1
480,06edb72f1e0c64b14c5b79353f7abea3,2
480,0cf41187284d7f099adc8415a743ebbd,1
480,11fd9d7ba552e1d28872e008acf1e050,1
480,154e7e31ebfa092203795c972e5804a6,1
480,1613b819ab5dae53aead2dbb4ebdb378,1
480,173e9fe34bfe97f3a5e6dc57fe897b74,2
480,19c91ef95d509ea33eda93495c4d3481,5
480,2ffdf10e724b958c0f7ea69e97d32f64,1
480,3354a4e684f5e7199f9407db70ccd92b,1
480,368c6c730842d78016ad823897a372db,3
480,389d119b48cf3043d311335e499d9c6b,1
480,3cb39171fd36c50097f2dedbbe0dfe6e,1
480,3dd2a17168ec895c781a9191c1e95ad7,1
480,3f14d740544f37ece8a9e7bc8349797e,1
480,3fbc0ef745950c7932d5f2a446189725,3
480,41c24b8ce92d1a2cac62db5edfd088b2,5
480,422879e10f46682990de24d770e7f83d,4
480,4298b7e67dc399c200662b569563a2b2,2
480,461f43be3bdf8844e65b62d9ac2c7a5a,1
480,4deb009c36a910076a023947a7929201,6
480,4fe644d766c7566dbc46fb851363cb3b,1
480,53b36df67ebb7c41585e8d54d6772e08,7
480,5403528d987ad26e8d7cb25940411987,1
480,5d6bea33648f018dbb563f3a2fab09f3,1
480,6cc44821f36f3156c782da72dd634e47,1
480,6f3b5b605d91b7439c5e3f5a8dffeea7,1
480,7a10781637204d8d10485c71a6108a2e,2
480,7f4e034245e45549110139d1de248f83,1
480,84f456958365164420cfc80fbe4c7fab,1
480,8aa6223e400af9c97b07c75993142721,1
480,914c9e9af640dd56f48764a225b00f89,1
480,928e52a9ad53a294fdcc91bcf59d1751,1
480,93c902b021a9e594f658ab1b0351602a,1
480,97017430754804328eb9597b7f85da03,1
480,990d135e28e075648cb7d83198fdccf4,1
480,99a4788cb24856965c36a24e339b6058,3
480,9da950e8c8c482441f1b93955b21c827,1
480,9ecadb84c81da840dbf3564378b586e9,2
480,a02d0123079f4ae96001ba2010d1a2df,1
480,a0b7d5a992ccda646f2d34e418fff5a0,1
480,a62e25e09e05e6faf31d90c6ec1aa3d1,3
480,aca2eb7d00ea1a7b8ebd4e68314663af,5
480,af2d506fb01b724e03591349ad36b67e,1
480,c3097e07a0a5de0d4b4c836d90c5a284,1
480,c7fd13b5e515bffdab855d0812842edb,1
480,cadb69af336c16aba5c5223599821245,1
480,ccadfeab525a9eb1569983b66e5075c4,1
480,cec09725da5ed01471d9a505e7389d37,1
480,d017a2151d543a9885604dc62a3d9dcc,1
480,d1c427060a0f73f6b889a5c7c61f2ac4,3
480,d285360f29ac7fd97640bf0baef03de0,2
480,dab2413ead0edda9967edbc9bda2a64e,2
480,e0cf79767c5b016251fe139915c59a26,2
480,e5ae72c62ebfa708624f5029d609b160,1
480,ea44caac707f7f1325182a538007f838,1
480,ee406bf28024d97771c4b1e8b7e8e219,2
480,f908d3bf313a1308bfb2a46ea2685347,1
480,fb55982be901439613a95940feefd9ee,1
481,06edb72f1e0c64b14c5b79353f7abea3,2
481,10717ff440b2320081989126e858b220,1
481,1613b819ab5dae53aead2dbb4ebdb378,1
481,173e9fe34bfe97f3a5e6dc57fe897b74,1
481,19c91ef95d509ea33eda93495c4d3481,2
481,3354a4e684f5e7199f9407db70ccd92b,1
481,368c6c730842d78016ad823897a372db,1
481,389d119b48cf3043d311335e499d9c6b,1
481,3dd2a17168ec895c781a9191c1e95ad7,1
481,3fbc0ef745950c7932d5f2a446189725,1
481,41c24b8ce92d1a2cac62db5edfd088b2,1
481,41db6d8062fcd38410c699743ccc0265,1
481,422879e10f46682990de24d770e7f83d,1
481,437c05a395e9e47f9762e677a7068ce7,2
481,461f43be3bdf8844e65b62d9ac2c7a5a,2
481,4b96786612ebe7463132fce2c4dca136,1
481,4fe644d766c7566dbc46fb851363cb3b,1
481,51ce083cd2b9078656a94655ab45b8a4,1
481,53b36df67ebb7c41585e8d54d6772e08,12
481,5526b1ae9ab2688cf600783cece249df,1
481,595fac2a385ac33a80bd5114aec74eb8,2
481,5dee2c14e1989141e15d341d4c62d72a,1
481,6803077179d24889430188e03fafd31a,1
481,6f3b5b605d91b7439c5e3f5a8dffeea7,2
481,703d742887bb9267f89b675608ba7aa0,4
481,78efe838c04bbc568be034082200ac20,1
481,7a10781637204d8d10485c71a6108a2e,1
481,7fab1a1472fdd934397068931f63f3ca,1
481,8317b177579dd27ff068b83205e2169b,1
481,83b00325c13c44245b2c3a2befa62a0e,1
481,84f456958365164420cfc80fbe4c7fab,1
481,8c292ca193d326152e335d77176746f0,1
481,93a12c289ca2b78e7069e469f5053ef2,1
481,93c902b021a9e594f658ab1b0351602a,1
481,962a6951154f98f2c8e9a5b8b2bcf4a9,1
481,97017430754804328eb9597b7f85da03,1
481,a62e25e09e05e6faf31d90c6ec1aa3d1,3
481,a8075470f960215ffb67624782f80fec,1
481,aadff88486740e0b0ebe2be6c09476ae,1
481,aca2eb7d00ea1a7b8ebd4e68314663af,2
481,b5e13c9a353102f79c6206ff5cb61a50,1
481,b8a0d73b2a06e7910d9864dccdb0cda2,1
481,bb50f2e236e5eea0100680137654686c,1
481,bce474cc95b6e77657e10939b0b4248c,1
481,c9c6fde711572c1ad99ca12728c6af00,1
481,d1c427060a0f73f6b889a5c7c61f2ac4,1
481,d692d19cee022f7acab76373f297ad6a,2
481,ddceb6eef6af67e9fbbd4c148dbe5fd9,1
481,e0cf79767c5b016251fe139915c59a26,2
481,e59dd207c69d86e890febadc796d1078,1
481,f7f59e6186e10983a061ac7bdb3494d6,2
482,044f05bc9de36e8a693a83e4bc79dd0d,1
482,0aabfb375647d9738ad0f7b4ea3653b1,1
482,0bbdc963004d9b2fd3427ee3c5ae3608,1
482,173e9fe34bfe97f3a5e6dc57fe897b74,1
482,177d3d5bb9d4d29222a222e3b3554f41,1
482,19c91ef95d509ea33eda93495c4d3481,3
482,3354a4e684f5e7199f9407db70ccd92b,1
482,363218ba55c610b750224f90bdd34be1,2
482,3dd2a17168ec895c781a9191c1e95ad7,1
482,3fbc0ef745950c7932d5f2a446189725,1
482,41db6d8062fcd38410c699743ccc0265,1
482,422879e10f46682990de24d770e7f83d,2
482,461f43be3bdf8844e65b62d9ac2c7a5a,1
482,4fe644d766c7566dbc46fb851363cb3b,1
482,53b36df67ebb7c41585e8d54d6772e08,6
482,5d6bea33648f018dbb563f3a2fab09f3,1
482,634256dbcd184b3757ffd7632c9fe52a,1
482,6a8631b72a2f8729b91514db87e771c0,1
482,6f3b5b605d91b7439c5e3f5a8dffeea7,2
482,704ef63ad0ac345842ea734060a83db2,1
482,7340a3839a1de1e99d149b8cf052a2ec,2
482,777d2e438a1b645f3aec9bd57e92672c,1
482,79da264732f717f10ebf5d102aa6c32a,1
482,7a10781637204d8d10485c71a6108a2e,1
482,7f4e034245e45549110139d1de248f83,1
482,82e4ad16521ca131d95e198d507db370,1
482,880be32f4db1d9f6e2bec38fb6ac23ab,1
482,9da950e8c8c482441f1b93955b21c827,1
482,aa8d88eb4b9cb38894e33fa624c4287f,1
482,aca2eb7d00ea1a7b8ebd4e68314663af,5
482,bce474cc95b6e77657e10939b0b4248c,1
482,c20a3f598c16d77249da67e81caa8317,6
482,c7fd13b5e515bffdab855d0812842edb,2
482,c92f0e7b9d49a9543558d6532772441b,1
482,cac9e5692471a0700418aa3400b9b2b1,1
482,d1c427060a0f73f6b889a5c7c61f2ac4,1
482,d285360f29ac7fd97640bf0baef03de0,1
482,e0cf79767c5b016251fe139915c59a26,1
482,e85d91619b497e98754390b6198a9818,1
482,ee406bf28024d97771c4b1e8b7e8e219,1
482,f7a17d2c51d9df89a4f1711c4ac17f33,1
482,f7f59e6186e10983a061ac7bdb3494d6,1
483,0705b33fb285827a578fce4899f1b921,1
483,0bcc3eeca39e1064258aa1e932269894,2
483,16679d68bdbed3fb97af806424d7f2b7,3
483,173e9fe34bfe97f3a5e6dc57fe897b74,2
483,177d3d5bb9d4d29222a222e3b3554f41,1
483,19421075ae0b585f2dc13ff149e2119d,1
483,1ec486885049bbb9b79351d150ed18c4,1
483,2136c70bbe723d338fab53da3c03e6dc,1
483,25f86162fee18735fffdb762dcb10d7c,1
483,2b0ee2d07306f7c9ac55a43166e9bb4b,1
483,2b4609f8948be18874494203496bc318,2
483,349ce46a0e2e20054aa9d80c48af8816,1
483,35afc973633aaeb6b877ff57b2793310,4
483,363218ba55c610b750224f90bdd34be1,1
483,389d119b48cf3043d311335e499d9c6b,2
483,3e442d09f9dfef002aadf31960869f65,1
483,3fbc0ef745950c7932d5f2a446189725,3
483,422879e10f46682990de24d770e7f83d,3
483,437c05a395e9e47f9762e677a7068ce7,1
483,44fded21627553d1886d459384bbce06,1
483,461f43be3bdf8844e65b62d9ac2c7a5a,1
483,4b96786612ebe7463132fce2c4dca136,2
483,4deb009c36a910076a023947a7929201,1
483,4fe644d766c7566dbc46fb851363cb3b,1
483,51ce083cd2b9078656a94655ab45b8a4,2
483,52c80cedd4e90108bf4fa6a206ef6b03,2
483,53b36df67ebb7c41585e8d54d6772e08,14
483,634256dbcd184b3757ffd7632c9fe52a,1
483,67bd616e1ba0d3d3e8545f3113b0140d,2
483,6adab229374835b551f6402e0dc53267,2
483,6cdd53843498f92890544667809f1595,1
483,6f3b5b605d91b7439c5e3f5a8dffeea7,2
483,79366d6a24de9351b7ca6e3cf75a68ec,1
483,79da264732f717f10ebf5d102aa6c32a,1
483,7a10781637204d8d10485c71a6108a2e,3
483,7c1bd920dbdf22470b68bde975dd3ccf,1
483,7ce94ab189134e2d3c05f496d635419c,1
483,7fb04722aba7a2b632bac8f9819796f3,1
483,81288df52439985f610be64465e53f57,1
483,817e1c2d22418c36386406ccacfa53e8,1
483,82e4ad16521ca131d95e198d507db370,2
483,83b00325c13c44245b2c3a2befa62a0e,2
483,8562e2c780a345b609e1b802d7e3e4ae,1
483,880be32f4db1d9f6e2bec38fb6ac23ab,1
483,89321f94e35fc6d7903d36f74e351d40,1
483,8b50a72d52d7a91fb19d19fbe069e2f2,1
483,8ed094bfe076c568f6bb10feada3f75d,2
483,93c902b021a9e594f658ab1b0351602a,1
483,97017430754804328eb9597b7f85da03,2
483,990d135e28e075648cb7d83198fdccf4,1
483,a39cc58c1b5926b6f9f378daa89f1315,1
483,a62e25e09e05e6faf31d90c6ec1aa3d1,2
483,ac44def10e24998cdee20a208d691127,1
483,aca2eb7d00ea1a7b8ebd4e68314663af,3
483,b84520a57891e7a8ae2c68741dcc7146,1
483,ba74c6b75d2ad7503175809688d5a03c,1
483,bb50f2e236e5eea0100680137654686c,2
483,bce474cc95b6e77657e10939b0b4248c,1
483,bdc3291ab242ec1effc8eb0987850268,1
483,c403e106353e1aa40efe783ecb39ed7a,1
483,c9c6fde711572c1ad99ca12728c6af00,1
483,cac9e5692471a0700418aa3400b9b2b1,1
483,d1c427060a0f73f6b889a5c7c61f2ac4,2
483,dab2413ead0edda9967edbc9bda2a64e,1
483,e0d64dcfaa3b6db5c54ca298ae101d05,1
483,e4d325bd1eea550509bdbbc5c3301fc1,1
483,e59dd207c69d86e890febadc796d1078,3
483,e9a69340883a438c3f91739d14d3a56d,1
483,eb8c629f70275fd1c4f809116cce1efc,3
483,f40876e0ef3cd5f9132b1f16b04b1346,2
483,f7a17d2c51d9df89a4f1711c4ac17f33,1
483,f8b624d4e475bb8d1bddf1b65c6a64f6,2
483,fc1d8637c0268af3db482c14b7ef8e75,1
484,054515fd15bc1a2029f10de97ffa9120,1
484,086351823300e0339f6955b27998c186,1
484,1613b819ab5dae53aead2dbb4ebdb378,1
484,173e9fe34bfe97f3a5e6dc57fe897b74,3
484,186fe07c8b8005ec6a498587ffbc1352,1
484,19c91ef95d509ea33eda93495c4d3481,1
484,1ec486885049bbb9b79351d150ed18c4,1
484,2136c70bbe723d338fab53da3c03e6dc,2
484,30ac6df06dc59ad72cf2f158fc2d904c,1
484,3354a4e684f5e7199f9407db70ccd92b,2
484,349ce46a0e2e20054aa9d80c48af8816,1
484,363218ba55c610b750224f90bdd34be1,2
484,368c6c730842d78016ad823897a372db,1
484,389d119b48cf3043d311335e499d9c6b,2
484,3dd2a17168ec895c781a9191c1e95ad7,1
484,3fbc0ef745950c7932d5f2a446189725,4
484,41db6d8062fcd38410c699743ccc0265,1
484,437c05a395e9e47f9762e677a7068ce7,2
484,461f43be3bdf8844e65b62d9ac2c7a5a,3
484,53b36df67ebb7c41585e8d54d6772e08,21
484,53ea9da485f6aed8a6f03a85831fe021,1
484,5526b1ae9ab2688cf600783cece249df,1
484,55782cb82e0efe052da0a3da237da3b2,1
484,595fac2a385ac33a80bd5114aec74eb8,1
484,634256dbcd184b3757ffd7632c9fe52a,1
484,65266b2da20d04dbe00c5c2d3bb7859e,1
484,6a8631b72a2f8729b91514db87e771c0,1
484,6cdd53843498f92890544667809f1595,1
484,6f3b5b605d91b7439c5e3f5a8dffeea7,3
484,719d571299707561c34ba04ab867b32a,1
484,78efe838c04bbc568be034082200ac20,2
484,79da264732f717f10ebf5d102aa6c32a,2
484,7a10781637204d8d10485c71a6108a2e,2
484,7fb04722aba7a2b632bac8f9819796f3,1
484,83b00325c13c44245b2c3a2befa62a0e,1
484,84f456958365164420cfc80fbe4c7fab,2
484,89321f94e35fc6d7903d36f74e351d40,1
484,8b50a72d52d7a91fb19d19fbe069e2f2,1
484,928e52a9ad53a294fdcc91bcf59d1751,2
484,93a12c289ca2b78e7069e469f5053ef2,2
484,93c902b021a9e594f658ab1b0351602a,1
484,962a6951154f98f2c8e9a5b8b2bcf4a9,2
484,a5341e3f8155dbb3e62323d3ea289729,1
484,a62e25e09e05e6faf31d90c6ec1aa3d1,1
484,aca2eb7d00ea1a7b8ebd4e68314663af,8
484,b38b25d838ae0b8385e8cc68b9017644,1
484,ba74c6b75d2ad7503175809688d5a03c,1
484,bb50f2e236e5eea0100680137654686c,1
484,cb81df0e3ccece253557f2a07df4727e,1
484,ccadfeab525a9eb1569983b66e5075c4,1
484,d017a2151d543a9885604dc62a3d9dcc,2
484,d285360f29ac7fd97640bf0baef03de0,2
484,e0cf79767c5b016251fe139915c59a26,1
484,e0d64dcfaa3b6db5c54ca298ae101d05,1
484,e53e557d5a159f5aa2c5e995dfdf244b,1
484,ed2067a9c1f79553088a3c67b99a9f97,1
484,ee406bf28024d97771c4b1e8b7e8e219,1
484,f40876e0ef3cd5f9132b1f16b04b1346,1
484,f7a17d2c51d9df89a4f1711c4ac17f33,1
484,f8b624d4e475bb8d1bddf1b65c6a64f6,4
484,fc1d8637c0268af3db482c14b7ef8e75,1
484,ffc9caf33e2d1e9f44e3e06da19085f7,1
485,0152f69b6cf919bcdaf117aa8c43e5a2,1
485,054515fd15bc1a2029f10de97ffa9120,1
485,08a58dc963320d6073623382b9ceb920,1
485,173e9fe34bfe97f3a5e6dc57fe897b74,3
485,18b0e642cbae7251e60a64aa07dd9eb9,1
485,19c91ef95d509ea33eda93495c4d3481,2
485,1dec4c88c685d5a07bf01dcb0f8bf9f8,2
485,25f86162fee18735fffdb762dcb10d7c,2
485,2b4609f8948be18874494203496bc318,1
485,30ac6df06dc59ad72cf2f158fc2d904c,2
485,3354a4e684f5e7199f9407db70ccd92b,2
485,35afc973633aaeb6b877ff57b2793310,2
485,3dd2a17168ec895c781a9191c1e95ad7,7
485,3e5201fe0d1ba474d9b90152c83c706c,1
485,3fbc0ef745950c7932d5f2a446189725,7
485,4413a608a42bd21bbf9d5abbd58c249a,1
485,461f43be3bdf8844e65b62d9ac2c7a5a,2
485,4aa6014eceb682077f9dc4bffebc05b0,1
485,53b36df67ebb7c41585e8d54d6772e08,9
485,595fac2a385ac33a80bd5114aec74eb8,3
485,5d6bea33648f018dbb563f3a2fab09f3,1
485,6803077179d24889430188e03fafd31a,1
485,69455f41626a745aea9ee9164cb9eafd,1
485,6adab229374835b551f6402e0dc53267,2
485,6f3b5b605d91b7439c5e3f5a8dffeea7,1
485,727a46f0b58a9ef165af9f7ebcfebfa9,1
485,7340a3839a1de1e99d149b8cf052a2ec,1
485,7564c1759c04fc0a38f2aa84f7a370ee,1
485,777d2e438a1b645f3aec9bd57e92672c,1
485,7814c273ab16783d73a9863ebfa8b141,1
485,781afe929e3016a667f5f439afd55fce,1
485,7a10781637204d8d10485c71a6108a2e,3
485,7fb04722aba7a2b632bac8f9819796f3,1
485,81288df52439985f610be64465e53f57,2
485,84f456958365164420cfc80fbe4c7fab,1
485,86c43103446290e7efacad3701cd654d,1
485,880be32f4db1d9f6e2bec38fb6ac23ab,1
485,89321f94e35fc6d7903d36f74e351d40,1
485,8b50a72d52d7a91fb19d19fbe069e2f2,1
485,8ed094bfe076c568f6bb10feada3f75d,5
485,914c9e9af640dd56f48764a225b00f89,1
485,91846781ef75057e134949400768e272,1
485,928e52a9ad53a294fdcc91bcf59d1751,1
485,93c902b021a9e594f658ab1b0351602a,2
485,97017430754804328eb9597b7f85da03,1
485,99a4788cb24856965c36a24e339b6058,3
485,a62e25e09e05e6faf31d90c6ec1aa3d1,3
485,a92930c327948861c015c919a0bcb4a8,1
485,aa280035c50ba62c746480a59045eec4,1
485,aadff88486740e0b0ebe2be6c09476ae,1
485,ab1f9387c0627dd24000bfbc54fdeee0,2
485,ac44def10e24998cdee20a208d691127,1
485,aca2eb7d00ea1a7b8ebd4e68314663af,8
485,b5e13c9a353102f79c6206ff5cb61a50,1
485,bb50f2e236e5eea0100680137654686c,2
485,c4baedd846ed09b85f78a781b522f126,1
485,c8cfa622661e047ea2499f8bce4731a5,1
485,c9c6fde711572c1ad99ca12728c6af00,1
485,cb81df0e3ccece253557f2a07df4727e,1
485,cec09725da5ed01471d9a505e7389d37,1
485,d017a2151d543a9885604dc62a3d9dcc,1
485,d04857e7b4b708ee8b8b9921163edba3,1
485,d1c427060a0f73f6b889a5c7c61f2ac4,2
485,d285360f29ac7fd97640bf0baef03de0,1
485,d3e1006ba3735c0d44160026b6e0ced3,1
485,dab2413ead0edda9967edbc9bda2a64e,3
485,e0cf79767c5b016251fe139915c59a26,3
485,e0d64dcfaa3b6db5c54ca298ae101d05,3
485,e4d325bd1eea550509bdbbc5c3301fc1,1
485,e53e557d5a159f5aa2c5e995dfdf244b,1
485,e9a69340883a438c3f91739d14d3a56d,1
485,ed2067a9c1f79553088a3c67b99a9f97,1
485,ee0c1cf2fbeae95205b4aa506f1469f0,1
485,ee406bf28024d97771c4b1e8b7e8e219,1
485,f40876e0ef3cd5f9132b1f16b04b1346,3
485,f8b624d4e475bb8d1bddf1b65c6a64f6,1
485,fbce4c4cb307679d89a3bf3d3bb353b9,1
486,06edb72f1e0c64b14c5b79353f7abea3,1
486,0aabfb375647d9738ad0f7b4ea3653b1,1
486,0cf41187284d7f099adc8415a743ebbd,2
486,0e2d365a247d105fefc31b17ab8706d9,1
486,154e7e31ebfa092203795c972e5804a6,1
486,173e9fe34bfe97f3a5e6dc57fe897b74,1
486,18b0e642cbae7251e60a64aa07dd9eb9,1
486,19c91ef95d509ea33eda93495c4d3481,3
486,2b0ee2d07306f7c9ac55a43166e9bb4b,1
486,2b4609f8948be18874494203496bc318,2
486,3354a4e684f5e7199f9407db70ccd92b,1
486,35afc973633aaeb6b877ff57b2793310,1
486,372645c7439f9661fbbacfd129aa92ec,1
486,3dd2a17168ec895c781a9191c1e95ad7,4
486,3e5201fe0d1ba474d9b90152c83c706c,1
486,3fbc0ef745950c7932d5f2a446189725,7
486,4178e16324fd0c9a8e18463caf390cc6,1
486,422879e10f46682990de24d770e7f83d,3
486,43423cdffde7fda63d0414ed38c11a73,1
486,437c05a395e9e47f9762e677a7068ce7,3
486,461f43be3bdf8844e65b62d9ac2c7a5a,5
486,4aa6014eceb682077f9dc4bffebc05b0,2
486,4ac50dbde931c0a5ed8c33d3dc047351,1
486,4fe644d766c7566dbc46fb851363cb3b,1
486,53b36df67ebb7c41585e8d54d6772e08,5
486,566a4f2c4385f36d15c00dfcaae132d1,1
486,6a8631b72a2f8729b91514db87e771c0,1
486,6f3b5b605d91b7439c5e3f5a8dffeea7,4
486,73bcea88583002fe12b7399af4ae60da,2
486,79da264732f717f10ebf5d102aa6c32a,1
486,810e2944bca9850b934e1570ba372e7d,1
486,81288df52439985f610be64465e53f57,1
486,82e4ad16521ca131d95e198d507db370,1
486,8562e2c780a345b609e1b802d7e3e4ae,1
486,87283a98b24f9f1ac3a31b631073cf47,1
486,89321f94e35fc6d7903d36f74e351d40,1
486,8aa6223e400af9c97b07c75993142721,1
486,909b87db6cb3a7ab26bd03cc59860136,1
486,93c902b021a9e594f658ab1b0351602a,1
486,a62e25e09e05e6faf31d90c6ec1aa3d1,1
486,aca2eb7d00ea1a7b8ebd4e68314663af,5
486,af2d506fb01b724e03591349ad36b67e,1
486,b84520a57891e7a8ae2c68741dcc7146,1
486,b8a0d73b2a06e7910d9864dccdb0cda2,1
486,ba74c6b75d2ad7503175809688d5a03c,1
486,bb50f2e236e5eea0100680137654686c,1
486,bdcf6a834e8faa30dac3886c7a58e92e,1
486,c3ba4e8d3cb30049213b682e751e9d00,1
486,c5b72065154ec27c2d1ed8a654c3348f,1
486,c8cfa622661e047ea2499f8bce4731a5,2
486,cac9e5692471a0700418aa3400b9b2b1,1
486,cd48f265a63e13b762601f5f794c5fca,2
486,ce6f74096c84567f22728c84f3d6e7fc,1
486,d1c427060a0f73f6b889a5c7c61f2ac4,1
486,d285360f29ac7fd97640bf0baef03de0,1
486,d2f5484cbffe4ca766301b21ab9246dd,1
486,dc52f0f5d3ec37a93eaf956cde4e5d2c,1
486,ddceb6eef6af67e9fbbd4c148dbe5fd9,1
486,e0cf79767c5b016251fe139915c59a26,1
486,e0d64dcfaa3b6db5c54ca298ae101d05,3
486,e4ca5b20cfe1a020e15e36fe14e880ee,1
486,eb8c629f70275fd1c4f809116cce1efc,3
486,ee406bf28024d97771c4b1e8b7e8e219,1
486,f40876e0ef3cd5f9132b1f16b04b1346,1
486,f8b624d4e475bb8d1bddf1b65c6a64f6,1
487,054515fd15bc1a2029f10de97ffa9120,2
487,05a9dadb8402b6b7ae3dd28f7da187b5,1
487,086351823300e0339f6955b27998c186,2
487,0e2d365a247d105fefc31b17ab8706d9,1
487,1613b819ab5dae53aead2dbb4ebdb378,3
487,19c91ef95d509ea33eda93495c4d3481,3
487,216bb0e0cd43ffd832e0973d35e0377e,6
487,2b4609f8948be18874494203496bc318,2
487,30ac6df06dc59ad72cf2f158fc2d904c,1
487,3354a4e684f5e7199f9407db70ccd92b,2
487,363218ba55c610b750224f90bdd34be1,1
487,368c6c730842d78016ad823897a372db,1
487,3cb39171fd36c50097f2dedbbe0dfe6e,1
487,3dd2a17168ec895c781a9191c1e95ad7,3
487,3fbc0ef745950c7932d5f2a446189725,2
487,4413a608a42bd21bbf9d5abbd58c249a,1
487,461f43be3bdf8844e65b62d9ac2c7a5a,1
487,4b703444923b5e57bb73ba343f5ebab7,1
487,50fd2b788dc166edd20512370dac54df,1
487,51f876eb62be778c757503cf7f8a3b74,1
487,52c80cedd4e90108bf4fa6a206ef6b03,1
487,53759a2ecddad2bb87a079a1f1519f73,1
487,53b36df67ebb7c41585e8d54d6772e08,4
487,595fac2a385ac33a80bd5114aec74eb8,1
487,5d6bea33648f018dbb563f3a2fab09f3,2
487,634256dbcd184b3757ffd7632c9fe52a,2
487,6cdd53843498f92890544667809f1595,3
487,781afe929e3016a667f5f439afd55fce,1
487,78efe838c04bbc568be034082200ac20,1
487,7ce94ab189134e2d3c05f496d635419c,1
487,7d50930301709838d8e90dcac5cfaa84,1
487,7fab1a1472fdd934397068931f63f3ca,1
487,7fb04722aba7a2b632bac8f9819796f3,1
487,89321f94e35fc6d7903d36f74e351d40,1
487,89b121bee266dcd25688a1ba72eefb61,1
487,8a443635fdf9759915c9be5be2e3b862,1
487,8b50a72d52d7a91fb19d19fbe069e2f2,1
487,8c292ca193d326152e335d77176746f0,1
487,8c591ab0ca519558779df02023177f44,2
487,8ed094bfe076c568f6bb10feada3f75d,2
487,909b87db6cb3a7ab26bd03cc59860136,1
487,91846781ef75057e134949400768e272,1
487,928e52a9ad53a294fdcc91bcf59d1751,3
487,9545d45c37449ccbc376de3a04c66e71,1
487,962a6951154f98f2c8e9a5b8b2bcf4a9,3
487,990d135e28e075648cb7d83198fdccf4,1
487,99a4788cb24856965c36a24e339b6058,1
487,a4aa7c1427c31344e5f7cc3d839fe562,1
487,a8075470f960215ffb67624782f80fec,1
487,a8115d34a4b7b74388da609692162c37,1
487,b532349fe46b38fbc7bb3914c1bdae07,3
487,bb50f2e236e5eea0100680137654686c,1
487,bdc3291ab242ec1effc8eb0987850268,3
487,c3ba4e8d3cb30049213b682e751e9d00,1
487,c9c6fde711572c1ad99ca12728c6af00,1
487,cac9e5692471a0700418aa3400b9b2b1,1
487,d285360f29ac7fd97640bf0baef03de0,1
487,e0d64dcfaa3b6db5c54ca298ae101d05,1
487,e59dd207c69d86e890febadc796d1078,1
487,f8b624d4e475bb8d1bddf1b65c6a64f6,2
487,fb55982be901439613a95940feefd9ee,1
487,fbc1488c1a1e72ba175f53ab29a248e8,1
487,ffc9caf33e2d1e9f44e3e06da19085f7,1
488,060c17562f97e5bb60bc0dfa4dd5b3f2,1
488,0a57f7d2c983bcf8188589a5fea4a8da,1
488,0cf41187284d7f099adc8415a743ebbd,1
488,0e2d365a247d105fefc31b17ab8706d9,1
488,1613b819ab5dae53aead2dbb4ebdb378,1
488,1dec4c88c685d5a07bf01dcb0f8bf9f8,1
488,3354a4e684f5e7199f9407db70ccd92b,1
488,368c6c730842d78016ad823897a372db,1
488,389d119b48cf3043d311335e499d9c6b,3
488,4178e16324fd0c9a8e18463caf390cc6,1
488,41c24b8ce92d1a2cac62db5edfd088b2,1
488,4fe644d766c7566dbc46fb851363cb3b,1
488,51f876eb62be778c757503cf7f8a3b74,1
488,593236d0ff46b4299b4787fb8d43f7f0,2
488,629e019a6f298a83aeecc7877964f935,3
488,67bd616e1ba0d3d3e8545f3113b0140d,1
488,69455f41626a745aea9ee9164cb9eafd,1
488,6f3b5b605d91b7439c5e3f5a8dffeea7,1
488,727a46f0b58a9ef165af9f7ebcfebfa9,1
488,7814c273ab16783d73a9863ebfa8b141,1
488,79da264732f717f10ebf5d102aa6c32a,1
488,7a10781637204d8d10485c71a6108a2e,1
488,7ce94ab189134e2d3c05f496d635419c,1
488,7f72a8900b3d2fc8fa2635b7836d6e6e,1
488,7fb04722aba7a2b632bac8f9819796f3,1
488,87a71ae93900ab55fcf685c8040769b3,2
488,89321f94e35fc6d7903d36f74e351d40,1
488,89b121bee266dcd25688a1ba72eefb61,3
488,8ed094bfe076c568f6bb10feada3f75d,1
488,962a6951154f98f2c8e9a5b8b2bcf4a9,1
488,9ecadb84c81da840dbf3564378b586e9,2
488,a4aa7c1427c31344e5f7cc3d839fe562,1
488,a6ad77b15e566298a4e8ee2011ab1255,4
488,aca2eb7d00ea1a7b8ebd4e68314663af,2
488,b38b25d838ae0b8385e8cc68b9017644,1
488,b8a0d73b2a06e7910d9864dccdb0cda2,1
488,b92a7304ebad1ca5b393b53b2de5c70a,1
488,bdc3291ab242ec1effc8eb0987850268,2
488,c1f5307decb89342351bec53668cffd9,1
488,c7fd13b5e515bffdab855d0812842edb,1
488,cac9e5692471a0700418aa3400b9b2b1,2
488,d017a2151d543a9885604dc62a3d9dcc,1
488,d1c427060a0f73f6b889a5c7c61f2ac4,2
488,d285360f29ac7fd97640bf0baef03de0,1
488,dab2413ead0edda9967edbc9bda2a64e,1
488,dc52f0f5d3ec37a93eaf956cde4e5d2c,1
488,e0d64dcfaa3b6db5c54ca298ae101d05,1
488,e53e557d5a159f5aa2c5e995dfdf244b,2
488,e9a69340883a438c3f91739d14d3a56d,1
488,ee57070aa3b24a06fdd0e02efd2d757d,1
488,f71f42e2381752836563b70beb542f80,1
488,fbce4c4cb307679d89a3bf3d3bb353b9,1
489,036734b5a58d5d4f46b0616ddc047ced,1
489,044f05bc9de36e8a693a83e4bc79dd0d,1
489,054515fd15bc1a2029f10de97ffa9120,1
489,05a9dadb8402b6b7ae3dd28f7da187b5,1
489,060c17562f97e5bb60bc0dfa4dd5b3f2,1
489,06edb72f1e0c64b14c5b79353f7abea3,2
489,0705b33fb285827a578fce4899f1b921,1
489,086351823300e0339f6955b27998c186,1
489,0a57f7d2c983bcf8188589a5fea4a8da,1
489,0bbdc963004d9b2fd3427ee3c5ae3608,2
489,0bcc3eeca39e1064258aa1e932269894,1
489,0e2d365a247d105fefc31b17ab8706d9,1
489,1a080577618e7fe4d9ddd8fb2b47a964,1
489,2ff995aead9c63a1f37a07b3664ead37,1
489,3354a4e684f5e7199f9407db70ccd92b,1
489,363218ba55c610b750224f90bdd34be1,1
489,41c24b8ce92d1a2cac62db5edfd088b2,2
489,4298b7e67dc399c200662b569563a2b2,1
489,4413a608a42bd21bbf9d5abbd58c249a,1
489,461f43be3bdf8844e65b62d9ac2c7a5a,1
489,4aa6014eceb682077f9dc4bffebc05b0,1
489,4fe644d766c7566dbc46fb851363cb3b,1
489,51f876eb62be778c757503cf7f8a3b74,1
489,53ea9da485f6aed8a6f03a85831fe021,1
489,55b71bf300a2765a382eaec566df531f,1
489,595fac2a385ac33a80bd5114aec74eb8,1
489,5d6bea33648f018dbb563f3a2fab09f3,1
489,67bd616e1ba0d3d3e8545f3113b0140d,1
489,6a8631b72a2f8729b91514db87e771c0,1
489,6f3b5b605d91b7439c5e3f5a8dffeea7,3
489,727a46f0b58a9ef165af9f7ebcfebfa9,1
489,73bcea88583002fe12b7399af4ae60da,1
489,7564c1759c04fc0a38f2aa84f7a370ee,1
489,781afe929e3016a667f5f439afd55fce,2
489,7c1bd920dbdf22470b68bde975dd3ccf,1
489,7f72a8900b3d2fc8fa2635b7836d6e6e,1
489,817e1c2d22418c36386406ccacfa53e8,1
489,84f456958365164420cfc80fbe4c7fab,1
489,89321f94e35fc6d7903d36f74e351d40,1
489,89b121bee266dcd25688a1ba72eefb61,1
489,928e52a9ad53a294fdcc91bcf59d1751,1
489,93c902b021a9e594f658ab1b0351602a,1
489,97017430754804328eb9597b7f85da03,1
489,99a4788cb24856965c36a24e339b6058,1
489,a35a9f46dcee0a67c8c7ad8493eb4135,2
489,bce474cc95b6e77657e10939b0b4248c,1
489,bdc3291ab242ec1effc8eb0987850268,1
489,cb81df0e3ccece253557f2a07df4727e,1
489,cc5447118c174dcc6456c84ccb29e6f7,1
489,ccadfeab525a9eb1569983b66e5075c4,1
489,dab2413ead0edda9967edbc9bda2a64e,1
489,dc52f0f5d3ec37a93eaf956cde4e5d2c,1
489,e0cf79767c5b016251fe139915c59a26,1
489,e0d64dcfaa3b6db5c54ca298ae101d05,5
489,e44f675b60b3a3a2453ec36421e06f0f,1
489,f4d705aa95ccca448e5b0deb6e5290ba,1
489,fbc1488c1a1e72ba175f53ab29a248e8,2
489,fc1d8637c0268af3db482c14b7ef8e75,1
490,05a9dadb8402b6b7ae3dd28f7da187b5,1
490,060c17562f97e5bb60bc0dfa4dd5b3f2,1
490,0a57f7d2c983bcf8188589a5fea4a8da,6
490,0aabfb375647d9738ad0f7b4ea3653b1,1
490,0bbdc963004d9b2fd3427ee3c5ae3608,2
490,0cf41187284d7f099adc8415a743ebbd,1
490,0e2d365a247d105fefc31b17ab8706d9,1
490,154e7e31ebfa092203795c972e5804a6,5
490,173e9fe34bfe97f3a5e6dc57fe897b74,1
490,177d3d5bb9d4d29222a222e3b3554f41,1
490,1a758361b1c10b3ffe3d3373332de319,1
490,1ec486885049bbb9b79351d150ed18c4,1
490,216bb0e0cd43ffd832e0973d35e0377e,4
490,2b4609f8948be18874494203496bc318,2
490,2ff995aead9c63a1f37a07b3664ead37,1
490,3354a4e684f5e7199f9407db70ccd92b,1
490,349ce46a0e2e20054aa9d80c48af8816,1
490,380b4664ba5bb18cc9db78ee6bac3558,1
490,389d119b48cf3043d311335e499d9c6b,2
490,3cb39171fd36c50097f2dedbbe0dfe6e,1
490,3dd2a17168ec895c781a9191c1e95ad7,4
490,4178e16324fd0c9a8e18463caf390cc6,1
490,437c05a395e9e47f9762e677a7068ce7,3
490,44d097d59e8430f88a67517cd0c4f865,1
490,461f43be3bdf8844e65b62d9ac2c7a5a,2
490,474bb6b54fc608ca71059a6c4f7ecda3,1
490,4b703444923b5e57bb73ba343f5ebab7,5
490,4cd6ba4ea3112de8fc238307c4dc6307,1
490,4fe644d766c7566dbc46fb851363cb3b,4
490,53b36df67ebb7c41585e8d54d6772e08,1
490,53ea9da485f6aed8a6f03a85831fe021,1
490,55782cb82e0efe052da0a3da237da3b2,1
490,55b71bf300a2765a382eaec566df531f,2
490,57e089e3103f5cda6a4ce23b77399bdb,2
490,595fac2a385ac33a80bd5114aec74eb8,1
490,5d6bea33648f018dbb563f3a2fab09f3,1
490,65266b2da20d04dbe00c5c2d3bb7859e,1
490,6f3b5b605d91b7439c5e3f5a8dffeea7,2
490,703d742887bb9267f89b675608ba7aa0,1
490,71a5f1c2a5fd9889ef26b5ac22aec9c6,1
490,73bcea88583002fe12b7399af4ae60da,1
490,7814c273ab16783d73a9863ebfa8b141,1
490,79da264732f717f10ebf5d102aa6c32a,1
490,7f72a8900b3d2fc8fa2635b7836d6e6e,1
490,7fab1a1472fdd934397068931f63f3ca,1
490,810e2944bca9850b934e1570ba372e7d,1
490,89321f94e35fc6d7903d36f74e351d40,5
490,89b121bee266dcd25688a1ba72eefb61,3
490,8b50a72d52d7a91fb19d19fbe069e2f2,2
490,8c591ab0ca519558779df02023177f44,1
490,928e52a9ad53a294fdcc91bcf59d1751,1
490,97017430754804328eb9597b7f85da03,1
490,a02d0123079f4ae96001ba2010d1a2df,1
490,a59fb60fddcc72a9878b7ed5cb69d8e4,1
490,a62e25e09e05e6faf31d90c6ec1aa3d1,1
490,aa8d88eb4b9cb38894e33fa624c4287f,1
490,ab1f9387c0627dd24000bfbc54fdeee0,2
490,bb50f2e236e5eea0100680137654686c,1
490,bdc3291ab242ec1effc8eb0987850268,2
490,c3097e07a0a5de0d4b4c836d90c5a284,1
490,c3ba4e8d3cb30049213b682e751e9d00,1
490,c4baedd846ed09b85f78a781b522f126,1
490,d1c427060a0f73f6b889a5c7c61f2ac4,4
490,d285360f29ac7fd97640bf0baef03de0,3
490,d3e1006ba3735c0d44160026b6e0ced3,2
490,ddceb6eef6af67e9fbbd4c148dbe5fd9,1
490,e0cf79767c5b016251fe139915c59a26,2
490,e4ca5b20cfe1a020e15e36fe14e880ee,1
490,e53e557d5a159f5aa2c5e995dfdf244b,1
490,fb7a100ec8c7b34f60cec22b1a9a10e0,1
490,fbc1488c1a1e72ba175f53ab29a248e8,2
490,fc1d8637c0268af3db482c14b7ef8e75,1
491,06edb72f1e0c64b14c5b79353f7abea3,1
491,0a57f7d2c983bcf8188589a5fea4a8da,1
491,0bbdc963004d9b2fd3427ee3c5ae3608,1
491,0bcc3eeca39e1064258aa1e932269894,1
491,0cf41187284d7f099adc8415a743ebbd,1
491,173e9fe34bfe97f3a5e6dc57fe897b74,1
491,177d3d5bb9d4d29222a222e3b3554f41,1
491,1a758361b1c10b3ffe3d3373332de319,2
491,1bfb290d7273a442c874dbe74b4abae6,1
491,2a5806f10d0f00e5ad032dd2e3c8806e,1
491,2b4609f8948be18874494203496bc318,2
491,3354a4e684f5e7199f9407db70ccd92b,1
491,349ce46a0e2e20054aa9d80c48af8816,1
491,35afc973633aaeb6b877ff57b2793310,2
491,363218ba55c610b750224f90bdd34be1,4
491,389d119b48cf3043d311335e499d9c6b,1
491,3dd2a17168ec895c781a9191c1e95ad7,5
491,3e442d09f9dfef002aadf31960869f65,1
491,3e5201fe0d1ba474d9b90152c83c706c,1
491,41db6d8062fcd38410c699743ccc0265,1
491,422879e10f46682990de24d770e7f83d,1
491,437c05a395e9e47f9762e677a7068ce7,3
491,4b96786612ebe7463132fce2c4dca136,1
491,53b36df67ebb7c41585e8d54d6772e08,4
491,5526b1ae9ab2688cf600783cece249df,1
491,634256dbcd184b3757ffd7632c9fe52a,2
491,6a8631b72a2f8729b91514db87e771c0,1
491,6f3b5b605d91b7439c5e3f5a8dffeea7,1
491,703d742887bb9267f89b675608ba7aa0,1
491,777d2e438a1b645f3aec9bd57e92672c,2
491,7814c273ab16783d73a9863ebfa8b141,2
491,79da264732f717f10ebf5d102aa6c32a,1
491,7ce94ab189134e2d3c05f496d635419c,1
491,7f72a8900b3d2fc8fa2635b7836d6e6e,3
491,810e2944bca9850b934e1570ba372e7d,1
491,8317b177579dd27ff068b83205e2169b,2
491,8562e2c780a345b609e1b802d7e3e4ae,1
491,89321f94e35fc6d7903d36f74e351d40,1
491,8983a3b149303c013fceabef902e835a,1
491,89b121bee266dcd25688a1ba72eefb61,8
491,8c591ab0ca519558779df02023177f44,2
491,909b87db6cb3a7ab26bd03cc59860136,2
491,921d31a1daa51460b7a95ea5f3ab64d5,1
491,93c902b021a9e594f658ab1b0351602a,1
491,94475071013412139f862c0bd7e3bb37,1
491,962a6951154f98f2c8e9a5b8b2bcf4a9,1
491,97017430754804328eb9597b7f85da03,1
491,990d135e28e075648cb7d83198fdccf4,1
491,99a4788cb24856965c36a24e339b6058,2
491,9ad75bd7267e5c724cb42c71ac56ca72,1
491,a12c9204f6f9e90ad1d8ba5571fbfed2,1
491,a39cc58c1b5926b6f9f378daa89f1315,2
491,a59fb60fddcc72a9878b7ed5cb69d8e4,3
491,a8075470f960215ffb67624782f80fec,1
491,ab1f9387c0627dd24000bfbc54fdeee0,1
491,ac44def10e24998cdee20a208d691127,1
491,b114bf337c0626166abe574eee9e3f32,5
491,b38b25d838ae0b8385e8cc68b9017644,2
491,b532349fe46b38fbc7bb3914c1bdae07,5
491,b84520a57891e7a8ae2c68741dcc7146,1
491,b92a7304ebad1ca5b393b53b2de5c70a,1
491,c403e106353e1aa40efe783ecb39ed7a,1
491,c7b3cf9de7be95b3e09e7a63315685eb,1
491,cd48f265a63e13b762601f5f794c5fca,1
491,d017a2151d543a9885604dc62a3d9dcc,1
491,d04bbac48960ecb7ea311b00ca6e1cb7,2
491,d04e48982547095af81c231c3d581cb6,2
491,d1c427060a0f73f6b889a5c7c61f2ac4,1
491,dc52f0f5d3ec37a93eaf956cde4e5d2c,1
491,e53e557d5a159f5aa2c5e995dfdf244b,1
491,e85d91619b497e98754390b6198a9818,1
491,e94df75b2e9a8b056be0c144a731f55c,2
491,e9a69340883a438c3f91739d14d3a56d,1
491,ee406bf28024d97771c4b1e8b7e8e219,1
491,f7a17d2c51d9df89a4f1711c4ac17f33,2
491,fb7a100ec8c7b34f60cec22b1a9a10e0,1
491,fbc1488c1a1e72ba175f53ab29a248e8,1
492,054515fd15bc1a2029f10de97ffa9120,1
492,06edb72f1e0c64b14c5b79353f7abea3,1
492,0bbdc963004d9b2fd3427ee3c5ae3608,2
492,0e2d365a247d105fefc31b17ab8706d9,1
492,16679d68bdbed3fb97af806424d7f2b7,1
492,173e9fe34bfe97f3a5e6dc57fe897b74,2
492,216bb0e0cd43ffd832e0973d35e0377e,1
492,2a5806f10d0f00e5ad032dd2e3c8806e,1
492,2b4609f8948be18874494203496bc318,2
492,3354a4e684f5e7199f9407db70ccd92b,3
492,363218ba55c610b750224f90bdd34be1,1
492,3dd2a17168ec895c781a9191c1e95ad7,3
492,4178e16324fd0c9a8e18463caf390cc6,1
492,422879e10f46682990de24d770e7f83d,2
492,437c05a395e9e47f9762e677a7068ce7,1
492,4b703444923b5e57bb73ba343f5ebab7,2
492,4fe644d766c7566dbc46fb851363cb3b,2
492,53b36df67ebb7c41585e8d54d6772e08,2
492,5b226d7c52f86ac72457617f78cff95d,1
492,629e019a6f298a83aeecc7877964f935,1
492,65266b2da20d04dbe00c5c2d3bb7859e,1
492,67bd616e1ba0d3d3e8545f3113b0140d,1
492,6adab229374835b551f6402e0dc53267,1
492,6cdd53843498f92890544667809f1595,1
492,703d742887bb9267f89b675608ba7aa0,2
492,727a46f0b58a9ef165af9f7ebcfebfa9,1
492,777d2e438a1b645f3aec9bd57e92672c,1
492,78efe838c04bbc568be034082200ac20,3
492,817e1c2d22418c36386406ccacfa53e8,2
492,82e4ad16521ca131d95e198d507db370,1
492,83b00325c13c44245b2c3a2befa62a0e,1
492,84f456958365164420cfc80fbe4c7fab,1
492,8562e2c780a345b609e1b802d7e3e4ae,2
492,89321f94e35fc6d7903d36f74e351d40,2
492,89b121bee266dcd25688a1ba72eefb61,8
492,8c292ca193d326152e335d77176746f0,2
492,91846781ef75057e134949400768e272,2
492,91b08d34d0ba4db44da2dc382867ba49,2
492,928e52a9ad53a294fdcc91bcf59d1751,6
492,93c902b021a9e594f658ab1b0351602a,1
492,99a4788cb24856965c36a24e339b6058,2
492,a0b7d5a992ccda646f2d34e418fff5a0,1
492,a62e25e09e05e6faf31d90c6ec1aa3d1,2
492,a8075470f960215ffb67624782f80fec,1
492,ac44def10e24998cdee20a208d691127,2
492,aca2eb7d00ea1a7b8ebd4e68314663af,5
492,b532349fe46b38fbc7bb3914c1bdae07,1
492,bb50f2e236e5eea0100680137654686c,1
492,bdcf6a834e8faa30dac3886c7a58e92e,1
492,c7fd13b5e515bffdab855d0812842edb,1
492,c9c6fde711572c1ad99ca12728c6af00,1
492,cac9e5692471a0700418aa3400b9b2b1,2
492,cec09725da5ed01471d9a505e7389d37,1
492,d017a2151d543a9885604dc62a3d9dcc,1
492,d285360f29ac7fd97640bf0baef03de0,2
492,ddceb6eef6af67e9fbbd4c148dbe5fd9,1
492,e03102efbc2229024c89be731f0aedcb,1
492,e0cf79767c5b016251fe139915c59a26,1
492,e0d64dcfaa3b6db5c54ca298ae101d05,2
492,e53e557d5a159f5aa2c5e995dfdf244b,2
492,e59dd207c69d86e890febadc796d1078,1
492,e9a69340883a438c3f91739d14d3a56d,2
492,ea44caac707f7f1325182a538007f838,1
492,ee406bf28024d97771c4b1e8b7e8e219,1
492,f2e53dd1670f3c376518263b3f71424d,1
493,054515fd15bc1a2029f10de97ffa9120,1
493,06edb72f1e0c64b14c5b79353f7abea3,1
493,0a57f7d2c983bcf8188589a5fea4a8da,1
493,0cf41187284d7f099adc8415a743ebbd,1
493,173e9fe34bfe97f3a5e6dc57fe897b74,2
493,177d3d5bb9d4d29222a222e3b3554f41,1
493,1a758361b1c10b3ffe3d3373332de319,1
493,1ec486885049bbb9b79351d150ed18c4,1
493,216bb0e0cd43ffd832e0973d35e0377e,2
493,2b4609f8948be18874494203496bc318,1
493,3354a4e684f5e7199f9407db70ccd92b,2
493,363218ba55c610b750224f90bdd34be1,2
493,36c2fb4fa746273709c373f6d6ec6796,2
493,380b4664ba5bb18cc9db78ee6bac3558,1
493,389d119b48cf3043d311335e499d9c6b,3
493,3cb39171fd36c50097f2dedbbe0dfe6e,1
493,3dd2a17168ec895c781a9191c1e95ad7,2
493,41db6d8062fcd38410c699743ccc0265,1
493,422879e10f46682990de24d770e7f83d,1
493,4cd6ba4ea3112de8fc238307c4dc6307,1
493,51f876eb62be778c757503cf7f8a3b74,1
493,53759a2ecddad2bb87a079a1f1519f73,2
493,57e089e3103f5cda6a4ce23b77399bdb,1
493,595fac2a385ac33a80bd5114aec74eb8,2
493,67bd616e1ba0d3d3e8545f3113b0140d,1
493,6a23ae3187f1dac41b7210a8c7739d6b,3
493,6cdd53843498f92890544667809f1595,3
493,727a46f0b58a9ef165af9f7ebcfebfa9,1
493,7564c1759c04fc0a38f2aa84f7a370ee,1
493,76d1a1a9d21ab677a61c3ae34b1b352f,1
493,7f72a8900b3d2fc8fa2635b7836d6e6e,2
493,810e2944bca9850b934e1570ba372e7d,1
493,84f456958365164420cfc80fbe4c7fab,1
493,89321f94e35fc6d7903d36f74e351d40,1
493,8983a3b149303c013fceabef902e835a,1
493,89b121bee266dcd25688a1ba72eefb61,3
493,914c9e9af640dd56f48764a225b00f89,1
493,93c902b021a9e594f658ab1b0351602a,1
493,99a4788cb24856965c36a24e339b6058,1
493,a4aa7c1427c31344e5f7cc3d839fe562,1
493,aa8d88eb4b9cb38894e33fa624c4287f,1
493,aadff88486740e0b0ebe2be6c09476ae,1
493,abc3432ff825d8e524db1d4eac6d2099,2
493,aca2eb7d00ea1a7b8ebd4e68314663af,7
493,af2d506fb01b724e03591349ad36b67e,1
493,bb50f2e236e5eea0100680137654686c,2
493,bdcf6a834e8faa30dac3886c7a58e92e,1
493,c9c6fde711572c1ad99ca12728c6af00,1
493,cac9e5692471a0700418aa3400b9b2b1,1
493,d04857e7b4b708ee8b8b9921163edba3,1
493,dab2413ead0edda9967edbc9bda2a64e,2
493,e0d64dcfaa3b6db5c54ca298ae101d05,3
493,e44f675b60b3a3a2453ec36421e06f0f,1
493,ee406bf28024d97771c4b1e8b7e8e219,1
494,054515fd15bc1a2029f10de97ffa9120,1
494,06edb72f1e0c64b14c5b79353f7abea3,1
494,08a58dc963320d6073623382b9ceb920,1
494,16679d68bdbed3fb97af806424d7f2b7,1
494,173e9fe34bfe97f3a5e6dc57fe897b74,1
494,1ec486885049bbb9b79351d150ed18c4,1
494,2a5806f10d0f00e5ad032dd2e3c8806e,1
494,3354a4e684f5e7199f9407db70ccd92b,1
494,349ce46a0e2e20054aa9d80c48af8816,1
494,363218ba55c610b750224f90bdd34be1,1
494,368c6c730842d78016ad823897a372db,2
494,389d119b48cf3043d311335e499d9c6b,4
494,3dd2a17168ec895c781a9191c1e95ad7,3
494,41db6d8062fcd38410c699743ccc0265,3
494,422879e10f46682990de24d770e7f83d,2
494,4aa6014eceb682077f9dc4bffebc05b0,1
494,4cd6ba4ea3112de8fc238307c4dc6307,1
494,4deb009c36a910076a023947a7929201,7
494,4fe644d766c7566dbc46fb851363cb3b,2
494,51ce083cd2b9078656a94655ab45b8a4,1
494,5526b1ae9ab2688cf600783cece249df,1
494,553e0e7590d3116a072507a3635d2877,1
494,55b71bf300a2765a382eaec566df531f,1
494,629e019a6f298a83aeecc7877964f935,1
494,67bd616e1ba0d3d3e8545f3113b0140d,1
494,727a46f0b58a9ef165af9f7ebcfebfa9,1
494,7814c273ab16783d73a9863ebfa8b141,1
494,78efe838c04bbc568be034082200ac20,1
494,8983a3b149303c013fceabef902e835a,1
494,89b121bee266dcd25688a1ba72eefb61,6
494,8aa6223e400af9c97b07c75993142721,1
494,a02d0123079f4ae96001ba2010d1a2df,1
494,a0b7d5a992ccda646f2d34e418fff5a0,1
494,a35a9f46dcee0a67c8c7ad8493eb4135,1
494,aca2eb7d00ea1a7b8ebd4e68314663af,2
494,b38b25d838ae0b8385e8cc68b9017644,1
494,b8a0d73b2a06e7910d9864dccdb0cda2,1
494,bb50f2e236e5eea0100680137654686c,1
494,c8cfa622661e047ea2499f8bce4731a5,1
494,cac9e5692471a0700418aa3400b9b2b1,1
494,d285360f29ac7fd97640bf0baef03de0,1
494,dab2413ead0edda9967edbc9bda2a64e,1
494,e0d64dcfaa3b6db5c54ca298ae101d05,3
494,ec2d43cc59763ec91694573b31f1c29a,1
494,f8b624d4e475bb8d1bddf1b65c6a64f6,1
495,06edb72f1e0c64b14c5b79353f7abea3,2
495,0a57f7d2c983bcf8188589a5fea4a8da,4
495,0bcc3eeca39e1064258aa1e932269894,2
495,3354a4e684f5e7199f9407db70ccd92b,1
495,389d119b48cf3043d311335e499d9c6b,2
495,3cb39171fd36c50097f2dedbbe0dfe6e,1
495,422879e10f46682990de24d770e7f83d,10
495,53b36df67ebb7c41585e8d54d6772e08,1
495,55b71bf300a2765a382eaec566df531f,1
495,593236d0ff46b4299b4787fb8d43f7f0,1
495,65266b2da20d04dbe00c5c2d3bb7859e,2
495,67bd616e1ba0d3d3e8545f3113b0140d,1
495,6adab229374835b551f6402e0dc53267,1
495,727a46f0b58a9ef165af9f7ebcfebfa9,1
495,7564c1759c04fc0a38f2aa84f7a370ee,2
495,764292b2b0f73f77a0272be03fdd45f3,1
495,78efe838c04bbc568be034082200ac20,1
495,7fb04722aba7a2b632bac8f9819796f3,1
495,87a71ae93900ab55fcf685c8040769b3,1
495,89321f94e35fc6d7903d36f74e351d40,1
495,89b121bee266dcd25688a1ba72eefb61,1
495,8ed094bfe076c568f6bb10feada3f75d,1
495,914c9e9af640dd56f48764a225b00f89,1
495,962a6951154f98f2c8e9a5b8b2bcf4a9,1
495,99a4788cb24856965c36a24e339b6058,1
495,aca2eb7d00ea1a7b8ebd4e68314663af,2
495,bb50f2e236e5eea0100680137654686c,1
495,bdcf6a834e8faa30dac3886c7a58e92e,1
495,c50ca07e9e4db9ea5011f06802c0aea0,2
495,c9c6fde711572c1ad99ca12728c6af00,1
495,ca5c923962558430573f83661dbe36d6,1
495,d1c427060a0f73f6b889a5c7c61f2ac4,1
495,e0cf79767c5b016251fe139915c59a26,1
495,e0d64dcfaa3b6db5c54ca298ae101d05,1
495,e85d91619b497e98754390b6198a9818,1
496,054515fd15bc1a2029f10de97ffa9120,1
496,06edb72f1e0c64b14c5b79353f7abea3,2
496,0a57f7d2c983bcf8188589a5fea4a8da,1
496,11fd9d7ba552e1d28872e008acf1e050,1
496,16679d68bdbed3fb97af806424d7f2b7,3
496,173e9fe34bfe97f3a5e6dc57fe897b74,2
496,2b4609f8948be18874494203496bc318,1
496,3354a4e684f5e7199f9407db70ccd92b,1
496,363218ba55c610b750224f90bdd34be1,1
496,368c6c730842d78016ad823897a372db,1
496,3b60d513e90300a4e9833e5cda1f1d61,1
496,41db6d8062fcd38410c699743ccc0265,1
496,437c05a395e9e47f9762e677a7068ce7,3
496,4b703444923b5e57bb73ba343f5ebab7,1
496,4fe644d766c7566dbc46fb851363cb3b,1
496,51ce083cd2b9078656a94655ab45b8a4,1
496,6a23ae3187f1dac41b7210a8c7739d6b,3
496,703d742887bb9267f89b675608ba7aa0,3
496,781afe929e3016a667f5f439afd55fce,1
496,78efe838c04bbc568be034082200ac20,1
496,7ce94ab189134e2d3c05f496d635419c,1
496,810e2944bca9850b934e1570ba372e7d,1
496,84f456958365164420cfc80fbe4c7fab,1
496,89b121bee266dcd25688a1ba72eefb61,3
496,8aa6223e400af9c97b07c75993142721,1
496,8c591ab0ca519558779df02023177f44,1
496,8ed094bfe076c568f6bb10feada3f75d,2
496,a02d0123079f4ae96001ba2010d1a2df,1
496,a19b6951c75da43aad691622dd2f6abe,3
496,a35a9f46dcee0a67c8c7ad8493eb4135,1
496,a62e25e09e05e6faf31d90c6ec1aa3d1,1
496,ab1f9387c0627dd24000bfbc54fdeee0,1
496,aca2eb7d00ea1a7b8ebd4e68314663af,3
496,bdc3291ab242ec1effc8eb0987850268,3
496,ce6f74096c84567f22728c84f3d6e7fc,1
496,d285360f29ac7fd97640bf0baef03de0,1
496,d2f5484cbffe4ca766301b21ab9246dd,1
496,d3e1006ba3735c0d44160026b6e0ced3,1
496,e44f675b60b3a3a2453ec36421e06f0f,3
496,e9a69340883a438c3f91739d14d3a56d,1
496,f6fa93875f4a7dac03e0a22143f4d815,1
496,fc1d8637c0268af3db482c14b7ef8e75,2
497,06edb72f1e0c64b14c5b79353f7abea3,2
497,0bbdc963004d9b2fd3427ee3c5ae3608,1
497,35afc973633aaeb6b877ff57b2793310,1
497,368c6c730842d78016ad823897a372db,1
497,386486367c1f9d4f587a8864ccb6902b,1
497,389d119b48cf3043d311335e499d9c6b,2
497,3dd2a17168ec895c781a9191c1e95ad7,2
497,437c05a395e9e47f9762e677a7068ce7,1
497,44fded21627553d1886d459384bbce06,1
497,4fe644d766c7566dbc46fb851363cb3b,1
497,55b71bf300a2765a382eaec566df531f,1
497,595fac2a385ac33a80bd5114aec74eb8,3
497,679a3e5e1d2bb68982be5734c6e55e63,1
497,703d742887bb9267f89b675608ba7aa0,1
497,727a46f0b58a9ef165af9f7ebcfebfa9,1
497,781afe929e3016a667f5f439afd55fce,2
497,7fb04722aba7a2b632bac8f9819796f3,1
497,89321f94e35fc6d7903d36f74e351d40,2
497,8983a3b149303c013fceabef902e835a,1
497,89b121bee266dcd25688a1ba72eefb61,5
497,8c292ca193d326152e335d77176746f0,1
497,8ed094bfe076c568f6bb10feada3f75d,1
497,914c9e9af640dd56f48764a225b00f89,1
497,990d135e28e075648cb7d83198fdccf4,1
497,99a4788cb24856965c36a24e339b6058,1
497,a12c9204f6f9e90ad1d8ba5571fbfed2,1
497,a62e25e09e05e6faf31d90c6ec1aa3d1,6
497,abc3432ff825d8e524db1d4eac6d2099,1
497,aca2eb7d00ea1a7b8ebd4e68314663af,6
497,b92a7304ebad1ca5b393b53b2de5c70a,1
497,bdc3291ab242ec1effc8eb0987850268,3
497,c3ba4e8d3cb30049213b682e751e9d00,1
497,c92f0e7b9d49a9543558d6532772441b,1
497,cec09725da5ed01471d9a505e7389d37,1
497,d1c427060a0f73f6b889a5c7c61f2ac4,1
497,d285360f29ac7fd97640bf0baef03de0,1
497,d2f5484cbffe4ca766301b21ab9246dd,1
497,d63c1011f49d98b976c352955b1c4bea,1
497,d678178aa4291cd25a755a90188375c8,1
497,e03102efbc2229024c89be731f0aedcb,1
497,e0d64dcfaa3b6db5c54ca298ae101d05,2
497,ef66e63137bdd1b2e44aa968646fc1e3,3
498,0a4093a4af429dc0a9334300e5c13ae5,1
498,0a57f7d2c983bcf8188589a5fea4a8da,1
498,173e9fe34bfe97f3a5e6dc57fe897b74,3
498,216bb0e0cd43ffd832e0973d35e0377e,1
498,3354a4e684f5e7199f9407db70ccd92b,1
498,35afc973633aaeb6b877ff57b2793310,1
498,363218ba55c610b750224f90bdd34be1,2
498,3dd2a17168ec895c781a9191c1e95ad7,1
498,422879e10f46682990de24d770e7f83d,1
498,53759a2ecddad2bb87a079a1f1519f73,1
498,553e0e7590d3116a072507a3635d2877,1
498,595fac2a385ac33a80bd5114aec74eb8,1
498,67bd616e1ba0d3d3e8545f3113b0140d,1
498,704ef63ad0ac345842ea734060a83db2,2
498,781afe929e3016a667f5f439afd55fce,2
498,78efe838c04bbc568be034082200ac20,1
498,7fb04722aba7a2b632bac8f9819796f3,1
498,810e2944bca9850b934e1570ba372e7d,1
498,89321f94e35fc6d7903d36f74e351d40,1
498,89b121bee266dcd25688a1ba72eefb61,8
498,8aa6223e400af9c97b07c75993142721,1
498,8ed094bfe076c568f6bb10feada3f75d,1
498,909b87db6cb3a7ab26bd03cc59860136,1
498,a62e25e09e05e6faf31d90c6ec1aa3d1,7
498,a8115d34a4b7b74388da609692162c37,1
498,aadff88486740e0b0ebe2be6c09476ae,1
498,aca2eb7d00ea1a7b8ebd4e68314663af,2
498,b114bf337c0626166abe574eee9e3f32,1
498,b92a7304ebad1ca5b393b53b2de5c70a,1
498,c9c6fde711572c1ad99ca12728c6af00,2
498,cd48f265a63e13b762601f5f794c5fca,1
498,d017a2151d543a9885604dc62a3d9dcc,2
498,f6fa93875f4a7dac03e0a22143f4d815,1
498,fc1d8637c0268af3db482c14b7ef8e75,3
498,fe077ec80df6b4ee60bb4498d5ab1962,1
498,ffc9caf33e2d1e9f44e3e06da19085f7,2
499,060c17562f97e5bb60bc0dfa4dd5b3f2,2
499,173e9fe34bfe97f3a5e6dc57fe897b74,2
499,2a5806f10d0f00e5ad032dd2e3c8806e,1
499,3dd2a17168ec895c781a9191c1e95ad7,3
499,41db6d8062fcd38410c699743ccc0265,1
499,437c05a395e9e47f9762e677a7068ce7,3
499,50fd2b788dc166edd20512370dac54df,1
499,51ce083cd2b9078656a94655ab45b8a4,1
499,6adab229374835b551f6402e0dc53267,1
499,704ef63ad0ac345842ea734060a83db2,1
499,777d2e438a1b645f3aec9bd57e92672c,1
499,781afe929e3016a667f5f439afd55fce,1
499,87283a98b24f9f1ac3a31b631073cf47,1
499,8c591ab0ca519558779df02023177f44,1
499,a39cc58c1b5926b6f9f378daa89f1315,1
499,a42d9c825894f96fc6ed02610891454d,1
499,a62e25e09e05e6faf31d90c6ec1aa3d1,1
499,aca2eb7d00ea1a7b8ebd4e68314663af,7
499,b114bf337c0626166abe574eee9e3f32,1
499,ca5c923962558430573f83661dbe36d6,1
499,cac9e5692471a0700418aa3400b9b2b1,1
499,cd48f265a63e13b762601f5f794c5fca,1
499,d2f5484cbffe4ca766301b21ab9246dd,1
500,0cf41187284d7f099adc8415a743ebbd,1
500,1613b819ab5dae53aead2dbb4ebdb378,1
500,1a080577618e7fe4d9ddd8fb2b47a964,1
500,216bb0e0cd43ffd832e0973d35e0377e,1
500,3354a4e684f5e7199f9407db70ccd92b,1
500,35afc973633aaeb6b877ff57b2793310,1
500,368c6c730842d78016ad823897a372db,2
500,380b4664ba5bb18cc9db78ee6bac3558,1
500,3e5201fe0d1ba474d9b90152c83c706c,1
500,422879e10f46682990de24d770e7f83d,7
500,44fded21627553d1886d459384bbce06,1
500,4b703444923b5e57bb73ba343f5ebab7,1
500,5bfc7506459ae2a7b4b573fe557a58e1,1
500,65266b2da20d04dbe00c5c2d3bb7859e,1
500,78efe838c04bbc568be034082200ac20,1
500,84f456958365164420cfc80fbe4c7fab,1
500,921d31a1daa51460b7a95ea5f3ab64d5,1
500,99a4788cb24856965c36a24e339b6058,2
500,a39cc58c1b5926b6f9f378daa89f1315,1
500,aca2eb7d00ea1a7b8ebd4e68314663af,1
500,bb50f2e236e5eea0100680137654686c,1
500,c211ff3068fcd2f8898192976d8b3a32,1
500,ca5c923962558430573f83661dbe36d6,1
500,d285360f29ac7fd97640bf0baef03de0,1
500,dab2413ead0edda9967edbc9bda2a64e,1
501,1613b819ab5dae53aead2dbb4ebdb378,1
501,368c6c730842d78016ad823897a372db,1
501,3cb39171fd36c50097f2dedbbe0dfe6e,1
501,41db6d8062fcd38410c699743ccc0265,1
501,422879e10f46682990de24d770e7f83d,1
501,53759a2ecddad2bb87a079a1f1519f73,1
501,79da264732f717f10ebf5d102aa6c32a,1
501,84f456958365164420cfc80fbe4c7fab,1
501,928e52a9ad53a294fdcc91bcf59d1751,1
501,93c902b021a9e594f658ab1b0351602a,1
501,99a4788cb24856965c36a24e339b6058,1
501,a02d0123079f4ae96001ba2010d1a2df,1
501,a8075470f960215ffb67624782f80fec,1
501,ab1f9387c0627dd24000bfbc54fdeee0,1
501,aca2eb7d00ea1a7b8ebd4e68314663af,5
501,b114bf337c0626166abe574eee9e3f32,6
501,b38b25d838ae0b8385e8cc68b9017644,1
501,b8a0d73b2a06e7910d9864dccdb0cda2,1
501,c9c6fde711572c1ad99ca12728c6af00,2
501,ca5c923962558430573f83661dbe36d6,1
501,e0cf79767c5b016251fe139915c59a26,1
501,e9a69340883a438c3f91739d14d3a56d,1
501,eb8c629f70275fd1c4f809116cce1efc,2
502,2b4609f8948be18874494203496bc318,1
502,35afc973633aaeb6b877ff57b2793310,1
502,368c6c730842d78016ad823897a372db,2
502,3dd2a17168ec895c781a9191c1e95ad7,1
502,43423cdffde7fda63d0414ed38c11a73,2
502,4b703444923b5e57bb73ba343f5ebab7,1
502,51ce083cd2b9078656a94655ab45b8a4,1
502,53759a2ecddad2bb87a079a1f1519f73,4
502,5403528d987ad26e8d7cb25940411987,1
502,634256dbcd184b3757ffd7632c9fe52a,1
502,64fb265487de2238627ce43fe8a67efc,1
502,6cdd53843498f92890544667809f1595,1
502,704ef63ad0ac345842ea734060a83db2,1
502,8a443635fdf9759915c9be5be2e3b862,1
502,8c292ca193d326152e335d77176746f0,3
502,921d31a1daa51460b7a95ea5f3ab64d5,1
502,928e52a9ad53a294fdcc91bcf59d1751,1
502,93a12c289ca2b78e7069e469f5053ef2,2
502,99a4788cb24856965c36a24e339b6058,2
502,9da950e8c8c482441f1b93955b21c827,1
502,a6ad77b15e566298a4e8ee2011ab1255,1
502,a92930c327948861c015c919a0bcb4a8,1
502,aca2eb7d00ea1a7b8ebd4e68314663af,3
502,bb50f2e236e5eea0100680137654686c,1
502,e5eadf9be70a4a9fa514019542fc330a,1
502,fc1d8637c0268af3db482c14b7ef8e75,1
502,fe9dfbe7f974621789683b7b78be2a16,1
502,ffc9caf33e2d1e9f44e3e06da19085f7,2
503,06edb72f1e0c64b14c5b79353f7abea3,1
503,11fd9d7ba552e1d28872e008acf1e050,1
503,1a080577618e7fe4d9ddd8fb2b47a964,1
503,2a5806f10d0f00e5ad032dd2e3c8806e,1
503,3354a4e684f5e7199f9407db70ccd92b,1
503,368c6c730842d78016ad823897a372db,2
503,389d119b48cf3043d311335e499d9c6b,1
503,3dd2a17168ec895c781a9191c1e95ad7,1
503,41db6d8062fcd38410c699743ccc0265,1
503,461f43be3bdf8844e65b62d9ac2c7a5a,1
503,4b96786612ebe7463132fce2c4dca136,1
503,53759a2ecddad2bb87a079a1f1519f73,1
503,566a4f2c4385f36d15c00dfcaae132d1,1
503,78efe838c04bbc568be034082200ac20,1
503,810e2944bca9850b934e1570ba372e7d,1
503,8317b177579dd27ff068b83205e2169b,1
503,84f456958365164420cfc80fbe4c7fab,1
503,8c591ab0ca519558779df02023177f44,1
503,91846781ef75057e134949400768e272,1
503,99a4788cb24856965c36a24e339b6058,1
503,a02d0123079f4ae96001ba2010d1a2df,1
503,a35a9f46dcee0a67c8c7ad8493eb4135,1
503,a62e25e09e05e6faf31d90c6ec1aa3d1,1
503,b0961721fd839e9982420e807758a2a6,1
503,b5e13c9a353102f79c6206ff5cb61a50,1
503,b623b7cb05ee3248fbe4a6ecbeed79a4,1
503,bb50f2e236e5eea0100680137654686c,1
503,c50ca07e9e4db9ea5011f06802c0aea0,1
503,cadb69af336c16aba5c5223599821245,1
503,d2085f7e0f9533605386960fc7e987ec,3
503,e94df75b2e9a8b056be0c144a731f55c,1
503,eb8c629f70275fd1c4f809116cce1efc,4
504,054515fd15bc1a2029f10de97ffa9120,3
504,0bcc3eeca39e1064258aa1e932269894,2
504,0e2d365a247d105fefc31b17ab8706d9,1
504,10717ff440b2320081989126e858b220,1
504,16679d68bdbed3fb97af806424d7f2b7,2
504,18b0e642cbae7251e60a64aa07dd9eb9,1
504,404a57563d487aecbc2b1a01d9b89aab,1
504,44d097d59e8430f88a67517cd0c4f865,1
504,7340a3839a1de1e99d149b8cf052a2ec,1
504,84f456958365164420cfc80fbe4c7fab,1
504,8aa6223e400af9c97b07c75993142721,1
504,8c292ca193d326152e335d77176746f0,1
504,962a6951154f98f2c8e9a5b8b2bcf4a9,2
504,b0c8da302d49498d2ce6be8c631e4e20,5
504,b532349fe46b38fbc7bb3914c1bdae07,2
504,b623b7cb05ee3248fbe4a6ecbeed79a4,2
504,c8cfa622661e047ea2499f8bce4731a5,1
504,d04857e7b4b708ee8b8b9921163edba3,2
504,e0cf79767c5b016251fe139915c59a26,1
504,e0d64dcfaa3b6db5c54ca298ae101d05,2
504,e4d325bd1eea550509bdbbc5c3301fc1,1
504,ec2d43cc59763ec91694573b31f1c29a,1
504,f7f59e6186e10983a061ac7bdb3494d6,1
504,fc1d8637c0268af3db482c14b7ef8e75,1
504,ffc9caf33e2d1e9f44e3e06da19085f7,2
505,054515fd15bc1a2029f10de97ffa9120,1
505,1600dcf1cea8c0c83702e07b577ab231,1
505,173e9fe34bfe97f3a5e6dc57fe897b74,1
505,3354a4e684f5e7199f9407db70ccd92b,1
505,349ce46a0e2e20054aa9d80c48af8816,1
505,3dd2a17168ec895c781a9191c1e95ad7,1
505,422879e10f46682990de24d770e7f83d,1
505,42ec84ace63b58b8c5a7ba7be01d5fb8,2
505,53759a2ecddad2bb87a079a1f1519f73,1
505,55b71bf300a2765a382eaec566df531f,1
505,64fb265487de2238627ce43fe8a67efc,1
505,67bd616e1ba0d3d3e8545f3113b0140d,1
505,7fb04722aba7a2b632bac8f9819796f3,1
505,a92930c327948861c015c919a0bcb4a8,1
505,aca2eb7d00ea1a7b8ebd4e68314663af,1
505,b192be433004cc1f10b467c0e9ea309b,1
505,bb42f37fc3d9130e4a4339d24a47dd7c,1
505,c1f5307decb89342351bec53668cffd9,1
505,cac9e5692471a0700418aa3400b9b2b1,2
505,d04857e7b4b708ee8b8b9921163edba3,1
505,d2f5484cbffe4ca766301b21ab9246dd,1
505,dab2413ead0edda9967edbc9bda2a64e,1
505,ddceb6eef6af67e9fbbd4c148dbe5fd9,1
505,e0d64dcfaa3b6db5c54ca298ae101d05,3
505,e85d91619b497e98754390b6198a9818,1
505,ef66e63137bdd1b2e44aa968646fc1e3,1
505,f7a17d2c51d9df89a4f1711c4ac17f33,1
505,f7f59e6186e10983a061ac7bdb3494d6,1
505,ffc9caf33e2d1e9f44e3e06da19085f7,1
506,173e9fe34bfe97f3a5e6dc57fe897b74,1
506,3dd2a17168ec895c781a9191c1e95ad7,2
506,41c24b8ce92d1a2cac62db5edfd088b2,1
506,43423cdffde7fda63d0414ed38c11a73,1
506,4fe644d766c7566dbc46fb851363cb3b,1
506,593236d0ff46b4299b4787fb8d43f7f0,1
506,6adab229374835b551f6402e0dc53267,1
506,79366d6a24de9351b7ca6e3cf75a68ec,1
506,7f72a8900b3d2fc8fa2635b7836d6e6e,1
506,8317b177579dd27ff068b83205e2169b,1
506,8a443635fdf9759915c9be5be2e3b862,1
506,928e52a9ad53a294fdcc91bcf59d1751,6
506,990d135e28e075648cb7d83198fdccf4,2
506,a39cc58c1b5926b6f9f378daa89f1315,1
506,b192be433004cc1f10b467c0e9ea309b,2
506,b38b25d838ae0b8385e8cc68b9017644,1
506,d04e48982547095af81c231c3d581cb6,1
506,d1c427060a0f73f6b889a5c7c61f2ac4,1
506,d285360f29ac7fd97640bf0baef03de0,1
506,d63c1011f49d98b976c352955b1c4bea,1
506,dab2413ead0edda9967edbc9bda2a64e,1
506,e85d91619b497e98754390b6198a9818,1
506,f8b624d4e475bb8d1bddf1b65c6a64f6,1
506,fbce4c4cb307679d89a3bf3d3bb353b9,1
506,fc1d8637c0268af3db482c14b7ef8e75,1
507,054515fd15bc1a2029f10de97ffa9120,1
507,18b0e642cbae7251e60a64aa07dd9eb9,2
507,2083a6feb4bbb31f6abc92fc24e468c0,1
507,3225c54bb2785c33f49f50398fcdb88c,1
507,44fded21627553d1886d459384bbce06,1
507,4fe644d766c7566dbc46fb851363cb3b,1
507,51ce083cd2b9078656a94655ab45b8a4,1
507,5b226d7c52f86ac72457617f78cff95d,1
507,71a5f1c2a5fd9889ef26b5ac22aec9c6,1
507,727a46f0b58a9ef165af9f7ebcfebfa9,1
507,7c1bd920dbdf22470b68bde975dd3ccf,1
507,8aa6223e400af9c97b07c75993142721,1
507,8ed094bfe076c568f6bb10feada3f75d,1
507,990d135e28e075648cb7d83198fdccf4,1
507,99a4788cb24856965c36a24e339b6058,2
507,a19b6951c75da43aad691622dd2f6abe,1
507,a92930c327948861c015c919a0bcb4a8,2
507,b0961721fd839e9982420e807758a2a6,3
507,c3ba4e8d3cb30049213b682e751e9d00,1
507,d017a2151d543a9885604dc62a3d9dcc,1
507,d04857e7b4b708ee8b8b9921163edba3,1
507,d285360f29ac7fd97640bf0baef03de0,2
507,e0d64dcfaa3b6db5c54ca298ae101d05,1
507,f8b624d4e475bb8d1bddf1b65c6a64f6,1
508,044f05bc9de36e8a693a83e4bc79dd0d,1
508,054515fd15bc1a2029f10de97ffa9120,1
508,2b4609f8948be18874494203496bc318,1
508,3354a4e684f5e7199f9407db70ccd92b,1
508,3dd2a17168ec895c781a9191c1e95ad7,1
508,5b226d7c52f86ac72457617f78cff95d,1
508,7340a3839a1de1e99d149b8cf052a2ec,1
508,7564c1759c04fc0a38f2aa84f7a370ee,1
508,914c9e9af640dd56f48764a225b00f89,1
508,928e52a9ad53a294fdcc91bcf59d1751,3
508,94475071013412139f862c0bd7e3bb37,1
508,a39cc58c1b5926b6f9f378daa89f1315,1
508,a62e25e09e05e6faf31d90c6ec1aa3d1,1
508,a6ad77b15e566298a4e8ee2011ab1255,3
508,a92930c327948861c015c919a0bcb4a8,5
508,aa8d88eb4b9cb38894e33fa624c4287f,1
508,bb50f2e236e5eea0100680137654686c,1
508,c1f5307decb89342351bec53668cffd9,1
508,c3ba4e8d3cb30049213b682e751e9d00,1
508,c7fd13b5e515bffdab855d0812842edb,2
508,cac9e5692471a0700418aa3400b9b2b1,2
508,cb81df0e3ccece253557f2a07df4727e,1
508,cc5447118c174dcc6456c84ccb29e6f7,1
508,d04e48982547095af81c231c3d581cb6,1
508,dab2413ead0edda9967edbc9bda2a64e,1
508,e0d64dcfaa3b6db5c54ca298ae101d05,2
508,e9a69340883a438c3f91739d14d3a56d,1
508,f40876e0ef3cd5f9132b1f16b04b1346,1
508,fb55982be901439613a95940feefd9ee,1
508,fbc1488c1a1e72ba175f53ab29a248e8,1
508,fbce4c4cb307679d89a3bf3d3bb353b9,2
508,fc1d8637c0268af3db482c14b7ef8e75,1
509,1613b819ab5dae53aead2dbb4ebdb378,1
509,1a080577618e7fe4d9ddd8fb2b47a964,1
509,216bb0e0cd43ffd832e0973d35e0377e,1
509,24c66f106f642621e524291a895c9032,3
509,2a2d22ae30e026f1893083c8405ca522,1
509,3354a4e684f5e7199f9407db70ccd92b,1
509,3dd2a17168ec895c781a9191c1e95ad7,1
509,3fbc0ef745950c7932d5f2a446189725,1
509,41c24b8ce92d1a2cac62db5edfd088b2,2
509,422879e10f46682990de24d770e7f83d,1
509,4b96786612ebe7463132fce2c4dca136,2
509,4cd6ba4ea3112de8fc238307c4dc6307,2
509,4fe644d766c7566dbc46fb851363cb3b,2
509,500870614ddcf5bd84f7d26861026c8a,1
509,634256dbcd184b3757ffd7632c9fe52a,1
509,7f064525eaaa1ce9d22c085f7ff5413a,1
509,84f456958365164420cfc80fbe4c7fab,1
509,8983a3b149303c013fceabef902e835a,1
509,928e52a9ad53a294fdcc91bcf59d1751,1
509,990d135e28e075648cb7d83198fdccf4,1
509,af2d506fb01b724e03591349ad36b67e,1
509,b0961721fd839e9982420e807758a2a6,1
509,b532349fe46b38fbc7bb3914c1bdae07,2
509,d285360f29ac7fd97640bf0baef03de0,2
509,e0d64dcfaa3b6db5c54ca298ae101d05,3
509,ee0c1cf2fbeae95205b4aa506f1469f0,1
509,f819f0c84a64f02d3a5606ca95edd272,1
509,f8b624d4e475bb8d1bddf1b65c6a64f6,1
509,f908d3bf313a1308bfb2a46ea2685347,1
509,fbce4c4cb307679d89a3bf3d3bb353b9,1
510,0a57f7d2c983bcf8188589a5fea4a8da,1
510,0bbdc963004d9b2fd3427ee3c5ae3608,2
510,0cf41187284d7f099adc8415a743ebbd,1
510,0e2d365a247d105fefc31b17ab8706d9,1
510,1613b819ab5dae53aead2dbb4ebdb378,1
510,16679d68bdbed3fb97af806424d7f2b7,2
510,19c91ef95d509ea33eda93495c4d3481,1
510,1ec486885049bbb9b79351d150ed18c4,2
510,216bb0e0cd43ffd832e0973d35e0377e,2
510,25f86162fee18735fffdb762dcb10d7c,1
510,2b4609f8948be18874494203496bc318,1
510,349ce46a0e2e20054aa9d80c48af8816,1
510,368c6c730842d78016ad823897a372db,1
510,3dd2a17168ec895c781a9191c1e95ad7,1
510,3e5201fe0d1ba474d9b90152c83c706c,1
510,3fbc0ef745950c7932d5f2a446189725,4
510,41c24b8ce92d1a2cac62db5edfd088b2,2
510,41db6d8062fcd38410c699743ccc0265,1
510,595fac2a385ac33a80bd5114aec74eb8,1
510,64fb265487de2238627ce43fe8a67efc,1
510,6803077179d24889430188e03fafd31a,1
510,6adab229374835b551f6402e0dc53267,1
510,703d742887bb9267f89b675608ba7aa0,1
510,7564c1759c04fc0a38f2aa84f7a370ee,1
510,781afe929e3016a667f5f439afd55fce,2
510,78efe838c04bbc568be034082200ac20,1
510,7d50930301709838d8e90dcac5cfaa84,1
510,8317b177579dd27ff068b83205e2169b,2
510,84f456958365164420cfc80fbe4c7fab,2
510,87a71ae93900ab55fcf685c8040769b3,1
510,89321f94e35fc6d7903d36f74e351d40,1
510,91846781ef75057e134949400768e272,1
510,93a12c289ca2b78e7069e469f5053ef2,1
510,990d135e28e075648cb7d83198fdccf4,4
510,a02d0123079f4ae96001ba2010d1a2df,1
510,a92930c327948861c015c919a0bcb4a8,1
510,ab1f9387c0627dd24000bfbc54fdeee0,1
510,b623b7cb05ee3248fbe4a6ecbeed79a4,1
510,bb50f2e236e5eea0100680137654686c,3
510,c3ba4e8d3cb30049213b682e751e9d00,1
510,ccadfeab525a9eb1569983b66e5075c4,1
510,d285360f29ac7fd97640bf0baef03de0,1
510,ddceb6eef6af67e9fbbd4c148dbe5fd9,1
510,e85d91619b497e98754390b6198a9818,1
510,fb7a100ec8c7b34f60cec22b1a9a10e0,1
510,fe077ec80df6b4ee60bb4498d5ab1962,1
511,0e2d365a247d105fefc31b17ab8706d9,1
511,130482add9fd75ccb6c57ba007694a2d,1
511,1613b819ab5dae53aead2dbb4ebdb378,1
511,16ed6a6e3fce23b741650437fe58d65b,1
511,19421075ae0b585f2dc13ff149e2119d,1
511,19c91ef95d509ea33eda93495c4d3481,4
511,216bb0e0cd43ffd832e0973d35e0377e,2
511,24c66f106f642621e524291a895c9032,1
511,25f86162fee18735fffdb762dcb10d7c,1
511,2ff995aead9c63a1f37a07b3664ead37,1
511,3354a4e684f5e7199f9407db70ccd92b,1
511,368c6c730842d78016ad823897a372db,2
511,36c2fb4fa746273709c373f6d6ec6796,1
511,3cb39171fd36c50097f2dedbbe0dfe6e,1
511,3dd2a17168ec895c781a9191c1e95ad7,2
511,3fbc0ef745950c7932d5f2a446189725,4
511,44fded21627553d1886d459384bbce06,1
511,53759a2ecddad2bb87a079a1f1519f73,1
511,595fac2a385ac33a80bd5114aec74eb8,1
511,6109d0cae3bcb57d579bc0fab6e61814,1
511,6cdd53843498f92890544667809f1595,1
511,727a46f0b58a9ef165af9f7ebcfebfa9,1
511,7814c273ab16783d73a9863ebfa8b141,1
511,82e4ad16521ca131d95e198d507db370,1
511,84f456958365164420cfc80fbe4c7fab,1
511,8ed094bfe076c568f6bb10feada3f75d,1
511,93c902b021a9e594f658ab1b0351602a,1
511,94475071013412139f862c0bd7e3bb37,1
511,a5341e3f8155dbb3e62323d3ea289729,1
511,a59fb60fddcc72a9878b7ed5cb69d8e4,1
511,abc3432ff825d8e524db1d4eac6d2099,2
511,b0961721fd839e9982420e807758a2a6,2
511,b0c8da302d49498d2ce6be8c631e4e20,1
511,b8a0d73b2a06e7910d9864dccdb0cda2,1
511,bd6e6fce9ada76ea2db0f1912e8e478f,1
511,c50ca07e9e4db9ea5011f06802c0aea0,1
511,cb81df0e3ccece253557f2a07df4727e,2
511,d1c427060a0f73f6b889a5c7c61f2ac4,3
511,d2f5484cbffe4ca766301b21ab9246dd,1
511,e0cf79767c5b016251fe139915c59a26,2
511,e0d64dcfaa3b6db5c54ca298ae101d05,1
511,ee0c1cf2fbeae95205b4aa506f1469f0,1
511,f4d705aa95ccca448e5b0deb6e5290ba,1
511,f8b624d4e475bb8d1bddf1b65c6a64f6,2
511,fbc1488c1a1e72ba175f53ab29a248e8,2
511,fe077ec80df6b4ee60bb4498d5ab1962,2
512,0152f69b6cf919bcdaf117aa8c43e5a2,1
512,06edb72f1e0c64b14c5b79353f7abea3,1
512,19c91ef95d509ea33eda93495c4d3481,4
512,24c66f106f642621e524291a895c9032,1
512,349ce46a0e2e20054aa9d80c48af8816,1
512,35afc973633aaeb6b877ff57b2793310,1
512,368c6c730842d78016ad823897a372db,2
512,389d119b48cf3043d311335e499d9c6b,1
512,3dd2a17168ec895c781a9191c1e95ad7,3
512,41db6d8062fcd38410c699743ccc0265,1
512,422879e10f46682990de24d770e7f83d,2
512,44fded21627553d1886d459384bbce06,1
512,51ce083cd2b9078656a94655ab45b8a4,1
512,53759a2ecddad2bb87a079a1f1519f73,4
512,57e089e3103f5cda6a4ce23b77399bdb,1
512,57f2bc497c1a3ebe41ba7a06d78ed159,1
512,593236d0ff46b4299b4787fb8d43f7f0,2
512,5bfc7506459ae2a7b4b573fe557a58e1,1
512,634256dbcd184b3757ffd7632c9fe52a,1
512,65266b2da20d04dbe00c5c2d3bb7859e,1
512,68a058d125ba1544e726898f0b8c0523,1
512,78efe838c04bbc568be034082200ac20,1
512,8562e2c780a345b609e1b802d7e3e4ae,1
512,87a71ae93900ab55fcf685c8040769b3,1
512,89321f94e35fc6d7903d36f74e351d40,1
512,909b87db6cb3a7ab26bd03cc59860136,1
512,99a4788cb24856965c36a24e339b6058,1
512,9f1c3e71d56894398a42b050b07f1baa,2
512,a02d0123079f4ae96001ba2010d1a2df,1
512,b8a0d73b2a06e7910d9864dccdb0cda2,2
512,bb42f37fc3d9130e4a4339d24a47dd7c,1
512,bb50f2e236e5eea0100680137654686c,1
512,bd6e6fce9ada76ea2db0f1912e8e478f,1
512,c3ba4e8d3cb30049213b682e751e9d00,1
512,c50ca07e9e4db9ea5011f06802c0aea0,1
512,c8cfa622661e047ea2499f8bce4731a5,1
512,cac9e5692471a0700418aa3400b9b2b1,1
512,d017a2151d543a9885604dc62a3d9dcc,1
512,d04857e7b4b708ee8b8b9921163edba3,2
512,e1da6ab77f4859eb17950e5df1c0f815,1
512,f8b624d4e475bb8d1bddf1b65c6a64f6,2
512,fb7a100ec8c7b34f60cec22b1a9a10e0,1
512,fbce4c4cb307679d89a3bf3d3bb353b9,3
512,fe077ec80df6b4ee60bb4498d5ab1962,1
512,ffc9caf33e2d1e9f44e3e06da19085f7,1
513,054515fd15bc1a2029f10de97ffa9120,1
513,060c17562f97e5bb60bc0dfa4dd5b3f2,2
513,0705b33fb285827a578fce4899f1b921,1
513,0bcc3eeca39e1064258aa1e932269894,2
513,1613b819ab5dae53aead2dbb4ebdb378,1
513,19c91ef95d509ea33eda93495c4d3481,1
513,216bb0e0cd43ffd832e0973d35e0377e,2
513,24c66f106f642621e524291a895c9032,1
513,3dd2a17168ec895c781a9191c1e95ad7,1
513,3fbc0ef745950c7932d5f2a446189725,1
513,4178e16324fd0c9a8e18463caf390cc6,1
513,41c24b8ce92d1a2cac62db5edfd088b2,1
513,461f43be3bdf8844e65b62d9ac2c7a5a,1
513,5328338cfaa16ba10561cd970c73ca11,1
513,53759a2ecddad2bb87a079a1f1519f73,2
513,583f158587cdecda3e8bdea694021e39,1
513,595fac2a385ac33a80bd5114aec74eb8,1
513,65266b2da20d04dbe00c5c2d3bb7859e,4
513,68bf2e76db1d8e846042e54da87399ca,1
513,6cdd53843498f92890544667809f1595,1
513,7d50930301709838d8e90dcac5cfaa84,3
513,7f72a8900b3d2fc8fa2635b7836d6e6e,1
513,82e4ad16521ca131d95e198d507db370,1
513,8b50a72d52d7a91fb19d19fbe069e2f2,2
513,93c902b021a9e594f658ab1b0351602a,1
513,a39cc58c1b5926b6f9f378daa89f1315,2
513,a62e25e09e05e6faf31d90c6ec1aa3d1,4
513,a8115d34a4b7b74388da609692162c37,1
513,a92930c327948861c015c919a0bcb4a8,2
513,aadff88486740e0b0ebe2be6c09476ae,1
513,af2d506fb01b724e03591349ad36b67e,1
513,b532349fe46b38fbc7bb3914c1bdae07,2
513,b8a0d73b2a06e7910d9864dccdb0cda2,1
513,bb42f37fc3d9130e4a4339d24a47dd7c,1
513,bce474cc95b6e77657e10939b0b4248c,1
513,c1f5307decb89342351bec53668cffd9,1
513,c3ba4e8d3cb30049213b682e751e9d00,2
513,c4baedd846ed09b85f78a781b522f126,1
513,c50ca07e9e4db9ea5011f06802c0aea0,2
513,cb81df0e3ccece253557f2a07df4727e,1
513,d04857e7b4b708ee8b8b9921163edba3,1
513,d1c427060a0f73f6b889a5c7c61f2ac4,1
513,dab2413ead0edda9967edbc9bda2a64e,1
513,fbce4c4cb307679d89a3bf3d3bb353b9,1
514,044f05bc9de36e8a693a83e4bc79dd0d,1
514,0a4093a4af429dc0a9334300e5c13ae5,1
514,0bcc3eeca39e1064258aa1e932269894,1
514,0cf41187284d7f099adc8415a743ebbd,1
514,1600dcf1cea8c0c83702e07b577ab231,1
514,19c91ef95d509ea33eda93495c4d3481,2
514,216bb0e0cd43ffd832e0973d35e0377e,2
514,22c5ddc22ea8cae84fc9917def682dc6,1
514,2a5806f10d0f00e5ad032dd2e3c8806e,3
514,2b4609f8948be18874494203496bc318,1
514,349ce46a0e2e20054aa9d80c48af8816,1
514,372645c7439f9661fbbacfd129aa92ec,1
514,3dd2a17168ec895c781a9191c1e95ad7,1
514,3f14d740544f37ece8a9e7bc8349797e,1
514,3fbc0ef745950c7932d5f2a446189725,1
514,41c24b8ce92d1a2cac62db5edfd088b2,1
514,44d097d59e8430f88a67517cd0c4f865,1
514,4aa6014eceb682077f9dc4bffebc05b0,1
514,4ce9ab528124f89e091b17d11aa2e97c,1
514,553e0e7590d3116a072507a3635d2877,1
514,57e089e3103f5cda6a4ce23b77399bdb,3
514,62d8daeee0db3a60c234c2d1bfd10651,1
514,634256dbcd184b3757ffd7632c9fe52a,2
514,64fb265487de2238627ce43fe8a67efc,2
514,69455f41626a745aea9ee9164cb9eafd,1
514,6cdd53843498f92890544667809f1595,1
514,73bcea88583002fe12b7399af4ae60da,1
514,7564c1759c04fc0a38f2aa84f7a370ee,2
514,777d2e438a1b645f3aec9bd57e92672c,1
514,82e4ad16521ca131d95e198d507db370,1
514,84f456958365164420cfc80fbe4c7fab,1
514,86c43103446290e7efacad3701cd654d,1
514,8983a3b149303c013fceabef902e835a,1
514,91b08d34d0ba4db44da2dc382867ba49,1
514,928e52a9ad53a294fdcc91bcf59d1751,2
514,a62e25e09e05e6faf31d90c6ec1aa3d1,2
514,a8115d34a4b7b74388da609692162c37,1
514,a92930c327948861c015c919a0bcb4a8,1
514,ac44def10e24998cdee20a208d691127,1
514,b8b426747049f2d3d6e00b486d47dedb,1
514,bb50f2e236e5eea0100680137654686c,1
514,bdc3291ab242ec1effc8eb0987850268,1
514,c8cfa622661e047ea2499f8bce4731a5,1
514,d017a2151d543a9885604dc62a3d9dcc,1
514,d1c427060a0f73f6b889a5c7c61f2ac4,3
514,d2f5484cbffe4ca766301b21ab9246dd,1
514,d63c1011f49d98b976c352955b1c4bea,1
514,e0cf79767c5b016251fe139915c59a26,1
514,e53e557d5a159f5aa2c5e995dfdf244b,1
514,e85d91619b497e98754390b6198a9818,1
514,e94df75b2e9a8b056be0c144a731f55c,1
514,f40876e0ef3cd5f9132b1f16b04b1346,1
514,f8b624d4e475bb8d1bddf1b65c6a64f6,1
514,fbce4c4cb307679d89a3bf3d3bb353b9,3
514,fe077ec80df6b4ee60bb4498d5ab1962,1
514,fe75529a267b76ac6e96f0c322a899a4,1
515,044f05bc9de36e8a693a83e4bc79dd0d,1
515,0e2d365a247d105fefc31b17ab8706d9,1
515,1613b819ab5dae53aead2dbb4ebdb378,1
515,177d3d5bb9d4d29222a222e3b3554f41,2
515,18b0e642cbae7251e60a64aa07dd9eb9,1
515,24c66f106f642621e524291a895c9032,1
515,32e18e89237933ebdaaebd78a27e7fa1,1
515,3dd2a17168ec895c781a9191c1e95ad7,1
515,4298b7e67dc399c200662b569563a2b2,1
515,44fded21627553d1886d459384bbce06,1
515,4fe644d766c7566dbc46fb851363cb3b,2
515,53ea9da485f6aed8a6f03a85831fe021,1
515,55b71bf300a2765a382eaec566df531f,1
515,595fac2a385ac33a80bd5114aec74eb8,1
515,6109d0cae3bcb57d579bc0fab6e61814,1
515,634256dbcd184b3757ffd7632c9fe52a,1
515,69455f41626a745aea9ee9164cb9eafd,2
515,6cdd53843498f92890544667809f1595,1
515,78efe838c04bbc568be034082200ac20,1
515,84f456958365164420cfc80fbe4c7fab,1
515,928e52a9ad53a294fdcc91bcf59d1751,1
515,99a4788cb24856965c36a24e339b6058,1
515,a62e25e09e05e6faf31d90c6ec1aa3d1,1
515,a8075470f960215ffb67624782f80fec,1
515,b0c8da302d49498d2ce6be8c631e4e20,1
515,b192be433004cc1f10b467c0e9ea309b,4
515,b532349fe46b38fbc7bb3914c1bdae07,2
515,b60856ce32d90658dbf99b9485327c25,1
515,bce474cc95b6e77657e10939b0b4248c,1
515,c4baedd846ed09b85f78a781b522f126,1
515,c9c6fde711572c1ad99ca12728c6af00,1
515,d017a2151d543a9885604dc62a3d9dcc,1
515,d04857e7b4b708ee8b8b9921163edba3,1
515,d1c427060a0f73f6b889a5c7c61f2ac4,1
515,d63c1011f49d98b976c352955b1c4bea,2
515,ddceb6eef6af67e9fbbd4c148dbe5fd9,1
515,e0cf79767c5b016251fe139915c59a26,1
515,ec5b3c8bb77ad22278f6e9d719a83de3,2
515,ed2067a9c1f79553088a3c67b99a9f97,1
516,1600dcf1cea8c0c83702e07b577ab231,1
516,177d3d5bb9d4d29222a222e3b3554f41,1
516,19c91ef95d509ea33eda93495c4d3481,2
516,24c66f106f642621e524291a895c9032,1
516,2b4609f8948be18874494203496bc318,1
516,389d119b48cf3043d311335e499d9c6b,1
516,3dd2a17168ec895c781a9191c1e95ad7,1
516,41db6d8062fcd38410c699743ccc0265,1
516,437c05a395e9e47f9762e677a7068ce7,1
516,51ce083cd2b9078656a94655ab45b8a4,1
516,53ea9da485f6aed8a6f03a85831fe021,1
516,54d9ac713e253fa1fae9c8003b011c2a,1
516,566a4f2c4385f36d15c00dfcaae132d1,1
516,593236d0ff46b4299b4787fb8d43f7f0,3
516,595fac2a385ac33a80bd5114aec74eb8,1
516,64fb265487de2238627ce43fe8a67efc,1
516,65266b2da20d04dbe00c5c2d3bb7859e,1
516,6bbe55cf8f85c87b6eebb775a53402f4,1
516,781afe929e3016a667f5f439afd55fce,1
516,79da264732f717f10ebf5d102aa6c32a,2
516,8317b177579dd27ff068b83205e2169b,2
516,87283a98b24f9f1ac3a31b631073cf47,1
516,8c292ca193d326152e335d77176746f0,1
516,928e52a9ad53a294fdcc91bcf59d1751,1
516,99a4788cb24856965c36a24e339b6058,2
516,9ecadb84c81da840dbf3564378b586e9,2
516,a02d0123079f4ae96001ba2010d1a2df,1
516,a8075470f960215ffb67624782f80fec,1
516,aa8d88eb4b9cb38894e33fa624c4287f,1
516,bb50f2e236e5eea0100680137654686c,2
516,c1f5307decb89342351bec53668cffd9,1
516,d04857e7b4b708ee8b8b9921163edba3,1
516,d1c427060a0f73f6b889a5c7c61f2ac4,2
516,ddceb6eef6af67e9fbbd4c148dbe5fd9,1
516,e0d64dcfaa3b6db5c54ca298ae101d05,2
516,e2bb00220a167d9e60b6776ac33717bc,1
516,e4ca5b20cfe1a020e15e36fe14e880ee,1
516,e5ae72c62ebfa708624f5029d609b160,1
516,ed2067a9c1f79553088a3c67b99a9f97,1
516,f40876e0ef3cd5f9132b1f16b04b1346,1
516,fbce4c4cb307679d89a3bf3d3bb353b9,3
516,fc1d8637c0268af3db482c14b7ef8e75,1
517,044f05bc9de36e8a693a83e4bc79dd0d,1
517,0cf41187284d7f099adc8415a743ebbd,1
517,0e2d365a247d105fefc31b17ab8706d9,1
517,16679d68bdbed3fb97af806424d7f2b7,1
517,19c91ef95d509ea33eda93495c4d3481,1
517,2948658cb6abc82847412be7201bfc4c,3
517,3354a4e684f5e7199f9407db70ccd92b,1
517,35afc973633aaeb6b877ff57b2793310,1
517,3dd2a17168ec895c781a9191c1e95ad7,2
517,3e5201fe0d1ba474d9b90152c83c706c,1
517,4178e16324fd0c9a8e18463caf390cc6,1
517,41c24b8ce92d1a2cac62db5edfd088b2,1
517,52c80cedd4e90108bf4fa6a206ef6b03,1
517,57e089e3103f5cda6a4ce23b77399bdb,1
517,5d66715cc928aadd0074f61332698593,1
517,69455f41626a745aea9ee9164cb9eafd,1
517,6cdd53843498f92890544667809f1595,1
517,703d742887bb9267f89b675608ba7aa0,1
517,7564c1759c04fc0a38f2aa84f7a370ee,2
517,7f72a8900b3d2fc8fa2635b7836d6e6e,1
517,827c4a77226a3e7ef259d61eaa775df9,1
517,8b50a72d52d7a91fb19d19fbe069e2f2,3
517,99a4788cb24856965c36a24e339b6058,3
517,b8b426747049f2d3d6e00b486d47dedb,1
517,ba74c6b75d2ad7503175809688d5a03c,1
517,bce474cc95b6e77657e10939b0b4248c,1
517,d3e1006ba3735c0d44160026b6e0ced3,1
517,d63c1011f49d98b976c352955b1c4bea,1
517,ddceb6eef6af67e9fbbd4c148dbe5fd9,1
517,e4ca5b20cfe1a020e15e36fe14e880ee,1
517,f819f0c84a64f02d3a5606ca95edd272,1
517,fbce4c4cb307679d89a3bf3d3bb353b9,1
517,fe75529a267b76ac6e96f0c322a899a4,2
518,0e2d365a247d105fefc31b17ab8706d9,2
518,145978af3e89b318be0b717a0953649a,1
518,1613b819ab5dae53aead2dbb4ebdb378,2
518,16679d68bdbed3fb97af806424d7f2b7,2
518,177d3d5bb9d4d29222a222e3b3554f41,1
518,19c91ef95d509ea33eda93495c4d3481,1
518,2948658cb6abc82847412be7201bfc4c,2
518,368c6c730842d78016ad823897a372db,2
518,389d119b48cf3043d311335e499d9c6b,1
518,3dd2a17168ec895c781a9191c1e95ad7,1
518,3fbc0ef745950c7932d5f2a446189725,3
518,4178e16324fd0c9a8e18463caf390cc6,1
518,41c24b8ce92d1a2cac62db5edfd088b2,1
518,437c05a395e9e47f9762e677a7068ce7,1
518,4b96786612ebe7463132fce2c4dca136,1
518,4c2394abfbac7ff59ec7a420918562fa,2
518,4fe644d766c7566dbc46fb851363cb3b,1
518,50fd2b788dc166edd20512370dac54df,1
518,595fac2a385ac33a80bd5114aec74eb8,3
518,5d66715cc928aadd0074f61332698593,3
518,6109d0cae3bcb57d579bc0fab6e61814,2
518,64fb265487de2238627ce43fe8a67efc,1
518,69455f41626a745aea9ee9164cb9eafd,2
518,76d1a1a9d21ab677a61c3ae34b1b352f,1
518,777d2e438a1b645f3aec9bd57e92672c,1
518,7814c273ab16783d73a9863ebfa8b141,2
518,8562e2c780a345b609e1b802d7e3e4ae,2
518,86c43103446290e7efacad3701cd654d,1
518,89321f94e35fc6d7903d36f74e351d40,3
518,93c902b021a9e594f658ab1b0351602a,1
518,97017430754804328eb9597b7f85da03,1
518,99a4788cb24856965c36a24e339b6058,3
518,9fe172fa8e662ca8572cf12abf8bce23,1
518,a39cc58c1b5926b6f9f378daa89f1315,1
518,a42d9c825894f96fc6ed02610891454d,1
518,a62e25e09e05e6faf31d90c6ec1aa3d1,4
518,abc3432ff825d8e524db1d4eac6d2099,1
518,acc444eb5ad26f79d5a11baa6a03c439,1
518,b192be433004cc1f10b467c0e9ea309b,1
518,bdcf6a834e8faa30dac3886c7a58e92e,1
518,c2ece64199af7a53793ed9612a89a8cd,1
518,c3ba4e8d3cb30049213b682e751e9d00,1
518,c8cfa622661e047ea2499f8bce4731a5,1
518,cec09725da5ed01471d9a505e7389d37,1
518,d017a2151d543a9885604dc62a3d9dcc,1
518,d04857e7b4b708ee8b8b9921163edba3,2
518,d1c427060a0f73f6b889a5c7c61f2ac4,1
518,d2f5484cbffe4ca766301b21ab9246dd,1
518,d63c1011f49d98b976c352955b1c4bea,1
518,ddceb6eef6af67e9fbbd4c148dbe5fd9,1
518,e0d64dcfaa3b6db5c54ca298ae101d05,1
518,e5ae72c62ebfa708624f5029d609b160,1
519,06edb72f1e0c64b14c5b79353f7abea3,1
519,0705b33fb285827a578fce4899f1b921,1
519,08a58dc963320d6073623382b9ceb920,1
519,16679d68bdbed3fb97af806424d7f2b7,3
519,16ed6a6e3fce23b741650437fe58d65b,1
519,173e9fe34bfe97f3a5e6dc57fe897b74,1
519,19421075ae0b585f2dc13ff149e2119d,1
519,216bb0e0cd43ffd832e0973d35e0377e,3
519,24c66f106f642621e524291a895c9032,2
519,2ffdf10e724b958c0f7ea69e97d32f64,1
519,389d119b48cf3043d311335e499d9c6b,1
519,3cb39171fd36c50097f2dedbbe0dfe6e,1
519,3dd2a17168ec895c781a9191c1e95ad7,2
519,4fe644d766c7566dbc46fb851363cb3b,2
519,500870614ddcf5bd84f7d26861026c8a,1
519,51f876eb62be778c757503cf7f8a3b74,4
519,52c80cedd4e90108bf4fa6a206ef6b03,3
519,593236d0ff46b4299b4787fb8d43f7f0,1
519,595fac2a385ac33a80bd5114aec74eb8,1
519,5d66715cc928aadd0074f61332698593,1
519,634256dbcd184b3757ffd7632c9fe52a,1
519,69455f41626a745aea9ee9164cb9eafd,1
519,73bcea88583002fe12b7399af4ae60da,1
519,7f4e034245e45549110139d1de248f83,1
519,84f456958365164420cfc80fbe4c7fab,1
519,8c591ab0ca519558779df02023177f44,1
519,93c902b021a9e594f658ab1b0351602a,1
519,94475071013412139f862c0bd7e3bb37,1
519,97017430754804328eb9597b7f85da03,1
519,9da950e8c8c482441f1b93955b21c827,1
519,a8075470f960215ffb67624782f80fec,1
519,a92930c327948861c015c919a0bcb4a8,2
519,ab1f9387c0627dd24000bfbc54fdeee0,1
519,ac44def10e24998cdee20a208d691127,1
519,b38b25d838ae0b8385e8cc68b9017644,1
519,b532349fe46b38fbc7bb3914c1bdae07,3
519,b8b426747049f2d3d6e00b486d47dedb,1
519,c3097e07a0a5de0d4b4c836d90c5a284,1
519,c3ba4e8d3cb30049213b682e751e9d00,1
519,c4baedd846ed09b85f78a781b522f126,1
519,c6336fa91fbd87c359e44f5dca5a90ed,1
519,d04e48982547095af81c231c3d581cb6,1
519,d1c427060a0f73f6b889a5c7c61f2ac4,5
519,dab2413ead0edda9967edbc9bda2a64e,1
519,ddceb6eef6af67e9fbbd4c148dbe5fd9,1
519,e0d64dcfaa3b6db5c54ca298ae101d05,2
519,fbce4c4cb307679d89a3bf3d3bb353b9,2
519,ffc9caf33e2d1e9f44e3e06da19085f7,1
520,1600dcf1cea8c0c83702e07b577ab231,3
520,1613b819ab5dae53aead2dbb4ebdb378,1
520,24c66f106f642621e524291a895c9032,4
520,2b4609f8948be18874494203496bc318,4
520,3225c54bb2785c33f49f50398fcdb88c,1
520,3354a4e684f5e7199f9407db70ccd92b,1
520,363218ba55c610b750224f90bdd34be1,1
520,437c05a395e9e47f9762e677a7068ce7,1
520,4b96786612ebe7463132fce2c4dca136,1
520,4fe644d766c7566dbc46fb851363cb3b,2
520,51f876eb62be778c757503cf7f8a3b74,1
520,55b71bf300a2765a382eaec566df531f,1
520,593236d0ff46b4299b4787fb8d43f7f0,1
520,634256dbcd184b3757ffd7632c9fe52a,1
520,64fb265487de2238627ce43fe8a67efc,1
520,6cdd53843498f92890544667809f1595,4
520,71a5f1c2a5fd9889ef26b5ac22aec9c6,1
520,7564c1759c04fc0a38f2aa84f7a370ee,1
520,79da264732f717f10ebf5d102aa6c32a,1
520,7c1bd920dbdf22470b68bde975dd3ccf,1
520,7f4e034245e45549110139d1de248f83,1
520,827c4a77226a3e7ef259d61eaa775df9,1
520,84f456958365164420cfc80fbe4c7fab,1
520,87283a98b24f9f1ac3a31b631073cf47,1
520,89321f94e35fc6d7903d36f74e351d40,1
520,8c591ab0ca519558779df02023177f44,1
520,99a4788cb24856965c36a24e339b6058,1
520,9fe172fa8e662ca8572cf12abf8bce23,1
520,a39cc58c1b5926b6f9f378daa89f1315,1
520,a5341e3f8155dbb3e62323d3ea289729,1
520,a92930c327948861c015c919a0bcb4a8,4
520,aadff88486740e0b0ebe2be6c09476ae,1
520,bb50f2e236e5eea0100680137654686c,1
520,c211ff3068fcd2f8898192976d8b3a32,1
520,c4baedd846ed09b85f78a781b522f126,1
520,c6336fa91fbd87c359e44f5dca5a90ed,1
520,ca5c923962558430573f83661dbe36d6,1
520,d04857e7b4b708ee8b8b9921163edba3,1
520,d3e1006ba3735c0d44160026b6e0ced3,1
520,d63c1011f49d98b976c352955b1c4bea,1
520,e0d64dcfaa3b6db5c54ca298ae101d05,1
520,eb8c629f70275fd1c4f809116cce1efc,2
520,fbce4c4cb307679d89a3bf3d3bb353b9,1
520,fe01b643060a6446e59f58e3021e66b3,2
521,060c17562f97e5bb60bc0dfa4dd5b3f2,1
521,1613b819ab5dae53aead2dbb4ebdb378,1
521,19c91ef95d509ea33eda93495c4d3481,2
521,2fea0f2cec6b6324a277d4a61c2ed2c6,1
521,349ce46a0e2e20054aa9d80c48af8816,1
521,52c80cedd4e90108bf4fa6a206ef6b03,1
521,5403528d987ad26e8d7cb25940411987,1
521,553e0e7590d3116a072507a3635d2877,1
521,65266b2da20d04dbe00c5c2d3bb7859e,1
521,7564c1759c04fc0a38f2aa84f7a370ee,1
521,781afe929e3016a667f5f439afd55fce,1
521,810e2944bca9850b934e1570ba372e7d,1
521,84f456958365164420cfc80fbe4c7fab,1
521,8562e2c780a345b609e1b802d7e3e4ae,1
521,93c902b021a9e594f658ab1b0351602a,1
521,99a4788cb24856965c36a24e339b6058,2
521,a62e25e09e05e6faf31d90c6ec1aa3d1,2
521,a6ad77b15e566298a4e8ee2011ab1255,1
521,a92930c327948861c015c919a0bcb4a8,1
521,aadff88486740e0b0ebe2be6c09476ae,1
521,b84520a57891e7a8ae2c68741dcc7146,1
521,bb42f37fc3d9130e4a4339d24a47dd7c,1
521,bb50f2e236e5eea0100680137654686c,1
521,bd6e6fce9ada76ea2db0f1912e8e478f,1
521,cac9e5692471a0700418aa3400b9b2b1,1
521,ce6f74096c84567f22728c84f3d6e7fc,2
521,d04857e7b4b708ee8b8b9921163edba3,1
521,d285360f29ac7fd97640bf0baef03de0,1
521,e0cf79767c5b016251fe139915c59a26,1
521,e1da6ab77f4859eb17950e5df1c0f815,2
521,e2bb00220a167d9e60b6776ac33717bc,1
521,e53e557d5a159f5aa2c5e995dfdf244b,2
521,fbc1488c1a1e72ba175f53ab29a248e8,2
521,fc1d8637c0268af3db482c14b7ef8e75,1
521,fe9dfbe7f974621789683b7b78be2a16,1
522,06edb72f1e0c64b14c5b79353f7abea3,2
522,0a57f7d2c983bcf8188589a5fea4a8da,2
522,145978af3e89b318be0b717a0953649a,1
522,177d3d5bb9d4d29222a222e3b3554f41,1
522,18b0e642cbae7251e60a64aa07dd9eb9,1
522,24c66f106f642621e524291a895c9032,1
522,2b4609f8948be18874494203496bc318,1
522,2fea0f2cec6b6324a277d4a61c2ed2c6,1
522,2ffdf10e724b958c0f7ea69e97d32f64,1
522,3dd2a17168ec895c781a9191c1e95ad7,1
522,41c24b8ce92d1a2cac62db5edfd088b2,1
522,41db6d8062fcd38410c699743ccc0265,3
522,437c05a395e9e47f9762e677a7068ce7,1
522,4fe644d766c7566dbc46fb851363cb3b,2
522,634256dbcd184b3757ffd7632c9fe52a,2
522,781afe929e3016a667f5f439afd55fce,1
522,78efe838c04bbc568be034082200ac20,1
522,82e4ad16521ca131d95e198d507db370,1
522,8ed094bfe076c568f6bb10feada3f75d,1
522,928e52a9ad53a294fdcc91bcf59d1751,1
522,93c902b021a9e594f658ab1b0351602a,1
522,99a4788cb24856965c36a24e339b6058,1
522,a0b7d5a992ccda646f2d34e418fff5a0,1
522,a6ad77b15e566298a4e8ee2011ab1255,1
522,a8075470f960215ffb67624782f80fec,1
522,a92930c327948861c015c919a0bcb4a8,1
522,aadff88486740e0b0ebe2be6c09476ae,1
522,b92a7304ebad1ca5b393b53b2de5c70a,1
522,bb50f2e236e5eea0100680137654686c,1
522,c3ba4e8d3cb30049213b682e751e9d00,1
522,ddceb6eef6af67e9fbbd4c148dbe5fd9,1
522,e2bb00220a167d9e60b6776ac33717bc,1
522,e44f675b60b3a3a2453ec36421e06f0f,1
522,fb55982be901439613a95940feefd9ee,1
522,fbc1488c1a1e72ba175f53ab29a248e8,1
523,0705b33fb285827a578fce4899f1b921,1
523,0a4093a4af429dc0a9334300e5c13ae5,1
523,0a57f7d2c983bcf8188589a5fea4a8da,1
523,0bbdc963004d9b2fd3427ee3c5ae3608,1
523,18b0e642cbae7251e60a64aa07dd9eb9,1
523,2ff995aead9c63a1f37a07b3664ead37,1
523,2ffdf10e724b958c0f7ea69e97d32f64,1
523,3dd2a17168ec895c781a9191c1e95ad7,1
523,3f14d740544f37ece8a9e7bc8349797e,1
523,3fbc0ef745950c7932d5f2a446189725,2
523,422879e10f46682990de24d770e7f83d,1
523,4b96786612ebe7463132fce2c4dca136,1
523,4deb009c36a910076a023947a7929201,1
523,57e089e3103f5cda6a4ce23b77399bdb,1
523,5bfc7506459ae2a7b4b573fe557a58e1,1
523,62d8daeee0db3a60c234c2d1bfd10651,1
523,69455f41626a745aea9ee9164cb9eafd,1
523,703d742887bb9267f89b675608ba7aa0,1
523,7814c273ab16783d73a9863ebfa8b141,1
523,781afe929e3016a667f5f439afd55fce,1
523,82e4ad16521ca131d95e198d507db370,1
523,91b08d34d0ba4db44da2dc382867ba49,1
523,a59fb60fddcc72a9878b7ed5cb69d8e4,1
523,aa8d88eb4b9cb38894e33fa624c4287f,1
523,c4baedd846ed09b85f78a781b522f126,1
523,cd48f265a63e13b762601f5f794c5fca,1
523,d017a2151d543a9885604dc62a3d9dcc,1
523,d1c427060a0f73f6b889a5c7c61f2ac4,2
523,ddceb6eef6af67e9fbbd4c148dbe5fd9,1
523,e2bb00220a167d9e60b6776ac33717bc,1
523,e85d91619b497e98754390b6198a9818,1
523,ee0c1cf2fbeae95205b4aa506f1469f0,1
523,f35927953ed82e19d06ad3aac2f06353,1
523,f819f0c84a64f02d3a5606ca95edd272,1
523,fbce4c4cb307679d89a3bf3d3bb353b9,1
523,fe077ec80df6b4ee60bb4498d5ab1962,1
524,06edb72f1e0c64b14c5b79353f7abea3,1
524,0a57f7d2c983bcf8188589a5fea4a8da,2
524,19c91ef95d509ea33eda93495c4d3481,1
524,2b4609f8948be18874494203496bc318,1
524,2fea0f2cec6b6324a277d4a61c2ed2c6,2
524,368c6c730842d78016ad823897a372db,1
524,3fbc0ef745950c7932d5f2a446189725,1
524,41c24b8ce92d1a2cac62db5edfd088b2,1
524,4fe644d766c7566dbc46fb851363cb3b,1
524,5403528d987ad26e8d7cb25940411987,1
524,57e089e3103f5cda6a4ce23b77399bdb,1
524,64fb265487de2238627ce43fe8a67efc,1
524,69455f41626a745aea9ee9164cb9eafd,1
524,73bcea88583002fe12b7399af4ae60da,1
524,7564c1759c04fc0a38f2aa84f7a370ee,1
524,781afe929e3016a667f5f439afd55fce,1
524,810e2944bca9850b934e1570ba372e7d,1
524,86c43103446290e7efacad3701cd654d,1
524,8c591ab0ca519558779df02023177f44,1
524,91b08d34d0ba4db44da2dc382867ba49,1
524,921d31a1daa51460b7a95ea5f3ab64d5,1
524,a62e25e09e05e6faf31d90c6ec1aa3d1,1
524,a92930c327948861c015c919a0bcb4a8,3
524,aadff88486740e0b0ebe2be6c09476ae,1
524,ab1f9387c0627dd24000bfbc54fdeee0,4
524,d04857e7b4b708ee8b8b9921163edba3,1
524,ddceb6eef6af67e9fbbd4c148dbe5fd9,1
524,e03102efbc2229024c89be731f0aedcb,3
524,f8b624d4e475bb8d1bddf1b65c6a64f6,1
524,fbc1488c1a1e72ba175f53ab29a248e8,2
525,0152f69b6cf919bcdaf117aa8c43e5a2,2
525,0a57f7d2c983bcf8188589a5fea4a8da,3
525,173e9fe34bfe97f3a5e6dc57fe897b74,1
525,177d3d5bb9d4d29222a222e3b3554f41,1
525,18b0e642cbae7251e60a64aa07dd9eb9,2
525,19c91ef95d509ea33eda93495c4d3481,3
525,2b4609f8948be18874494203496bc318,1
525,2fea0f2cec6b6324a277d4a61c2ed2c6,3
525,2ffdf10e724b958c0f7ea69e97d32f64,1
525,349ce46a0e2e20054aa9d80c48af8816,1
525,3dd2a17168ec895c781a9191c1e95ad7,1
525,41c24b8ce92d1a2cac62db5edfd088b2,1
525,44d097d59e8430f88a67517cd0c4f865,1
525,4fe644d766c7566dbc46fb851363cb3b,1
525,53b36df67ebb7c41585e8d54d6772e08,2
525,553e0e7590d3116a072507a3635d2877,2
525,566a4f2c4385f36d15c00dfcaae132d1,1
525,57d79905de06d8897872c551bfd09358,1
525,62d8daeee0db3a60c234c2d1bfd10651,1
525,65266b2da20d04dbe00c5c2d3bb7859e,3
525,73bcea88583002fe12b7399af4ae60da,1
525,7814c273ab16783d73a9863ebfa8b141,1
525,781afe929e3016a667f5f439afd55fce,2
525,78efe838c04bbc568be034082200ac20,1
525,79da264732f717f10ebf5d102aa6c32a,1
525,7c1bd920dbdf22470b68bde975dd3ccf,1
525,91b08d34d0ba4db44da2dc382867ba49,1
525,94475071013412139f862c0bd7e3bb37,1
525,962a6951154f98f2c8e9a5b8b2bcf4a9,1
525,990d135e28e075648cb7d83198fdccf4,1
525,99a4788cb24856965c36a24e339b6058,1
525,a19b6951c75da43aad691622dd2f6abe,2
525,a39cc58c1b5926b6f9f378daa89f1315,1
525,a62e25e09e05e6faf31d90c6ec1aa3d1,5
525,a8075470f960215ffb67624782f80fec,1
525,a92930c327948861c015c919a0bcb4a8,2
525,af2d506fb01b724e03591349ad36b67e,1
525,b114bf337c0626166abe574eee9e3f32,1
525,b92a7304ebad1ca5b393b53b2de5c70a,1
525,bdcf6a834e8faa30dac3886c7a58e92e,1
525,c8cfa622661e047ea2499f8bce4731a5,1
525,cac9e5692471a0700418aa3400b9b2b1,1
525,ce6f74096c84567f22728c84f3d6e7fc,1
525,d2f5484cbffe4ca766301b21ab9246dd,1
525,e0d64dcfaa3b6db5c54ca298ae101d05,1
525,e4d325bd1eea550509bdbbc5c3301fc1,1
525,e85d91619b497e98754390b6198a9818,1
525,fc1d8637c0268af3db482c14b7ef8e75,2
526,044f05bc9de36e8a693a83e4bc79dd0d,1
526,0aabfb375647d9738ad0f7b4ea3653b1,1
526,0d85c435fd60b277ffb9e9b0f88f927a,2
526,0e2d365a247d105fefc31b17ab8706d9,1
526,177d3d5bb9d4d29222a222e3b3554f41,1
526,186fe07c8b8005ec6a498587ffbc1352,1
526,18b0e642cbae7251e60a64aa07dd9eb9,3
526,19c91ef95d509ea33eda93495c4d3481,2
526,216bb0e0cd43ffd832e0973d35e0377e,2
526,2fea0f2cec6b6324a277d4a61c2ed2c6,4
526,349ce46a0e2e20054aa9d80c48af8816,2
526,35afc973633aaeb6b877ff57b2793310,1
526,3b60d513e90300a4e9833e5cda1f1d61,1
526,595fac2a385ac33a80bd5114aec74eb8,1
526,629e019a6f298a83aeecc7877964f935,1
526,6cc44821f36f3156c782da72dd634e47,5
526,6cdd53843498f92890544667809f1595,1
526,703d742887bb9267f89b675608ba7aa0,2
526,71a5f1c2a5fd9889ef26b5ac22aec9c6,1
526,76d1a1a9d21ab677a61c3ae34b1b352f,2
526,781afe929e3016a667f5f439afd55fce,1
526,7f72a8900b3d2fc8fa2635b7836d6e6e,1
526,84f456958365164420cfc80fbe4c7fab,1
526,89321f94e35fc6d7903d36f74e351d40,1
526,91b08d34d0ba4db44da2dc382867ba49,1
526,928e52a9ad53a294fdcc91bcf59d1751,2
526,93c902b021a9e594f658ab1b0351602a,1
526,99a4788cb24856965c36a24e339b6058,1
526,a59fb60fddcc72a9878b7ed5cb69d8e4,1
526,a62e25e09e05e6faf31d90c6ec1aa3d1,3
526,a92930c327948861c015c919a0bcb4a8,4
526,aadff88486740e0b0ebe2be6c09476ae,1
526,ac44def10e24998cdee20a208d691127,2
526,aca2eb7d00ea1a7b8ebd4e68314663af,2
526,af2d506fb01b724e03591349ad36b67e,1
526,b192be433004cc1f10b467c0e9ea309b,1
526,b92a7304ebad1ca5b393b53b2de5c70a,1
526,c50ca07e9e4db9ea5011f06802c0aea0,1
526,ca5c923962558430573f83661dbe36d6,1
526,cac9e5692471a0700418aa3400b9b2b1,1
526,d017a2151d543a9885604dc62a3d9dcc,1
526,d04857e7b4b708ee8b8b9921163edba3,1
526,d04e48982547095af81c231c3d581cb6,2
526,d1c427060a0f73f6b889a5c7c61f2ac4,1
526,d3e1006ba3735c0d44160026b6e0ced3,2
526,e2bb00220a167d9e60b6776ac33717bc,1
526,fc1d8637c0268af3db482c14b7ef8e75,1
526,fe077ec80df6b4ee60bb4498d5ab1962,1
526,ffc9caf33e2d1e9f44e3e06da19085f7,1
527,054515fd15bc1a2029f10de97ffa9120,1
527,060c17562f97e5bb60bc0dfa4dd5b3f2,2
527,154e7e31ebfa092203795c972e5804a6,1
527,173e9fe34bfe97f3a5e6dc57fe897b74,1
527,18b0e642cbae7251e60a64aa07dd9eb9,1
527,19c91ef95d509ea33eda93495c4d3481,3
527,23bcd6822a33df5534f9b290216eec1f,1
527,2fea0f2cec6b6324a277d4a61c2ed2c6,4
527,2ff995aead9c63a1f37a07b3664ead37,2
527,368c6c730842d78016ad823897a372db,4
527,36f60d45225e60c7da4558b070ce4b60,2
527,3dd2a17168ec895c781a9191c1e95ad7,1
527,3fbc0ef745950c7932d5f2a446189725,2
527,4178e16324fd0c9a8e18463caf390cc6,1
527,41c24b8ce92d1a2cac62db5edfd088b2,1
527,41db6d8062fcd38410c699743ccc0265,1
527,4298b7e67dc399c200662b569563a2b2,2
527,437c05a395e9e47f9762e677a7068ce7,1
527,595fac2a385ac33a80bd5114aec74eb8,2
527,67bd616e1ba0d3d3e8545f3113b0140d,2
527,703d742887bb9267f89b675608ba7aa0,1
527,78efe838c04bbc568be034082200ac20,1
527,79366d6a24de9351b7ca6e3cf75a68ec,1
527,84f456958365164420cfc80fbe4c7fab,1
527,87d780fa7d2cf3710aa02dc4ca8db985,1
527,8c591ab0ca519558779df02023177f44,2
527,914c9e9af640dd56f48764a225b00f89,1
527,93c902b021a9e594f658ab1b0351602a,1
527,9fe172fa8e662ca8572cf12abf8bce23,1
527,a62e25e09e05e6faf31d90c6ec1aa3d1,1
527,a92930c327948861c015c919a0bcb4a8,2
527,b114bf337c0626166abe574eee9e3f32,1
527,b192be433004cc1f10b467c0e9ea309b,1
527,b84520a57891e7a8ae2c68741dcc7146,1
527,bdcf6a834e8faa30dac3886c7a58e92e,1
527,c9c6fde711572c1ad99ca12728c6af00,1
527,d1c427060a0f73f6b889a5c7c61f2ac4,2
527,d2f5484cbffe4ca766301b21ab9246dd,1
527,e0cf79767c5b016251fe139915c59a26,1
527,e1da6ab77f4859eb17950e5df1c0f815,1
527,e53e557d5a159f5aa2c5e995dfdf244b,2
527,e94df75b2e9a8b056be0c144a731f55c,1
527,f35927953ed82e19d06ad3aac2f06353,1
527,fbce4c4cb307679d89a3bf3d3bb353b9,3
528,0152f69b6cf919bcdaf117aa8c43e5a2,1
528,060c17562f97e5bb60bc0dfa4dd5b3f2,1
528,0bbdc963004d9b2fd3427ee3c5ae3608,1
528,0d85c435fd60b277ffb9e9b0f88f927a,2
528,154e7e31ebfa092203795c972e5804a6,2
528,1613b819ab5dae53aead2dbb4ebdb378,1
528,16ed6a6e3fce23b741650437fe58d65b,1
528,177d3d5bb9d4d29222a222e3b3554f41,1
528,19c91ef95d509ea33eda93495c4d3481,3
528,1bfb290d7273a442c874dbe74b4abae6,2
528,216bb0e0cd43ffd832e0973d35e0377e,1
528,2fea0f2cec6b6324a277d4a61c2ed2c6,4
528,3dd2a17168ec895c781a9191c1e95ad7,1
528,3fbc0ef745950c7932d5f2a446189725,2
528,41c24b8ce92d1a2cac62db5edfd088b2,2
528,41db6d8062fcd38410c699743ccc0265,2
528,4298b7e67dc399c200662b569563a2b2,4
528,4520766ec412348b8d4caa5e8a18c464,1
528,4aa6014eceb682077f9dc4bffebc05b0,1
528,4ce9ab528124f89e091b17d11aa2e97c,1
528,5328338cfaa16ba10561cd970c73ca11,1
528,5403528d987ad26e8d7cb25940411987,1
528,54d9ac713e253fa1fae9c8003b011c2a,1
528,55b71bf300a2765a382eaec566df531f,1
528,57f2bc497c1a3ebe41ba7a06d78ed159,2
528,5d6bea33648f018dbb563f3a2fab09f3,1
528,704ef63ad0ac345842ea734060a83db2,1
528,71a5f1c2a5fd9889ef26b5ac22aec9c6,1
528,781afe929e3016a667f5f439afd55fce,1
528,78efe838c04bbc568be034082200ac20,1
528,7c1bd920dbdf22470b68bde975dd3ccf,2
528,7fb04722aba7a2b632bac8f9819796f3,1
528,8983a3b149303c013fceabef902e835a,1
528,8c591ab0ca519558779df02023177f44,1
528,91b08d34d0ba4db44da2dc382867ba49,1
528,93a12c289ca2b78e7069e469f5053ef2,1
528,990d135e28e075648cb7d83198fdccf4,1
528,99a4788cb24856965c36a24e339b6058,1
528,a62e25e09e05e6faf31d90c6ec1aa3d1,1
528,a92930c327948861c015c919a0bcb4a8,4
528,b8b426747049f2d3d6e00b486d47dedb,1
528,bce474cc95b6e77657e10939b0b4248c,2
528,bd6e6fce9ada76ea2db0f1912e8e478f,1
528,c3ba4e8d3cb30049213b682e751e9d00,1
528,c403e106353e1aa40efe783ecb39ed7a,1
528,c50ca07e9e4db9ea5011f06802c0aea0,2
528,c9c6fde711572c1ad99ca12728c6af00,1
528,cb81df0e3ccece253557f2a07df4727e,1
528,d017a2151d543a9885604dc62a3d9dcc,1
528,d04857e7b4b708ee8b8b9921163edba3,1
528,d1c427060a0f73f6b889a5c7c61f2ac4,2
528,dab2413ead0edda9967edbc9bda2a64e,1
528,ddceb6eef6af67e9fbbd4c148dbe5fd9,1
528,e53e557d5a159f5aa2c5e995dfdf244b,2
529,044f05bc9de36e8a693a83e4bc79dd0d,1
529,1613b819ab5dae53aead2dbb4ebdb378,2
529,2b4609f8948be18874494203496bc318,1
529,2fea0f2cec6b6324a277d4a61c2ed2c6,1
529,3225c54bb2785c33f49f50398fcdb88c,1
529,41c24b8ce92d1a2cac62db5edfd088b2,1
529,41db6d8062fcd38410c699743ccc0265,1
529,4520766ec412348b8d4caa5e8a18c464,1
529,500870614ddcf5bd84f7d26861026c8a,2
529,5526b1ae9ab2688cf600783cece249df,4
529,57e089e3103f5cda6a4ce23b77399bdb,1
529,6cc44821f36f3156c782da72dd634e47,1
529,73bcea88583002fe12b7399af4ae60da,2
529,7564c1759c04fc0a38f2aa84f7a370ee,1
529,777d2e438a1b645f3aec9bd57e92672c,1
529,781afe929e3016a667f5f439afd55fce,1
529,7c4a8bec217df1de0df2b5aaf8175b65,2
529,84f456958365164420cfc80fbe4c7fab,1
529,87283a98b24f9f1ac3a31b631073cf47,2
529,8c591ab0ca519558779df02023177f44,1
529,99a4788cb24856965c36a24e339b6058,3
529,a62e25e09e05e6faf31d90c6ec1aa3d1,1
529,a6ad77b15e566298a4e8ee2011ab1255,2
529,aa8d88eb4b9cb38894e33fa624c4287f,1
529,b0961721fd839e9982420e807758a2a6,1
529,bb50f2e236e5eea0100680137654686c,1
529,bdcf6a834e8faa30dac3886c7a58e92e,1
529,cadb69af336c16aba5c5223599821245,1
529,d017a2151d543a9885604dc62a3d9dcc,1
529,d04857e7b4b708ee8b8b9921163edba3,2
529,d63c1011f49d98b976c352955b1c4bea,1
529,eb8c629f70275fd1c4f809116cce1efc,2
529,ee0c1cf2fbeae95205b4aa506f1469f0,1
530,054515fd15bc1a2029f10de97ffa9120,2
530,060c17562f97e5bb60bc0dfa4dd5b3f2,1
530,08a58dc963320d6073623382b9ceb920,1
530,0bcc3eeca39e1064258aa1e932269894,1
530,173e9fe34bfe97f3a5e6dc57fe897b74,1
530,18b0e642cbae7251e60a64aa07dd9eb9,1
530,19c91ef95d509ea33eda93495c4d3481,2
530,216bb0e0cd43ffd832e0973d35e0377e,5
530,2fea0f2cec6b6324a277d4a61c2ed2c6,3
530,2ff995aead9c63a1f37a07b3664ead37,2
530,3354a4e684f5e7199f9407db70ccd92b,1
530,41c24b8ce92d1a2cac62db5edfd088b2,1
530,500870614ddcf5bd84f7d26861026c8a,1
530,53b36df67ebb7c41585e8d54d6772e08,1
530,57f2bc497c1a3ebe41ba7a06d78ed159,1
530,6cdd53843498f92890544667809f1595,1
530,6f3b5b605d91b7439c5e3f5a8dffeea7,1
530,73bcea88583002fe12b7399af4ae60da,1
530,781afe929e3016a667f5f439afd55fce,1
530,817e1c2d22418c36386406ccacfa53e8,1
530,a0b7d5a992ccda646f2d34e418fff5a0,1
530,a59fb60fddcc72a9878b7ed5cb69d8e4,1
530,ad88641611c35ebd59ecda07a9f17099,1
530,b0961721fd839e9982420e807758a2a6,1
530,b114bf337c0626166abe574eee9e3f32,1
530,b192be433004cc1f10b467c0e9ea309b,1
530,bb50f2e236e5eea0100680137654686c,1
530,bdcf6a834e8faa30dac3886c7a58e92e,2
530,cadb69af336c16aba5c5223599821245,1
530,ce6f74096c84567f22728c84f3d6e7fc,1
530,d04857e7b4b708ee8b8b9921163edba3,1
530,d2f5484cbffe4ca766301b21ab9246dd,1
530,dc52f0f5d3ec37a93eaf956cde4e5d2c,1
530,ddceb6eef6af67e9fbbd4c148dbe5fd9,1
530,e53e557d5a159f5aa2c5e995dfdf244b,1
530,ec2d43cc59763ec91694573b31f1c29a,1
530,f646af315b0f3a597f69213537ca2199,1
531,0152f69b6cf919bcdaf117aa8c43e5a2,1
531,054515fd15bc1a2029f10de97ffa9120,1
531,145978af3e89b318be0b717a0953649a,1
531,19c91ef95d509ea33eda93495c4d3481,2
531,1bfb290d7273a442c874dbe74b4abae6,2
531,216bb0e0cd43ffd832e0973d35e0377e,1
531,2fea0f2cec6b6324a277d4a61c2ed2c6,5
531,4178e16324fd0c9a8e18463caf390cc6,1
531,4298b7e67dc399c200662b569563a2b2,1
531,42ec84ace63b58b8c5a7ba7be01d5fb8,1
531,4fe644d766c7566dbc46fb851363cb3b,1
531,52c80cedd4e90108bf4fa6a206ef6b03,1
531,53b36df67ebb7c41585e8d54d6772e08,1
531,634256dbcd184b3757ffd7632c9fe52a,4
531,6a8631b72a2f8729b91514db87e771c0,1
531,6adab229374835b551f6402e0dc53267,1
531,6f3b5b605d91b7439c5e3f5a8dffeea7,1
531,7564c1759c04fc0a38f2aa84f7a370ee,2
531,764292b2b0f73f77a0272be03fdd45f3,1
531,827c4a77226a3e7ef259d61eaa775df9,1
531,89321f94e35fc6d7903d36f74e351d40,1
531,8983a3b149303c013fceabef902e835a,1
531,8b50a72d52d7a91fb19d19fbe069e2f2,1
531,8c591ab0ca519558779df02023177f44,1
531,928e52a9ad53a294fdcc91bcf59d1751,1
531,93c902b021a9e594f658ab1b0351602a,2
531,990d135e28e075648cb7d83198fdccf4,1
531,a39cc58c1b5926b6f9f378daa89f1315,1
531,a59fb60fddcc72a9878b7ed5cb69d8e4,1
531,a92930c327948861c015c919a0bcb4a8,2
531,abc3432ff825d8e524db1d4eac6d2099,1
531,bce474cc95b6e77657e10939b0b4248c,2
531,bdcf6a834e8faa30dac3886c7a58e92e,1
531,c211ff3068fcd2f8898192976d8b3a32,1
531,c9c6fde711572c1ad99ca12728c6af00,1
531,ccadfeab525a9eb1569983b66e5075c4,1
531,ce6f74096c84567f22728c84f3d6e7fc,1
531,d04bbac48960ecb7ea311b00ca6e1cb7,1
531,d1c427060a0f73f6b889a5c7c61f2ac4,1
531,ec2d43cc59763ec91694573b31f1c29a,2
531,fbce4c4cb307679d89a3bf3d3bb353b9,2
531,fc1d8637c0268af3db482c14b7ef8e75,1
532,145978af3e89b318be0b717a0953649a,1
532,1613b819ab5dae53aead2dbb4ebdb378,1
532,18b0e642cbae7251e60a64aa07dd9eb9,1
532,19c91ef95d509ea33eda93495c4d3481,1
532,2a5806f10d0f00e5ad032dd2e3c8806e,1
532,2fea0f2cec6b6324a277d4a61c2ed2c6,2
532,31639956e7fac87ecfd9d608040638bd,1
532,3225c54bb2785c33f49f50398fcdb88c,1
532,3dd2a17168ec895c781a9191c1e95ad7,1
532,3fbc0ef745950c7932d5f2a446189725,2
532,41c24b8ce92d1a2cac62db5edfd088b2,4
532,4298b7e67dc399c200662b569563a2b2,2
532,42ec84ace63b58b8c5a7ba7be01d5fb8,1
532,437c05a395e9e47f9762e677a7068ce7,4
532,44d097d59e8430f88a67517cd0c4f865,1
532,52c80cedd4e90108bf4fa6a206ef6b03,1
532,53b36df67ebb7c41585e8d54d6772e08,2
532,57f2bc497c1a3ebe41ba7a06d78ed159,1
532,595fac2a385ac33a80bd5114aec74eb8,2
532,656e0eca68dcecf6a31b8ececfabe3e8,1
532,764292b2b0f73f77a0272be03fdd45f3,1
532,810e2944bca9850b934e1570ba372e7d,1
532,84f456958365164420cfc80fbe4c7fab,1
532,87a71ae93900ab55fcf685c8040769b3,1
532,89321f94e35fc6d7903d36f74e351d40,1
532,8ed094bfe076c568f6bb10feada3f75d,1
532,990d135e28e075648cb7d83198fdccf4,1
532,a59fb60fddcc72a9878b7ed5cb69d8e4,2
532,a8075470f960215ffb67624782f80fec,1
532,a92930c327948861c015c919a0bcb4a8,1
532,ab1f9387c0627dd24000bfbc54fdeee0,3
532,ac44def10e24998cdee20a208d691127,1
532,bb50f2e236e5eea0100680137654686c,1
532,bdcf6a834e8faa30dac3886c7a58e92e,2
532,c7b3cf9de7be95b3e09e7a63315685eb,1
532,d04857e7b4b708ee8b8b9921163edba3,3
532,d04bbac48960ecb7ea311b00ca6e1cb7,1
532,d1c427060a0f73f6b889a5c7c61f2ac4,1
532,f40876e0ef3cd5f9132b1f16b04b1346,1
532,fbce4c4cb307679d89a3bf3d3bb353b9,1
532,fe077ec80df6b4ee60bb4498d5ab1962,2
533,0cf41187284d7f099adc8415a743ebbd,1
533,11dcc970f7a5581e1bf777b6da3f7096,1
533,186fe07c8b8005ec6a498587ffbc1352,1
533,19c91ef95d509ea33eda93495c4d3481,3
533,1a758361b1c10b3ffe3d3373332de319,1
533,1bfb290d7273a442c874dbe74b4abae6,3
533,349ce46a0e2e20054aa9d80c48af8816,1
533,363218ba55c610b750224f90bdd34be1,2
533,368c6c730842d78016ad823897a372db,2
533,389d119b48cf3043d311335e499d9c6b,1
533,3dd2a17168ec895c781a9191c1e95ad7,1
533,41c24b8ce92d1a2cac62db5edfd088b2,1
533,4298b7e67dc399c200662b569563a2b2,3
533,4fe644d766c7566dbc46fb851363cb3b,2
533,52c80cedd4e90108bf4fa6a206ef6b03,1
533,53b36df67ebb7c41585e8d54d6772e08,1
533,57d79905de06d8897872c551bfd09358,1
533,67bd616e1ba0d3d3e8545f3113b0140d,1
533,69455f41626a745aea9ee9164cb9eafd,1
533,7564c1759c04fc0a38f2aa84f7a370ee,2
533,7814c273ab16783d73a9863ebfa8b141,1
533,78efe838c04bbc568be034082200ac20,1
533,7f72a8900b3d2fc8fa2635b7836d6e6e,3
533,8317b177579dd27ff068b83205e2169b,1
533,89321f94e35fc6d7903d36f74e351d40,1
533,8c591ab0ca519558779df02023177f44,1
533,93a12c289ca2b78e7069e469f5053ef2,1
533,962a6951154f98f2c8e9a5b8b2bcf4a9,1
533,99a4788cb24856965c36a24e339b6058,2
533,a35a9f46dcee0a67c8c7ad8493eb4135,1
533,a92930c327948861c015c919a0bcb4a8,2
533,aadff88486740e0b0ebe2be6c09476ae,1
533,abc3432ff825d8e524db1d4eac6d2099,2
533,ac44def10e24998cdee20a208d691127,1
533,afeeea6271148ee1bb15173b8187c431,1
533,b114bf337c0626166abe574eee9e3f32,1
533,b84520a57891e7a8ae2c68741dcc7146,1
533,b8b426747049f2d3d6e00b486d47dedb,1
533,bd6e6fce9ada76ea2db0f1912e8e478f,1
533,bdcf6a834e8faa30dac3886c7a58e92e,1
533,c3ba4e8d3cb30049213b682e751e9d00,1
533,c9c6fde711572c1ad99ca12728c6af00,1
533,ce6f74096c84567f22728c84f3d6e7fc,1
533,d017a2151d543a9885604dc62a3d9dcc,2
533,dc52f0f5d3ec37a93eaf956cde4e5d2c,1
533,ec2d43cc59763ec91694573b31f1c29a,1
533,fbc1488c1a1e72ba175f53ab29a248e8,1
533,fbce4c4cb307679d89a3bf3d3bb353b9,2
533,fc1d8637c0268af3db482c14b7ef8e75,1
534,0bcc3eeca39e1064258aa1e932269894,1
534,1600dcf1cea8c0c83702e07b577ab231,1
534,1613b819ab5dae53aead2dbb4ebdb378,1
534,18b0e642cbae7251e60a64aa07dd9eb9,1
534,19c91ef95d509ea33eda93495c4d3481,3
534,2b4609f8948be18874494203496bc318,1
534,3354a4e684f5e7199f9407db70ccd92b,1
534,389d119b48cf3043d311335e499d9c6b,1
534,3dd2a17168ec895c781a9191c1e95ad7,1
534,3fbc0ef745950c7932d5f2a446189725,2
534,4178e16324fd0c9a8e18463caf390cc6,1
534,422879e10f46682990de24d770e7f83d,6
534,4298b7e67dc399c200662b569563a2b2,2
534,4520766ec412348b8d4caa5e8a18c464,1
534,53b36df67ebb7c41585e8d54d6772e08,1
534,5403528d987ad26e8d7cb25940411987,1
534,57e089e3103f5cda6a4ce23b77399bdb,2
534,64fb265487de2238627ce43fe8a67efc,1
534,656e0eca68dcecf6a31b8ececfabe3e8,2
534,69455f41626a745aea9ee9164cb9eafd,1
534,764292b2b0f73f77a0272be03fdd45f3,1
534,7814c273ab16783d73a9863ebfa8b141,1
534,78efe838c04bbc568be034082200ac20,1
534,7c1bd920dbdf22470b68bde975dd3ccf,1
534,7fb04722aba7a2b632bac8f9819796f3,4
534,810e2944bca9850b934e1570ba372e7d,1
534,89321f94e35fc6d7903d36f74e351d40,1
534,8b50a72d52d7a91fb19d19fbe069e2f2,2
534,8c591ab0ca519558779df02023177f44,1
534,9545d45c37449ccbc376de3a04c66e71,1
534,99a4788cb24856965c36a24e339b6058,1
534,9da950e8c8c482441f1b93955b21c827,1
534,a02d0123079f4ae96001ba2010d1a2df,1
534,a92930c327948861c015c919a0bcb4a8,1
534,b60856ce32d90658dbf99b9485327c25,1
534,b8b426747049f2d3d6e00b486d47dedb,1
534,bb50f2e236e5eea0100680137654686c,1
534,c50ca07e9e4db9ea5011f06802c0aea0,3
534,d1c427060a0f73f6b889a5c7c61f2ac4,1
534,d2085f7e0f9533605386960fc7e987ec,6
534,dc52f0f5d3ec37a93eaf956cde4e5d2c,1
534,e0d64dcfaa3b6db5c54ca298ae101d05,1
534,e4d325bd1eea550509bdbbc5c3301fc1,1
534,e5eadf9be70a4a9fa514019542fc330a,1
534,e85d91619b497e98754390b6198a9818,2
534,f35927953ed82e19d06ad3aac2f06353,1
534,f7f59e6186e10983a061ac7bdb3494d6,1
534,fbc1488c1a1e72ba175f53ab29a248e8,2
534,fbce4c4cb307679d89a3bf3d3bb353b9,1
535,0152f69b6cf919bcdaf117aa8c43e5a2,1
535,0e2d365a247d105fefc31b17ab8706d9,1
535,11dcc970f7a5581e1bf777b6da3f7096,2
535,1613b819ab5dae53aead2dbb4ebdb378,1
535,16ed6a6e3fce23b741650437fe58d65b,1
535,19c91ef95d509ea33eda93495c4d3481,2
535,2fea0f2cec6b6324a277d4a61c2ed2c6,3
535,35ebf08a93899d44e756809e11b14754,1
535,368c6c730842d78016ad823897a372db,1
535,36f60d45225e60c7da4558b070ce4b60,1
535,3dd2a17168ec895c781a9191c1e95ad7,2
535,3fbc0ef745950c7932d5f2a446189725,1
535,41c24b8ce92d1a2cac62db5edfd088b2,1
535,422879e10f46682990de24d770e7f83d,2
535,4298b7e67dc399c200662b569563a2b2,1
535,4fe644d766c7566dbc46fb851363cb3b,1
535,53b36df67ebb7c41585e8d54d6772e08,1
535,593236d0ff46b4299b4787fb8d43f7f0,3
535,65266b2da20d04dbe00c5c2d3bb7859e,1
535,6adab229374835b551f6402e0dc53267,1
535,86c43103446290e7efacad3701cd654d,1
535,909b87db6cb3a7ab26bd03cc59860136,1
535,928e52a9ad53a294fdcc91bcf59d1751,3
535,a19b6951c75da43aad691622dd2f6abe,3
535,a62e25e09e05e6faf31d90c6ec1aa3d1,1
535,abc3432ff825d8e524db1d4eac6d2099,1
535,b0c8da302d49498d2ce6be8c631e4e20,1
535,b38b25d838ae0b8385e8cc68b9017644,1
535,b532349fe46b38fbc7bb3914c1bdae07,2
535,b8b426747049f2d3d6e00b486d47dedb,2
535,bb42f37fc3d9130e4a4339d24a47dd7c,1
535,bb50f2e236e5eea0100680137654686c,1
535,bdcf6a834e8faa30dac3886c7a58e92e,4
535,be837f2e0152a208d4386f4126d5bd7c,1
535,c1f5307decb89342351bec53668cffd9,1
535,c211ff3068fcd2f8898192976d8b3a32,1
535,cb81df0e3ccece253557f2a07df4727e,1
535,d017a2151d543a9885604dc62a3d9dcc,2
535,d04857e7b4b708ee8b8b9921163edba3,1
535,d2f5484cbffe4ca766301b21ab9246dd,2
535,d63c1011f49d98b976c352955b1c4bea,1
535,fbce4c4cb307679d89a3bf3d3bb353b9,2
535,fe75529a267b76ac6e96f0c322a899a4,1
536,054515fd15bc1a2029f10de97ffa9120,1
536,086351823300e0339f6955b27998c186,2
536,11dcc970f7a5581e1bf777b6da3f7096,1
536,1613b819ab5dae53aead2dbb4ebdb378,1
536,1a758361b1c10b3ffe3d3373332de319,1
536,2fea0f2cec6b6324a277d4a61c2ed2c6,2
536,2ff995aead9c63a1f37a07b3664ead37,2
536,3354a4e684f5e7199f9407db70ccd92b,1
536,4298b7e67dc399c200662b569563a2b2,2
536,42ec84ace63b58b8c5a7ba7be01d5fb8,1
536,4520766ec412348b8d4caa5e8a18c464,1
536,500870614ddcf5bd84f7d26861026c8a,1
536,52c80cedd4e90108bf4fa6a206ef6b03,1
536,53759a2ecddad2bb87a079a1f1519f73,1
536,656e0eca68dcecf6a31b8ececfabe3e8,1
536,6a8631b72a2f8729b91514db87e771c0,1
536,6f3b5b605d91b7439c5e3f5a8dffeea7,1
536,727a46f0b58a9ef165af9f7ebcfebfa9,1
536,777d2e438a1b645f3aec9bd57e92672c,1
536,7c1bd920dbdf22470b68bde975dd3ccf,1
536,7f72a8900b3d2fc8fa2635b7836d6e6e,1
536,84f456958365164420cfc80fbe4c7fab,1
536,89321f94e35fc6d7903d36f74e351d40,1
536,91846781ef75057e134949400768e272,2
536,93a12c289ca2b78e7069e469f5053ef2,1
536,94475071013412139f862c0bd7e3bb37,1
536,a59fb60fddcc72a9878b7ed5cb69d8e4,2
536,a62e25e09e05e6faf31d90c6ec1aa3d1,1
536,a92930c327948861c015c919a0bcb4a8,1
536,bdcf6a834e8faa30dac3886c7a58e92e,1
536,c1f5307decb89342351bec53668cffd9,1
536,c9c6fde711572c1ad99ca12728c6af00,1
536,ca5c923962558430573f83661dbe36d6,1
536,cec09725da5ed01471d9a505e7389d37,2
536,d1c427060a0f73f6b889a5c7c61f2ac4,1
536,d63c1011f49d98b976c352955b1c4bea,1
536,e0d64dcfaa3b6db5c54ca298ae101d05,1
536,e1da6ab77f4859eb17950e5df1c0f815,1
536,e53e557d5a159f5aa2c5e995dfdf244b,2
536,e94df75b2e9a8b056be0c144a731f55c,1
536,eb8c629f70275fd1c4f809116cce1efc,3
536,ee57070aa3b24a06fdd0e02efd2d757d,2
537,0aabfb375647d9738ad0f7b4ea3653b1,1
537,0d85c435fd60b277ffb9e9b0f88f927a,1
537,2fea0f2cec6b6324a277d4a61c2ed2c6,1
537,3354a4e684f5e7199f9407db70ccd92b,1
537,35afc973633aaeb6b877ff57b2793310,1
537,4298b7e67dc399c200662b569563a2b2,1
537,4aa6014eceb682077f9dc4bffebc05b0,1
537,4fe644d766c7566dbc46fb851363cb3b,1
537,52c80cedd4e90108bf4fa6a206ef6b03,1
537,57d79905de06d8897872c551bfd09358,1
537,57e089e3103f5cda6a4ce23b77399bdb,1
537,57f2bc497c1a3ebe41ba7a06d78ed159,1
537,5b3b5f9ae84ca9ead3138b199420cc94,1
537,5bfc7506459ae2a7b4b573fe557a58e1,1
537,719d571299707561c34ba04ab867b32a,1
537,73bcea88583002fe12b7399af4ae60da,1
537,7564c1759c04fc0a38f2aa84f7a370ee,1
537,781afe929e3016a667f5f439afd55fce,1
537,78efe838c04bbc568be034082200ac20,1
537,7f064525eaaa1ce9d22c085f7ff5413a,1
537,8b50a72d52d7a91fb19d19fbe069e2f2,1
537,b114bf337c0626166abe574eee9e3f32,1
537,b38b25d838ae0b8385e8cc68b9017644,1
537,b532349fe46b38fbc7bb3914c1bdae07,2
537,bdcf6a834e8faa30dac3886c7a58e92e,1
537,c4baedd846ed09b85f78a781b522f126,1
537,d04bbac48960ecb7ea311b00ca6e1cb7,1
537,e0cf79767c5b016251fe139915c59a26,1
537,e85d91619b497e98754390b6198a9818,1
537,fbc1488c1a1e72ba175f53ab29a248e8,1
538,145978af3e89b318be0b717a0953649a,1
538,177d3d5bb9d4d29222a222e3b3554f41,1
538,19c91ef95d509ea33eda93495c4d3481,1
538,1a758361b1c10b3ffe3d3373332de319,1
538,3354a4e684f5e7199f9407db70ccd92b,1
538,389d119b48cf3043d311335e499d9c6b,1
538,4deb009c36a910076a023947a7929201,1
538,64fb265487de2238627ce43fe8a67efc,1
538,6a8631b72a2f8729b91514db87e771c0,1
538,73bcea88583002fe12b7399af4ae60da,1
538,7564c1759c04fc0a38f2aa84f7a370ee,1
538,78efe838c04bbc568be034082200ac20,1
538,810e2944bca9850b934e1570ba372e7d,3
538,84f456958365164420cfc80fbe4c7fab,1
538,8b50a72d52d7a91fb19d19fbe069e2f2,1
538,928e52a9ad53a294fdcc91bcf59d1751,5
538,9fe172fa8e662ca8572cf12abf8bce23,1
538,a39cc58c1b5926b6f9f378daa89f1315,1
538,b0961721fd839e9982420e807758a2a6,2
538,b84520a57891e7a8ae2c68741dcc7146,2
538,bd6e6fce9ada76ea2db0f1912e8e478f,1
538,cadb69af336c16aba5c5223599821245,1
538,d04e48982547095af81c231c3d581cb6,1
538,d2f5484cbffe4ca766301b21ab9246dd,1
538,e0cf79767c5b016251fe139915c59a26,1
538,fe6a9515d655fa7936b8a7c841039f34,1
539,0e2d365a247d105fefc31b17ab8706d9,1
539,186fe07c8b8005ec6a498587ffbc1352,1
539,18b0e642cbae7251e60a64aa07dd9eb9,1
539,19c91ef95d509ea33eda93495c4d3481,2
539,2fea0f2cec6b6324a277d4a61c2ed2c6,1
539,32e18e89237933ebdaaebd78a27e7fa1,2
539,389d119b48cf3043d311335e499d9c6b,2
539,3fbc0ef745950c7932d5f2a446189725,3
539,4298b7e67dc399c200662b569563a2b2,1
539,44d097d59e8430f88a67517cd0c4f865,1
539,4fe644d766c7566dbc46fb851363cb3b,1
539,52c80cedd4e90108bf4fa6a206ef6b03,3
539,53b36df67ebb7c41585e8d54d6772e08,4
539,5d6bea33648f018dbb563f3a2fab09f3,1
539,703d742887bb9267f89b675608ba7aa0,1
539,78efe838c04bbc568be034082200ac20,1
539,7c1bd920dbdf22470b68bde975dd3ccf,1
539,7fb04722aba7a2b632bac8f9819796f3,1
539,89321f94e35fc6d7903d36f74e351d40,1
539,928e52a9ad53a294fdcc91bcf59d1751,1
539,9545d45c37449ccbc376de3a04c66e71,1
539,99a4788cb24856965c36a24e339b6058,2
539,a62e25e09e05e6faf31d90c6ec1aa3d1,1
539,aadff88486740e0b0ebe2be6c09476ae,1
539,ab1f9387c0627dd24000bfbc54fdeee0,1
539,bd6e6fce9ada76ea2db0f1912e8e478f,1
539,c1f5307decb89342351bec53668cffd9,1
539,cec09725da5ed01471d9a505e7389d37,1
539,d04857e7b4b708ee8b8b9921163edba3,3
539,e2bb00220a167d9e60b6776ac33717bc,1
539,f646af315b0f3a597f69213537ca2199,1
539,fbce4c4cb307679d89a3bf3d3bb353b9,1
540,0a4093a4af429dc0a9334300e5c13ae5,1
540,1613b819ab5dae53aead2dbb4ebdb378,1
540,177d3d5bb9d4d29222a222e3b3554f41,1
540,19c91ef95d509ea33eda93495c4d3481,2
540,24c66f106f642621e524291a895c9032,1
540,2fea0f2cec6b6324a277d4a61c2ed2c6,1
540,3fbc0ef745950c7932d5f2a446189725,3
540,41db6d8062fcd38410c699743ccc0265,1
540,4fe644d766c7566dbc46fb851363cb3b,1
540,53b36df67ebb7c41585e8d54d6772e08,3
540,57f2bc497c1a3ebe41ba7a06d78ed159,1
540,6cdd53843498f92890544667809f1595,2
540,6f3b5b605d91b7439c5e3f5a8dffeea7,1
540,7814c273ab16783d73a9863ebfa8b141,1
540,8317b177579dd27ff068b83205e2169b,1
540,8562e2c780a345b609e1b802d7e3e4ae,1
540,89321f94e35fc6d7903d36f74e351d40,1
540,8b50a72d52d7a91fb19d19fbe069e2f2,2
540,928e52a9ad53a294fdcc91bcf59d1751,1
540,93c902b021a9e594f658ab1b0351602a,1
540,97017430754804328eb9597b7f85da03,1
540,990d135e28e075648cb7d83198fdccf4,3
540,99a4788cb24856965c36a24e339b6058,1
540,a35a9f46dcee0a67c8c7ad8493eb4135,1
540,a92930c327948861c015c919a0bcb4a8,1
540,abc3432ff825d8e524db1d4eac6d2099,1
540,af2d506fb01b724e03591349ad36b67e,1
540,b0c8da302d49498d2ce6be8c631e4e20,1
540,b84520a57891e7a8ae2c68741dcc7146,2
540,bd6e6fce9ada76ea2db0f1912e8e478f,1
540,bdcf6a834e8faa30dac3886c7a58e92e,4
540,c211ff3068fcd2f8898192976d8b3a32,1
540,c3ba4e8d3cb30049213b682e751e9d00,1
540,c50ca07e9e4db9ea5011f06802c0aea0,1
540,d017a2151d543a9885604dc62a3d9dcc,1
540,dab2413ead0edda9967edbc9bda2a64e,1
540,e0cf79767c5b016251fe139915c59a26,1
540,e59dd207c69d86e890febadc796d1078,1
540,e9a69340883a438c3f91739d14d3a56d,1
541,0152f69b6cf919bcdaf117aa8c43e5a2,1
541,0cf41187284d7f099adc8415a743ebbd,1
541,0e2d365a247d105fefc31b17ab8706d9,1
541,1600dcf1cea8c0c83702e07b577ab231,1
541,1613b819ab5dae53aead2dbb4ebdb378,1
541,173e9fe34bfe97f3a5e6dc57fe897b74,1
541,18b0e642cbae7251e60a64aa07dd9eb9,1
541,19c91ef95d509ea33eda93495c4d3481,1
541,2ff995aead9c63a1f37a07b3664ead37,1
541,3354a4e684f5e7199f9407db70ccd92b,1
541,3dd2a17168ec895c781a9191c1e95ad7,1
541,41c24b8ce92d1a2cac62db5edfd088b2,1
541,42ec84ace63b58b8c5a7ba7be01d5fb8,1
541,461f43be3bdf8844e65b62d9ac2c7a5a,1
541,6adab229374835b551f6402e0dc53267,2
541,703d742887bb9267f89b675608ba7aa0,3
541,727a46f0b58a9ef165af9f7ebcfebfa9,1
541,7fb04722aba7a2b632bac8f9819796f3,1
541,86c43103446290e7efacad3701cd654d,1
541,89321f94e35fc6d7903d36f74e351d40,1
541,962a6951154f98f2c8e9a5b8b2bcf4a9,2
541,97017430754804328eb9597b7f85da03,1
541,99a4788cb24856965c36a24e339b6058,3
541,a92930c327948861c015c919a0bcb4a8,2
541,b0c8da302d49498d2ce6be8c631e4e20,1
541,b60856ce32d90658dbf99b9485327c25,1
541,bb42f37fc3d9130e4a4339d24a47dd7c,2
541,bb50f2e236e5eea0100680137654686c,1
541,c4baedd846ed09b85f78a781b522f126,1
541,c7fd13b5e515bffdab855d0812842edb,2
541,cec09725da5ed01471d9a505e7389d37,1
541,d1c427060a0f73f6b889a5c7c61f2ac4,1
541,d285360f29ac7fd97640bf0baef03de0,1
541,d678178aa4291cd25a755a90188375c8,2
541,e0cf79767c5b016251fe139915c59a26,1
541,fbce4c4cb307679d89a3bf3d3bb353b9,1
542,0bcc3eeca39e1064258aa1e932269894,1
542,19c91ef95d509ea33eda93495c4d3481,2
542,1a080577618e7fe4d9ddd8fb2b47a964,1
542,2b4609f8948be18874494203496bc318,1
542,2fea0f2cec6b6324a277d4a61c2ed2c6,2
542,3354a4e684f5e7199f9407db70ccd92b,1
542,389d119b48cf3043d311335e499d9c6b,2
542,3dd2a17168ec895c781a9191c1e95ad7,1
542,3fbc0ef745950c7932d5f2a446189725,1
542,4298b7e67dc399c200662b569563a2b2,1
542,53759a2ecddad2bb87a079a1f1519f73,2
542,53b36df67ebb7c41585e8d54d6772e08,1
542,55782cb82e0efe052da0a3da237da3b2,1
542,57d79905de06d8897872c551bfd09358,1
542,57f2bc497c1a3ebe41ba7a06d78ed159,1
542,629e019a6f298a83aeecc7877964f935,1
542,634256dbcd184b3757ffd7632c9fe52a,2
542,6f3b5b605d91b7439c5e3f5a8dffeea7,4
542,7340a3839a1de1e99d149b8cf052a2ec,1
542,76d1a1a9d21ab677a61c3ae34b1b352f,1
542,777d2e438a1b645f3aec9bd57e92672c,1
542,810e2944bca9850b934e1570ba372e7d,1
542,89321f94e35fc6d7903d36f74e351d40,1
542,97017430754804328eb9597b7f85da03,2
542,990d135e28e075648cb7d83198fdccf4,2
542,99a4788cb24856965c36a24e339b6058,1
542,a19b6951c75da43aad691622dd2f6abe,3
542,a8075470f960215ffb67624782f80fec,1
542,a92930c327948861c015c919a0bcb4a8,1
542,abc3432ff825d8e524db1d4eac6d2099,1
542,afeeea6271148ee1bb15173b8187c431,1
542,b0961721fd839e9982420e807758a2a6,1
542,b38b25d838ae0b8385e8cc68b9017644,1
542,b532349fe46b38fbc7bb3914c1bdae07,1
542,b84520a57891e7a8ae2c68741dcc7146,2
542,bdcf6a834e8faa30dac3886c7a58e92e,2
542,ce6f74096c84567f22728c84f3d6e7fc,1
542,cec09725da5ed01471d9a505e7389d37,1
542,d285360f29ac7fd97640bf0baef03de0,1
542,e2bb00220a167d9e60b6776ac33717bc,1
542,e53e557d5a159f5aa2c5e995dfdf244b,1
542,e9a69340883a438c3f91739d14d3a56d,1
542,fbce4c4cb307679d89a3bf3d3bb353b9,1
542,fc1d8637c0268af3db482c14b7ef8e75,1
543,060c17562f97e5bb60bc0dfa4dd5b3f2,1
543,0bbdc963004d9b2fd3427ee3c5ae3608,2
543,11fd9d7ba552e1d28872e008acf1e050,1
543,1613b819ab5dae53aead2dbb4ebdb378,1
543,19c91ef95d509ea33eda93495c4d3481,2
543,1a080577618e7fe4d9ddd8fb2b47a964,1
543,24c66f106f642621e524291a895c9032,1
543,2ff995aead9c63a1f37a07b3664ead37,3
543,36f60d45225e60c7da4558b070ce4b60,1
543,3cb39171fd36c50097f2dedbbe0dfe6e,1
543,4298b7e67dc399c200662b569563a2b2,2
543,42ec84ace63b58b8c5a7ba7be01d5fb8,1
543,4520766ec412348b8d4caa5e8a18c464,1
543,55782cb82e0efe052da0a3da237da3b2,1
543,634256dbcd184b3757ffd7632c9fe52a,1
543,64fb265487de2238627ce43fe8a67efc,1
543,69455f41626a745aea9ee9164cb9eafd,1
543,71a5f1c2a5fd9889ef26b5ac22aec9c6,1
543,78efe838c04bbc568be034082200ac20,1
543,8317b177579dd27ff068b83205e2169b,1
543,962a6951154f98f2c8e9a5b8b2bcf4a9,1
543,a92930c327948861c015c919a0bcb4a8,3
543,bb50f2e236e5eea0100680137654686c,1
543,bd6e6fce9ada76ea2db0f1912e8e478f,1
543,c3ba4e8d3cb30049213b682e751e9d00,1
543,cb81df0e3ccece253557f2a07df4727e,1
543,cec09725da5ed01471d9a505e7389d37,1
543,e9a69340883a438c3f91739d14d3a56d,1
544,0152f69b6cf919bcdaf117aa8c43e5a2,1
544,0bcc3eeca39e1064258aa1e932269894,1
544,18b0e642cbae7251e60a64aa07dd9eb9,1
544,19c91ef95d509ea33eda93495c4d3481,1
544,25f86162fee18735fffdb762dcb10d7c,1
544,2a5806f10d0f00e5ad032dd2e3c8806e,1
544,2ff995aead9c63a1f37a07b3664ead37,1
544,35afc973633aaeb6b877ff57b2793310,1
544,389d119b48cf3043d311335e499d9c6b,1
544,4520766ec412348b8d4caa5e8a18c464,1
544,500870614ddcf5bd84f7d26861026c8a,1
544,634256dbcd184b3757ffd7632c9fe52a,2
544,727a46f0b58a9ef165af9f7ebcfebfa9,2
544,777d2e438a1b645f3aec9bd57e92672c,1
544,781afe929e3016a667f5f439afd55fce,1
544,7f72a8900b3d2fc8fa2635b7836d6e6e,1
544,a92930c327948861c015c919a0bcb4a8,1
544,c50ca07e9e4db9ea5011f06802c0aea0,2
544,d04e48982547095af81c231c3d581cb6,1
544,e2bb00220a167d9e60b6776ac33717bc,1
544,e9a69340883a438c3f91739d14d3a56d,1
545,173e9fe34bfe97f3a5e6dc57fe897b74,1
545,19c91ef95d509ea33eda93495c4d3481,4
545,2b4609f8948be18874494203496bc318,1
545,2fea0f2cec6b6324a277d4a61c2ed2c6,2
545,2ff995aead9c63a1f37a07b3664ead37,1
545,349ce46a0e2e20054aa9d80c48af8816,1
545,36f60d45225e60c7da4558b070ce4b60,1
545,3dd2a17168ec895c781a9191c1e95ad7,1
545,3e442d09f9dfef002aadf31960869f65,1
545,3fbc0ef745950c7932d5f2a446189725,2
545,4fe644d766c7566dbc46fb851363cb3b,2
545,78efe838c04bbc568be034082200ac20,1
545,817e1c2d22418c36386406ccacfa53e8,1
545,89321f94e35fc6d7903d36f74e351d40,3
545,8983a3b149303c013fceabef902e835a,1
545,8ed094bfe076c568f6bb10feada3f75d,1
545,98a8c2fa16d7239c606640f5555768e4,1
545,a92930c327948861c015c919a0bcb4a8,3
545,ab1f9387c0627dd24000bfbc54fdeee0,1
545,d04857e7b4b708ee8b8b9921163edba3,1
545,e0cf79767c5b016251fe139915c59a26,2
546,16ed6a6e3fce23b741650437fe58d65b,1
546,177d3d5bb9d4d29222a222e3b3554f41,1
546,19c91ef95d509ea33eda93495c4d3481,2
546,1a758361b1c10b3ffe3d3373332de319,1
546,2fea0f2cec6b6324a277d4a61c2ed2c6,3
546,2ff995aead9c63a1f37a07b3664ead37,1
546,368c6c730842d78016ad823897a372db,1
546,36f60d45225e60c7da4558b070ce4b60,1
546,3dd2a17168ec895c781a9191c1e95ad7,1
546,4178e16324fd0c9a8e18463caf390cc6,1
546,4298b7e67dc399c200662b569563a2b2,1
546,431d674f9a4fbd0957ecf6ba3fcb6899,1
546,437c05a395e9e47f9762e677a7068ce7,1
546,57e089e3103f5cda6a4ce23b77399bdb,1
546,57f2bc497c1a3ebe41ba7a06d78ed159,1
546,595fac2a385ac33a80bd5114aec74eb8,1
546,69455f41626a745aea9ee9164cb9eafd,1
546,76d1a1a9d21ab677a61c3ae34b1b352f,1
546,79366d6a24de9351b7ca6e3cf75a68ec,1
546,7c1bd920dbdf22470b68bde975dd3ccf,1
546,7d50930301709838d8e90dcac5cfaa84,1
546,7f72a8900b3d2fc8fa2635b7836d6e6e,1
546,89321f94e35fc6d7903d36f74e351d40,1
546,8c292ca193d326152e335d77176746f0,1
546,aa8d88eb4b9cb38894e33fa624c4287f,1
546,ab1f9387c0627dd24000bfbc54fdeee0,1
546,b0c8da302d49498d2ce6be8c631e4e20,1
546,b92a7304ebad1ca5b393b53b2de5c70a,1
546,d285360f29ac7fd97640bf0baef03de0,3
546,e53e557d5a159f5aa2c5e995dfdf244b,1
546,e59dd207c69d86e890febadc796d1078,1
546,e85d91619b497e98754390b6198a9818,1
546,e9a69340883a438c3f91739d14d3a56d,1
546,ee0c1cf2fbeae95205b4aa506f1469f0,1
547,0152f69b6cf919bcdaf117aa8c43e5a2,1
547,0cf41187284d7f099adc8415a743ebbd,1
547,16ed6a6e3fce23b741650437fe58d65b,1
547,18b0e642cbae7251e60a64aa07dd9eb9,1
547,19c91ef95d509ea33eda93495c4d3481,1
547,25e2023ed83352bde98dc1490d14c3d8,1
547,2fea0f2cec6b6324a277d4a61c2ed2c6,2
547,389d119b48cf3043d311335e499d9c6b,1
547,3cb39171fd36c50097f2dedbbe0dfe6e,1
547,3e442d09f9dfef002aadf31960869f65,1
547,3fbc0ef745950c7932d5f2a446189725,1
547,43423cdffde7fda63d0414ed38c11a73,1
547,461f43be3bdf8844e65b62d9ac2c7a5a,1
547,4b703444923b5e57bb73ba343f5ebab7,1
547,4fe644d766c7566dbc46fb851363cb3b,1
547,53b36df67ebb7c41585e8d54d6772e08,1
547,57d79905de06d8897872c551bfd09358,1
547,634256dbcd184b3757ffd7632c9fe52a,1
547,7c4a8bec217df1de0df2b5aaf8175b65,1
547,84f456958365164420cfc80fbe4c7fab,1
547,94475071013412139f862c0bd7e3bb37,1
547,9fe172fa8e662ca8572cf12abf8bce23,1
547,afeeea6271148ee1bb15173b8187c431,1
547,b38b25d838ae0b8385e8cc68b9017644,1
547,b8b426747049f2d3d6e00b486d47dedb,1
547,bb50f2e236e5eea0100680137654686c,1
547,bdc3291ab242ec1effc8eb0987850268,1
547,d04857e7b4b708ee8b8b9921163edba3,1
547,d285360f29ac7fd97640bf0baef03de0,2
547,dab2413ead0edda9967edbc9bda2a64e,2
547,e53e557d5a159f5aa2c5e995dfdf244b,2
548,0cf41187284d7f099adc8415a743ebbd,2
548,1613b819ab5dae53aead2dbb4ebdb378,1
548,19c91ef95d509ea33eda93495c4d3481,1
548,1a080577618e7fe4d9ddd8fb2b47a964,2
548,2a5806f10d0f00e5ad032dd2e3c8806e,1
548,2fea0f2cec6b6324a277d4a61c2ed2c6,1
548,3fbc0ef745950c7932d5f2a446189725,2
548,4fe644d766c7566dbc46fb851363cb3b,1
548,500870614ddcf5bd84f7d26861026c8a,1
548,55782cb82e0efe052da0a3da237da3b2,2
548,5d6bea33648f018dbb563f3a2fab09f3,1
548,634256dbcd184b3757ffd7632c9fe52a,1
548,89321f94e35fc6d7903d36f74e351d40,1
548,a92930c327948861c015c919a0bcb4a8,1
548,aca2eb7d00ea1a7b8ebd4e68314663af,1
548,b60856ce32d90658dbf99b9485327c25,2
548,bd6e6fce9ada76ea2db0f1912e8e478f,1
548,c3ba4e8d3cb30049213b682e751e9d00,1
548,c6336fa91fbd87c359e44f5dca5a90ed,2
548,c8cfa622661e047ea2499f8bce4731a5,1
548,ce6f74096c84567f22728c84f3d6e7fc,1
548,d285360f29ac7fd97640bf0baef03de0,3
548,ddceb6eef6af67e9fbbd4c148dbe5fd9,1
548,e1da6ab77f4859eb17950e5df1c0f815,1
548,e59dd207c69d86e890febadc796d1078,1
548,ee0c1cf2fbeae95205b4aa506f1469f0,4
548,f6fa93875f4a7dac03e0a22143f4d815,1
549,054515fd15bc1a2029f10de97ffa9120,1
549,06edb72f1e0c64b14c5b79353f7abea3,1
549,0bcc3eeca39e1064258aa1e932269894,2
549,0d85c435fd60b277ffb9e9b0f88f927a,1
549,19421075ae0b585f2dc13ff149e2119d,1
549,19c91ef95d509ea33eda93495c4d3481,3
549,3fbc0ef745950c7932d5f2a446189725,2
549,437c05a395e9e47f9762e677a7068ce7,1
549,4fe644d766c7566dbc46fb851363cb3b,4
549,634256dbcd184b3757ffd7632c9fe52a,1
549,69455f41626a745aea9ee9164cb9eafd,1
549,703d742887bb9267f89b675608ba7aa0,1
549,7f72a8900b3d2fc8fa2635b7836d6e6e,1
549,928e52a9ad53a294fdcc91bcf59d1751,2
549,a19b6951c75da43aad691622dd2f6abe,3
549,a62e25e09e05e6faf31d90c6ec1aa3d1,1
549,bb50f2e236e5eea0100680137654686c,1
549,d285360f29ac7fd97640bf0baef03de0,3
549,dc52f0f5d3ec37a93eaf956cde4e5d2c,1
549,e59dd207c69d86e890febadc796d1078,1
549,fbce4c4cb307679d89a3bf3d3bb353b9,1
550,0bbdc963004d9b2fd3427ee3c5ae3608,1
550,0e2d365a247d105fefc31b17ab8706d9,1
550,154e7e31ebfa092203795c972e5804a6,1
550,177d3d5bb9d4d29222a222e3b3554f41,1
550,2b4609f8948be18874494203496bc318,1
550,2fea0f2cec6b6324a277d4a61c2ed2c6,1
550,3354a4e684f5e7199f9407db70ccd92b,1
550,3cb39171fd36c50097f2dedbbe0dfe6e,1
550,3dd2a17168ec895c781a9191c1e95ad7,3
550,3fbc0ef745950c7932d5f2a446189725,2
550,422879e10f46682990de24d770e7f83d,2
550,4ce9ab528124f89e091b17d11aa2e97c,1
550,4fe644d766c7566dbc46fb851363cb3b,1
550,55782cb82e0efe052da0a3da237da3b2,1
550,656e0eca68dcecf6a31b8ececfabe3e8,2
550,6a8631b72a2f8729b91514db87e771c0,1
550,6cdd53843498f92890544667809f1595,2
550,777d2e438a1b645f3aec9bd57e92672c,1
550,7fb04722aba7a2b632bac8f9819796f3,1
550,817e1c2d22418c36386406ccacfa53e8,1
550,82e4ad16521ca131d95e198d507db370,1
550,8983a3b149303c013fceabef902e835a,1
550,91846781ef75057e134949400768e272,1
550,a59fb60fddcc72a9878b7ed5cb69d8e4,1
550,acc444eb5ad26f79d5a11baa6a03c439,1
550,c4baedd846ed09b85f78a781b522f126,1
550,cd48f265a63e13b762601f5f794c5fca,1
550,d017a2151d543a9885604dc62a3d9dcc,1
550,d1c427060a0f73f6b889a5c7c61f2ac4,1
550,d285360f29ac7fd97640bf0baef03de0,9
550,d2f5484cbffe4ca766301b21ab9246dd,1
550,e9a69340883a438c3f91739d14d3a56d,1
550,ee6c49af1a2de55aa0e076257ab4ab99,1
550,fbc1488c1a1e72ba175f53ab29a248e8,1
551,027cdd14a677a5834bc67a9789db5021,1
551,11fd9d7ba552e1d28872e008acf1e050,1
551,19c91ef95d509ea33eda93495c4d3481,2
551,2b4609f8948be18874494203496bc318,1
551,2ff995aead9c63a1f37a07b3664ead37,1
551,349ce46a0e2e20054aa9d80c48af8816,1
551,3fbc0ef745950c7932d5f2a446189725,6
551,4298b7e67dc399c200662b569563a2b2,1
551,42ec84ace63b58b8c5a7ba7be01d5fb8,1
551,431d674f9a4fbd0957ecf6ba3fcb6899,1
551,6a8631b72a2f8729b91514db87e771c0,1
551,7564c1759c04fc0a38f2aa84f7a370ee,1
551,7814c273ab16783d73a9863ebfa8b141,1
551,89321f94e35fc6d7903d36f74e351d40,1
551,8c591ab0ca519558779df02023177f44,1
551,9da950e8c8c482441f1b93955b21c827,1
551,a02d0123079f4ae96001ba2010d1a2df,1
551,a35a9f46dcee0a67c8c7ad8493eb4135,1
551,af2d506fb01b724e03591349ad36b67e,1
551,bd6e6fce9ada76ea2db0f1912e8e478f,1
551,bdcf6a834e8faa30dac3886c7a58e92e,1
551,c1f5307decb89342351bec53668cffd9,1
551,ca5c923962558430573f83661dbe36d6,1
551,d285360f29ac7fd97640bf0baef03de0,7
551,d3e1006ba3735c0d44160026b6e0ced3,1
551,ec5b3c8bb77ad22278f6e9d719a83de3,2
551,fbc1488c1a1e72ba175f53ab29a248e8,1
551,fbce4c4cb307679d89a3bf3d3bb353b9,1
551,fe077ec80df6b4ee60bb4498d5ab1962,1
551,fe75529a267b76ac6e96f0c322a899a4,1
552,054515fd15bc1a2029f10de97ffa9120,1
552,06edb72f1e0c64b14c5b79353f7abea3,2
552,0d85c435fd60b277ffb9e9b0f88f927a,1
552,19c91ef95d509ea33eda93495c4d3481,1
552,2b4609f8948be18874494203496bc318,1
552,2fea0f2cec6b6324a277d4a61c2ed2c6,2
552,4298b7e67dc399c200662b569563a2b2,1
552,4fe644d766c7566dbc46fb851363cb3b,1
552,52c80cedd4e90108bf4fa6a206ef6b03,1
552,5328338cfaa16ba10561cd970c73ca11,1
552,593236d0ff46b4299b4787fb8d43f7f0,1
552,634256dbcd184b3757ffd7632c9fe52a,1
552,69455f41626a745aea9ee9164cb9eafd,1
552,6a8631b72a2f8729b91514db87e771c0,1
552,84f456958365164420cfc80fbe4c7fab,1
552,89321f94e35fc6d7903d36f74e351d40,2
552,9fe172fa8e662ca8572cf12abf8bce23,1
552,b114bf337c0626166abe574eee9e3f32,1
552,b38b25d838ae0b8385e8cc68b9017644,1
552,bd6e6fce9ada76ea2db0f1912e8e478f,2
552,d04857e7b4b708ee8b8b9921163edba3,1
552,d285360f29ac7fd97640bf0baef03de0,13
552,d3e1006ba3735c0d44160026b6e0ced3,1
552,ee57070aa3b24a06fdd0e02efd2d757d,1
552,f6fa93875f4a7dac03e0a22143f4d815,1
553,0152f69b6cf919bcdaf117aa8c43e5a2,1
553,0aabfb375647d9738ad0f7b4ea3653b1,1
553,19421075ae0b585f2dc13ff149e2119d,1
553,19c91ef95d509ea33eda93495c4d3481,2
553,1bfb290d7273a442c874dbe74b4abae6,3
553,3354a4e684f5e7199f9407db70ccd92b,1
553,389d119b48cf3043d311335e499d9c6b,1
553,3dd2a17168ec895c781a9191c1e95ad7,4
553,3fbc0ef745950c7932d5f2a446189725,2
553,4298b7e67dc399c200662b569563a2b2,1
553,42ec84ace63b58b8c5a7ba7be01d5fb8,1
553,4fe644d766c7566dbc46fb851363cb3b,3
553,52c80cedd4e90108bf4fa6a206ef6b03,1
553,57e089e3103f5cda6a4ce23b77399bdb,1
553,57f2bc497c1a3ebe41ba7a06d78ed159,1
553,5b226d7c52f86ac72457617f78cff95d,1
553,629e019a6f298a83aeecc7877964f935,1
553,63de2743d05ab59d85caa49e49459ac1,1
553,69455f41626a745aea9ee9164cb9eafd,1
553,6cdd53843498f92890544667809f1595,1
553,703d742887bb9267f89b675608ba7aa0,1
553,810e2944bca9850b934e1570ba372e7d,2
553,82e4ad16521ca131d95e198d507db370,1
553,84f456958365164420cfc80fbe4c7fab,1
553,9da950e8c8c482441f1b93955b21c827,1
553,a59fb60fddcc72a9878b7ed5cb69d8e4,1
553,a62e25e09e05e6faf31d90c6ec1aa3d1,1
553,a8115d34a4b7b74388da609692162c37,1
553,a92930c327948861c015c919a0bcb4a8,1
553,afeeea6271148ee1bb15173b8187c431,1
553,b192be433004cc1f10b467c0e9ea309b,1
553,bd6e6fce9ada76ea2db0f1912e8e478f,1
553,c8cfa622661e047ea2499f8bce4731a5,1
553,d04857e7b4b708ee8b8b9921163edba3,2
553,d1c427060a0f73f6b889a5c7c61f2ac4,1
553,d285360f29ac7fd97640bf0baef03de0,2
553,dab2413ead0edda9967edbc9bda2a64e,1
553,e0cf79767c5b016251fe139915c59a26,1
553,e53e557d5a159f5aa2c5e995dfdf244b,1
553,e94df75b2e9a8b056be0c144a731f55c,1
553,ee0c1cf2fbeae95205b4aa506f1469f0,1
554,0152f69b6cf919bcdaf117aa8c43e5a2,1
554,044f05bc9de36e8a693a83e4bc79dd0d,1
554,06edb72f1e0c64b14c5b79353f7abea3,1
554,154e7e31ebfa092203795c972e5804a6,1
554,19c91ef95d509ea33eda93495c4d3481,4
554,2fea0f2cec6b6324a277d4a61c2ed2c6,1
554,2ff995aead9c63a1f37a07b3664ead37,1
554,389d119b48cf3043d311335e499d9c6b,1
554,3fbc0ef745950c7932d5f2a446189725,2
554,41db6d8062fcd38410c699743ccc0265,1
554,4298b7e67dc399c200662b569563a2b2,2
554,437c05a395e9e47f9762e677a7068ce7,1
554,4520766ec412348b8d4caa5e8a18c464,1
554,474bb6b54fc608ca71059a6c4f7ecda3,3
554,53b36df67ebb7c41585e8d54d6772e08,1
554,5403528d987ad26e8d7cb25940411987,1
554,69455f41626a745aea9ee9164cb9eafd,1
554,6cdd53843498f92890544667809f1595,1
554,6f3b5b605d91b7439c5e3f5a8dffeea7,2
554,71a5f1c2a5fd9889ef26b5ac22aec9c6,1
554,73bcea88583002fe12b7399af4ae60da,1
554,7564c1759c04fc0a38f2aa84f7a370ee,1
554,7f72a8900b3d2fc8fa2635b7836d6e6e,1
554,7fb04722aba7a2b632bac8f9819796f3,1
554,82e4ad16521ca131d95e198d507db370,1
554,84f456958365164420cfc80fbe4c7fab,1
554,8c591ab0ca519558779df02023177f44,1
554,a02d0123079f4ae96001ba2010d1a2df,1
554,a5341e3f8155dbb3e62323d3ea289729,1
554,a59fb60fddcc72a9878b7ed5cb69d8e4,1
554,a92930c327948861c015c919a0bcb4a8,2
554,afeeea6271148ee1bb15173b8187c431,1
554,c50ca07e9e4db9ea5011f06802c0aea0,1
554,cac9e5692471a0700418aa3400b9b2b1,1
554,cd48f265a63e13b762601f5f794c5fca,1
554,ce6f74096c84567f22728c84f3d6e7fc,2
554,d1c427060a0f73f6b889a5c7c61f2ac4,2
554,ed2067a9c1f79553088a3c67b99a9f97,1
554,fc1d8637c0268af3db482c14b7ef8e75,1
555,0152f69b6cf919bcdaf117aa8c43e5a2,2
555,054515fd15bc1a2029f10de97ffa9120,1
555,08a58dc963320d6073623382b9ceb920,1
555,145978af3e89b318be0b717a0953649a,1
555,1600dcf1cea8c0c83702e07b577ab231,1
555,18b0e642cbae7251e60a64aa07dd9eb9,1
555,19c91ef95d509ea33eda93495c4d3481,2
555,1bfb290d7273a442c874dbe74b4abae6,1
555,2136c70bbe723d338fab53da3c03e6dc,1
555,283dc451ad3918badb976d56ff887289,1
555,2a5806f10d0f00e5ad032dd2e3c8806e,1
555,2fea0f2cec6b6324a277d4a61c2ed2c6,1
555,2ff995aead9c63a1f37a07b3664ead37,3
555,3354a4e684f5e7199f9407db70ccd92b,1
555,35afc973633aaeb6b877ff57b2793310,1
555,3dd2a17168ec895c781a9191c1e95ad7,1
555,3e5201fe0d1ba474d9b90152c83c706c,1
555,3fbc0ef745950c7932d5f2a446189725,1
555,422879e10f46682990de24d770e7f83d,1
555,42ec84ace63b58b8c5a7ba7be01d5fb8,1
555,43423cdffde7fda63d0414ed38c11a73,1
555,53759a2ecddad2bb87a079a1f1519f73,1
555,57d79905de06d8897872c551bfd09358,2
555,57e089e3103f5cda6a4ce23b77399bdb,1
555,57f2bc497c1a3ebe41ba7a06d78ed159,2
555,593236d0ff46b4299b4787fb8d43f7f0,3
555,5d6bea33648f018dbb563f3a2fab09f3,1
555,69455f41626a745aea9ee9164cb9eafd,2
555,6adab229374835b551f6402e0dc53267,1
555,703d742887bb9267f89b675608ba7aa0,1
555,7340a3839a1de1e99d149b8cf052a2ec,1
555,7f4e034245e45549110139d1de248f83,1
555,7f72a8900b3d2fc8fa2635b7836d6e6e,1
555,7fb04722aba7a2b632bac8f9819796f3,1
555,810e2944bca9850b934e1570ba372e7d,1
555,84f456958365164420cfc80fbe4c7fab,1
555,93c902b021a9e594f658ab1b0351602a,1
555,9fe172fa8e662ca8572cf12abf8bce23,1
555,a02d0123079f4ae96001ba2010d1a2df,2
555,a5341e3f8155dbb3e62323d3ea289729,1
555,a59fb60fddcc72a9878b7ed5cb69d8e4,1
555,a8075470f960215ffb67624782f80fec,1
555,a92930c327948861c015c919a0bcb4a8,1
555,b0c8da302d49498d2ce6be8c631e4e20,2
555,b192be433004cc1f10b467c0e9ea309b,1
555,c075b8e131353552218860f1c421e4ef,1
555,c3ba4e8d3cb30049213b682e751e9d00,1
555,c7fd13b5e515bffdab855d0812842edb,1
555,d04857e7b4b708ee8b8b9921163edba3,1
555,e0cf79767c5b016251fe139915c59a26,3
555,e53e557d5a159f5aa2c5e995dfdf244b,2
555,e94df75b2e9a8b056be0c144a731f55c,1
555,f2e53dd1670f3c376518263b3f71424d,1
555,fbce4c4cb307679d89a3bf3d3bb353b9,1
556,0152f69b6cf919bcdaf117aa8c43e5a2,1
556,054515fd15bc1a2029f10de97ffa9120,2
556,0e2d365a247d105fefc31b17ab8706d9,1
556,1613b819ab5dae53aead2dbb4ebdb378,1
556,1a080577618e7fe4d9ddd8fb2b47a964,1
556,2a5806f10d0f00e5ad032dd2e3c8806e,1
556,2ff995aead9c63a1f37a07b3664ead37,1
556,35afc973633aaeb6b877ff57b2793310,2
556,372645c7439f9661fbbacfd129aa92ec,2
556,3e5201fe0d1ba474d9b90152c83c706c,1
556,4178e16324fd0c9a8e18463caf390cc6,3
556,41db6d8062fcd38410c699743ccc0265,1
556,4298b7e67dc399c200662b569563a2b2,1
556,4520766ec412348b8d4caa5e8a18c464,1
556,53759a2ecddad2bb87a079a1f1519f73,1
556,5403528d987ad26e8d7cb25940411987,1
556,64fb265487de2238627ce43fe8a67efc,3
556,6a1a04054158fe995e1688d8f79605b2,1
556,6cdd53843498f92890544667809f1595,2
556,6f3b5b605d91b7439c5e3f5a8dffeea7,1
556,703d742887bb9267f89b675608ba7aa0,1
556,7340a3839a1de1e99d149b8cf052a2ec,1
556,7814c273ab16783d73a9863ebfa8b141,1
556,781afe929e3016a667f5f439afd55fce,1
556,78efe838c04bbc568be034082200ac20,1
556,8562e2c780a345b609e1b802d7e3e4ae,1
556,89321f94e35fc6d7903d36f74e351d40,1
556,8c292ca193d326152e335d77176746f0,1
556,a59fb60fddcc72a9878b7ed5cb69d8e4,1
556,a62e25e09e05e6faf31d90c6ec1aa3d1,1
556,aa8d88eb4b9cb38894e33fa624c4287f,2
556,ab1f9387c0627dd24000bfbc54fdeee0,1
556,acc444eb5ad26f79d5a11baa6a03c439,1
556,af2d506fb01b724e03591349ad36b67e,1
556,b192be433004cc1f10b467c0e9ea309b,1
556,b532349fe46b38fbc7bb3914c1bdae07,2
556,b8b426747049f2d3d6e00b486d47dedb,1
556,ba74c6b75d2ad7503175809688d5a03c,1
556,c20a3f598c16d77249da67e81caa8317,2
556,c50ca07e9e4db9ea5011f06802c0aea0,1
556,d04bbac48960ecb7ea311b00ca6e1cb7,1
556,d285360f29ac7fd97640bf0baef03de0,1
556,e2bb00220a167d9e60b6776ac33717bc,1
557,054515fd15bc1a2029f10de97ffa9120,2
557,060c17562f97e5bb60bc0dfa4dd5b3f2,1
557,08a58dc963320d6073623382b9ceb920,1
557,0bbdc963004d9b2fd3427ee3c5ae3608,1
557,145978af3e89b318be0b717a0953649a,2
557,177d3d5bb9d4d29222a222e3b3554f41,1
557,18b0e642cbae7251e60a64aa07dd9eb9,2
557,2028bf1b01cafb2d2b1901fca4083222,2
557,2b4609f8948be18874494203496bc318,2
557,2ff995aead9c63a1f37a07b3664ead37,1
557,349ce46a0e2e20054aa9d80c48af8816,2
557,42ec84ace63b58b8c5a7ba7be01d5fb8,1
557,53759a2ecddad2bb87a079a1f1519f73,1
557,57d79905de06d8897872c551bfd09358,1
557,57f2bc497c1a3ebe41ba7a06d78ed159,2
557,5d6bea33648f018dbb563f3a2fab09f3,2
557,634256dbcd184b3757ffd7632c9fe52a,1
557,69455f41626a745aea9ee9164cb9eafd,2
557,6adab229374835b551f6402e0dc53267,1
557,703d742887bb9267f89b675608ba7aa0,1
557,76d1a1a9d21ab677a61c3ae34b1b352f,1
557,7814c273ab16783d73a9863ebfa8b141,1
557,7fb04722aba7a2b632bac8f9819796f3,1
557,810e2944bca9850b934e1570ba372e7d,3
557,86c43103446290e7efacad3701cd654d,1
557,91846781ef75057e134949400768e272,1
557,93a12c289ca2b78e7069e469f5053ef2,1
557,a35a9f46dcee0a67c8c7ad8493eb4135,1
557,a92930c327948861c015c919a0bcb4a8,7
557,ab1f9387c0627dd24000bfbc54fdeee0,1
557,b532349fe46b38fbc7bb3914c1bdae07,3
557,be837f2e0152a208d4386f4126d5bd7c,1
557,c20a3f598c16d77249da67e81caa8317,2
557,cec09725da5ed01471d9a505e7389d37,1
557,d017a2151d543a9885604dc62a3d9dcc,1
557,d04857e7b4b708ee8b8b9921163edba3,2
557,ee0c1cf2fbeae95205b4aa506f1469f0,1
558,044f05bc9de36e8a693a83e4bc79dd0d,1
558,1613b819ab5dae53aead2dbb4ebdb378,1
558,2028bf1b01cafb2d2b1901fca4083222,2
558,2136c70bbe723d338fab53da3c03e6dc,1
558,368c6c730842d78016ad823897a372db,1
558,3e442d09f9dfef002aadf31960869f65,1
558,4298b7e67dc399c200662b569563a2b2,1
558,595fac2a385ac33a80bd5114aec74eb8,1
558,69455f41626a745aea9ee9164cb9eafd,1
558,6f3b5b605d91b7439c5e3f5a8dffeea7,2
558,7564c1759c04fc0a38f2aa84f7a370ee,1
558,7814c273ab16783d73a9863ebfa8b141,1
558,79da264732f717f10ebf5d102aa6c32a,1
558,7c4a8bec217df1de0df2b5aaf8175b65,2
558,7fb04722aba7a2b632bac8f9819796f3,1
558,8983a3b149303c013fceabef902e835a,1
558,8c591ab0ca519558779df02023177f44,1
558,a92930c327948861c015c919a0bcb4a8,2
558,aa8d88eb4b9cb38894e33fa624c4287f,1
558,b0c8da302d49498d2ce6be8c631e4e20,1
558,b532349fe46b38fbc7bb3914c1bdae07,2
558,ba74c6b75d2ad7503175809688d5a03c,1
558,c075b8e131353552218860f1c421e4ef,1
558,c3ba4e8d3cb30049213b682e751e9d00,1
558,c4baedd846ed09b85f78a781b522f126,1
558,ca5c923962558430573f83661dbe36d6,1
558,cb81df0e3ccece253557f2a07df4727e,1
558,cc5447118c174dcc6456c84ccb29e6f7,1
558,d04857e7b4b708ee8b8b9921163edba3,2
558,e1da6ab77f4859eb17950e5df1c0f815,2
558,e2bb00220a167d9e60b6776ac33717bc,1
558,e5ae72c62ebfa708624f5029d609b160,1
558,ee0c1cf2fbeae95205b4aa506f1469f0,1
558,f2e53dd1670f3c376518263b3f71424d,1
558,fbc1488c1a1e72ba175f53ab29a248e8,1
559,054515fd15bc1a2029f10de97ffa9120,1
559,0bcc3eeca39e1064258aa1e932269894,1
559,18b0e642cbae7251e60a64aa07dd9eb9,1
559,1a758361b1c10b3ffe3d3373332de319,1
559,2a5806f10d0f00e5ad032dd2e3c8806e,1
559,2ff995aead9c63a1f37a07b3664ead37,1
559,35afc973633aaeb6b877ff57b2793310,1
559,35ebf08a93899d44e756809e11b14754,1
559,41db6d8062fcd38410c699743ccc0265,1
559,44d097d59e8430f88a67517cd0c4f865,1
559,595fac2a385ac33a80bd5114aec74eb8,1
559,5d6bea33648f018dbb563f3a2fab09f3,1
559,64fb265487de2238627ce43fe8a67efc,1
559,69455f41626a745aea9ee9164cb9eafd,3
559,6a8631b72a2f8729b91514db87e771c0,1
559,7564c1759c04fc0a38f2aa84f7a370ee,1
559,777d2e438a1b645f3aec9bd57e92672c,1
559,7c4a8bec217df1de0df2b5aaf8175b65,1
559,8562e2c780a345b609e1b802d7e3e4ae,1
559,87283a98b24f9f1ac3a31b631073cf47,1
559,87d780fa7d2cf3710aa02dc4ca8db985,1
559,914c9e9af640dd56f48764a225b00f89,1
559,a02d0123079f4ae96001ba2010d1a2df,1
559,a39cc58c1b5926b6f9f378daa89f1315,2
559,a59fb60fddcc72a9878b7ed5cb69d8e4,2
559,a8075470f960215ffb67624782f80fec,1
559,a92930c327948861c015c919a0bcb4a8,1
559,ab1f9387c0627dd24000bfbc54fdeee0,1
559,aca2eb7d00ea1a7b8ebd4e68314663af,1
559,b0c8da302d49498d2ce6be8c631e4e20,1
559,ba74c6b75d2ad7503175809688d5a03c,2
559,bdcf6a834e8faa30dac3886c7a58e92e,1
559,c211ff3068fcd2f8898192976d8b3a32,1
559,c4baedd846ed09b85f78a781b522f126,1
559,d04bbac48960ecb7ea311b00ca6e1cb7,1
559,ddceb6eef6af67e9fbbd4c148dbe5fd9,1
559,e7cc48a9daff5436f63d3aad9426f28b,2
559,f8b624d4e475bb8d1bddf1b65c6a64f6,1
559,fbc1488c1a1e72ba175f53ab29a248e8,1
559,fbce4c4cb307679d89a3bf3d3bb353b9,1
559,ff29d8cb1cd0cd5ea37b80dac9939e1c,1
560,054515fd15bc1a2029f10de97ffa9120,1
560,06edb72f1e0c64b14c5b79353f7abea3,1
560,0bbdc963004d9b2fd3427ee3c5ae3608,1
560,0cf41187284d7f099adc8415a743ebbd,1
560,0e2d365a247d105fefc31b17ab8706d9,1
560,145978af3e89b318be0b717a0953649a,1
560,1600dcf1cea8c0c83702e07b577ab231,1
560,18b0e642cbae7251e60a64aa07dd9eb9,2
560,2028bf1b01cafb2d2b1901fca4083222,1
560,24c66f106f642621e524291a895c9032,1
560,2ff995aead9c63a1f37a07b3664ead37,4
560,389d119b48cf3043d311335e499d9c6b,1
560,3cb39171fd36c50097f2dedbbe0dfe6e,3
560,4178e16324fd0c9a8e18463caf390cc6,1
560,44d097d59e8430f88a67517cd0c4f865,1
560,5d6bea33648f018dbb563f3a2fab09f3,1
560,656e0eca68dcecf6a31b8ececfabe3e8,4
560,67bd616e1ba0d3d3e8545f3113b0140d,1
560,6a1a04054158fe995e1688d8f79605b2,1
560,71a5f1c2a5fd9889ef26b5ac22aec9c6,1
560,727a46f0b58a9ef165af9f7ebcfebfa9,1
560,781afe929e3016a667f5f439afd55fce,1
560,78efe838c04bbc568be034082200ac20,1
560,928e52a9ad53a294fdcc91bcf59d1751,1
560,a02d0123079f4ae96001ba2010d1a2df,1
560,a0b7d5a992ccda646f2d34e418fff5a0,1
560,a39cc58c1b5926b6f9f378daa89f1315,1
560,a92930c327948861c015c919a0bcb4a8,4
560,aa8d88eb4b9cb38894e33fa624c4287f,1
560,ab1f9387c0627dd24000bfbc54fdeee0,2
560,b84520a57891e7a8ae2c68741dcc7146,1
560,ba74c6b75d2ad7503175809688d5a03c,1
560,bb50f2e236e5eea0100680137654686c,1
560,bd6e6fce9ada76ea2db0f1912e8e478f,1
560,c3ba4e8d3cb30049213b682e751e9d00,1
560,ca5c923962558430573f83661dbe36d6,2
560,cec09725da5ed01471d9a505e7389d37,1
560,d04857e7b4b708ee8b8b9921163edba3,1
560,d2f5484cbffe4ca766301b21ab9246dd,2
560,d3e1006ba3735c0d44160026b6e0ced3,1
560,e0cf79767c5b016251fe139915c59a26,1
560,e1da6ab77f4859eb17950e5df1c0f815,2
560,e5ae72c62ebfa708624f5029d609b160,1
560,ee57070aa3b24a06fdd0e02efd2d757d,2
560,f4d705aa95ccca448e5b0deb6e5290ba,1
560,fe077ec80df6b4ee60bb4498d5ab1962,1
561,054515fd15bc1a2029f10de97ffa9120,1
561,060c17562f97e5bb60bc0dfa4dd5b3f2,2
561,11dcc970f7a5581e1bf777b6da3f7096,1
561,1613b819ab5dae53aead2dbb4ebdb378,2
561,18b0e642cbae7251e60a64aa07dd9eb9,2
561,2b4609f8948be18874494203496bc318,1
561,2ff995aead9c63a1f37a07b3664ead37,1
561,3354a4e684f5e7199f9407db70ccd92b,1
561,422879e10f46682990de24d770e7f83d,1
561,500870614ddcf5bd84f7d26861026c8a,1
561,53759a2ecddad2bb87a079a1f1519f73,2
561,595fac2a385ac33a80bd5114aec74eb8,1
561,64fb265487de2238627ce43fe8a67efc,2
561,65266b2da20d04dbe00c5c2d3bb7859e,2
561,6cdd53843498f92890544667809f1595,3
561,78efe838c04bbc568be034082200ac20,4
561,7c4a8bec217df1de0df2b5aaf8175b65,1
561,82e4ad16521ca131d95e198d507db370,1
561,84f456958365164420cfc80fbe4c7fab,1
561,87283a98b24f9f1ac3a31b631073cf47,1
561,89321f94e35fc6d7903d36f74e351d40,1
561,91846781ef75057e134949400768e272,1
561,93a12c289ca2b78e7069e469f5053ef2,1
561,99a4788cb24856965c36a24e339b6058,1
561,a19b6951c75da43aad691622dd2f6abe,3
561,a39cc58c1b5926b6f9f378daa89f1315,3
561,a62e25e09e05e6faf31d90c6ec1aa3d1,1
561,a92930c327948861c015c919a0bcb4a8,1
561,ad88641611c35ebd59ecda07a9f17099,1
561,af2d506fb01b724e03591349ad36b67e,1
561,bce474cc95b6e77657e10939b0b4248c,1
561,bd6e6fce9ada76ea2db0f1912e8e478f,2
561,c1f5307decb89342351bec53668cffd9,1
561,cc5447118c174dcc6456c84ccb29e6f7,1
561,ce6f74096c84567f22728c84f3d6e7fc,1
561,d04857e7b4b708ee8b8b9921163edba3,2
561,ddceb6eef6af67e9fbbd4c148dbe5fd9,1
561,e0cf79767c5b016251fe139915c59a26,3
561,e7cc48a9daff5436f63d3aad9426f28b,2
561,eb8c629f70275fd1c4f809116cce1efc,1
561,f7f59e6186e10983a061ac7bdb3494d6,1
561,fb55982be901439613a95940feefd9ee,1
561,fbc1488c1a1e72ba175f53ab29a248e8,1
561,fbce4c4cb307679d89a3bf3d3bb353b9,2
562,054515fd15bc1a2029f10de97ffa9120,2
562,060c17562f97e5bb60bc0dfa4dd5b3f2,2
562,0a4093a4af429dc0a9334300e5c13ae5,1
562,0bcc3eeca39e1064258aa1e932269894,1
562,0e2d365a247d105fefc31b17ab8706d9,1
562,177d3d5bb9d4d29222a222e3b3554f41,2
562,24c66f106f642621e524291a895c9032,1
562,25e2023ed83352bde98dc1490d14c3d8,1
562,2b4609f8948be18874494203496bc318,1
562,32e18e89237933ebdaaebd78a27e7fa1,11
562,389d119b48cf3043d311335e499d9c6b,1
562,3cb39171fd36c50097f2dedbbe0dfe6e,1
562,4178e16324fd0c9a8e18463caf390cc6,1
562,53759a2ecddad2bb87a079a1f1519f73,1
562,5403528d987ad26e8d7cb25940411987,1
562,55b71bf300a2765a382eaec566df531f,1
562,57f2bc497c1a3ebe41ba7a06d78ed159,1
562,595fac2a385ac33a80bd5114aec74eb8,1
562,5d6bea33648f018dbb563f3a2fab09f3,1
562,634256dbcd184b3757ffd7632c9fe52a,4
562,656e0eca68dcecf6a31b8ececfabe3e8,1
562,69455f41626a745aea9ee9164cb9eafd,1
562,6a2909ac21d16b721e4795e7e8ff3e68,1
562,6f3b5b605d91b7439c5e3f5a8dffeea7,1
562,703d742887bb9267f89b675608ba7aa0,1
562,73bcea88583002fe12b7399af4ae60da,2
562,78efe838c04bbc568be034082200ac20,1
562,7fb04722aba7a2b632bac8f9819796f3,1
562,8b50a72d52d7a91fb19d19fbe069e2f2,1
562,8c591ab0ca519558779df02023177f44,1
562,9da950e8c8c482441f1b93955b21c827,1
562,a39cc58c1b5926b6f9f378daa89f1315,1
562,a62e25e09e05e6faf31d90c6ec1aa3d1,1
562,a92930c327948861c015c919a0bcb4a8,2
562,abc3432ff825d8e524db1d4eac6d2099,2
562,ad88641611c35ebd59ecda07a9f17099,1
562,b114bf337c0626166abe574eee9e3f32,1
562,b192be433004cc1f10b467c0e9ea309b,3
562,c20a3f598c16d77249da67e81caa8317,1
562,d017a2151d543a9885604dc62a3d9dcc,2
562,d04857e7b4b708ee8b8b9921163edba3,1
562,d2f5484cbffe4ca766301b21ab9246dd,2
562,d3e1006ba3735c0d44160026b6e0ced3,1
562,e0cf79767c5b016251fe139915c59a26,3
562,e2bb00220a167d9e60b6776ac33717bc,1
562,e7cc48a9daff5436f63d3aad9426f28b,2
562,fb55982be901439613a95940feefd9ee,1
562,fbc1488c1a1e72ba175f53ab29a248e8,1
562,fbce4c4cb307679d89a3bf3d3bb353b9,1
563,054515fd15bc1a2029f10de97ffa9120,1
563,1600dcf1cea8c0c83702e07b577ab231,1
563,35afc973633aaeb6b877ff57b2793310,3
563,368c6c730842d78016ad823897a372db,1
563,437c05a395e9e47f9762e677a7068ce7,1
563,52c80cedd4e90108bf4fa6a206ef6b03,1
563,55b71bf300a2765a382eaec566df531f,1
563,57f2bc497c1a3ebe41ba7a06d78ed159,1
563,5b226d7c52f86ac72457617f78cff95d,1
563,5d6bea33648f018dbb563f3a2fab09f3,1
563,727a46f0b58a9ef165af9f7ebcfebfa9,1
563,89321f94e35fc6d7903d36f74e351d40,4
563,928e52a9ad53a294fdcc91bcf59d1751,1
563,94475071013412139f862c0bd7e3bb37,1
563,99a4788cb24856965c36a24e339b6058,1
563,a04087ab6a96ffa041f8a2701a72b616,1
563,a0b7d5a992ccda646f2d34e418fff5a0,1
563,a8075470f960215ffb67624782f80fec,1
563,a8115d34a4b7b74388da609692162c37,1
563,a92930c327948861c015c919a0bcb4a8,5
563,acc444eb5ad26f79d5a11baa6a03c439,1
563,b192be433004cc1f10b467c0e9ea309b,1
563,b84520a57891e7a8ae2c68741dcc7146,1
563,bb42f37fc3d9130e4a4339d24a47dd7c,1
563,bb50f2e236e5eea0100680137654686c,1
563,c1f5307decb89342351bec53668cffd9,1
563,c3ba4e8d3cb30049213b682e751e9d00,2
563,c4baedd846ed09b85f78a781b522f126,1
563,c6336fa91fbd87c359e44f5dca5a90ed,1
563,d017a2151d543a9885604dc62a3d9dcc,1
563,d1c427060a0f73f6b889a5c7c61f2ac4,3
563,fbce4c4cb307679d89a3bf3d3bb353b9,2
564,054515fd15bc1a2029f10de97ffa9120,2
564,0bbdc963004d9b2fd3427ee3c5ae3608,1
564,0d85c435fd60b277ffb9e9b0f88f927a,1
564,1613b819ab5dae53aead2dbb4ebdb378,1
564,2028bf1b01cafb2d2b1901fca4083222,1
564,2ff995aead9c63a1f37a07b3664ead37,1
564,3dd2a17168ec895c781a9191c1e95ad7,1
564,422879e10f46682990de24d770e7f83d,1
564,4298b7e67dc399c200662b569563a2b2,1
564,4520766ec412348b8d4caa5e8a18c464,1
564,53759a2ecddad2bb87a079a1f1519f73,1
564,57f2bc497c1a3ebe41ba7a06d78ed159,1
564,5d6bea33648f018dbb563f3a2fab09f3,2
564,634256dbcd184b3757ffd7632c9fe52a,1
564,656e0eca68dcecf6a31b8ececfabe3e8,3
564,6adab229374835b551f6402e0dc53267,1
564,703d742887bb9267f89b675608ba7aa0,3
564,73bcea88583002fe12b7399af4ae60da,1
564,7f72a8900b3d2fc8fa2635b7836d6e6e,1
564,84f456958365164420cfc80fbe4c7fab,1
564,87d780fa7d2cf3710aa02dc4ca8db985,1
564,89321f94e35fc6d7903d36f74e351d40,1
564,a62e25e09e05e6faf31d90c6ec1aa3d1,1
564,aa8d88eb4b9cb38894e33fa624c4287f,1
564,afeeea6271148ee1bb15173b8187c431,1
564,bd6e6fce9ada76ea2db0f1912e8e478f,1
564,c075b8e131353552218860f1c421e4ef,1
564,c3097e07a0a5de0d4b4c836d90c5a284,1
564,c3ba4e8d3cb30049213b682e751e9d00,1
564,c6336fa91fbd87c359e44f5dca5a90ed,1
564,ce6f74096c84567f22728c84f3d6e7fc,1
564,d04857e7b4b708ee8b8b9921163edba3,1
564,e7cc48a9daff5436f63d3aad9426f28b,2
564,ee6c49af1a2de55aa0e076257ab4ab99,1
564,fbc1488c1a1e72ba175f53ab29a248e8,1
565,154e7e31ebfa092203795c972e5804a6,1
565,1613b819ab5dae53aead2dbb4ebdb378,1
565,186fe07c8b8005ec6a498587ffbc1352,1
565,18b0e642cbae7251e60a64aa07dd9eb9,1
565,288dbc06591742c5d7fe90fbfb08943e,1
565,35afc973633aaeb6b877ff57b2793310,1
565,389d119b48cf3043d311335e499d9c6b,3
565,3cb39171fd36c50097f2dedbbe0dfe6e,2
565,461f43be3bdf8844e65b62d9ac2c7a5a,1
565,4fe644d766c7566dbc46fb851363cb3b,2
565,53b36df67ebb7c41585e8d54d6772e08,1
565,6f3b5b605d91b7439c5e3f5a8dffeea7,2
565,703d742887bb9267f89b675608ba7aa0,1
565,71a5f1c2a5fd9889ef26b5ac22aec9c6,1
565,8317b177579dd27ff068b83205e2169b,1
565,89321f94e35fc6d7903d36f74e351d40,2
565,9545d45c37449ccbc376de3a04c66e71,1
565,97017430754804328eb9597b7f85da03,1
565,a02d0123079f4ae96001ba2010d1a2df,1
565,a8075470f960215ffb67624782f80fec,2
565,b192be433004cc1f10b467c0e9ea309b,1
565,bb42f37fc3d9130e4a4339d24a47dd7c,1
565,bb50f2e236e5eea0100680137654686c,6
565,cac9e5692471a0700418aa3400b9b2b1,2
565,cec09725da5ed01471d9a505e7389d37,1
565,d1c427060a0f73f6b889a5c7c61f2ac4,1
565,e0d64dcfaa3b6db5c54ca298ae101d05,1
565,e7cc48a9daff5436f63d3aad9426f28b,5
565,eb8c629f70275fd1c4f809116cce1efc,6
565,ec2d43cc59763ec91694573b31f1c29a,2
565,ec5b3c8bb77ad22278f6e9d719a83de3,1
565,fbce4c4cb307679d89a3bf3d3bb353b9,1
566,1600dcf1cea8c0c83702e07b577ab231,1
566,18b0e642cbae7251e60a64aa07dd9eb9,1
566,2028bf1b01cafb2d2b1901fca4083222,1
566,2b4609f8948be18874494203496bc318,1
566,2ff995aead9c63a1f37a07b3664ead37,1
566,4298b7e67dc399c200662b569563a2b2,2
566,43423cdffde7fda63d0414ed38c11a73,1
566,4520766ec412348b8d4caa5e8a18c464,1
566,5403528d987ad26e8d7cb25940411987,1
566,6f3b5b605d91b7439c5e3f5a8dffeea7,1
566,703d742887bb9267f89b675608ba7aa0,1
566,7564c1759c04fc0a38f2aa84f7a370ee,2
566,7f72a8900b3d2fc8fa2635b7836d6e6e,2
566,810e2944bca9850b934e1570ba372e7d,1
566,89321f94e35fc6d7903d36f74e351d40,1
566,aa8d88eb4b9cb38894e33fa624c4287f,1
566,af2d506fb01b724e03591349ad36b67e,1
566,b38b25d838ae0b8385e8cc68b9017644,1
566,bb50f2e236e5eea0100680137654686c,1
566,bd6e6fce9ada76ea2db0f1912e8e478f,1
566,dc52f0f5d3ec37a93eaf956cde4e5d2c,2
566,e0d64dcfaa3b6db5c54ca298ae101d05,1
566,e7cc48a9daff5436f63d3aad9426f28b,1
566,fbce4c4cb307679d89a3bf3d3bb353b9,1
567,044f05bc9de36e8a693a83e4bc79dd0d,1
567,054515fd15bc1a2029f10de97ffa9120,3
567,08a58dc963320d6073623382b9ceb920,1
567,0a4093a4af429dc0a9334300e5c13ae5,1
567,0cf41187284d7f099adc8415a743ebbd,1
567,0d85c435fd60b277ffb9e9b0f88f927a,1
567,1613b819ab5dae53aead2dbb4ebdb378,1
567,177d3d5bb9d4d29222a222e3b3554f41,1
567,2136c70bbe723d338fab53da3c03e6dc,2
567,3354a4e684f5e7199f9407db70ccd92b,1
567,35afc973633aaeb6b877ff57b2793310,1
567,36c2fb4fa746273709c373f6d6ec6796,1
567,3cb39171fd36c50097f2dedbbe0dfe6e,1
567,41c24b8ce92d1a2cac62db5edfd088b2,1
567,4298b7e67dc399c200662b569563a2b2,1
567,437c05a395e9e47f9762e677a7068ce7,1
567,461f43be3bdf8844e65b62d9ac2c7a5a,1
567,5b226d7c52f86ac72457617f78cff95d,1
567,656e0eca68dcecf6a31b8ececfabe3e8,3
567,67bd616e1ba0d3d3e8545f3113b0140d,1
567,703d742887bb9267f89b675608ba7aa0,1
567,73bcea88583002fe12b7399af4ae60da,2
567,7564c1759c04fc0a38f2aa84f7a370ee,2
567,78efe838c04bbc568be034082200ac20,1
567,79da264732f717f10ebf5d102aa6c32a,1
567,7f4e034245e45549110139d1de248f83,1
567,7f72a8900b3d2fc8fa2635b7836d6e6e,1
567,89321f94e35fc6d7903d36f74e351d40,1
567,928e52a9ad53a294fdcc91bcf59d1751,1
567,9fe172fa8e662ca8572cf12abf8bce23,1
567,a02d0123079f4ae96001ba2010d1a2df,1
567,a62e25e09e05e6faf31d90c6ec1aa3d1,1
567,a92930c327948861c015c919a0bcb4a8,1
567,b0c8da302d49498d2ce6be8c631e4e20,4
567,b114bf337c0626166abe574eee9e3f32,1
567,b84520a57891e7a8ae2c68741dcc7146,1
567,b8b426747049f2d3d6e00b486d47dedb,1
567,bb42f37fc3d9130e4a4339d24a47dd7c,1
567,c075b8e131353552218860f1c421e4ef,1
567,c20a3f598c16d77249da67e81caa8317,1
567,ca5c923962558430573f83661dbe36d6,2
567,cac9e5692471a0700418aa3400b9b2b1,1
567,d017a2151d543a9885604dc62a3d9dcc,1
567,d04857e7b4b708ee8b8b9921163edba3,1
567,d692d19cee022f7acab76373f297ad6a,1
567,ddceb6eef6af67e9fbbd4c148dbe5fd9,2
567,e0cf79767c5b016251fe139915c59a26,1
567,e7cc48a9daff5436f63d3aad9426f28b,5
567,e85d91619b497e98754390b6198a9818,1
567,f35927953ed82e19d06ad3aac2f06353,1
567,f646af315b0f3a597f69213537ca2199,1
567,f8b624d4e475bb8d1bddf1b65c6a64f6,2
567,fbc1488c1a1e72ba175f53ab29a248e8,1
568,06edb72f1e0c64b14c5b79353f7abea3,3
568,0bbdc963004d9b2fd3427ee3c5ae3608,2
568,1613b819ab5dae53aead2dbb4ebdb378,1
568,18b0e642cbae7251e60a64aa07dd9eb9,2
568,2028bf1b01cafb2d2b1901fca4083222,1
568,3354a4e684f5e7199f9407db70ccd92b,1
568,35afc973633aaeb6b877ff57b2793310,1
568,422879e10f46682990de24d770e7f83d,1
568,43423cdffde7fda63d0414ed38c11a73,1
568,44d097d59e8430f88a67517cd0c4f865,1
568,4520766ec412348b8d4caa5e8a18c464,1
568,461f43be3bdf8844e65b62d9ac2c7a5a,1
568,4ce9ab528124f89e091b17d11aa2e97c,1
568,4fe644d766c7566dbc46fb851363cb3b,1
568,52c80cedd4e90108bf4fa6a206ef6b03,2
568,55b71bf300a2765a382eaec566df531f,1
568,569ffd16f8032478cbeb9800f2e94ba0,1
568,5d6bea33648f018dbb563f3a2fab09f3,6
568,656e0eca68dcecf6a31b8ececfabe3e8,5
568,703d742887bb9267f89b675608ba7aa0,1
568,704ef63ad0ac345842ea734060a83db2,1
568,76d1a1a9d21ab677a61c3ae34b1b352f,1
568,7814c273ab16783d73a9863ebfa8b141,1
568,781afe929e3016a667f5f439afd55fce,1
568,78efe838c04bbc568be034082200ac20,2
568,84f456958365164420cfc80fbe4c7fab,1
568,89321f94e35fc6d7903d36f74e351d40,1
568,8983a3b149303c013fceabef902e835a,1
568,8b50a72d52d7a91fb19d19fbe069e2f2,2
568,8c591ab0ca519558779df02023177f44,1
568,909b87db6cb3a7ab26bd03cc59860136,1
568,9545d45c37449ccbc376de3a04c66e71,1
568,99a4788cb24856965c36a24e339b6058,1
568,9fe172fa8e662ca8572cf12abf8bce23,1
568,a04087ab6a96ffa041f8a2701a72b616,2
568,a92930c327948861c015c919a0bcb4a8,1
568,af2d506fb01b724e03591349ad36b67e,1
568,afeeea6271148ee1bb15173b8187c431,2
568,b192be433004cc1f10b467c0e9ea309b,2
568,b38b25d838ae0b8385e8cc68b9017644,1
568,b532349fe46b38fbc7bb3914c1bdae07,2
568,b84520a57891e7a8ae2c68741dcc7146,1
568,c4baedd846ed09b85f78a781b522f126,2
568,cc5447118c174dcc6456c84ccb29e6f7,2
568,e03102efbc2229024c89be731f0aedcb,1
568,e0cf79767c5b016251fe139915c59a26,1
568,e2bb00220a167d9e60b6776ac33717bc,1
568,e59dd207c69d86e890febadc796d1078,1
568,e7cc48a9daff5436f63d3aad9426f28b,6
568,ee0c1cf2fbeae95205b4aa506f1469f0,1
568,ee57070aa3b24a06fdd0e02efd2d757d,1
568,f8b624d4e475bb8d1bddf1b65c6a64f6,2
568,fbce4c4cb307679d89a3bf3d3bb353b9,1
568,fe077ec80df6b4ee60bb4498d5ab1962,1
569,036734b5a58d5d4f46b0616ddc047ced,1
569,054515fd15bc1a2029f10de97ffa9120,1
569,0a4093a4af429dc0a9334300e5c13ae5,1
569,0d85c435fd60b277ffb9e9b0f88f927a,2
569,154e7e31ebfa092203795c972e5804a6,1
569,1600dcf1cea8c0c83702e07b577ab231,1
569,18b0e642cbae7251e60a64aa07dd9eb9,1
569,1a758361b1c10b3ffe3d3373332de319,1
569,25e2023ed83352bde98dc1490d14c3d8,1
569,368c6c730842d78016ad823897a372db,1
569,3dd2a17168ec895c781a9191c1e95ad7,1
569,3e442d09f9dfef002aadf31960869f65,1
569,41c24b8ce92d1a2cac62db5edfd088b2,1
569,461f43be3bdf8844e65b62d9ac2c7a5a,1
569,4b96786612ebe7463132fce2c4dca136,1
569,4fe644d766c7566dbc46fb851363cb3b,1
569,52c80cedd4e90108bf4fa6a206ef6b03,1
569,5328338cfaa16ba10561cd970c73ca11,1
569,53b36df67ebb7c41585e8d54d6772e08,1
569,57e089e3103f5cda6a4ce23b77399bdb,1
569,5d6bea33648f018dbb563f3a2fab09f3,1
569,634256dbcd184b3757ffd7632c9fe52a,1
569,67bd616e1ba0d3d3e8545f3113b0140d,1
569,6a8631b72a2f8729b91514db87e771c0,1
569,6f3b5b605d91b7439c5e3f5a8dffeea7,3
569,727a46f0b58a9ef165af9f7ebcfebfa9,2
569,7564c1759c04fc0a38f2aa84f7a370ee,2
569,78efe838c04bbc568be034082200ac20,2
569,8b50a72d52d7a91fb19d19fbe069e2f2,2
569,8c292ca193d326152e335d77176746f0,1
569,914c9e9af640dd56f48764a225b00f89,1
569,962a6951154f98f2c8e9a5b8b2bcf4a9,1
569,97017430754804328eb9597b7f85da03,1
569,a39cc58c1b5926b6f9f378daa89f1315,1
569,a92930c327948861c015c919a0bcb4a8,1
569,acc444eb5ad26f79d5a11baa6a03c439,1
569,b0c8da302d49498d2ce6be8c631e4e20,1
569,b114bf337c0626166abe574eee9e3f32,1
569,b92a7304ebad1ca5b393b53b2de5c70a,1
569,bd6e6fce9ada76ea2db0f1912e8e478f,1
569,bdcf6a834e8faa30dac3886c7a58e92e,1
569,be0dbdc3d67d55727a65d4cd696ca73c,1
569,c20a3f598c16d77249da67e81caa8317,1
569,c50ca07e9e4db9ea5011f06802c0aea0,1
569,c7fd13b5e515bffdab855d0812842edb,1
569,c9c6fde711572c1ad99ca12728c6af00,2
569,ca5c923962558430573f83661dbe36d6,1
569,d04857e7b4b708ee8b8b9921163edba3,1
569,d678178aa4291cd25a755a90188375c8,1
569,dbb67791e405873b259e4656bf971246,1
569,e0cf79767c5b016251fe139915c59a26,2
569,e53e557d5a159f5aa2c5e995dfdf244b,1
569,e59dd207c69d86e890febadc796d1078,2
569,e7cc48a9daff5436f63d3aad9426f28b,6
569,ee57070aa3b24a06fdd0e02efd2d757d,1
569,fbce4c4cb307679d89a3bf3d3bb353b9,1
569,fe9dfbe7f974621789683b7b78be2a16,1
570,060c17562f97e5bb60bc0dfa4dd5b3f2,1
570,08a58dc963320d6073623382b9ceb920,1
570,11dcc970f7a5581e1bf777b6da3f7096,1
570,2028bf1b01cafb2d2b1901fca4083222,1
570,24c66f106f642621e524291a895c9032,2
570,2ff995aead9c63a1f37a07b3664ead37,1
570,389d119b48cf3043d311335e499d9c6b,2
570,4178e16324fd0c9a8e18463caf390cc6,1
570,44d097d59e8430f88a67517cd0c4f865,1
570,4fe644d766c7566dbc46fb851363cb3b,1
570,500870614ddcf5bd84f7d26861026c8a,1
570,5403528d987ad26e8d7cb25940411987,1
570,54d9ac713e253fa1fae9c8003b011c2a,1
570,57f2bc497c1a3ebe41ba7a06d78ed159,1
570,595fac2a385ac33a80bd5114aec74eb8,3
570,634256dbcd184b3757ffd7632c9fe52a,1
570,64fb13596caf118c438edc5c6ed2d50a,2
570,64fb265487de2238627ce43fe8a67efc,1
570,6f3b5b605d91b7439c5e3f5a8dffeea7,1
570,73bcea88583002fe12b7399af4ae60da,1
570,7564c1759c04fc0a38f2aa84f7a370ee,2
570,7814c273ab16783d73a9863ebfa8b141,1
570,810e2944bca9850b934e1570ba372e7d,1
570,89321f94e35fc6d7903d36f74e351d40,1
570,8b50a72d52d7a91fb19d19fbe069e2f2,1
570,909b87db6cb3a7ab26bd03cc59860136,1
570,93a12c289ca2b78e7069e469f5053ef2,2
570,97017430754804328eb9597b7f85da03,1
570,9fe172fa8e662ca8572cf12abf8bce23,1
570,a0b7d5a992ccda646f2d34e418fff5a0,1
570,a35a9f46dcee0a67c8c7ad8493eb4135,1
570,a62e25e09e05e6faf31d90c6ec1aa3d1,1
570,abc3432ff825d8e524db1d4eac6d2099,1
570,b0c8da302d49498d2ce6be8c631e4e20,1
570,b192be433004cc1f10b467c0e9ea309b,1
570,b8b426747049f2d3d6e00b486d47dedb,1
570,b92a7304ebad1ca5b393b53b2de5c70a,1
570,bb42f37fc3d9130e4a4339d24a47dd7c,2
570,bb50f2e236e5eea0100680137654686c,1
570,bd6e6fce9ada76ea2db0f1912e8e478f,2
570,bdc3291ab242ec1effc8eb0987850268,2
570,c20a3f598c16d77249da67e81caa8317,1
570,c3ba4e8d3cb30049213b682e751e9d00,1
570,cac9e5692471a0700418aa3400b9b2b1,1
570,d017a2151d543a9885604dc62a3d9dcc,3
570,d04857e7b4b708ee8b8b9921163edba3,2
570,dbb67791e405873b259e4656bf971246,2
570,e7cc48a9daff5436f63d3aad9426f28b,2
570,fbc1488c1a1e72ba175f53ab29a248e8,1
571,054515fd15bc1a2029f10de97ffa9120,1
571,145978af3e89b318be0b717a0953649a,2
571,18b0e642cbae7251e60a64aa07dd9eb9,1
571,2136c70bbe723d338fab53da3c03e6dc,2
571,24c66f106f642621e524291a895c9032,1
571,35afc973633aaeb6b877ff57b2793310,1
571,3dd2a17168ec895c781a9191c1e95ad7,1
571,41c24b8ce92d1a2cac62db5edfd088b2,2
571,41db6d8062fcd38410c699743ccc0265,1
571,42ec84ace63b58b8c5a7ba7be01d5fb8,1
571,437c05a395e9e47f9762e677a7068ce7,1
571,461f43be3bdf8844e65b62d9ac2c7a5a,1
571,4ce9ab528124f89e091b17d11aa2e97c,1
571,4fe644d766c7566dbc46fb851363cb3b,2
571,500870614ddcf5bd84f7d26861026c8a,1
571,5bfc7506459ae2a7b4b573fe557a58e1,1
571,629e019a6f298a83aeecc7877964f935,1
571,634256dbcd184b3757ffd7632c9fe52a,1
571,73bcea88583002fe12b7399af4ae60da,2
571,7564c1759c04fc0a38f2aa84f7a370ee,1
571,89321f94e35fc6d7903d36f74e351d40,1
571,928e52a9ad53a294fdcc91bcf59d1751,1
571,94475071013412139f862c0bd7e3bb37,1
571,9fe172fa8e662ca8572cf12abf8bce23,2
571,a02d0123079f4ae96001ba2010d1a2df,1
571,a39cc58c1b5926b6f9f378daa89f1315,1
571,a59fb60fddcc72a9878b7ed5cb69d8e4,1
571,a62e25e09e05e6faf31d90c6ec1aa3d1,1
571,a92930c327948861c015c919a0bcb4a8,1
571,aadff88486740e0b0ebe2be6c09476ae,1
571,b192be433004cc1f10b467c0e9ea309b,3
571,b532349fe46b38fbc7bb3914c1bdae07,2
571,b84520a57891e7a8ae2c68741dcc7146,1
571,bd6e6fce9ada76ea2db0f1912e8e478f,3
571,c075b8e131353552218860f1c421e4ef,1
571,c4baedd846ed09b85f78a781b522f126,1
571,d017a2151d543a9885604dc62a3d9dcc,2
571,d1c427060a0f73f6b889a5c7c61f2ac4,1
571,dc52f0f5d3ec37a93eaf956cde4e5d2c,1
571,e7cc48a9daff5436f63d3aad9426f28b,4
571,ee6c49af1a2de55aa0e076257ab4ab99,1
571,fbc1488c1a1e72ba175f53ab29a248e8,1
571,ffc9caf33e2d1e9f44e3e06da19085f7,1
572,060c17562f97e5bb60bc0dfa4dd5b3f2,1
572,06edb72f1e0c64b14c5b79353f7abea3,1
572,08a58dc963320d6073623382b9ceb920,2
572,0a4093a4af429dc0a9334300e5c13ae5,1
572,11dcc970f7a5581e1bf777b6da3f7096,1
572,1613b819ab5dae53aead2dbb4ebdb378,1
572,18b0e642cbae7251e60a64aa07dd9eb9,2
572,19c91ef95d509ea33eda93495c4d3481,1
572,3354a4e684f5e7199f9407db70ccd92b,1
572,349ce46a0e2e20054aa9d80c48af8816,1
572,35afc973633aaeb6b877ff57b2793310,1
572,380b4664ba5bb18cc9db78ee6bac3558,1
572,422879e10f46682990de24d770e7f83d,1
572,4298b7e67dc399c200662b569563a2b2,1
572,42ec84ace63b58b8c5a7ba7be01d5fb8,1
572,44d097d59e8430f88a67517cd0c4f865,2
572,4fe644d766c7566dbc46fb851363cb3b,1
572,500870614ddcf5bd84f7d26861026c8a,1
572,5403528d987ad26e8d7cb25940411987,1
572,55b71bf300a2765a382eaec566df531f,1
572,57f2bc497c1a3ebe41ba7a06d78ed159,1
572,595fac2a385ac33a80bd5114aec74eb8,3
572,64fb265487de2238627ce43fe8a67efc,1
572,67bd616e1ba0d3d3e8545f3113b0140d,1
572,6cdd53843498f92890544667809f1595,1
572,6f3b5b605d91b7439c5e3f5a8dffeea7,1
572,73326828aa5efe1ba096223de496f596,1
572,73bcea88583002fe12b7399af4ae60da,2
572,84f456958365164420cfc80fbe4c7fab,1
572,9fe172fa8e662ca8572cf12abf8bce23,1
572,a62e25e09e05e6faf31d90c6ec1aa3d1,1
572,a6ad77b15e566298a4e8ee2011ab1255,2
572,a92930c327948861c015c919a0bcb4a8,3
572,b532349fe46b38fbc7bb3914c1bdae07,1
572,bd6e6fce9ada76ea2db0f1912e8e478f,1
572,c72edc98e7d77f0c4c04ec80730c05f5,1
572,c8cfa622661e047ea2499f8bce4731a5,2
572,ca5c923962558430573f83661dbe36d6,1
572,cac9e5692471a0700418aa3400b9b2b1,1
572,d017a2151d543a9885604dc62a3d9dcc,4
572,dbb67791e405873b259e4656bf971246,1
572,e59dd207c69d86e890febadc796d1078,1
572,e7cc48a9daff5436f63d3aad9426f28b,3
572,f8b624d4e475bb8d1bddf1b65c6a64f6,1
572,fbce4c4cb307679d89a3bf3d3bb353b9,3
573,0a4093a4af429dc0a9334300e5c13ae5,1
573,0bcc3eeca39e1064258aa1e932269894,1
573,1613b819ab5dae53aead2dbb4ebdb378,1
573,18b0e642cbae7251e60a64aa07dd9eb9,1
573,19c91ef95d509ea33eda93495c4d3481,1
573,2136c70bbe723d338fab53da3c03e6dc,1
573,25e2023ed83352bde98dc1490d14c3d8,1
573,2b4609f8948be18874494203496bc318,1
573,2ff995aead9c63a1f37a07b3664ead37,1
573,349ce46a0e2e20054aa9d80c48af8816,1
573,3dd2a17168ec895c781a9191c1e95ad7,1
573,3fbc0ef745950c7932d5f2a446189725,1
573,422879e10f46682990de24d770e7f83d,1
573,43423cdffde7fda63d0414ed38c11a73,2
573,437c05a395e9e47f9762e677a7068ce7,1
573,461f43be3bdf8844e65b62d9ac2c7a5a,1
573,4b96786612ebe7463132fce2c4dca136,1
573,4fe644d766c7566dbc46fb851363cb3b,2
573,500870614ddcf5bd84f7d26861026c8a,1
573,5d6bea33648f018dbb563f3a2fab09f3,1
573,629e019a6f298a83aeecc7877964f935,1
573,6a23ae3187f1dac41b7210a8c7739d6b,2
573,6cdd53843498f92890544667809f1595,1
573,73326828aa5efe1ba096223de496f596,2
573,7814c273ab16783d73a9863ebfa8b141,1
573,7c1bd920dbdf22470b68bde975dd3ccf,1
573,7f4e034245e45549110139d1de248f83,1
573,8983a3b149303c013fceabef902e835a,1
573,91846781ef75057e134949400768e272,1
573,928e52a9ad53a294fdcc91bcf59d1751,1
573,94475071013412139f862c0bd7e3bb37,1
573,990d135e28e075648cb7d83198fdccf4,1
573,99a4788cb24856965c36a24e339b6058,1
573,9da950e8c8c482441f1b93955b21c827,1
573,9f1c3e71d56894398a42b050b07f1baa,2
573,9fe172fa8e662ca8572cf12abf8bce23,1
573,a39cc58c1b5926b6f9f378daa89f1315,1
573,a92930c327948861c015c919a0bcb4a8,4
573,af2d506fb01b724e03591349ad36b67e,1
573,afeeea6271148ee1bb15173b8187c431,1
573,b192be433004cc1f10b467c0e9ea309b,1
573,bb42f37fc3d9130e4a4339d24a47dd7c,1
573,c075b8e131353552218860f1c421e4ef,1
573,c50ca07e9e4db9ea5011f06802c0aea0,1
573,ca5c923962558430573f83661dbe36d6,2
573,d04857e7b4b708ee8b8b9921163edba3,1
573,d1c427060a0f73f6b889a5c7c61f2ac4,1
573,d2f5484cbffe4ca766301b21ab9246dd,1
573,d3e1006ba3735c0d44160026b6e0ced3,1
573,dbb67791e405873b259e4656bf971246,1
573,dc52f0f5d3ec37a93eaf956cde4e5d2c,1
573,dd0dcee76f9c12fff4bc0eb641d57c7f,1
573,e0cf79767c5b016251fe139915c59a26,2
573,e0d64dcfaa3b6db5c54ca298ae101d05,1
573,e59dd207c69d86e890febadc796d1078,2
573,e85d91619b497e98754390b6198a9818,1
573,ed2067a9c1f79553088a3c67b99a9f97,1
573,f8b624d4e475bb8d1bddf1b65c6a64f6,1
573,fbce4c4cb307679d89a3bf3d3bb353b9,1
573,fc1d8637c0268af3db482c14b7ef8e75,1
574,0bbdc963004d9b2fd3427ee3c5ae3608,1
574,0bcc3eeca39e1064258aa1e932269894,1
574,0cf41187284d7f099adc8415a743ebbd,1
574,0d85c435fd60b277ffb9e9b0f88f927a,1
574,1bfb290d7273a442c874dbe74b4abae6,3
574,24c66f106f642621e524291a895c9032,1
574,25e2023ed83352bde98dc1490d14c3d8,2
574,2fea0f2cec6b6324a277d4a61c2ed2c6,1
574,2ffdf10e724b958c0f7ea69e97d32f64,1
574,363218ba55c610b750224f90bdd34be1,1
574,389d119b48cf3043d311335e499d9c6b,2
574,3cb39171fd36c50097f2dedbbe0dfe6e,1
574,3fbc0ef745950c7932d5f2a446189725,2
574,422879e10f46682990de24d770e7f83d,2
574,42ec84ace63b58b8c5a7ba7be01d5fb8,1
574,437c05a395e9e47f9762e677a7068ce7,1
574,44d097d59e8430f88a67517cd0c4f865,1
574,4520766ec412348b8d4caa5e8a18c464,1
574,4ce9ab528124f89e091b17d11aa2e97c,1
574,4deb009c36a910076a023947a7929201,1
574,4fe644d766c7566dbc46fb851363cb3b,2
574,500870614ddcf5bd84f7d26861026c8a,3
574,53759a2ecddad2bb87a079a1f1519f73,2
574,5403528d987ad26e8d7cb25940411987,1
574,55782cb82e0efe052da0a3da237da3b2,1
574,595fac2a385ac33a80bd5114aec74eb8,1
574,5d6bea33648f018dbb563f3a2fab09f3,1
574,634256dbcd184b3757ffd7632c9fe52a,1
574,656e0eca68dcecf6a31b8ececfabe3e8,1
574,72d3bf1d3a790f8874096fcf860e3eff,1
574,73326828aa5efe1ba096223de496f596,2
574,7564c1759c04fc0a38f2aa84f7a370ee,1
574,7814c273ab16783d73a9863ebfa8b141,2
574,781afe929e3016a667f5f439afd55fce,2
574,78efe838c04bbc568be034082200ac20,1
574,7c4a8bec217df1de0df2b5aaf8175b65,1
574,89321f94e35fc6d7903d36f74e351d40,1
574,93a12c289ca2b78e7069e469f5053ef2,1
574,990d135e28e075648cb7d83198fdccf4,1
574,99a4788cb24856965c36a24e339b6058,1
574,a02d0123079f4ae96001ba2010d1a2df,2
574,a39cc58c1b5926b6f9f378daa89f1315,2
574,a62e25e09e05e6faf31d90c6ec1aa3d1,1
574,a6ad77b15e566298a4e8ee2011ab1255,3
574,a92930c327948861c015c919a0bcb4a8,3
574,aca2eb7d00ea1a7b8ebd4e68314663af,1
574,afeeea6271148ee1bb15173b8187c431,1
574,b38b25d838ae0b8385e8cc68b9017644,1
574,b532349fe46b38fbc7bb3914c1bdae07,3
574,bb42f37fc3d9130e4a4339d24a47dd7c,1
574,bb50f2e236e5eea0100680137654686c,3
574,bce474cc95b6e77657e10939b0b4248c,1
574,c20a3f598c16d77249da67e81caa8317,2
574,cec09725da5ed01471d9a505e7389d37,3
574,d017a2151d543a9885604dc62a3d9dcc,2
574,dbb67791e405873b259e4656bf971246,3
574,e53e557d5a159f5aa2c5e995dfdf244b,1
574,e59dd207c69d86e890febadc796d1078,3
574,e5ae72c62ebfa708624f5029d609b160,1
574,e7cc48a9daff5436f63d3aad9426f28b,7
574,fbce4c4cb307679d89a3bf3d3bb353b9,1
574,fe077ec80df6b4ee60bb4498d5ab1962,1
575,0bcc3eeca39e1064258aa1e932269894,1
575,11dcc970f7a5581e1bf777b6da3f7096,1
575,145978af3e89b318be0b717a0953649a,1
575,1600dcf1cea8c0c83702e07b577ab231,1
575,1613b819ab5dae53aead2dbb4ebdb378,1
575,19c91ef95d509ea33eda93495c4d3481,4
575,1a758361b1c10b3ffe3d3373332de319,1
575,1bfb290d7273a442c874dbe74b4abae6,2
575,2ff995aead9c63a1f37a07b3664ead37,3
575,2ffdf10e724b958c0f7ea69e97d32f64,1
575,349ce46a0e2e20054aa9d80c48af8816,1
575,368c6c730842d78016ad823897a372db,1
575,3cb39171fd36c50097f2dedbbe0dfe6e,1
575,41db6d8062fcd38410c699743ccc0265,1
575,437c05a395e9e47f9762e677a7068ce7,2
575,4ce9ab528124f89e091b17d11aa2e97c,1
575,55782cb82e0efe052da0a3da237da3b2,1
575,5a848e4ab52fd5445cdc07aab1c40e48,1
575,73326828aa5efe1ba096223de496f596,1
575,73bcea88583002fe12b7399af4ae60da,1
575,78efe838c04bbc568be034082200ac20,1
575,7f72a8900b3d2fc8fa2635b7836d6e6e,1
575,89321f94e35fc6d7903d36f74e351d40,2
575,91846781ef75057e134949400768e272,1
575,9ecadb84c81da840dbf3564378b586e9,1
575,a59fb60fddcc72a9878b7ed5cb69d8e4,1
575,a62e25e09e05e6faf31d90c6ec1aa3d1,2
575,a6ad77b15e566298a4e8ee2011ab1255,1
575,af2d506fb01b724e03591349ad36b67e,2
575,afeeea6271148ee1bb15173b8187c431,1
575,b92a7304ebad1ca5b393b53b2de5c70a,1
575,bb50f2e236e5eea0100680137654686c,7
575,bd6e6fce9ada76ea2db0f1912e8e478f,1
575,be0dbdc3d67d55727a65d4cd696ca73c,6
575,c20a3f598c16d77249da67e81caa8317,1
575,d1c427060a0f73f6b889a5c7c61f2ac4,3
575,dbb67791e405873b259e4656bf971246,3
575,e0cf79767c5b016251fe139915c59a26,1
575,e7cc48a9daff5436f63d3aad9426f28b,16
575,eb8c629f70275fd1c4f809116cce1efc,3
575,f8b624d4e475bb8d1bddf1b65c6a64f6,1
575,fbce4c4cb307679d89a3bf3d3bb353b9,2
575,fc1d8637c0268af3db482c14b7ef8e75,2
575,fe077ec80df6b4ee60bb4498d5ab1962,1
575,fe75529a267b76ac6e96f0c322a899a4,1
576,054515fd15bc1a2029f10de97ffa9120,4
576,0bcc3eeca39e1064258aa1e932269894,2
576,11dcc970f7a5581e1bf777b6da3f7096,2
576,1600dcf1cea8c0c83702e07b577ab231,1
576,177d3d5bb9d4d29222a222e3b3554f41,1
576,19c91ef95d509ea33eda93495c4d3481,1
576,2bd9b51a9ab079e095aca987845d3266,2
576,2fea0f2cec6b6324a277d4a61c2ed2c6,1
576,3dd2a17168ec895c781a9191c1e95ad7,1
576,4cc8bfa581f41841ce5e24aba773a44a,1
576,500870614ddcf5bd84f7d26861026c8a,1
576,5403528d987ad26e8d7cb25940411987,1
576,55782cb82e0efe052da0a3da237da3b2,1
576,6f3b5b605d91b7439c5e3f5a8dffeea7,1
576,73326828aa5efe1ba096223de496f596,2
576,78efe838c04bbc568be034082200ac20,1
576,7c4a8bec217df1de0df2b5aaf8175b65,1
576,810e2944bca9850b934e1570ba372e7d,1
576,89321f94e35fc6d7903d36f74e351d40,1
576,94475071013412139f862c0bd7e3bb37,1
576,962a6951154f98f2c8e9a5b8b2bcf4a9,1
576,9fe172fa8e662ca8572cf12abf8bce23,1
576,a02d0123079f4ae96001ba2010d1a2df,1
576,a04087ab6a96ffa041f8a2701a72b616,1
576,a39cc58c1b5926b6f9f378daa89f1315,1
576,a8075470f960215ffb67624782f80fec,1
576,aa8d88eb4b9cb38894e33fa624c4287f,1
576,aadff88486740e0b0ebe2be6c09476ae,1
576,acc444eb5ad26f79d5a11baa6a03c439,1
576,af2d506fb01b724e03591349ad36b67e,2
576,afeeea6271148ee1bb15173b8187c431,1
576,b0961721fd839e9982420e807758a2a6,1
576,b84520a57891e7a8ae2c68741dcc7146,1
576,c20a3f598c16d77249da67e81caa8317,2
576,c4baedd846ed09b85f78a781b522f126,2
576,cec09725da5ed01471d9a505e7389d37,1
576,d04857e7b4b708ee8b8b9921163edba3,1
576,d2085f7e0f9533605386960fc7e987ec,1
576,d2f5484cbffe4ca766301b21ab9246dd,1
576,e0cf79767c5b016251fe139915c59a26,1
576,e0d64dcfaa3b6db5c54ca298ae101d05,1
576,e59dd207c69d86e890febadc796d1078,1
576,e7cc48a9daff5436f63d3aad9426f28b,13
576,e85d91619b497e98754390b6198a9818,1
576,e94df75b2e9a8b056be0c144a731f55c,1
576,f35927953ed82e19d06ad3aac2f06353,1
576,fbc1488c1a1e72ba175f53ab29a248e8,1
576,fbce4c4cb307679d89a3bf3d3bb353b9,2
577,060c17562f97e5bb60bc0dfa4dd5b3f2,2
577,06edb72f1e0c64b14c5b79353f7abea3,1
577,145978af3e89b318be0b717a0953649a,1
577,1613b819ab5dae53aead2dbb4ebdb378,2
577,19c91ef95d509ea33eda93495c4d3481,2
577,3354a4e684f5e7199f9407db70ccd92b,1
577,368c6c730842d78016ad823897a372db,1
577,389d119b48cf3043d311335e499d9c6b,2
577,3dd2a17168ec895c781a9191c1e95ad7,1
577,3e5201fe0d1ba474d9b90152c83c706c,1
577,3fbc0ef745950c7932d5f2a446189725,3
577,437c05a395e9e47f9762e677a7068ce7,2
577,4fe644d766c7566dbc46fb851363cb3b,1
577,53759a2ecddad2bb87a079a1f1519f73,1
577,595fac2a385ac33a80bd5114aec74eb8,1
577,5a848e4ab52fd5445cdc07aab1c40e48,1
577,629e019a6f298a83aeecc7877964f935,1
577,703d742887bb9267f89b675608ba7aa0,1
577,73326828aa5efe1ba096223de496f596,2
577,777d2e438a1b645f3aec9bd57e92672c,1
577,781afe929e3016a667f5f439afd55fce,1
577,78efe838c04bbc568be034082200ac20,1
577,7c4a8bec217df1de0df2b5aaf8175b65,1
577,7f4e034245e45549110139d1de248f83,1
577,7f72a8900b3d2fc8fa2635b7836d6e6e,1
577,810e2944bca9850b934e1570ba372e7d,1
577,8b50a72d52d7a91fb19d19fbe069e2f2,1
577,909b87db6cb3a7ab26bd03cc59860136,1
577,91b08d34d0ba4db44da2dc382867ba49,1
577,97017430754804328eb9597b7f85da03,1
577,a39cc58c1b5926b6f9f378daa89f1315,1
577,a42d9c825894f96fc6ed02610891454d,1
577,a92930c327948861c015c919a0bcb4a8,1
577,abc3432ff825d8e524db1d4eac6d2099,1
577,aca2eb7d00ea1a7b8ebd4e68314663af,1
577,af2d506fb01b724e03591349ad36b67e,1
577,b192be433004cc1f10b467c0e9ea309b,2
577,b38b25d838ae0b8385e8cc68b9017644,1
577,bb50f2e236e5eea0100680137654686c,1
577,bce474cc95b6e77657e10939b0b4248c,1
577,c3ba4e8d3cb30049213b682e751e9d00,1
577,ca5c923962558430573f83661dbe36d6,1
577,d017a2151d543a9885604dc62a3d9dcc,1
577,d04857e7b4b708ee8b8b9921163edba3,1
577,e0cf79767c5b016251fe139915c59a26,1
577,e0d64dcfaa3b6db5c54ca298ae101d05,2
577,e59dd207c69d86e890febadc796d1078,1
577,e7cc48a9daff5436f63d3aad9426f28b,3
577,eb8c629f70275fd1c4f809116cce1efc,3
577,fbce4c4cb307679d89a3bf3d3bb353b9,2
577,fe077ec80df6b4ee60bb4498d5ab1962,1
578,027cdd14a677a5834bc67a9789db5021,1
578,145978af3e89b318be0b717a0953649a,1
578,1600dcf1cea8c0c83702e07b577ab231,1
578,177d3d5bb9d4d29222a222e3b3554f41,1
578,19c91ef95d509ea33eda93495c4d3481,2
578,2bd9b51a9ab079e095aca987845d3266,2
578,2fea0f2cec6b6324a277d4a61c2ed2c6,1
578,3354a4e684f5e7199f9407db70ccd92b,2
578,41c24b8ce92d1a2cac62db5edfd088b2,1
578,44d097d59e8430f88a67517cd0c4f865,1
578,51ce083cd2b9078656a94655ab45b8a4,1
578,5403528d987ad26e8d7cb25940411987,1
578,55782cb82e0efe052da0a3da237da3b2,2
578,57f2bc497c1a3ebe41ba7a06d78ed159,1
578,5d6bea33648f018dbb563f3a2fab09f3,1
578,634256dbcd184b3757ffd7632c9fe52a,1
578,6f3b5b605d91b7439c5e3f5a8dffeea7,1
578,727a46f0b58a9ef165af9f7ebcfebfa9,1
578,73326828aa5efe1ba096223de496f596,3
578,810e2944bca9850b934e1570ba372e7d,2
578,8562e2c780a345b609e1b802d7e3e4ae,1
578,89321f94e35fc6d7903d36f74e351d40,1
578,8b50a72d52d7a91fb19d19fbe069e2f2,1
578,91846781ef75057e134949400768e272,1
578,94475071013412139f862c0bd7e3bb37,1
578,9fe172fa8e662ca8572cf12abf8bce23,2
578,a02d0123079f4ae96001ba2010d1a2df,2
578,aadff88486740e0b0ebe2be6c09476ae,1
578,afeeea6271148ee1bb15173b8187c431,1
578,b532349fe46b38fbc7bb3914c1bdae07,3
578,bb50f2e236e5eea0100680137654686c,2
578,bce474cc95b6e77657e10939b0b4248c,1
578,c6336fa91fbd87c359e44f5dca5a90ed,1
578,d04857e7b4b708ee8b8b9921163edba3,1
578,e0d64dcfaa3b6db5c54ca298ae101d05,2
578,e7cc48a9daff5436f63d3aad9426f28b,1
578,fbce4c4cb307679d89a3bf3d3bb353b9,1
579,054515fd15bc1a2029f10de97ffa9120,1
579,11dcc970f7a5581e1bf777b6da3f7096,2
579,1613b819ab5dae53aead2dbb4ebdb378,1
579,18b0e642cbae7251e60a64aa07dd9eb9,2
579,19c91ef95d509ea33eda93495c4d3481,3
579,2136c70bbe723d338fab53da3c03e6dc,1
579,2bd9b51a9ab079e095aca987845d3266,3
579,2fea0f2cec6b6324a277d4a61c2ed2c6,1
579,2ff995aead9c63a1f37a07b3664ead37,1
579,2ffdf10e724b958c0f7ea69e97d32f64,1
579,349ce46a0e2e20054aa9d80c48af8816,1
579,363218ba55c610b750224f90bdd34be1,4
579,368c6c730842d78016ad823897a372db,1
579,41db6d8062fcd38410c699743ccc0265,1
579,5403528d987ad26e8d7cb25940411987,1
579,55782cb82e0efe052da0a3da237da3b2,1
579,57f2bc497c1a3ebe41ba7a06d78ed159,2
579,6a23ae3187f1dac41b7210a8c7739d6b,2
579,73bcea88583002fe12b7399af4ae60da,1
579,7f72a8900b3d2fc8fa2635b7836d6e6e,1
579,810e2944bca9850b934e1570ba372e7d,1
579,89321f94e35fc6d7903d36f74e351d40,1
579,93c902b021a9e594f658ab1b0351602a,1
579,aa8d88eb4b9cb38894e33fa624c4287f,1
579,afeeea6271148ee1bb15173b8187c431,2
579,b532349fe46b38fbc7bb3914c1bdae07,4
579,ba74c6b75d2ad7503175809688d5a03c,1
579,bd6e6fce9ada76ea2db0f1912e8e478f,1
579,bdc3291ab242ec1effc8eb0987850268,2
579,be0dbdc3d67d55727a65d4cd696ca73c,3
579,c20a3f598c16d77249da67e81caa8317,2
579,cac9e5692471a0700418aa3400b9b2b1,1
579,d017a2151d543a9885604dc62a3d9dcc,2
579,d04857e7b4b708ee8b8b9921163edba3,1
579,d2f5484cbffe4ca766301b21ab9246dd,1
579,d3e1006ba3735c0d44160026b6e0ced3,1
579,e7cc48a9daff5436f63d3aad9426f28b,3
579,fbc1488c1a1e72ba175f53ab29a248e8,3
580,027cdd14a677a5834bc67a9789db5021,1
580,1613b819ab5dae53aead2dbb4ebdb378,1
580,18b0e642cbae7251e60a64aa07dd9eb9,2
580,19c91ef95d509ea33eda93495c4d3481,1
580,1a758361b1c10b3ffe3d3373332de319,1
580,288dbc06591742c5d7fe90fbfb08943e,1
580,2bd9b51a9ab079e095aca987845d3266,2
580,363218ba55c610b750224f90bdd34be1,1
580,3cb39171fd36c50097f2dedbbe0dfe6e,1
580,41c24b8ce92d1a2cac62db5edfd088b2,1
580,42ec84ace63b58b8c5a7ba7be01d5fb8,1
580,52c80cedd4e90108bf4fa6a206ef6b03,2
580,53759a2ecddad2bb87a079a1f1519f73,1
580,5411e9269501a870cabf632f05655131,1
580,55782cb82e0efe052da0a3da237da3b2,1
580,57f2bc497c1a3ebe41ba7a06d78ed159,1
580,595fac2a385ac33a80bd5114aec74eb8,2
580,64fb265487de2238627ce43fe8a67efc,1
580,6cdd53843498f92890544667809f1595,1
580,703d742887bb9267f89b675608ba7aa0,1
580,73326828aa5efe1ba096223de496f596,1
580,7f4e034245e45549110139d1de248f83,1
580,810e2944bca9850b934e1570ba372e7d,3
580,91846781ef75057e134949400768e272,1
580,9fe172fa8e662ca8572cf12abf8bce23,1
580,a8075470f960215ffb67624782f80fec,1
580,bb50f2e236e5eea0100680137654686c,1
580,c20a3f598c16d77249da67e81caa8317,1
580,c4baedd846ed09b85f78a781b522f126,1
580,d1c427060a0f73f6b889a5c7c61f2ac4,1
580,d2f5484cbffe4ca766301b21ab9246dd,1
580,e4d325bd1eea550509bdbbc5c3301fc1,1
580,e59dd207c69d86e890febadc796d1078,1
580,e7cc48a9daff5436f63d3aad9426f28b,5
580,e85d91619b497e98754390b6198a9818,1
580,e94df75b2e9a8b056be0c144a731f55c,1
581,027cdd14a677a5834bc67a9789db5021,3
581,054515fd15bc1a2029f10de97ffa9120,2
581,06edb72f1e0c64b14c5b79353f7abea3,1
581,145978af3e89b318be0b717a0953649a,1
581,154e7e31ebfa092203795c972e5804a6,1
581,1613b819ab5dae53aead2dbb4ebdb378,1
581,19c91ef95d509ea33eda93495c4d3481,2
581,2028bf1b01cafb2d2b1901fca4083222,1
581,2bd9b51a9ab079e095aca987845d3266,2
581,3354a4e684f5e7199f9407db70ccd92b,1
581,35afc973633aaeb6b877ff57b2793310,1
581,363218ba55c610b750224f90bdd34be1,3
581,380b4664ba5bb18cc9db78ee6bac3558,1
581,389d119b48cf3043d311335e499d9c6b,2
581,3fbc0ef745950c7932d5f2a446189725,4
581,41c24b8ce92d1a2cac62db5edfd088b2,1
581,422879e10f46682990de24d770e7f83d,1
581,500870614ddcf5bd84f7d26861026c8a,1
581,5a848e4ab52fd5445cdc07aab1c40e48,1
581,5b226d7c52f86ac72457617f78cff95d,1
581,5d6bea33648f018dbb563f3a2fab09f3,1
581,67bd616e1ba0d3d3e8545f3113b0140d,1
581,69455f41626a745aea9ee9164cb9eafd,3
581,6cdd53843498f92890544667809f1595,1
581,72d3bf1d3a790f8874096fcf860e3eff,1
581,73326828aa5efe1ba096223de496f596,2
581,7564c1759c04fc0a38f2aa84f7a370ee,1
581,78efe838c04bbc568be034082200ac20,1
581,810e2944bca9850b934e1570ba372e7d,1
581,97017430754804328eb9597b7f85da03,1
581,99a4788cb24856965c36a24e339b6058,4
581,a39cc58c1b5926b6f9f378daa89f1315,1
581,a4aa7c1427c31344e5f7cc3d839fe562,1
581,a92930c327948861c015c919a0bcb4a8,1
581,b192be433004cc1f10b467c0e9ea309b,1
581,b38b25d838ae0b8385e8cc68b9017644,1
581,bb50f2e236e5eea0100680137654686c,1
581,c6336fa91fbd87c359e44f5dca5a90ed,1
581,d017a2151d543a9885604dc62a3d9dcc,2
581,d1c427060a0f73f6b889a5c7c61f2ac4,1
581,e0cf79767c5b016251fe139915c59a26,1
581,e7cc48a9daff5436f63d3aad9426f28b,1
581,e94df75b2e9a8b056be0c144a731f55c,1
581,fbc1488c1a1e72ba175f53ab29a248e8,1
581,fe75529a267b76ac6e96f0c322a899a4,1
582,027cdd14a677a5834bc67a9789db5021,1
582,06edb72f1e0c64b14c5b79353f7abea3,1
582,08a58dc963320d6073623382b9ceb920,1
582,0bcc3eeca39e1064258aa1e932269894,1
582,11fd9d7ba552e1d28872e008acf1e050,1
582,19c91ef95d509ea33eda93495c4d3481,1
582,1a758361b1c10b3ffe3d3373332de319,1
582,2028bf1b01cafb2d2b1901fca4083222,1
582,2b4609f8948be18874494203496bc318,1
582,2bd9b51a9ab079e095aca987845d3266,3
582,2ff995aead9c63a1f37a07b3664ead37,1
582,349ce46a0e2e20054aa9d80c48af8816,2
582,3cb39171fd36c50097f2dedbbe0dfe6e,1
582,3fbc0ef745950c7932d5f2a446189725,3
582,422879e10f46682990de24d770e7f83d,1
582,500870614ddcf5bd84f7d26861026c8a,2
582,52c80cedd4e90108bf4fa6a206ef6b03,1
582,55782cb82e0efe052da0a3da237da3b2,1
582,57f2bc497c1a3ebe41ba7a06d78ed159,1
582,5d6bea33648f018dbb563f3a2fab09f3,1
582,69455f41626a745aea9ee9164cb9eafd,1
582,6adab229374835b551f6402e0dc53267,1
582,6cdd53843498f92890544667809f1595,1
582,73326828aa5efe1ba096223de496f596,3
582,7340a3839a1de1e99d149b8cf052a2ec,1
582,7f72a8900b3d2fc8fa2635b7836d6e6e,1
582,8c591ab0ca519558779df02023177f44,1
582,a35a9f46dcee0a67c8c7ad8493eb4135,1
582,a39cc58c1b5926b6f9f378daa89f1315,1
582,a5341e3f8155dbb3e62323d3ea289729,1
582,aa8d88eb4b9cb38894e33fa624c4287f,1
582,abc3432ff825d8e524db1d4eac6d2099,1
582,afeeea6271148ee1bb15173b8187c431,1
582,b38b25d838ae0b8385e8cc68b9017644,1
582,b84520a57891e7a8ae2c68741dcc7146,1
582,c8cfa622661e047ea2499f8bce4731a5,1
582,ca5c923962558430573f83661dbe36d6,2
582,cec09725da5ed01471d9a505e7389d37,1
582,d1c427060a0f73f6b889a5c7c61f2ac4,1
582,d3e1006ba3735c0d44160026b6e0ced3,1
582,e0cf79767c5b016251fe139915c59a26,2
582,e0d64dcfaa3b6db5c54ca298ae101d05,2
582,f7f59e6186e10983a061ac7bdb3494d6,3
582,fe077ec80df6b4ee60bb4498d5ab1962,1
583,0152f69b6cf919bcdaf117aa8c43e5a2,1
583,027cdd14a677a5834bc67a9789db5021,4
583,054515fd15bc1a2029f10de97ffa9120,1
583,060c17562f97e5bb60bc0dfa4dd5b3f2,1
583,0e2d365a247d105fefc31b17ab8706d9,1
583,130482add9fd75ccb6c57ba007694a2d,1
583,145978af3e89b318be0b717a0953649a,1
583,1600dcf1cea8c0c83702e07b577ab231,1
583,18b0e642cbae7251e60a64aa07dd9eb9,2
583,19c91ef95d509ea33eda93495c4d3481,2
583,283dc451ad3918badb976d56ff887289,1
583,2bd9b51a9ab079e095aca987845d3266,2
583,3354a4e684f5e7199f9407db70ccd92b,1
583,3fbc0ef745950c7932d5f2a446189725,1
583,4178e16324fd0c9a8e18463caf390cc6,1
583,4520766ec412348b8d4caa5e8a18c464,1
583,5403528d987ad26e8d7cb25940411987,1
583,57e089e3103f5cda6a4ce23b77399bdb,1
583,57f2bc497c1a3ebe41ba7a06d78ed159,1
583,5f504b3a1c75b73d6151be81eb05bdc9,1
583,629e019a6f298a83aeecc7877964f935,1
583,73326828aa5efe1ba096223de496f596,2
583,7f72a8900b3d2fc8fa2635b7836d6e6e,3
583,89321f94e35fc6d7903d36f74e351d40,1
583,9da950e8c8c482441f1b93955b21c827,1
583,a19b6951c75da43aad691622dd2f6abe,1
583,a62e25e09e05e6faf31d90c6ec1aa3d1,1
583,a8075470f960215ffb67624782f80fec,1
583,a92930c327948861c015c919a0bcb4a8,4
583,b0961721fd839e9982420e807758a2a6,1
583,b192be433004cc1f10b467c0e9ea309b,2
583,bb50f2e236e5eea0100680137654686c,1
583,bce474cc95b6e77657e10939b0b4248c,1
583,c6336fa91fbd87c359e44f5dca5a90ed,1
583,d3e1006ba3735c0d44160026b6e0ced3,1
583,e0d64dcfaa3b6db5c54ca298ae101d05,1
583,e4d325bd1eea550509bdbbc5c3301fc1,1
583,ee0c1cf2fbeae95205b4aa506f1469f0,1
583,ef66e63137bdd1b2e44aa968646fc1e3,1
583,fb55982be901439613a95940feefd9ee,1
583,fbc1488c1a1e72ba175f53ab29a248e8,1
584,054515fd15bc1a2029f10de97ffa9120,1
584,060c17562f97e5bb60bc0dfa4dd5b3f2,1
584,0e2d365a247d105fefc31b17ab8706d9,1
584,145978af3e89b318be0b717a0953649a,2
584,1600dcf1cea8c0c83702e07b577ab231,1
584,18b0e642cbae7251e60a64aa07dd9eb9,4
584,19c91ef95d509ea33eda93495c4d3481,3
584,2028bf1b01cafb2d2b1901fca4083222,1
584,2b4609f8948be18874494203496bc318,1
584,368c6c730842d78016ad823897a372db,1
584,389d119b48cf3043d311335e499d9c6b,2
584,3cb39171fd36c50097f2dedbbe0dfe6e,1
584,3fbc0ef745950c7932d5f2a446189725,4
584,437c05a395e9e47f9762e677a7068ce7,2
584,4ac50dbde931c0a5ed8c33d3dc047351,1
584,5403528d987ad26e8d7cb25940411987,2
584,55782cb82e0efe052da0a3da237da3b2,2
584,57f2bc497c1a3ebe41ba7a06d78ed159,1
584,69455f41626a745aea9ee9164cb9eafd,1
584,6cdd53843498f92890544667809f1595,1
584,703d742887bb9267f89b675608ba7aa0,3
584,727a46f0b58a9ef165af9f7ebcfebfa9,1
584,73326828aa5efe1ba096223de496f596,4
584,7564c1759c04fc0a38f2aa84f7a370ee,1
584,7c1bd920dbdf22470b68bde975dd3ccf,1
584,8983a3b149303c013fceabef902e835a,1
584,8b50a72d52d7a91fb19d19fbe069e2f2,2
584,990d135e28e075648cb7d83198fdccf4,1
584,a92930c327948861c015c919a0bcb4a8,4
584,abc3432ff825d8e524db1d4eac6d2099,1
584,b192be433004cc1f10b467c0e9ea309b,2
584,bb50f2e236e5eea0100680137654686c,1
584,bd6e6fce9ada76ea2db0f1912e8e478f,2
584,c3ba4e8d3cb30049213b682e751e9d00,1
584,c50ca07e9e4db9ea5011f06802c0aea0,1
584,c6336fa91fbd87c359e44f5dca5a90ed,2
584,cec09725da5ed01471d9a505e7389d37,1
584,d017a2151d543a9885604dc62a3d9dcc,2
584,d04857e7b4b708ee8b8b9921163edba3,4
584,d04bbac48960ecb7ea311b00ca6e1cb7,1
584,e2bb00220a167d9e60b6776ac33717bc,1
584,e44f675b60b3a3a2453ec36421e06f0f,2
584,e59dd207c69d86e890febadc796d1078,1
584,e7cc48a9daff5436f63d3aad9426f28b,2
584,eb8c629f70275fd1c4f809116cce1efc,1
584,fbc1488c1a1e72ba175f53ab29a248e8,1
585,0152f69b6cf919bcdaf117aa8c43e5a2,1
585,060c17562f97e5bb60bc0dfa4dd5b3f2,1
585,06edb72f1e0c64b14c5b79353f7abea3,1
585,08a58dc963320d6073623382b9ceb920,1
585,1613b819ab5dae53aead2dbb4ebdb378,1
585,18b0e642cbae7251e60a64aa07dd9eb9,1
585,19c91ef95d509ea33eda93495c4d3481,3
585,1a758361b1c10b3ffe3d3373332de319,1
585,349ce46a0e2e20054aa9d80c48af8816,1
585,3fbc0ef745950c7932d5f2a446189725,3
585,437c05a395e9e47f9762e677a7068ce7,2
585,4fe644d766c7566dbc46fb851363cb3b,1
585,500870614ddcf5bd84f7d26861026c8a,1
585,52c80cedd4e90108bf4fa6a206ef6b03,1
585,5403528d987ad26e8d7cb25940411987,1
585,64fb13596caf118c438edc5c6ed2d50a,1
585,6adab229374835b551f6402e0dc53267,2
585,6cdd53843498f92890544667809f1595,1
585,73326828aa5efe1ba096223de496f596,3
585,7564c1759c04fc0a38f2aa84f7a370ee,1
585,7f064525eaaa1ce9d22c085f7ff5413a,1
585,7f4e034245e45549110139d1de248f83,1
585,89321f94e35fc6d7903d36f74e351d40,1
585,928e52a9ad53a294fdcc91bcf59d1751,1
585,a92930c327948861c015c919a0bcb4a8,1
585,af2d506fb01b724e03591349ad36b67e,2
585,b192be433004cc1f10b467c0e9ea309b,1
585,b532349fe46b38fbc7bb3914c1bdae07,3
585,bb50f2e236e5eea0100680137654686c,2
585,c20a3f598c16d77249da67e81caa8317,1
585,c3ba4e8d3cb30049213b682e751e9d00,1
585,d017a2151d543a9885604dc62a3d9dcc,1
585,d2f5484cbffe4ca766301b21ab9246dd,2
585,e7cc48a9daff5436f63d3aad9426f28b,1
585,eb8c629f70275fd1c4f809116cce1efc,1
586,054515fd15bc1a2029f10de97ffa9120,2
586,06edb72f1e0c64b14c5b79353f7abea3,2
586,145978af3e89b318be0b717a0953649a,1
586,16ed6a6e3fce23b741650437fe58d65b,1
586,18b0e642cbae7251e60a64aa07dd9eb9,1
586,288dbc06591742c5d7fe90fbfb08943e,1
586,35ebf08a93899d44e756809e11b14754,1
586,380b4664ba5bb18cc9db78ee6bac3558,1
586,3fbc0ef745950c7932d5f2a446189725,1
586,500870614ddcf5bd84f7d26861026c8a,1
586,52c80cedd4e90108bf4fa6a206ef6b03,1
586,595fac2a385ac33a80bd5114aec74eb8,2
586,6f3b5b605d91b7439c5e3f5a8dffeea7,1
586,73326828aa5efe1ba096223de496f596,2
586,7340a3839a1de1e99d149b8cf052a2ec,1
586,7564c1759c04fc0a38f2aa84f7a370ee,1
586,7814c273ab16783d73a9863ebfa8b141,2
586,78efe838c04bbc568be034082200ac20,1
586,8c292ca193d326152e335d77176746f0,1
586,a35a9f46dcee0a67c8c7ad8493eb4135,1
586,aca2eb7d00ea1a7b8ebd4e68314663af,1
586,af2d506fb01b724e03591349ad36b67e,1
586,bb50f2e236e5eea0100680137654686c,1
586,ce6f74096c84567f22728c84f3d6e7fc,1
586,d04857e7b4b708ee8b8b9921163edba3,2
586,d3e1006ba3735c0d44160026b6e0ced3,1
586,e0d64dcfaa3b6db5c54ca298ae101d05,1
587,145978af3e89b318be0b717a0953649a,2
587,19c91ef95d509ea33eda93495c4d3481,5
587,2ff995aead9c63a1f37a07b3664ead37,1
587,3e442d09f9dfef002aadf31960869f65,1
587,3fbc0ef745950c7932d5f2a446189725,1
587,500870614ddcf5bd84f7d26861026c8a,1
587,5403528d987ad26e8d7cb25940411987,1
587,629e019a6f298a83aeecc7877964f935,1
587,634256dbcd184b3757ffd7632c9fe52a,1
587,67bd616e1ba0d3d3e8545f3113b0140d,1
587,703d742887bb9267f89b675608ba7aa0,1
587,727a46f0b58a9ef165af9f7ebcfebfa9,2
587,73326828aa5efe1ba096223de496f596,6
587,76d1a1a9d21ab677a61c3ae34b1b352f,1
587,7814c273ab16783d73a9863ebfa8b141,1
587,817e1c2d22418c36386406ccacfa53e8,1
587,827c4a77226a3e7ef259d61eaa775df9,2
587,97017430754804328eb9597b7f85da03,3
587,990d135e28e075648cb7d83198fdccf4,1
587,99a4788cb24856965c36a24e339b6058,1
587,9fe172fa8e662ca8572cf12abf8bce23,1
587,a35a9f46dcee0a67c8c7ad8493eb4135,2
587,af2d506fb01b724e03591349ad36b67e,2
587,b0961721fd839e9982420e807758a2a6,1
587,bb42f37fc3d9130e4a4339d24a47dd7c,2
587,d2f5484cbffe4ca766301b21ab9246dd,1
587,e2bb00220a167d9e60b6776ac33717bc,1
587,e44f675b60b3a3a2453ec36421e06f0f,1
587,e85d91619b497e98754390b6198a9818,1
587,fbc1488c1a1e72ba175f53ab29a248e8,1
587,fe077ec80df6b4ee60bb4498d5ab1962,2
588,0152f69b6cf919bcdaf117aa8c43e5a2,1
588,1600dcf1cea8c0c83702e07b577ab231,1
588,1a758361b1c10b3ffe3d3373332de319,1
588,2ff995aead9c63a1f37a07b3664ead37,2
588,3354a4e684f5e7199f9407db70ccd92b,1
588,3fbc0ef745950c7932d5f2a446189725,1
588,44d097d59e8430f88a67517cd0c4f865,1
588,595fac2a385ac33a80bd5114aec74eb8,1
588,5a848e4ab52fd5445cdc07aab1c40e48,1
588,629e019a6f298a83aeecc7877964f935,1
588,67bd616e1ba0d3d3e8545f3113b0140d,1
588,73326828aa5efe1ba096223de496f596,5
588,7564c1759c04fc0a38f2aa84f7a370ee,1
588,7d50930301709838d8e90dcac5cfaa84,1
588,8983a3b149303c013fceabef902e835a,1
588,97017430754804328eb9597b7f85da03,1
588,9fe172fa8e662ca8572cf12abf8bce23,2
588,a04087ab6a96ffa041f8a2701a72b616,3
588,a0b7d5a992ccda646f2d34e418fff5a0,1
588,a92930c327948861c015c919a0bcb4a8,2
588,aa8d88eb4b9cb38894e33fa624c4287f,1
588,af2d506fb01b724e03591349ad36b67e,2
588,b8b426747049f2d3d6e00b486d47dedb,1
588,c4baedd846ed09b85f78a781b522f126,1
588,c50ca07e9e4db9ea5011f06802c0aea0,3
588,c6336fa91fbd87c359e44f5dca5a90ed,1
588,c8cfa622661e047ea2499f8bce4731a5,1
588,d1c427060a0f73f6b889a5c7c61f2ac4,1
588,d3e1006ba3735c0d44160026b6e0ced3,1
588,e85d91619b497e98754390b6198a9818,1
588,ee0c1cf2fbeae95205b4aa506f1469f0,1
588,fbc1488c1a1e72ba175f53ab29a248e8,1
589,0152f69b6cf919bcdaf117aa8c43e5a2,1
589,060c17562f97e5bb60bc0dfa4dd5b3f2,1
589,06edb72f1e0c64b14c5b79353f7abea3,1
589,08a58dc963320d6073623382b9ceb920,1
589,0bcc3eeca39e1064258aa1e932269894,1
589,16ed6a6e3fce23b741650437fe58d65b,1
589,19c91ef95d509ea33eda93495c4d3481,1
589,25e2023ed83352bde98dc1490d14c3d8,1
589,2b4609f8948be18874494203496bc318,1
589,2bd9b51a9ab079e095aca987845d3266,2
589,3fbc0ef745950c7932d5f2a446189725,2
589,52c80cedd4e90108bf4fa6a206ef6b03,1
589,5403528d987ad26e8d7cb25940411987,1
589,55b71bf300a2765a382eaec566df531f,1
589,569ffd16f8032478cbeb9800f2e94ba0,1
589,57f2bc497c1a3ebe41ba7a06d78ed159,1
589,595fac2a385ac33a80bd5114aec74eb8,3
589,5b3b5f9ae84ca9ead3138b199420cc94,1
589,6cdd53843498f92890544667809f1595,2
589,6f3b5b605d91b7439c5e3f5a8dffeea7,1
589,73326828aa5efe1ba096223de496f596,4
589,79366d6a24de9351b7ca6e3cf75a68ec,1
589,7c1bd920dbdf22470b68bde975dd3ccf,1
589,a4aa7c1427c31344e5f7cc3d839fe562,1
589,aa8d88eb4b9cb38894e33fa624c4287f,1
589,abc3432ff825d8e524db1d4eac6d2099,1
589,af2d506fb01b724e03591349ad36b67e,1
589,bb50f2e236e5eea0100680137654686c,3
589,bd6e6fce9ada76ea2db0f1912e8e478f,1
589,c20a3f598c16d77249da67e81caa8317,1
589,dc52f0f5d3ec37a93eaf956cde4e5d2c,1
589,e03102efbc2229024c89be731f0aedcb,1
589,e0d64dcfaa3b6db5c54ca298ae101d05,1
589,e7cc48a9daff5436f63d3aad9426f28b,1
589,f7f59e6186e10983a061ac7bdb3494d6,2
589,f8b624d4e475bb8d1bddf1b65c6a64f6,1
590,060c17562f97e5bb60bc0dfa4dd5b3f2,2
590,2bd9b51a9ab079e095aca987845d3266,2
590,2fea0f2cec6b6324a277d4a61c2ed2c6,1
590,372645c7439f9661fbbacfd129aa92ec,2
590,3fbc0ef745950c7932d5f2a446189725,2
590,41c24b8ce92d1a2cac62db5edfd088b2,1
590,53759a2ecddad2bb87a079a1f1519f73,3
590,55782cb82e0efe052da0a3da237da3b2,1
590,5d6bea33648f018dbb563f3a2fab09f3,1
590,69455f41626a745aea9ee9164cb9eafd,1
590,6f3b5b605d91b7439c5e3f5a8dffeea7,1
590,704ef63ad0ac345842ea734060a83db2,1
590,8c591ab0ca519558779df02023177f44,1
590,a92930c327948861c015c919a0bcb4a8,2
590,aadff88486740e0b0ebe2be6c09476ae,2
590,ab1f9387c0627dd24000bfbc54fdeee0,1
590,bb42f37fc3d9130e4a4339d24a47dd7c,1
590,bb50f2e236e5eea0100680137654686c,2
590,c20a3f598c16d77249da67e81caa8317,3
590,c50ca07e9e4db9ea5011f06802c0aea0,1
590,d04857e7b4b708ee8b8b9921163edba3,1
590,d1c427060a0f73f6b889a5c7c61f2ac4,1
590,d3e1006ba3735c0d44160026b6e0ced3,1
590,dc52f0f5d3ec37a93eaf956cde4e5d2c,1
590,ed2067a9c1f79553088a3c67b99a9f97,1
590,fbc1488c1a1e72ba175f53ab29a248e8,2
591,027cdd14a677a5834bc67a9789db5021,4
591,0a4093a4af429dc0a9334300e5c13ae5,1
591,145978af3e89b318be0b717a0953649a,1
591,2b4609f8948be18874494203496bc318,1
591,2bd9b51a9ab079e095aca987845d3266,1
591,3cb39171fd36c50097f2dedbbe0dfe6e,1
591,42ec84ace63b58b8c5a7ba7be01d5fb8,1
591,595fac2a385ac33a80bd5114aec74eb8,1
591,629e019a6f298a83aeecc7877964f935,1
591,67bd616e1ba0d3d3e8545f3113b0140d,2
591,703d742887bb9267f89b675608ba7aa0,1
591,73326828aa5efe1ba096223de496f596,1
591,78efe838c04bbc568be034082200ac20,1
591,7c4a8bec217df1de0df2b5aaf8175b65,2
591,8c292ca193d326152e335d77176746f0,1
591,91846781ef75057e134949400768e272,1
591,962a6951154f98f2c8e9a5b8b2bcf4a9,1
591,a59fb60fddcc72a9878b7ed5cb69d8e4,4
591,b192be433004cc1f10b467c0e9ea309b,1
591,b623b7cb05ee3248fbe4a6ecbeed79a4,1
591,bdc3291ab242ec1effc8eb0987850268,1
591,dc52f0f5d3ec37a93eaf956cde4e5d2c,1
592,027cdd14a677a5834bc67a9789db5021,2
592,060c17562f97e5bb60bc0dfa4dd5b3f2,2
592,2bd9b51a9ab079e095aca987845d3266,1
592,41c24b8ce92d1a2cac62db5edfd088b2,1
592,67bd616e1ba0d3d3e8545f3113b0140d,1
592,6adab229374835b551f6402e0dc53267,1
592,6f3b5b605d91b7439c5e3f5a8dffeea7,1
592,73326828aa5efe1ba096223de496f596,2
592,7564c1759c04fc0a38f2aa84f7a370ee,1
592,9fe172fa8e662ca8572cf12abf8bce23,1
592,a92930c327948861c015c919a0bcb4a8,1
592,aa8d88eb4b9cb38894e33fa624c4287f,1
592,c8cfa622661e047ea2499f8bce4731a5,1
592,d017a2151d543a9885604dc62a3d9dcc,1
592,d04857e7b4b708ee8b8b9921163edba3,1
592,e0cf79767c5b016251fe139915c59a26,1
593,145978af3e89b318be0b717a0953649a,2
593,2b4609f8948be18874494203496bc318,1
593,368c6c730842d78016ad823897a372db,1
593,703d742887bb9267f89b675608ba7aa0,1
593,73326828aa5efe1ba096223de496f596,1
593,bb50f2e236e5eea0100680137654686c,1
593,bdcf6a834e8faa30dac3886c7a58e92e,1
593,c4baedd846ed09b85f78a781b522f126,1
593,ee0c1cf2fbeae95205b4aa506f1469f0,1
593,fbc1488c1a1e72ba175f53ab29a248e8,2
593,fe9dfbe7f974621789683b7b78be2a16,1
594,145978af3e89b318be0b717a0953649a,2
594,2bd9b51a9ab079e095aca987845d3266,2
594,73326828aa5efe1ba096223de496f596,2
594,93c902b021a9e594f658ab1b0351602a,1
594,962a6951154f98f2c8e9a5b8b2bcf4a9,1
594,a59fb60fddcc72a9878b7ed5cb69d8e4,2
594,bb50f2e236e5eea0100680137654686c,1
594,c3ba4e8d3cb30049213b682e751e9d00,2
594,d3e1006ba3735c0d44160026b6e0ced3,1
594,e0cf79767c5b016251fe139915c59a26,1
595,060c17562f97e5bb60bc0dfa4dd5b3f2,1
595,2b4609f8948be18874494203496bc318,1
595,2bd9b51a9ab079e095aca987845d3266,1
595,5403528d987ad26e8d7cb25940411987,1
595,73326828aa5efe1ba096223de496f596,1
595,7f4e034245e45549110139d1de248f83,1
595,928e52a9ad53a294fdcc91bcf59d1751,1
595,bb42f37fc3d9130e4a4339d24a47dd7c,1
595,d2f5484cbffe4ca766301b21ab9246dd,1
596,719d571299707561c34ba04ab867b32a,1
596,73326828aa5efe1ba096223de496f596,2
596,a59fb60fddcc72a9878b7ed5cb69d8e4,1
596,e0cf79767c5b016251fe139915c59a26,1
597,bdcf6a834e8faa30dac3886c7a58e92e,1
597,d04857e7b4b708ee8b8b9921163edba3,1
